"CT"	"program"	"term"	"estimate"	"std.error"	"statistic"	"p.value"	"N"	"adj_r2"	"n_bp_levels"	"n_tissue_lv"	"n_strain_lv"	"tissue_value"	"strain_value"	"p_adj"
"Activated_microglia"	"Activated_microglia-1"	"BP_mean"	-0.238678743330596	0.143261678885562	-1.6660334095432	0.139647721800731	10	0.08057338161581	10	1	2	"HYP"	"mixed"	0.341692844223629
"Activated_microglia"	"Activated_microglia-2"	"BP_mean"	0.163342732503069	0.137507683280445	1.18788076859628	0.273617928496469	10	-0.0517194342669709	10	1	2	"HYP"	"mixed"	0.492512271293645
"Activated_microglia"	"Activated_microglia-3"	"BP_mean"	0.0922264770486729	0.0427497571989123	2.15735674519853	0.0678723198894334	10	0.354485016099998	10	1	2	"HYP"	"mixed"	0.24434035160196
"Activated_microglia"	"Activated_microglia-4"	"BP_mean"	-0.0073922271723341	0.0106159696119677	-0.696330852718402	0.508675823533381	10	-0.137898902426055	10	1	2	"HYP"	"mixed"	0.70432037104622
"Activated_microglia"	"Activated_microglia-5"	"BP_mean"	-0.0109442255679956	0.00680597449309268	-1.60803211635641	0.151863486321613	10	0.46001172321431	10	1	2	"HYP"	"mixed"	0.341692844223629
"Activated_microglia"	"Activated_microglia-6"	"BP_mean"	0.00144598651918358	0.00619288106978009	0.233491730729285	0.822060754429916	10	-0.223668693349643	10	1	2	"HYP"	"mixed"	0.858096039317314
"Adipocyte"	"Adipocyte-1"	"BP_mean"	0.00405184322255664	0.176342180108912	0.0229771641705583	0.982309755402508	12	0.784669464694033	12	1	4	"MSA"	"mixed"	0.982309755402508
"Adipocyte"	"Adipocyte-2"	"BP_mean"	0.0183216189501177	0.22313553819394	0.0821098203289936	0.936857916000239	12	0.436398582247052	12	1	4	"MSA"	"mixed"	0.958150141363881
"Adipocyte"	"Adipocyte-3"	"BP_mean"	0.0842106103153564	0.13400933848559	0.628393597543292	0.549691574731228	12	0.267447533355449	12	1	4	"MSA"	"mixed"	0.699496805883028
"Adipocyte"	"Adipocyte-4"	"BP_mean"	-0.0967694393587481	0.0709653208765262	-1.36361589243173	0.214917242523329	12	0.250493831512361	12	1	4	"MSA"	"mixed"	0.48356379567749
"Adipocyte"	"Adipocyte-5"	"BP_mean"	-0.0149844756736879	0.0337551411935808	-0.44391684181542	0.670500824970956	12	0.0331948172553914	12	1	4	"MSA"	"mixed"	0.773654798043411
"Adipocyte"	"Adipocyte-6"	"BP_mean"	0.0081627966387403	0.0739372276174372	0.11040171374799	0.915189409414634	12	0.310116912036194	12	1	4	"MSA"	"mixed"	0.958150141363881
"Adipocyte"	"Adipocyte-7"	"BP_mean"	0.00203090226723773	0.0217152785928482	0.0935241175264774	0.928107779659569	12	0.100688258633039	12	1	4	"MSA"	"mixed"	0.958150141363881
"Adipocyte"	"Adipocyte-8"	"BP_mean"	0.0256630785389416	0.0406824814193645	0.630813992745442	0.548196449084333	12	0.492915100869923	12	1	4	"MSA"	"mixed"	0.699496805883028
"Adipocyte"	"Adipocyte-9"	"BP_mean"	-0.0306869349005145	0.0197063084679071	-1.55721376991992	0.163376930762723	12	-0.0838187663560619	12	1	4	"MSA"	"mixed"	0.451743052488039
"Astrocyte"	"Astrocyte-1"	"BP_mean"	0.136979367667647	0.11365722961948	1.20519713639201	0.243733225544593	24	0.928945485370298	23	1	5	"HYP"	"mixed"	0.363319467887633
"Astrocyte"	"Astrocyte-10"	"BP_mean"	-0.0277487168799947	0.0250950407843145	-1.10574504016502	0.283397471727283	24	0.0801116459606465	23	1	5	"HYP"	"mixed"	0.395048295776784
"Astrocyte"	"Astrocyte-11"	"BP_mean"	-0.00328949499310131	0.00394562167714342	-0.833707654273347	0.415372698418262	24	0.104228065942607	23	1	5	"HYP"	"mixed"	0.517256567841609
"Astrocyte"	"Astrocyte-2"	"BP_mean"	0.0402224552573393	0.106437109574205	0.377898793176991	0.709925178382998	24	0.821856001970712	23	1	5	"HYP"	"mixed"	0.807845892642722
"Astrocyte"	"Astrocyte-3"	"BP_mean"	-0.0957979829952484	0.108293087056409	-0.884617712904866	0.388026976603347	24	0.830615241150155	23	1	5	"HYP"	"mixed"	0.492495777996556
"Astrocyte"	"Astrocyte-4"	"BP_mean"	0.065941363583543	0.0261402973425397	2.5225942428831	0.0212831999319141	24	0.832253674495868	23	1	5	"HYP"	"mixed"	0.0638495997957425
"Astrocyte"	"Astrocyte-5"	"BP_mean"	-0.0221567950259792	0.0276091185393612	-0.802517291321385	0.432722638702466	24	-0.181262610566651	23	1	5	"HYP"	"mixed"	0.528883225080792
"Astrocyte"	"Astrocyte-6"	"BP_mean"	-0.0601810165626501	0.0452830539758983	-1.32899641871949	0.200450570354111	24	0.127207922835122	23	1	5	"HYP"	"mixed"	0.307668317287705
"Astrocyte"	"Astrocyte-7"	"BP_mean"	-0.00575465954612181	0.00850139816610001	-0.676907425541949	0.507071416356428	24	0.410961656117766	23	1	5	"HYP"	"mixed"	0.608485699627714
"Astrocyte"	"Astrocyte-8"	"BP_mean"	-0.0210439937747722	0.0121575764261376	-1.73093658120296	0.10056851602556	24	0.0316790676379038	23	1	5	"HYP"	"mixed"	0.184375612713527
"Astrocyte"	"Astrocyte-9"	"BP_mean"	-0.0071705267306615	0.00802555327641177	-0.893461981211524	0.383400276226155	24	0.221014567118842	23	1	5	"HYP"	"mixed"	0.492495777996556
"Avp+_neuron"	"Avp+_neuron-1"	"BP_mean"	0.0725341827910597	0.306262712437765	0.236836480071988	0.824418235507808	6	-0.232713802795155	6	1	1	"HYP"	"C57BL/6"	0.942192269151781
"Avp+_neuron"	"Avp+_neuron-2"	"BP_mean"	0.0628277284717143	0.137642688002799	0.456455256602056	0.671748659387003	6	-0.188113710865407	6	1	1	"HYP"	"C57BL/6"	0.826767580784003
"Avp+_neuron"	"Avp+_neuron-3"	"BP_mean"	0.144737994067827	0.181670368456637	0.796706668772869	0.470233876999903	6	-0.0788088144002428	6	1	1	"HYP"	"C57BL/6"	0.77349629856608
"Avp+_neuron"	"Avp+_neuron-4"	"BP_mean"	-0.130353959367779	0.109219080018441	-1.19350904023153	0.298616439701202	6	0.0782499141825193	6	1	1	"HYP"	"C57BL/6"	0.77349629856608
"Avp+_neuron"	"Avp+_neuron-5"	"BP_mean"	-0.0414797071362758	0.0636842634627269	-0.651333702878624	0.550357201269597	6	-0.130138731416052	6	1	1	"HYP"	"C57BL/6"	0.77349629856608
"Avp+_neuron"	"Avp+_neuron-6"	"BP_mean"	-0.0574610702964569	0.04113375465521	-1.39693229509694	0.234951161162184	6	0.159864345505633	6	1	1	"HYP"	"C57BL/6"	0.77349629856608
"Avp+_neuron"	"Avp+_neuron-7"	"BP_mean"	-0.075496399613839	0.0882501949671447	-0.855481391762887	0.440501842860702	6	-0.0566695221442617	6	1	1	"HYP"	"C57BL/6"	0.77349629856608
"Avp+_neuron"	"Avp+_neuron-8"	"BP_mean"	0.0246912310837493	0.0410706279234728	0.601189519910837	0.58012222392456	6	-0.146413293611747	6	1	1	"HYP"	"C57BL/6"	0.77349629856608
"B_cells"	"B_cells-1"	"BP_mean"	0.163420148282982	0.0989524522053799	1.65150175302171	0.110664748010666	32	0.751328063685255	24	3	3	"mixed"	"mixed"	0.209680575178104
"B_cells"	"B_cells-2"	"BP_mean"	0.00628413700800462	0.0431061880232452	0.145782712324641	0.885217292357513	32	0.962619408213663	24	3	3	"mixed"	"mixed"	0.910509214996299
"B_cells"	"B_cells-3"	"BP_mean"	-0.0838093247766544	0.0651407998902157	-1.28658728351358	0.209576562620331	32	0.201485223080715	24	3	3	"mixed"	"mixed"	0.326147256374944
"B_cells"	"B_cells-4"	"BP_mean"	-0.0316492201968542	0.0142391934753362	-2.22268348636979	0.0351435702485719	32	0.514065348534999	24	3	3	"mixed"	"mixed"	0.0843445685965725
"B_cells"	"B_cells-5"	"BP_mean"	-0.016119399414166	0.0223362566968637	-0.721669688566456	0.476938026648479	32	0.636452502592374	24	3	3	"mixed"	"mixed"	0.572325631978174
"B_cells"	"B_cells-6"	"BP_mean"	-0.0381263409033116	0.0203349448395291	-1.87491735060908	0.0720796241110117	32	0.278730273285782	24	3	3	"mixed"	"mixed"	0.162179154249776
"CD"	"CD-1"	"BP_mean"	0.204832699488709	0.138450027781599	1.47947026642585	0.154594356251701	26	0.618155617979017	26	1	5	"LK"	"mixed"	0.276296296279636
"CD"	"CD-10"	"BP_mean"	-0.00412368240832953	0.0111980304369053	-0.368250687615487	0.716555215881914	26	0.370341153416117	26	1	5	"LK"	"mixed"	0.787457958938099
"CD"	"CD-11"	"BP_mean"	-0.00879165048006278	0.0133419738740509	-0.658946761780269	0.517445417766281	26	0.412700785953449	26	1	5	"LK"	"mixed"	0.623553815401923
"CD"	"CD-12"	"BP_mean"	0.016572486012686	0.0197449574981135	0.839327510037407	0.411206293125819	26	0.361572827468682	26	1	5	"LK"	"mixed"	0.548275057501092
"CD"	"CD-13"	"BP_mean"	-0.00549883930064333	0.0102950684047848	-0.534123629337679	0.599143481623786	26	0.196479418971627	26	1	5	"LK"	"mixed"	0.690159527685756
"CD"	"CD-14"	"BP_mean"	-0.158669628703414	0.0868505699532329	-1.82692674082455	0.082674044810439	26	0.054751259521281	26	1	5	"LK"	"mixed"	0.16150278521109
"CD"	"CD-2"	"BP_mean"	-0.0505957970733651	0.112545730080577	-0.449557677906938	0.657863579058438	26	0.547658388466046	26	1	5	"LK"	"mixed"	0.746764062714984
"CD"	"CD-3"	"BP_mean"	-0.0232912807187563	0.0436833532415358	-0.533184359496699	0.599781494298335	26	0.975676183851758	26	1	5	"LK"	"mixed"	0.690159527685756
"CD"	"CD-4"	"BP_mean"	0.017784218440015	0.063315270968999	0.280883555702109	0.781684905231172	26	0.533232640184995	26	1	5	"LK"	"mixed"	0.83115863341036
"CD"	"CD-5"	"BP_mean"	0.04705373249277	0.0434258055999393	1.08354311089247	0.291457849122539	26	0.212195288478788	26	1	5	"LK"	"mixed"	0.42607095151758
"CD"	"CD-6"	"BP_mean"	0.0187487893845283	0.0286031456632644	0.655479981301767	0.519628179501603	26	0.473372666032328	26	1	5	"LK"	"mixed"	0.623553815401923
"CD"	"CD-7"	"BP_mean"	-0.0365631839633888	0.0378852135335747	-0.965104338952338	0.346018209613422	26	-0.101861775533049	26	1	5	"LK"	"mixed"	0.492636095042839
"CD"	"CD-8"	"BP_mean"	-0.0295092868177317	0.0260309895516915	-1.13362139995228	0.270359787449502	26	0.302484930112464	26	1	5	"LK"	"mixed"	0.420559669365892
"CD"	"CD-9"	"BP_mean"	0.0120514236469841	0.0142445342104246	0.846038450184242	0.407540267401943	26	0.064581987121674	26	1	5	"LK"	"mixed"	0.548275057501092
"CM"	"CM-1"	"BP_mean"	-0.0958761787901168	0.0849320825757653	-1.12885703355488	0.274636945416847	23	0.964443880865503	23	1	5	"LV"	"mixed"	0.366182593889129
"CM"	"CM-2"	"BP_mean"	-0.0225610831426617	0.0679108748287788	-0.332216058172481	0.743787217857217	23	0.977905000101695	23	1	5	"LV"	"mixed"	0.811404237662419
"CM"	"CM-3"	"BP_mean"	0.0918770041589572	0.0722648044349462	1.27139352105583	0.220709148124516	23	0.199065345545364	23	1	5	"LV"	"mixed"	0.311589385587553
"CM"	"CM-4"	"BP_mean"	0.0168620916400201	0.035343978330925	0.477085275521072	0.639376897619859	23	0.420696778858437	23	1	5	"LV"	"mixed"	0.756574578666797
"CM"	"CM-5"	"BP_mean"	0.0026035525675726	0.00555986546991118	0.468276180721004	0.64553506375688	23	0.595872205645229	23	1	5	"LV"	"mixed"	0.756574578666797
"CM"	"CM-6"	"BP_mean"	0.00147041581929559	0.00295589373181085	0.49745219304443	0.625242928491351	23	0.437197424275374	23	1	5	"LV"	"mixed"	0.756574578666797
"CM"	"CM-7"	"BP_mean"	0.00482608377342978	0.0035564230022511	1.35700499360594	0.19252544756147	23	0.424372248646465	23	1	5	"LV"	"mixed"	0.288788171342204
"CM"	"CM-8"	"BP_mean"	0.000798113973502844	0.00175665848341045	0.454336446748232	0.655334126865267	23	0.605751327757846	23	1	5	"LV"	"mixed"	0.756574578666797
"CT"	"CT-1"	"BP_mean"	0.0508524209654986	0.0462690163633722	1.09905991011633	0.285473938075056	25	0.947308621986182	25	1	5	"LK"	"mixed"	0.3976244137474
"CT"	"CT-10"	"BP_mean"	-0.00602291435115391	0.0135103450404591	-0.44580018742062	0.660779963697481	25	0.11842382836756	25	1	5	"LK"	"mixed"	0.725927284062022
"CT"	"CT-11"	"BP_mean"	-0.0128045904787283	0.0115777121689731	-1.10596897658616	0.282547556947183	25	0.369651816643506	25	1	5	"LK"	"mixed"	0.3976244137474
"CT"	"CT-12"	"BP_mean"	-0.00235344675964776	0.00665722422729552	-0.353517724399053	0.727592645459935	25	0.146937251296829	25	1	5	"LK"	"mixed"	0.766921977646959
"CT"	"CT-13"	"BP_mean"	0.00790471273151349	0.0088267190526587	0.895543710449525	0.38170235430446	25	0.0552888013981692	25	1	5	"LK"	"mixed"	0.511064882566651
"CT"	"CT-2"	"BP_mean"	-0.0955448214459823	0.0811960818338548	-1.17671714309427	0.253840681968707	25	0.816186741536641	25	1	5	"LK"	"mixed"	0.373576852708664
"CT"	"CT-3"	"BP_mean"	-0.00507823132331583	0.0249750614467679	-0.203332085253909	0.841037278050004	25	0.98750513944384	25	1	5	"LK"	"mixed"	0.863169837998689
"CT"	"CT-4"	"BP_mean"	-0.00261311098857385	0.0298713127992387	-0.0874789469795399	0.931206222806983	25	0.980834044242877	25	1	5	"LK"	"mixed"	0.931206222806983
"CT"	"CT-5"	"BP_mean"	-0.00504528983055911	0.0307739993221749	-0.163946511395534	0.87150469220159	25	0.452063018891346	25	1	5	"LK"	"mixed"	0.882822934957454
"CT"	"CT-6"	"BP_mean"	0.00468508504586525	0.00898981427468886	0.521154820634757	0.608280338203913	25	0.81271347835708	25	1	5	"LK"	"mixed"	0.677798091141504
"CT"	"CT-7"	"BP_mean"	0.044960574871048	0.0242824562295925	1.85156618613629	0.0796942684138911	25	0.543279323084602	25	1	5	"LK"	"mixed"	0.159388536827782
"CT"	"CT-8"	"BP_mean"	0.0110595241460272	0.0134486872723031	0.822349715039009	0.421078859778729	25	0.667442648080929	25	1	5	"LK"	"mixed"	0.527161264392145
"CT"	"CT-9"	"BP_mean"	0.0100000874180087	0.0119863459839382	0.834289902144399	0.414484465223888	25	0.598645469294821	25	1	5	"LK"	"mixed"	0.527161264392145
"DC"	"DC-1"	"BP_mean"	-0.0905554144183808	0.109187441659243	-0.829357415489136	0.412221009098098	46	0.623501634235386	28	4	5	"mixed"	"mixed"	0.625279058744306
"DC"	"DC-10"	"BP_mean"	0.0199582436044305	0.0156398066666308	1.27611830694899	0.209866401210568	46	0.791767683365217	28	4	5	"mixed"	"mixed"	0.380393710767512
"DC"	"DC-11"	"BP_mean"	0.0265324981925777	0.01778069177605	1.49220843186293	0.144122721965374	46	0.525171966817176	28	4	5	"mixed"	"mixed"	0.290396529333217
"DC"	"DC-12"	"BP_mean"	-0.0192640246531602	0.0149971205626296	-1.28451488888894	0.206946248915657	46	0.659731854563485	28	4	5	"mixed"	"mixed"	0.380393710767512
"DC"	"DC-13"	"BP_mean"	-0.0242280946961667	0.0338506089446513	-0.715735859753122	0.47864734444945	46	0.489157621538308	28	4	5	"mixed"	"mixed"	0.680183068428166
"DC"	"DC-14"	"BP_mean"	0.0274903655749469	0.0216128836274007	1.27194344118407	0.211329839315284	46	0.426319305256594	28	4	5	"mixed"	"mixed"	0.380393710767512
"DC"	"DC-15"	"BP_mean"	0.0048997606107721	0.00925211763666006	0.529582610510438	0.599564850204222	46	0.0589303282212796	28	4	5	"mixed"	"mixed"	0.749456062755278
"DC"	"DC-2"	"BP_mean"	0.0355968105170596	0.0370201052725893	0.961553465473704	0.342516158977188	46	0.432657538421612	28	4	5	"mixed"	"mixed"	0.563898554413662
"DC"	"DC-3"	"BP_mean"	0.0890793588956479	0.0595629387761898	1.4955500975257	0.143252356239756	46	0.480550996385784	28	4	5	"mixed"	"mixed"	0.290396529333217
"DC"	"DC-4"	"BP_mean"	-0.0131742506897589	0.0305724621273995	-0.430918865312845	0.669027511463614	46	-0.106650029246496	28	4	5	"mixed"	"mixed"	0.805939362821587
"DC"	"DC-5"	"BP_mean"	-0.0394044517076058	0.0713060150785677	-0.552610486845863	0.583853471409898	46	0.362926021298036	28	4	5	"mixed"	"mixed"	0.749456062755278
"DC"	"DC-6"	"BP_mean"	-0.017231093517795	0.0436193516844867	-0.395033233011651	0.695086606029105	46	0.188705246618364	28	4	5	"mixed"	"mixed"	0.815971233164602
"DC"	"DC-7"	"BP_mean"	-0.00421004688848269	0.0384963506944532	-0.109362233368507	0.913506179102233	46	0.169157811276488	28	4	5	"mixed"	"mixed"	0.955994838595361
"DC"	"DC-8"	"BP_mean"	0.00955863033728592	0.0152368231137388	0.627337488000833	0.534290554376928	46	0.846804517558373	28	4	5	"mixed"	"mixed"	0.721292248408853
"DC"	"DC-9"	"BP_mean"	-0.00504829116137056	0.0249268014769268	-0.202524626596937	0.840616154674783	46	0.285846939519658	28	4	5	"mixed"	"mixed"	0.893568353394455
"DCT"	"DCT-1"	"BP_mean"	0.205045183430384	0.188344020294838	1.08867371052928	0.289242951499385	26	0.765838807000735	26	1	5	"LK"	"mixed"	0.459385864146083
"DCT"	"DCT-2"	"BP_mean"	-0.00029098226787668	0.0206464382215776	-0.0140935818931022	0.988894965216789	26	0.997545574522029	26	1	5	"LK"	"mixed"	0.998794858704979
"DCT"	"DCT-3"	"BP_mean"	-0.0985076544141347	0.056319476489822	-1.74908682668485	0.0956076120367083	26	0.276314870689313	26	1	5	"LK"	"mixed"	0.198569655768548
"DCT"	"DCT-4"	"BP_mean"	0.0515766355225694	0.0441085619887798	1.16931119939229	0.256026014876508	26	0.118665248437833	26	1	5	"LK"	"mixed"	0.443992112205793
"DCT"	"DCT-5"	"BP_mean"	-0.12536820035566	0.070427477194844	-1.78010352420857	0.0902581647809244	26	0.0901300407831251	26	1	5	"LK"	"mixed"	0.194957635926797
"DCT"	"DCT-6"	"BP_mean"	-0.0404427134235375	0.0890226237351877	-0.454297028403037	0.654506967980395	26	0.192090706618013	26	1	5	"LK"	"mixed"	0.794688463959806
"DCT"	"DCT-7"	"BP_mean"	0.0179343382968332	0.0138397470891941	1.29585737233855	0.209780898909046	26	0.546850475601123	26	1	5	"LK"	"mixed"	0.390626501416844
"DCT"	"DCT-8"	"BP_mean"	-0.00245621258863997	0.0138032945955689	-0.177943937342934	0.860556980348082	26	0.250562609042817	26	1	5	"LK"	"mixed"	0.941907394760128
"DCT"	"DCT-9"	"BP_mean"	-0.00749039419993769	0.00660375378411713	-1.13426309411369	0.270096938309824	26	0.305160471447234	26	1	5	"LK"	"mixed"	0.443992112205793
"E_P_transition_cell"	"E_P_transition_cell-1"	"BP_mean"	0.992170316210086	0.59553318552699	1.66602019891152	0.171038509686939	6	0.26206051070571	6	1	1	"HYP"	"C57BL/6"	0.307129529591876
"E_P_transition_cell"	"E_P_transition_cell-2"	"BP_mean"	0.127809322034843	0.160872996016531	0.794473436807935	0.471393983522531	6	-0.0796365759451578	6	1	1	"HYP"	"C57BL/6"	0.659531184588019
"E_P_transition_cell"	"E_P_transition_cell-3"	"BP_mean"	-0.573587910993234	0.204573821712546	-2.80381872026227	0.0486219804473322	6	0.578464578705936	6	1	1	"HYP"	"C57BL/6"	0.288501425609507
"E_P_transition_cell"	"E_P_transition_cell-4"	"BP_mean"	-0.2418539311351	0.125494130714573	-1.92721308763975	0.126219373704159	6	0.351840473005531	6	1	1	"HYP"	"C57BL/6"	0.288501425609507
"E_P_transition_cell"	"E_P_transition_cell-5"	"BP_mean"	-0.164906802092416	0.0994917893678808	-1.65749156930585	0.17276036039543	6	0.258960461393624	6	1	1	"HYP"	"C57BL/6"	0.307129529591876
"E_P_transition_cell"	"E_P_transition_cell-6"	"BP_mean"	-0.123661303600489	0.0624586678205086	-1.97989018843409	0.118816525919497	6	0.368684091395671	6	1	1	"HYP"	"C57BL/6"	0.288501425609507
"E_P_transition_cell"	"E_P_transition_cell-7"	"BP_mean"	-0.0129838237035822	0.0332445252136276	-0.390555245417066	0.71603373210396	6	-0.204084234538316	6	1	1	"HYP"	"C57BL/6"	0.818324265261669
"E_P_transition_cell"	"E_P_transition_cell-8"	"BP_mean"	-0.00298586672010759	0.0247124076023079	-0.120824598240632	0.909656103655698	6	-0.245454531992356	6	1	1	"HYP"	"C57BL/6"	0.968864231831306
"EC"	"EC-1"	"BP_mean"	0.0163447376647697	0.0778323012521863	0.209999414148256	0.83426124646573	82	0.839204440386147	53	5	5	"mixed"	"mixed"	0.866764931392966
"EC"	"EC-2"	"BP_mean"	0.0673226769045641	0.0550323894865532	1.22332825328281	0.225194456958748	82	0.907909692435811	53	5	5	"mixed"	"mixed"	0.285961215185712
"EC"	"EC-3"	"BP_mean"	-0.0814573796249518	0.0616359249406526	-1.32158931180776	0.190489007218081	82	0.850495784720125	53	5	5	"mixed"	"mixed"	0.253985342957441
"EC"	"EC-4"	"BP_mean"	-0.00259222956566818	0.0156518880296605	-0.165617691664793	0.868921983838694	82	0.358748355805471	53	5	5	"mixed"	"mixed"	0.888748001403138
"EC"	"EC-5"	"BP_mean"	0.00985244619159404	0.0100907791461802	0.976381114764917	0.332144823454592	82	0.899700487041486	53	5	5	"mixed"	"mixed"	0.40879362886719
"EC"	"EC-6"	"BP_mean"	-0.0117609096061203	0.0413669700240141	-0.284306769369206	0.776991365102022	82	0.943705474001557	53	5	5	"mixed"	"mixed"	0.817885647475812
"EC"	"EC-7"	"BP_mean"	-0.0035907825963558	0.0110751755953332	-0.324219021671211	0.74671224238917	82	0.227976345049003	53	5	5	"mixed"	"mixed"	0.807256478258562
"EC"	"EC-8"	"BP_mean"	0.00588144063216834	0.00473288679302082	1.24267511338771	0.218019512204379	82	0.47358805886856	53	5	5	"mixed"	"mixed"	0.282111926896342
"Ependymal_cell"	"Ependymal_cell-1"	"BP_mean"	1.1378684436309	0.26247085971056	4.33521818340399	0.0122991000506856	6	0.780645152154508	6	1	1	"HYP"	"C57BL/6"	0.0351402858591017
"Ependymal_cell"	"Ependymal_cell-10"	"BP_mean"	-0.0646678875808012	0.0475754658246726	-1.35926966683035	0.245645976011263	6	0.144950405965149	6	1	1	"HYP"	"C57BL/6"	0.416228454031216
"Ependymal_cell"	"Ependymal_cell-2"	"BP_mean"	-0.0161153141661576	0.148635105480147	-0.108421991656003	0.918882039932867	6	-0.24633722419716	6	1	1	"HYP"	"C57BL/6"	0.967244252560912
"Ependymal_cell"	"Ependymal_cell-3"	"BP_mean"	0.0917884049810429	0.154985327946382	0.59223931837469	0.585546061724781	6	-0.149227828819628	6	1	1	"HYP"	"C57BL/6"	0.731932577155976
"Ependymal_cell"	"Ependymal_cell-4"	"BP_mean"	-0.468558241738139	0.0937555460606876	-4.99765892712995	0.00750285239270981	6	0.827446943203414	6	1	1	"HYP"	"C57BL/6"	0.0300114095708393
"Ependymal_cell"	"Ependymal_cell-5"	"BP_mean"	-0.0493357769287543	0.0822538640176861	-0.599798897206168	0.580962760437767	6	-0.146852457774921	6	1	1	"HYP"	"C57BL/6"	0.731932577155976
"Ependymal_cell"	"Ependymal_cell-6"	"BP_mean"	0.0225090295465712	0.0740173167574468	0.304104911291675	0.776211525651478	6	-0.221753129625133	6	1	1	"HYP"	"C57BL/6"	0.862457250723865
"Ependymal_cell"	"Ependymal_cell-7"	"BP_mean"	-0.335529725976949	0.076095385553876	-4.40933078313129	0.0116066512090714	6	0.786709419927973	6	1	1	"HYP"	"C57BL/6"	0.0351402858591017
"Ependymal_cell"	"Ependymal_cell-8"	"BP_mean"	-0.23089986767683	0.0359351150313204	-6.42546621808729	0.00301626089358871	6	0.889592104060607	6	1	1	"HYP"	"C57BL/6"	0.0265619023697734
"Ependymal_cell"	"Ependymal_cell-9"	"BP_mean"	-0.0870590640908796	0.12281188053043	-0.708881451166351	0.517527698831048	6	-0.110490985353455	6	1	1	"HYP"	"C57BL/6"	0.731932577155976
"Erythrocytes"	"Erythrocytes-1"	"BP_mean"	0.317795105795231	0.648435758610103	0.490094973288353	0.649732513370885	6	-0.179191584513443	6	1	1	"PBMC"	"SS"	0.793674839547677
"Erythrocytes"	"Erythrocytes-2"	"BP_mean"	-0.473559828168694	0.377318221653988	-1.25506747618185	0.277777795118237	6	0.103170281001927	6	1	1	"PBMC"	"SS"	0.595370330401812
"Erythrocytes"	"Erythrocytes-3"	"BP_mean"	-0.105875846357556	0.121468402147831	-0.871632823725648	0.432601153168873	6	-0.0504767129785595	6	1	1	"PBMC"	"SS"	0.660639279060803
"Erythrocytes"	"Erythrocytes-4"	"BP_mean"	-0.144953007128429	0.169409873766875	-0.855634939719624	0.440426186040536	6	-0.0566108532609362	6	1	1	"PBMC"	"SS"	0.660639279060803
"Erythrocytes"	"Erythrocytes-5"	"BP_mean"	0.425847015634303	0.230628453530967	1.84646347453882	0.138556203439464	6	0.325184018255023	6	1	1	"PBMC"	"SS"	0.595370330401812
"Erythrocytes"	"Erythrocytes-6"	"BP_mean"	-0.0192534397748542	0.157421396284511	-0.122305101017254	0.90855591648267	6	-0.245342872910688	6	1	1	"PBMC"	"SS"	0.977091181032252
"Excitatory_neuron"	"Excitatory_neuron-1"	"BP_mean"	-0.0030998407464659	0.0125355645939433	-0.247283696177802	0.807487247916345	24	0.995558110328295	23	1	5	"HYP"	"mixed"	0.870644890306876
"Excitatory_neuron"	"Excitatory_neuron-10"	"BP_mean"	0.00356916602043585	0.0183730428826999	0.194261018342072	0.848147089570037	24	0.236110827552577	23	1	5	"HYP"	"mixed"	0.88135259947761
"Excitatory_neuron"	"Excitatory_neuron-11"	"BP_mean"	0.00760391545123396	0.0227136373139722	0.334773129733671	0.741665770567131	24	0.528760469381894	23	1	5	"HYP"	"mixed"	0.818389815798214
"Excitatory_neuron"	"Excitatory_neuron-12"	"BP_mean"	0.0182779886138163	0.0215417143754207	0.848492756670828	0.407306199937462	24	0.821237848072083	23	1	5	"HYP"	"mixed"	0.514492042026267
"Excitatory_neuron"	"Excitatory_neuron-13"	"BP_mean"	-0.0121646589268062	0.015465160931958	-0.786584697070209	0.441758565855265	24	0.180257803952963	23	1	5	"HYP"	"mixed"	0.55076392626111
"Excitatory_neuron"	"Excitatory_neuron-14"	"BP_mean"	-0.026634527992135	0.0114294129662782	-2.33034960506883	0.0316204082758664	24	0.428036449633829	23	1	5	"HYP"	"mixed"	0.0562140591570958
"Excitatory_neuron"	"Excitatory_neuron-15"	"BP_mean"	-0.00880093850752444	0.0128899423827882	-0.682775628173187	0.503442177459047	24	0.337953741822032	23	1	5	"HYP"	"mixed"	0.613615203226545
"Excitatory_neuron"	"Excitatory_neuron-16"	"BP_mean"	0.000427761803689304	0.00228841661137581	0.186924794009484	0.853810330743935	24	0.139714305116588	23	1	5	"HYP"	"mixed"	0.88135259947761
"Excitatory_neuron"	"Excitatory_neuron-2"	"BP_mean"	-0.0220810178114819	0.0157286297955207	-1.40387421527146	0.177374567769252	24	0.88335653594722	23	1	5	"HYP"	"mixed"	0.250411154497767
"Excitatory_neuron"	"Excitatory_neuron-3"	"BP_mean"	0.110538999563032	0.0355717333547981	3.10749545040435	0.00607881150618688	24	0.863527125566451	23	1	5	"HYP"	"mixed"	0.0142333147461937
"Excitatory_neuron"	"Excitatory_neuron-4"	"BP_mean"	0.0216602314124191	0.0318379285869437	0.680327909941404	0.504954177655178	24	0.947656857075327	23	1	5	"HYP"	"mixed"	0.613615203226545
"Excitatory_neuron"	"Excitatory_neuron-5"	"BP_mean"	-0.130290174734859	0.0616212148535942	-2.11437205586444	0.0486979896129069	24	0.533210704334254	23	1	5	"HYP"	"mixed"	0.0834822679078405
"Excitatory_neuron"	"Excitatory_neuron-6"	"BP_mean"	0.0580446087742627	0.0226583029136928	2.56173681653737	0.0196122185503948	24	0.856739791626331	23	1	5	"HYP"	"mixed"	0.038423938384447
"Excitatory_neuron"	"Excitatory_neuron-7"	"BP_mean"	-0.00252553351939568	0.0189314555322693	-0.133404085866025	0.895353961875013	24	0.774962658881154	23	1	5	"HYP"	"mixed"	0.914404046170226
"Excitatory_neuron"	"Excitatory_neuron-8"	"BP_mean"	-0.0145448710644769	0.0150533063834071	-0.966224342614152	0.346735485769631	24	0.170253860375997	23	1	5	"HYP"	"mixed"	0.449819008566008
"Excitatory_neuron"	"Excitatory_neuron-9"	"BP_mean"	1.88916642550917e-05	0.0108217131388031	0.00174571844704998	0.99862632101789	24	0.837553430848873	23	1	5	"HYP"	"mixed"	0.99862632101789
"Fibroblast"	"Fibroblast-1"	"BP_mean"	0.016514196863658	0.0745458444170904	0.22153075054405	0.8253335085383	79	0.776206308322419	52	5	5	"mixed"	"mixed"	0.857489359520312
"Fibroblast"	"Fibroblast-10"	"BP_mean"	-0.0181735584833623	0.0215695591167944	-0.842555862405743	0.402387990194141	79	0.885912801750158	52	5	5	"mixed"	"mixed"	0.494422618160508
"Fibroblast"	"Fibroblast-11"	"BP_mean"	0.0381645515496922	0.0354783481597003	1.07571387985428	0.285802271129376	79	0.569635811365858	52	5	5	"mixed"	"mixed"	0.394210029143967
"Fibroblast"	"Fibroblast-12"	"BP_mean"	-0.00943076914713706	0.025231581081179	-0.373768457743291	0.70972261579172	79	0.624836107319008	52	5	5	"mixed"	"mixed"	0.762118245145471
"Fibroblast"	"Fibroblast-13"	"BP_mean"	-0.0890158182774439	0.0296307615710413	-3.00416909852363	0.00370892883989423	79	0.37301266937011	52	5	5	"mixed"	"mixed"	0.0100581121081877
"Fibroblast"	"Fibroblast-14"	"BP_mean"	0.012763981541285	0.0194513976670119	0.656198683497779	0.513878678784766	79	0.391448142038284	52	5	5	"mixed"	"mixed"	0.595801366706975
"Fibroblast"	"Fibroblast-15"	"BP_mean"	-0.0079985151615503	0.00600889661896733	-1.3311121273584	0.18753371257197	79	0.206347259312446	52	5	5	"mixed"	"mixed"	0.292757865705779
"Fibroblast"	"Fibroblast-16"	"BP_mean"	-0.0304060350686449	0.012629667112983	-2.40750882795542	0.0187404427863345	79	0.25348049705348	52	5	5	"mixed"	"mixed"	0.0454313764517199
"Fibroblast"	"Fibroblast-2"	"BP_mean"	0.0335176467057549	0.0302495888185035	1.10803643999459	0.271693581565969	79	0.931099437374112	52	5	5	"mixed"	"mixed"	0.383023020238082
"Fibroblast"	"Fibroblast-3"	"BP_mean"	-0.00218015924295623	0.0494924210507859	-0.0440503656250538	0.964991489421182	79	0.779479466764918	52	5	5	"mixed"	"mixed"	0.977206571565754
"Fibroblast"	"Fibroblast-4"	"BP_mean"	-0.021686289511117	0.0266145769667723	-0.814827511186516	0.417974603328142	79	0.905977361062461	52	5	5	"mixed"	"mixed"	0.502826590469945
"Fibroblast"	"Fibroblast-5"	"BP_mean"	0.05521499649064	0.06495288846241	0.850077614679052	0.398222055781168	79	0.79714710357769	52	5	5	"mixed"	"mixed"	0.493918828875868
"Fibroblast"	"Fibroblast-6"	"BP_mean"	0.0312507610908066	0.0352264464996222	0.887139186495629	0.378085774771514	79	0.346827454726731	52	5	5	"mixed"	"mixed"	0.487852612608405
"Fibroblast"	"Fibroblast-7"	"BP_mean"	-0.00396056110774389	0.0188335179697568	-0.210293218404752	0.834058582552278	79	0.216135334176016	52	5	5	"mixed"	"mixed"	0.86096369811848
"Fibroblast"	"Fibroblast-8"	"BP_mean"	0.0172370017219138	0.0153224234196111	1.12495270818924	0.264507145378799	79	0.88843023054072	52	5	5	"mixed"	"mixed"	0.377867350541141
"Fibroblast"	"Fibroblast-9"	"BP_mean"	-0.0218114299637952	0.0127538436281007	-1.71018483523962	0.0917250740971463	79	0.263593435656715	52	5	5	"mixed"	"mixed"	0.164899009612847
"IC"	"IC-1"	"BP_mean"	0.0948743011164615	0.109277127366884	0.868199076993794	0.395584073359532	26	0.606430573332373	26	1	5	"LK"	"mixed"	0.522170976834583
"IC"	"IC-10"	"BP_mean"	0.00375936631917983	0.0289298530056881	0.129947646759238	0.897905933315339	26	0.458450020552103	26	1	5	"LK"	"mixed"	0.957947623966231
"IC"	"IC-11"	"BP_mean"	-0.0836057533502732	0.0454782477701866	-1.83836795500026	0.0809075399434443	26	0.048593006538608	26	1	5	"LK"	"mixed"	0.148330489896315
"IC"	"IC-2"	"BP_mean"	0.0229954650898254	0.0834322024097624	0.275618579225408	0.785668642821296	26	0.595366044019722	26	1	5	"LK"	"mixed"	0.878883566545857
"IC"	"IC-3"	"BP_mean"	0.132316271092402	0.0677794268929194	1.95215978000877	0.065061301558416	26	0.646753236811725	26	1	5	"LK"	"mixed"	0.12268702579587
"IC"	"IC-4"	"BP_mean"	-0.0329468333561959	0.0298310122073629	-1.10444905882423	0.282509215642925	26	0.98320907904346	26	1	5	"LK"	"mixed"	0.400392977509292
"IC"	"IC-5"	"BP_mean"	0.0296538029015838	0.0337491918048944	0.878652237748796	0.390024290286443	26	0.935422368788232	26	1	5	"LK"	"mixed"	0.522170976834583
"IC"	"IC-6"	"BP_mean"	-0.116474344166086	0.0822330088991484	-1.41639404571625	0.172047631435659	26	0.00903075709000944	26	1	5	"LK"	"mixed"	0.283878591868838
"IC"	"IC-7"	"BP_mean"	-0.00323774149172898	0.0320249363369963	-0.101100637879759	0.920477253973862	26	0.406893628351676	26	1	5	"LK"	"mixed"	0.957947623966231
"IC"	"IC-8"	"BP_mean"	-0.0203332556319429	0.0244172761029179	-0.832740537733981	0.414825024124626	26	0.325321543911454	26	1	5	"LK"	"mixed"	0.526508684465872
"IC"	"IC-9"	"BP_mean"	-0.0270012785232262	0.0303374890051396	-0.890030104952056	0.384031086519656	26	0.227393775296076	26	1	5	"LK"	"mixed"	0.522170976834583
"Inhibitory_neuron"	"Inhibitory_neuron-1"	"BP_mean"	-0.170471368549572	0.0409510709523226	-4.16280611435154	0.000584592407913053	24	0.883593733262169	23	1	5	"HYP"	"mixed"	0.00129909423980679
"Inhibitory_neuron"	"Inhibitory_neuron-10"	"BP_mean"	-0.00314927503649323	0.00860285410539714	-0.366073281949241	0.718577517284049	24	0.270737020685738	23	1	5	"HYP"	"mixed"	0.760738298572752
"Inhibitory_neuron"	"Inhibitory_neuron-2"	"BP_mean"	0.0116940861461895	0.0324424837094873	0.36045594569474	0.722701383644114	24	0.988369707708804	23	1	5	"HYP"	"mixed"	0.760738298572752
"Inhibitory_neuron"	"Inhibitory_neuron-3"	"BP_mean"	0.0154727424682192	0.0168768133772813	0.916804738093968	0.371365838027152	24	0.946687713053171	23	1	5	"HYP"	"mixed"	0.46420729753394
"Inhibitory_neuron"	"Inhibitory_neuron-4"	"BP_mean"	0.0781412983996188	0.0175769844367353	4.44566010062034	0.000312298949384219	24	0.895700850009596	23	1	5	"HYP"	"mixed"	0.000720689883194352
"Inhibitory_neuron"	"Inhibitory_neuron-5"	"BP_mean"	0.0542687848477022	0.0135430129079522	4.00714266585661	0.000826575278709501	24	0.875382899199663	23	1	5	"HYP"	"mixed"	0.00171015750985224
"Inhibitory_neuron"	"Inhibitory_neuron-6"	"BP_mean"	0.0302573909911787	0.0100259856350113	3.01789690237717	0.00739189171277613	24	0.922995611561264	23	1	5	"HYP"	"mixed"	0.0138597969614552
"Inhibitory_neuron"	"Inhibitory_neuron-7"	"BP_mean"	0.0375500134793361	0.0213188859931566	1.76134970145202	0.0951561164298696	24	0.224393649179741	23	1	5	"HYP"	"mixed"	0.139252853312004
"Inhibitory_neuron"	"Inhibitory_neuron-8"	"BP_mean"	-0.0570466438694459	0.0551509424471071	-1.03437296514302	0.314659713636488	24	0.1754607732115	23	1	5	"HYP"	"mixed"	0.410425713438898
"Inhibitory_neuron"	"Inhibitory_neuron-9"	"BP_mean"	0.00328297112326656	0.00554986215695459	0.591541020375188	0.561514382391537	24	0.608732404127006	23	1	5	"HYP"	"mixed"	0.655201292417859
"Macrophages"	"Macrophages-1"	"BP_mean"	0.103117190264393	0.139322480556521	0.740133177736235	0.462311010022427	65	0.605930882794561	39	4	5	"mixed"	"mixed"	0.616414680029903
"Macrophages"	"Macrophages-2"	"BP_mean"	0.0204645328247042	0.0415187942384062	0.492898052558903	0.624011862001174	65	0.954541346319402	39	4	5	"mixed"	"mixed"	0.721201936365367
"Macrophages"	"Macrophages-3"	"BP_mean"	0.0328350557149821	0.0430017209782614	0.763575386473048	0.448325440811145	65	0.257971067098116	39	4	5	"mixed"	"mixed"	0.60904588185665
"Macrophages"	"Macrophages-4"	"BP_mean"	-0.0314369334908763	0.026759673606394	-1.1747876283276	0.2450509755841	65	0.397271570673964	39	4	5	"mixed"	"mixed"	0.38355804874033
"Macrophages"	"Macrophages-5"	"BP_mean"	-0.0294710679073871	0.0459891963940171	-0.640825894301146	0.524249672295071	65	0.568081914482211	39	4	5	"mixed"	"mixed"	0.674035292950806
"Macrophages"	"Macrophages-6"	"BP_mean"	0.0190869856550033	0.053835361331014	0.354543652779526	0.724263166137706	65	0.541084195930033	39	4	5	"mixed"	"mixed"	0.790105272150225
"Macrophages"	"Macrophages-7"	"BP_mean"	-0.00423501325006804	0.0158625448279616	-0.266981956300152	0.790463794450821	65	0.32094752615318	39	4	5	"mixed"	"mixed"	0.824831785513901
"Macrophages"	"Macrophages-8"	"BP_mean"	-0.110360749810751	0.0721790439242256	-1.52898602988714	0.131897315933897	65	0.598178427906646	39	4	5	"mixed"	"mixed"	0.231624554810745
"Mast_cells"	"Mast_cells-1"	"BP_mean"	0.170737806280804	0.121253352994082	1.40810791672819	0.231867377424543	6	0.164266426632763	6	1	1	"PBMC"	"SS"	0.644261985560014
"Mast_cells"	"Mast_cells-10"	"BP_mean"	-0.0536601136166726	0.0369366685865164	-1.45275997186874	0.219944040738135	6	0.181737900230809	6	1	1	"PBMC"	"SS"	0.644261985560014
"Mast_cells"	"Mast_cells-11"	"BP_mean"	-0.0439783120833618	0.0371108636738779	-1.18505223887629	0.301591836127134	6	0.0748191545672224	6	1	1	"PBMC"	"SS"	0.644261985560014
"Mast_cells"	"Mast_cells-12"	"BP_mean"	-0.0369446616710362	0.0780983788805821	-0.473052862307516	0.660834197434162	6	-0.183774053407192	6	1	1	"PBMC"	"SS"	0.767420358310639
"Mast_cells"	"Mast_cells-13"	"BP_mean"	-0.318557484302838	0.265946520398684	-1.19782535159807	0.297108442029742	6	0.0800005017854946	6	1	1	"PBMC"	"SS"	0.644261985560014
"Mast_cells"	"Mast_cells-14"	"BP_mean"	0.0375119993827433	0.0366233756715551	1.02426383955312	0.363609852123948	6	0.0097277244171825	6	1	1	"PBMC"	"SS"	0.654497733823107
"Mast_cells"	"Mast_cells-15"	"BP_mean"	-0.0328601433008404	0.0631950282710454	-0.519979881327091	0.630528711923039	6	-0.170856242469745	6	1	1	"PBMC"	"SS"	0.756634454307646
"Mast_cells"	"Mast_cells-16"	"BP_mean"	0.202114903922352	0.186755758198774	1.08224188572129	0.340027159045563	6	0.0331153168042644	6	1	1	"PBMC"	"SS"	0.644261985560014
"Mast_cells"	"Mast_cells-17"	"BP_mean"	-0.0333841764515673	0.0304378284204314	-1.09679889085511	0.334325733765607	6	0.0390100063099883	6	1	1	"PBMC"	"SS"	0.644261985560014
"Mast_cells"	"Mast_cells-18"	"BP_mean"	-0.0359922501518812	0.0316711053744793	-1.13643807900952	0.319238484428349	6	0.0550868327037736	6	1	1	"PBMC"	"SS"	0.644261985560014
"Mast_cells"	"Mast_cells-2"	"BP_mean"	0.0564285807274491	0.0741334489012579	0.761175711689997	0.488954907323698	6	-0.0918488438431575	6	1	1	"PBMC"	"SS"	0.677014487063582
"Mast_cells"	"Mast_cells-3"	"BP_mean"	0.129336715424526	0.207156861697503	0.624341932797706	0.566247052373646	6	-0.139003315623283	6	1	1	"PBMC"	"SS"	0.708447135351154
"Mast_cells"	"Mast_cells-4"	"BP_mean"	0.121687020680473	0.0956799245699564	1.27181350975566	0.272353057158458	6	0.10992586522711	6	1	1	"PBMC"	"SS"	0.644261985560014
"Mast_cells"	"Mast_cells-5"	"BP_mean"	0.18397023368598	0.0899309453131218	2.04568330784729	0.110229397386894	6	0.389113031164633	6	1	1	"PBMC"	"SS"	0.644261985560014
"Mast_cells"	"Mast_cells-6"	"BP_mean"	-0.0262698995081815	0.085555475774906	-0.307051059797702	0.77412578112607	6	-0.221215834900517	6	1	1	"PBMC"	"SS"	0.819662591780545
"Mast_cells"	"Mast_cells-7"	"BP_mean"	-0.0644956444850767	0.0504785653285651	-1.27768378647995	0.27047561255405	6	0.112290913295114	6	1	1	"PBMC"	"SS"	0.644261985560014
"Mast_cells"	"Mast_cells-8"	"BP_mean"	-0.332263563343686	0.257866307351364	-1.28851096041388	0.267045479528069	6	0.116648429109842	6	1	1	"PBMC"	"SS"	0.644261985560014
"Mast_cells"	"Mast_cells-9"	"BP_mean"	0.0766189888108141	0.0833205091603405	0.919569378331209	0.409834086557911	6	-0.0318622892078093	6	1	1	"PBMC"	"SS"	0.677014487063582
"Megakaryocytes"	"Megakaryocytes-1"	"BP_mean"	0.0297285534071658	0.301444759616497	0.0986202362415819	0.926184312367742	6	-0.246968012553972	6	1	1	"PBMC"	"SS"	0.971864832770605
"Megakaryocytes"	"Megakaryocytes-2"	"BP_mean"	-0.118318104671623	0.285336066863025	-0.414662282172765	0.699663070955331	6	-0.198481818384669	6	1	1	"PBMC"	"SS"	0.890480272124967
"Megakaryocytes"	"Megakaryocytes-3"	"BP_mean"	-0.0505930220975948	0.0842676177467697	-0.600385099880603	0.580608342807318	6	-0.14666741563422	6	1	1	"PBMC"	"SS"	0.890480272124967
"Megakaryocytes"	"Megakaryocytes-4"	"BP_mean"	0.113524263634903	0.184511717682288	0.615268585978812	0.571657864626306	6	-0.141929130881672	6	1	1	"PBMC"	"SS"	0.890480272124967
"Megakaryocytes"	"Megakaryocytes-5"	"BP_mean"	0.0113798640244629	0.022971876855518	0.495382423301186	0.646310135548685	6	-0.177744285338431	6	1	1	"PBMC"	"SS"	0.890480272124967
"Megakaryocytes"	"Megakaryocytes-6"	"BP_mean"	0.0422278873684293	0.0616956667536679	0.684454672271108	0.531286625437088	6	-0.118949176432664	6	1	1	"PBMC"	"SS"	0.890480272124967
"Megakaryocytes"	"Megakaryocytes-7"	"BP_mean"	-0.0279494416657434	0.0372522134505306	-0.750275999112349	0.494810475799043	6	-0.0957909612117573	6	1	1	"PBMC"	"SS"	0.890480272124967
"Microglia"	"Microglia-1"	"BP_mean"	0.223744585436842	0.173769738328622	1.28759234829318	0.214197406242587	24	0.872816095066927	23	1	5	"HYP"	"mixed"	0.340767469346204
"Microglia"	"Microglia-10"	"BP_mean"	-0.0200018552612904	0.0150087594582236	-1.33267878114543	0.199262538957006	24	0.20816598166379	23	1	5	"HYP"	"mixed"	0.340767469346204
"Microglia"	"Microglia-11"	"BP_mean"	-0.0280094265523135	0.0196770895736628	-1.42345373015953	0.171707676049217	24	0.0805905954460536	23	1	5	"HYP"	"mixed"	0.334053956551329
"Microglia"	"Microglia-12"	"BP_mean"	-0.0233072720969022	0.0121676381295201	-1.91551325317245	0.071451845942459	24	0.162143409970528	23	1	5	"HYP"	"mixed"	0.180509926591475
"Microglia"	"Microglia-13"	"BP_mean"	-0.0236161492963368	0.015885551824656	-1.48664330688734	0.154415746943074	24	0.194380687584766	23	1	5	"HYP"	"mixed"	0.315402376734789
"Microglia"	"Microglia-14"	"BP_mean"	-0.0263308952116731	0.0221544026838824	-1.18851749638139	0.250074461924507	24	0.0704948532493923	23	1	5	"HYP"	"mixed"	0.373689324778509
"Microglia"	"Microglia-15"	"BP_mean"	-0.0275261448647097	0.0167318357357698	-1.64513597308773	0.117291561256993	24	0.109844457965187	23	1	5	"HYP"	"mixed"	0.261860229783054
"Microglia"	"Microglia-16"	"BP_mean"	-0.0313544128245061	0.0236661186021209	-1.32486502546709	0.201790140211565	24	0.0760028544172717	23	1	5	"HYP"	"mixed"	0.340767469346204
"Microglia"	"Microglia-2"	"BP_mean"	0.269637795170707	0.206054560428354	1.30857475131914	0.207141211173735	24	0.687149626722072	23	1	5	"HYP"	"mixed"	0.340767469346204
"Microglia"	"Microglia-3"	"BP_mean"	-0.0464173780123291	0.0330810985520572	-1.4031389537831	0.17759028521388	24	-0.0859721137611653	23	1	5	"HYP"	"mixed"	0.334287595696714
"Microglia"	"Microglia-4"	"BP_mean"	-0.0557049690785937	0.0427633332049444	-1.30263393668651	0.209120246751924	24	0.480503299714177	23	1	5	"HYP"	"mixed"	0.340767469346204
"Microglia"	"Microglia-5"	"BP_mean"	-0.129812316968245	0.0817152552045179	-1.58859342289698	0.129562343009553	24	0.249899872435715	23	1	5	"HYP"	"mixed"	0.282681475657206
"Microglia"	"Microglia-6"	"BP_mean"	-0.00030285337731292	0.00390488633235727	-0.077557539845237	0.939035646999096	24	0.411374904138566	23	1	5	"HYP"	"mixed"	0.959015128850141
"Microglia"	"Microglia-7"	"BP_mean"	-0.054269468527864	0.0278551881385916	-1.94827147667608	0.0671477886102395	24	0.218576558951215	23	1	5	"HYP"	"mixed"	0.174221289367108
"Microglia"	"Microglia-8"	"BP_mean"	-0.0187318930664886	0.0203483049300502	-0.92056282480933	0.369452345104563	24	0.175625776864381	23	1	5	"HYP"	"mixed"	0.443342814125476
"Microglia"	"Microglia-9"	"BP_mean"	-0.00799734546898316	0.00817349108476489	-0.978449157898996	0.340820575264626	24	0.217623451498663	23	1	5	"HYP"	"mixed"	0.440062197316681
"Monocytes"	"Monocytes-1"	"BP_mean"	-0.000133335209611444	0.125438229859879	-0.00106295512747897	0.999159699580147	35	0.656870779572905	26	4	4	"mixed"	"mixed"	0.999159699580147
"Monocytes"	"Monocytes-2"	"BP_mean"	-0.0210747150903143	0.0380543329760585	-0.553805925427026	0.584269453635698	35	0.954844877498624	26	4	4	"mixed"	"mixed"	0.838951010348694
"Monocytes"	"Monocytes-3"	"BP_mean"	0.0216482812004318	0.121122076962573	0.178731092987459	0.859483248784696	35	0.404707661111568	26	4	4	"mixed"	"mixed"	0.993615138853916
"Monocytes"	"Monocytes-4"	"BP_mean"	0.00757103414408119	0.0202355055597566	0.37414603364979	0.711217938684386	35	0.370475606007404	26	4	4	"mixed"	"mixed"	0.905186467416491
"Monocytes"	"Monocytes-5"	"BP_mean"	0.0184995347607197	0.0157305608381384	1.17602512402914	0.249850384554782	35	0.7474517001759	26	4	4	"mixed"	"mixed"	0.518208205002512
"Monocytes"	"Monocytes-6"	"BP_mean"	-0.0125893109163166	0.0165196073228228	-0.762082940005708	0.452616771888583	35	0.250128517589632	26	4	4	"mixed"	"mixed"	0.751290216655716
"Monocytes"	"Monocytes-7"	"BP_mean"	-0.0139214888889904	0.0161889003611571	-0.859940365214238	0.397393480430834	35	-0.06779473950646	26	4	4	"mixed"	"mixed"	0.741801163470891
"Myelinating_OL"	"Myelinating_OL-1"	"BP_mean"	0.00565088886266842	0.109358830383933	0.0516729087429836	0.95935845240012	24	0.867233925426384	23	1	5	"HYP"	"mixed"	0.95935845240012
"Myelinating_OL"	"Myelinating_OL-10"	"BP_mean"	-0.0571300808029853	0.0472248506062121	-1.20974614148319	0.242025231230011	24	0.0721931711319426	23	1	5	"HYP"	"mixed"	0.298972344460602
"Myelinating_OL"	"Myelinating_OL-11"	"BP_mean"	-0.0171282240928369	0.0143526894572357	-1.19338080461303	0.248212748116708	24	0.177970176085034	23	1	5	"HYP"	"mixed"	0.302172041185558
"Myelinating_OL"	"Myelinating_OL-12"	"BP_mean"	-0.00492420556508181	0.00483589756990614	-1.0182609316883	0.32204604021272	24	0.331524279690622	23	1	5	"HYP"	"mixed"	0.375720380248173
"Myelinating_OL"	"Myelinating_OL-13"	"BP_mean"	-0.0106142414198007	0.00773868294511896	-1.37158241202988	0.187049840513887	24	0.224117219858993	23	1	5	"HYP"	"mixed"	0.253422364567201
"Myelinating_OL"	"Myelinating_OL-14"	"BP_mean"	-0.0136012427067448	0.0106300756722744	-1.27950572752928	0.216966572922412	24	0.153652419542077	23	1	5	"HYP"	"mixed"	0.276139274628525
"Myelinating_OL"	"Myelinating_OL-2"	"BP_mean"	0.0696430432261007	0.101677345583393	0.684941594673921	0.502106386717847	24	0.803104382232221	23	1	5	"HYP"	"mixed"	0.562359153123989
"Myelinating_OL"	"Myelinating_OL-3"	"BP_mean"	0.0687882727156681	0.0298753580060488	2.30250873317537	0.0334578031578584	24	0.912444912543736	23	1	5	"HYP"	"mixed"	0.0719769652894918
"Myelinating_OL"	"Myelinating_OL-4"	"BP_mean"	0.230762691446169	0.157967129171361	1.46082727879317	0.161299258526785	24	0.834453109731904	23	1	5	"HYP"	"mixed"	0.222117011741803
"Myelinating_OL"	"Myelinating_OL-5"	"BP_mean"	-0.104245988324508	0.11319433725379	-0.92094702662361	0.369257097619071	24	0.135550959483324	23	1	5	"HYP"	"mixed"	0.424898578082219
"Myelinating_OL"	"Myelinating_OL-6"	"BP_mean"	-0.032132129879146	0.012797177028625	-2.51087640713824	0.0218090176435404	24	0.838467339023784	23	1	5	"HYP"	"mixed"	0.0610652494019132
"Myelinating_OL"	"Myelinating_OL-7"	"BP_mean"	-0.11947086456974	0.0890623873697813	-1.34142894770723	0.196461885568247	24	0.143342017282631	23	1	5	"HYP"	"mixed"	0.257856224808324
"Myelinating_OL"	"Myelinating_OL-8"	"BP_mean"	-0.00255205785185367	0.00711120103069764	-0.358878597417925	0.723860945769626	24	0.798245248474057	23	1	5	"HYP"	"mixed"	0.789666486294137
"Myelinating_OL"	"Myelinating_OL-9"	"BP_mean"	-0.0130458610379097	0.00414758730506156	-3.14540962693878	0.00559436533865961	24	0.236387469263192	23	1	5	"HYP"	"mixed"	0.0190474914596823
"Neuronal"	"Neuronal-1"	"BP_mean"	-0.0827157433558236	0.190433151543538	-0.434355797220068	0.669492915516739	23	0.514244269934989	23	1	5	"LV"	"mixed"	0.831094653744917
"Neuronal"	"Neuronal-10"	"BP_mean"	-0.00767335765467646	0.0156724080810476	-0.489609357732058	0.630668235829305	23	0.17579919523383	23	1	5	"LV"	"mixed"	0.796633561047543
"Neuronal"	"Neuronal-11"	"BP_mean"	0.00832586330735864	0.0278450709927595	0.29900671862261	0.768559330375817	23	-0.0678732953201857	23	1	5	"LV"	"mixed"	0.892520512694497
"Neuronal"	"Neuronal-12"	"BP_mean"	0.0171662604403262	0.0136148891777648	1.26084466911133	0.224395060238662	23	0.199811567641332	23	1	5	"LV"	"mixed"	0.461612695348104
"Neuronal"	"Neuronal-2"	"BP_mean"	0.0109915796608017	0.0911386640756929	0.120602817391233	0.905419589683385	23	0.0154032833570018	23	1	5	"LV"	"mixed"	0.958679565547114
"Neuronal"	"Neuronal-3"	"BP_mean"	0.0799118197085875	0.114425554954646	0.698373888073007	0.49438678901684	23	0.873937636532563	23	1	5	"LV"	"mixed"	0.711916976184249
"Neuronal"	"Neuronal-4"	"BP_mean"	-0.0035299672874493	0.0599482804918344	-0.0588835452574843	0.953731508009645	23	-0.0587708392373141	23	1	5	"LV"	"mixed"	0.96736645281486
"Neuronal"	"Neuronal-5"	"BP_mean"	-0.00364937856910555	0.019580970195095	-0.186373735966347	0.854357614077273	23	0.438555196709351	23	1	5	"LV"	"mixed"	0.936368313176047
"Neuronal"	"Neuronal-6"	"BP_mean"	-0.0350372639099449	0.017938762720556	-1.95315944893991	0.0674627723670393	23	0.133953201359437	23	1	5	"LV"	"mixed"	0.215840101685575
"Neuronal"	"Neuronal-7"	"BP_mean"	0.0126102826850397	0.0127770592868508	0.986947184162894	0.337508309431233	23	0.433564726448072	23	1	5	"LV"	"mixed"	0.607514956976219
"Neuronal"	"Neuronal-8"	"BP_mean"	-0.0269756110548044	0.0188860973984992	-1.42833167094373	0.171311610162619	23	0.280847486215139	23	1	5	"LV"	"mixed"	0.425325376955469
"Neuronal"	"Neuronal-9"	"BP_mean"	0.0305755160296902	0.0548932097777248	0.55699996690843	0.584786858415055	23	-0.112943259529783	23	1	5	"LV"	"mixed"	0.752717072263951
"Neutrophils"	"Neutrophils-1"	"BP_mean"	0.236522059451075	0.102076842401359	2.31709811830862	0.0683001342363619	9	0.960117812142071	9	2	2	"mixed"	"mixed"	0.187733307029145
"Neutrophils"	"Neutrophils-2"	"BP_mean"	0.0312530347486604	0.0231464735899344	1.35022877792716	0.234840432188175	9	0.996996414022468	9	2	2	"mixed"	"mixed"	0.357852087143886
"Neutrophils"	"Neutrophils-3"	"BP_mean"	-0.171354669678096	0.134445343444038	-1.27453034287812	0.258493987397604	9	-0.0440766532672814	9	2	2	"mixed"	"mixed"	0.375991254396515
"Neutrophils"	"Neutrophils-4"	"BP_mean"	0.00226210899993431	0.0342523340768743	0.0660424774223368	0.949903360282021	9	-0.0920014361118202	9	2	2	"mixed"	"mixed"	0.983971917738667
"Neutrophils"	"Neutrophils-5"	"BP_mean"	-0.0399871250905164	0.0119520297903652	-3.34563465719865	0.0204261305991965	9	0.937445311732384	9	2	2	"mixed"	"mixed"	0.081704522396786
"Neutrophils"	"Neutrophils-6"	"BP_mean"	-0.0490549930076316	0.0275093408062892	-1.78321223154924	0.134636762545874	9	0.545399997652273	9	2	2	"mixed"	"mixed"	0.255883971506742
"Neutrophils"	"Neutrophils-7"	"BP_mean"	0.0057581785916622	0.029468428272702	0.195401618925034	0.852771054311301	9	0.485023693627433	9	2	2	"mixed"	"mixed"	0.953284804285867
"Neutrophils"	"Neutrophils-8"	"BP_mean"	-0.0153985940150879	0.00945527886611942	-1.62857111176962	0.164332597482509	9	0.928358688421902	9	2	2	"mixed"	"mixed"	0.276770690496856
"NFO"	"NFO-1"	"BP_mean"	-0.0728957028399543	0.049330658010543	-1.4776957328316	0.163303408375837	18	0.877184965802162	17	1	4	"HYP"	"mixed"	0.296915287956068
"NFO"	"NFO-2"	"BP_mean"	0.244332024301149	0.115732675253593	2.11117580895602	0.0546911224131524	18	0.129779068556919	17	1	4	"HYP"	"mixed"	0.129478260118826
"NFO"	"NFO-3"	"BP_mean"	-0.179740459157565	0.033183931319587	-5.41649081377744	0.00011777101762852	18	0.709444481541837	17	1	4	"HYP"	"mixed"	0.0011777101762852
"NFO"	"NFO-4"	"BP_mean"	-0.0803615410247392	0.073925545512667	-1.08706050753416	0.296755022892251	18	0.766505745330691	17	1	4	"HYP"	"mixed"	0.42393574698893
"NFO"	"NFO-5"	"BP_mean"	0.00413798256941292	0.0290394650153198	0.142495137814348	0.888873728565548	18	0.0990165743102119	17	1	4	"HYP"	"mixed"	0.935656556384788
"NFO"	"NFO-6"	"BP_mean"	0.0630649300782886	0.0305516235433371	2.06420879691817	0.0595497291560275	18	0.50787249390828	17	1	4	"HYP"	"mixed"	0.132332731457839
"NFO"	"NFO-7"	"BP_mean"	0.0448445640094377	0.0268311686046486	1.6713608218193	0.118534121547817	18	0.597541444455135	17	1	4	"HYP"	"mixed"	0.237068243095634
"NFO"	"NFO-8"	"BP_mean"	-0.0233817979360303	0.0235826848454907	-0.991481592923939	0.339547014293636	18	-0.138074389084262	17	1	4	"HYP"	"mixed"	0.452925366159321
"NK_cells"	"NK_cells-1"	"BP_mean"	-0.0556610631290372	0.0660878129879272	-0.842228856010188	0.405910737277343	40	0.47425147101201	35	3	5	"mixed"	"mixed"	0.559876879003231
"NK_cells"	"NK_cells-10"	"BP_mean"	0.0103057472312239	0.0337838849235161	0.305049204807419	0.762304042907218	40	0.78123601270365	35	3	5	"mixed"	"mixed"	0.847004492119131
"NK_cells"	"NK_cells-2"	"BP_mean"	0.0206211022629413	0.0215118879050143	0.958591005772885	0.344951897524426	40	0.878349455462835	35	3	5	"mixed"	"mixed"	0.511039848184334
"NK_cells"	"NK_cells-3"	"BP_mean"	0.0343686459140032	0.0293056097830681	1.17276678999051	0.249545855775248	40	0.728358979643187	35	3	5	"mixed"	"mixed"	0.409072456502623
"NK_cells"	"NK_cells-4"	"BP_mean"	-0.0405865639561654	0.0265286093181399	-1.52991675777037	0.135863857492997	40	0.457912914468203	35	3	5	"mixed"	"mixed"	0.252769967428831
"NK_cells"	"NK_cells-5"	"BP_mean"	0.127643247945415	0.0688311302608277	1.85444067911896	0.0729118140724763	40	0.887998642587852	35	3	5	"mixed"	"mixed"	0.153498555942055
"NK_cells"	"NK_cells-6"	"BP_mean"	-0.0088293336223808	0.00325877598718135	-2.70940182973965	0.0107377083065573	40	0.97558740824135	35	3	5	"mixed"	"mixed"	0.0330391024817149
"NK_cells"	"NK_cells-7"	"BP_mean"	-0.0276097930756475	0.0121680550261125	-2.2690391370188	0.0301458285526184	40	0.334243081553252	35	3	5	"mixed"	"mixed"	0.0779366579245212
"NK_cells"	"NK_cells-8"	"BP_mean"	-0.025157212104098	0.0147895182506867	-1.70101633316757	0.0986395638423785	40	0.232023219356378	35	3	5	"mixed"	"mixed"	0.197279127684757
"NK_cells"	"NK_cells-9"	"BP_mean"	-0.0350947774662548	0.0324506477035393	-1.08148157124232	0.287566000430313	40	0.0298007789044413	35	3	5	"mixed"	"mixed"	0.451083922243628
"NKT"	"NKT-1"	"BP_mean"	-0.0274482473826277	0.113162286870237	-0.242556492465574	0.810948068218094	24	0.933479927975749	20	2	3	"mixed"	"mixed"	0.844737571060514
"NKT"	"NKT-2"	"BP_mean"	0.00642429028854465	0.0648532279643523	0.0990589133369873	0.922129164797181	24	0.846433930705697	20	2	3	"mixed"	"mixed"	0.922129164797181
"NKT"	"NKT-3"	"BP_mean"	-0.0625139401659625	0.113031517150163	-0.553066452102138	0.586667158111643	24	0.607277043945625	20	2	3	"mixed"	"mixed"	0.666667225126867
"NKT"	"NKT-4"	"BP_mean"	-0.00649548105248632	0.0232647451046125	-0.279198462019621	0.783108967693038	24	0.406435818206097	20	2	3	"mixed"	"mixed"	0.844737571060514
"NKT"	"NKT-5"	"BP_mean"	0.0900333783125315	0.147319007636099	0.611145701815531	0.54834582397403	24	0.453400766576575	20	2	3	"mixed"	"mixed"	0.652792647588131
"OPC"	"OPC-1"	"BP_mean"	0.0563271905586479	0.100841235162193	0.558572993161488	0.583335728212499	24	0.943201022200525	23	1	5	"HYP"	"mixed"	0.700002873854999
"OPC"	"OPC-2"	"BP_mean"	0.125169665746413	0.0843746584304069	1.48349834031808	0.155241154266019	24	0.950833668610975	23	1	5	"HYP"	"mixed"	0.240373400153836
"OPC"	"OPC-3"	"BP_mean"	-0.0839078328833057	0.0684121323191792	-1.22650515396642	0.235811602388421	24	-0.050511353996664	23	1	5	"HYP"	"mixed"	0.332910497489535
"OPC"	"OPC-4"	"BP_mean"	-0.00248680273908122	0.0157970847053165	-0.157421624652319	0.876664996754132	24	0.527992641643069	23	1	5	"HYP"	"mixed"	0.914780866178225
"OPC"	"OPC-5"	"BP_mean"	-0.0611878042618681	0.0454934755744772	-1.34497976883955	0.195334337350203	24	0.164092074173779	23	1	5	"HYP"	"mixed"	0.284122672509386
"OPC"	"OPC-6"	"BP_mean"	-0.00981221619397247	0.0102834984048159	-0.954171023100203	0.352636469291141	24	0.428087491270466	23	1	5	"HYP"	"mixed"	0.483615729313565
"OPC"	"OPC-7"	"BP_mean"	-0.0275639081396328	0.0153846107038254	-1.79165457418945	0.0900164681093494	24	0.440534867941181	23	1	5	"HYP"	"mixed"	0.154313945330313
"OPC"	"OPC-8"	"BP_mean"	0.00346170791279907	0.0169432574479167	0.204311828669328	0.840402160905622	24	0.14646341664485	23	1	5	"HYP"	"mixed"	0.91013980769379
"Pars_tuberalis_cell"	"Pars_tuberalis_cell-1"	"BP_mean"	0.0690234593246997	0.100860196272835	0.684347858475166	0.505773081712732	18	0.725855324356782	17	1	4	"HYP"	"mixed"	0.632216352140915
"Pars_tuberalis_cell"	"Pars_tuberalis_cell-2"	"BP_mean"	0.144233416373603	0.161039748215887	0.895638610787231	0.386729607995687	18	0.686099505455501	17	1	4	"HYP"	"mixed"	0.527358556357756
"Pars_tuberalis_cell"	"Pars_tuberalis_cell-3"	"BP_mean"	0.126950570125258	0.0698005886865822	1.81876073703748	0.0920508383638793	18	0.864646428547424	17	1	4	"HYP"	"mixed"	0.184101676727759
"Pars_tuberalis_cell"	"Pars_tuberalis_cell-4"	"BP_mean"	-0.316856474689989	0.230765165535316	-1.37306891165728	0.192951554218435	18	0.0958645785607375	17	1	4	"HYP"	"mixed"	0.289427331327653
"Pars_tuberalis_cell"	"Pars_tuberalis_cell-5"	"BP_mean"	0.00079472172842902	0.0262833371762236	0.0302367132111344	0.976337548122082	18	0.175265244803727	17	1	4	"HYP"	"mixed"	0.977966912925152
"Pars_tuberalis_cell"	"Pars_tuberalis_cell-6"	"BP_mean"	-0.0241456928620007	0.0307635282211398	-0.784880482122609	0.446591779987063	18	0.287637924450045	17	1	4	"HYP"	"mixed"	0.58251101737443
"Pericyte"	"Pericyte-1"	"BP_mean"	0.0973088150198772	0.137238405350032	0.709049444080082	0.482120671999025	51	0.741833248918202	47	3	5	"mixed"	"mixed"	0.652021519346748
"Pericyte"	"Pericyte-10"	"BP_mean"	-0.00960748672561088	0.0274832634935229	-0.349575905637084	0.7283633214781	51	0.197263568183681	47	3	5	"mixed"	"mixed"	0.832415224546399
"Pericyte"	"Pericyte-11"	"BP_mean"	-0.00607563684634484	0.0267094281868288	-0.227471618031153	0.82113514961618	51	0.580252128187773	47	3	5	"mixed"	"mixed"	0.889563078750862
"Pericyte"	"Pericyte-12"	"BP_mean"	-0.00869896157690942	0.0199890748564286	-0.435185802213942	0.665604137478484	51	0.0720689083269257	47	3	5	"mixed"	"mixed"	0.810590482642506
"Pericyte"	"Pericyte-13"	"BP_mean"	-0.018021737421571	0.0178183999499746	-1.01141165717277	0.317477057699014	51	0.542609675633636	47	3	5	"mixed"	"mixed"	0.492800208965634
"Pericyte"	"Pericyte-2"	"BP_mean"	0.0196047676245471	0.0669117268867633	0.292994494936961	0.770935692307102	51	0.864896039437469	47	3	5	"mixed"	"mixed"	0.862121634407942
"Pericyte"	"Pericyte-3"	"BP_mean"	-0.0201039785350703	0.0366502116709299	-0.548536491837407	0.586160541571128	51	0.331876366648193	47	3	5	"mixed"	"mixed"	0.752601189177745
"Pericyte"	"Pericyte-4"	"BP_mean"	0.0299072501104667	0.0220199760821605	1.35818722049821	0.181488126983882	51	0.621664098755408	47	3	5	"mixed"	"mixed"	0.319911274683452
"Pericyte"	"Pericyte-5"	"BP_mean"	0.0312764601702622	0.0482462999444332	0.648266503468334	0.520259531776983	51	0.361630232755334	47	3	5	"mixed"	"mixed"	0.684898624111471
"Pericyte"	"Pericyte-6"	"BP_mean"	-0.0429139761460857	0.0864859595479398	-0.496195872375078	0.622283208441856	51	0.620357606185537	47	3	5	"mixed"	"mixed"	0.770445877118488
"Pericyte"	"Pericyte-7"	"BP_mean"	0.0304803687844685	0.040470356825734	0.753152953795725	0.455461988075894	51	0.721153378113808	47	3	5	"mixed"	"mixed"	0.631573956798574
"Pericyte"	"Pericyte-8"	"BP_mean"	-0.0834591148838971	0.0507273702756929	-1.64524820487074	0.107210264094402	51	0.513348017083968	47	3	5	"mixed"	"mixed"	0.214420528188803
"Pericyte"	"Pericyte-9"	"BP_mean"	-0.0196967695741324	0.0146959779977465	-1.34028300649013	0.187192500915281	51	0.892662206655676	47	3	5	"mixed"	"mixed"	0.324467001586488
"Plasma_cells"	"Plasma_cells-1"	"BP_mean"	-0.255117070594431	0.635646199906819	-0.40135073667054	0.715040531357152	5	-0.26538934337958	5	1	1	"PBMC"	"SS"	0.991744154462755
"Plasma_cells"	"Plasma_cells-10"	"BP_mean"	-0.040460653632698	0.0611978993811465	-0.661144484399784	0.555760279863722	5	-0.163767711368488	5	1	1	"PBMC"	"SS"	0.991744154462755
"Plasma_cells"	"Plasma_cells-11"	"BP_mean"	0.0351743644484166	0.0154092427099058	2.28267963005118	0.106671901314858	5	0.512826445019097	5	1	1	"PBMC"	"SS"	0.812661930503338
"Plasma_cells"	"Plasma_cells-12"	"BP_mean"	-0.00072276022288201	0.0379391135604989	-0.0190505300480854	0.985996985719239	5	-0.333172053868387	5	1	1	"PBMC"	"SS"	0.991744154462755
"Plasma_cells"	"Plasma_cells-13"	"BP_mean"	0.000878534280887106	0.0488979870894537	0.017966675791376	0.986793550631793	5	-0.333189881462605	5	1	1	"PBMC"	"SS"	0.991744154462755
"Plasma_cells"	"Plasma_cells-14"	"BP_mean"	0.00339951800693015	0.0369863159181813	0.0919128581081268	0.932560902800696	5	-0.329589221835729	5	1	1	"PBMC"	"SS"	0.991744154462755
"Plasma_cells"	"Plasma_cells-15"	"BP_mean"	-0.00121527348468896	0.0366153554047962	-0.0331902687070402	0.975607631794002	5	-0.332843915741219	5	1	1	"PBMC"	"SS"	0.991744154462755
"Plasma_cells"	"Plasma_cells-2"	"BP_mean"	-0.198767249552014	0.712696155409496	-0.278894796952858	0.798445996833679	5	-0.299637076314731	5	1	1	"PBMC"	"SS"	0.991744154462755
"Plasma_cells"	"Plasma_cells-3"	"BP_mean"	0.201479007324357	0.0889260452374317	2.26569175303377	0.108354924067112	5	0.508198280550599	5	1	1	"PBMC"	"SS"	0.812661930503338
"Plasma_cells"	"Plasma_cells-4"	"BP_mean"	0.0456264215577051	0.128948358238744	0.353834838852537	0.746869416668512	5	-0.27991845662621	5	1	1	"PBMC"	"SS"	0.991744154462755
"Plasma_cells"	"Plasma_cells-5"	"BP_mean"	0.0364723213071686	0.0568005653017004	0.642111942256968	0.56649676762276	5	-0.172227213161794	5	1	1	"PBMC"	"SS"	0.991744154462755
"Plasma_cells"	"Plasma_cells-6"	"BP_mean"	0.0225317784446876	0.057790489117489	0.389887311714566	0.722652355092005	5	-0.269030655023062	5	1	1	"PBMC"	"SS"	0.991744154462755
"Plasma_cells"	"Plasma_cells-7"	"BP_mean"	0.0345918067276052	0.0494205520172656	0.699947801382714	0.534355351972085	5	-0.14615580393252	5	1	1	"PBMC"	"SS"	0.991744154462755
"Plasma_cells"	"Plasma_cells-8"	"BP_mean"	0.0866969725477489	0.0171405514660722	5.05800368905026	0.0149129333449514	5	0.860058641886729	5	1	1	"PBMC"	"SS"	0.447388000348541
"Plasma_cells"	"Plasma_cells-9"	"BP_mean"	0.0294322828412087	0.0301317461162958	0.976786500444169	0.400712756913027	5	-0.0116051680094795	5	1	1	"PBMC"	"SS"	0.991744154462755
"Plasmablasts"	"Plasmablasts-1"	"BP_mean"	0.290213766909471	0.231728192699865	1.25238868662544	0.278655108006928	6	0.102088484744842	6	1	1	"PBMC"	"SS"	0.522934309362589
"Plasmablasts"	"Plasmablasts-10"	"BP_mean"	0.0108108540450247	0.0190145397936381	0.568557228434306	0.6000567122432	6	-0.156535368494157	6	1	1	"PBMC"	"SS"	0.800075616324266
"Plasmablasts"	"Plasmablasts-2"	"BP_mean"	-0.104286451710797	0.0450667163624604	-2.3140459329685	0.0816685990936552	6	0.465515519927419	6	1	1	"PBMC"	"SS"	0.326674396374621
"Plasmablasts"	"Plasmablasts-3"	"BP_mean"	-0.01992887342034	0.100473893657772	-0.198348771952848	0.852445254671802	6	-0.237825296470596	6	1	1	"PBMC"	"SS"	0.95669954410416
"Plasmablasts"	"Plasmablasts-4"	"BP_mean"	0.0040427756487563	0.0730314270970568	0.0553566568456011	0.958508991171306	6	-0.249043120725163	6	1	1	"PBMC"	"SS"	0.990850359480112
"Plasmablasts"	"Plasmablasts-5"	"BP_mean"	-0.0246137438368679	0.0236292146595564	-1.04166575959025	0.35638331521365	6	0.0167288937241481	6	1	1	"PBMC"	"SS"	0.593972192022751
"Plasmablasts"	"Plasmablasts-6"	"BP_mean"	-0.0957902694732893	0.0515958106942699	-1.85655130105219	0.136946224341504	6	0.328569104406886	6	1	1	"PBMC"	"SS"	0.45648741447168
"Plasmablasts"	"Plasmablasts-7"	"BP_mean"	-0.0416785117524572	0.0318248758565841	-1.30962056035278	0.26047825841738	6	0.125125590073895	6	1	1	"PBMC"	"SS"	0.522934309362589
"Plasmablasts"	"Plasmablasts-8"	"BP_mean"	-0.0230332134148311	0.0360660570110482	-0.638639633042649	0.557791438585591	6	-0.134337147974678	6	1	1	"PBMC"	"SS"	0.800075616324266
"Plasmablasts"	"Plasmablasts-9"	"BP_mean"	0.0042636670053307	0.0139668280394775	0.305270960112014	0.775385739818241	6	-0.22154103800694	6	1	1	"PBMC"	"SS"	0.95669954410416
"POD"	"POD-1"	"BP_mean"	-0.116864256126723	0.170819643162073	-0.684138275689073	0.501738856304405	26	0.746410920254524	26	1	5	"LK"	"mixed"	0.668985141739207
"POD"	"POD-2"	"BP_mean"	0.0845709651687495	0.144373341587901	0.585779647673106	0.564576053484152	26	0.812199587424143	26	1	5	"LK"	"mixed"	0.700853031911361
"POD"	"POD-3"	"BP_mean"	0.0733989298886096	0.236202176180521	0.310746205117574	0.75920893538521	26	0.449925383703193	26	1	5	"LK"	"mixed"	0.846048129344234
"POD"	"POD-4"	"BP_mean"	0.215138848635713	0.182849417173269	1.17659028922059	0.25317356323861	26	0.0170511194937906	26	1	5	"LK"	"mixed"	0.41428401257227
"POD"	"POD-5"	"BP_mean"	-0.0902283292010748	0.051350110338329	-1.75712045420331	0.0941964522665196	26	0.239195238882799	26	1	5	"LK"	"mixed"	0.211942017599669
"POD"	"POD-6"	"BP_mean"	-0.166016158365273	0.0742047355531127	-2.23727174725184	0.0368138493049285	26	0.304608732564602	26	1	5	"LK"	"mixed"	0.0946641839269591
"Premyelinating_OL"	"Premyelinating_OL-1"	"BP_mean"	0.196166681794885	0.124832703421533	1.57143662212035	0.140093620332156	18	0.323543298121049	17	1	4	"HYP"	"mixed"	0.560374481328625
"Premyelinating_OL"	"Premyelinating_OL-10"	"BP_mean"	0.00106035325250721	0.00156451135933507	0.677753629707018	0.509811238435198	18	-0.170699095440498	17	1	4	"HYP"	"mixed"	0.814741447754219
"Premyelinating_OL"	"Premyelinating_OL-11"	"BP_mean"	0.00351748198297685	0.00230048671639148	1.52901642852967	0.150221993265947	18	0.029884881894557	17	1	4	"HYP"	"mixed"	0.563332474747301
"Premyelinating_OL"	"Premyelinating_OL-12"	"BP_mean"	-0.000848597953756841	0.00111817630988272	-0.758912477626939	0.46144415600318	18	-0.0974768615037391	17	1	4	"HYP"	"mixed"	0.769073593338633
"Premyelinating_OL"	"Premyelinating_OL-2"	"BP_mean"	-0.302576192298799	0.177647923994843	-1.70323517153841	0.112296096035126	18	0.34729563365798	17	1	4	"HYP"	"mixed"	0.556992068851587
"Premyelinating_OL"	"Premyelinating_OL-3"	"BP_mean"	0.229204459362856	0.0927190623575818	2.47203167865204	0.0280273344457752	18	0.326970736571532	17	1	4	"HYP"	"mixed"	0.460625461762767
"Premyelinating_OL"	"Premyelinating_OL-4"	"BP_mean"	-0.134520406548517	0.169485697075888	-0.793697691718994	0.441618688553832	18	0.516540936810862	17	1	4	"HYP"	"mixed"	0.757060608949426
"Premyelinating_OL"	"Premyelinating_OL-5"	"BP_mean"	0.00198100563399395	0.00613853735830754	0.322716230001104	0.752041758624049	18	-0.224717530079186	17	1	4	"HYP"	"mixed"	0.895935133586601
"Premyelinating_OL"	"Premyelinating_OL-6"	"BP_mean"	0.00520034927617018	0.00390823444819837	1.33061343813892	0.206185617118639	18	0.250341925342827	17	1	4	"HYP"	"mixed"	0.615848772306147
"Premyelinating_OL"	"Premyelinating_OL-7"	"BP_mean"	0.00192839407441045	0.00714256950501166	0.269986042565967	0.791409368001497	18	0.157224373924533	17	1	4	"HYP"	"mixed"	0.895935133586601
"Premyelinating_OL"	"Premyelinating_OL-8"	"BP_mean"	-0.000985908746690303	0.00334082656554172	-0.295109227416729	0.772570789878935	18	0.183903793395534	17	1	4	"HYP"	"mixed"	0.895935133586601
"Premyelinating_OL"	"Premyelinating_OL-9"	"BP_mean"	-0.000127619830036375	0.00171410046167881	-0.0744529465393078	0.941783452881195	18	0.100322317875445	17	1	4	"HYP"	"mixed"	0.963079302547037
"PT"	"PT-1"	"BP_mean"	0.0249166725396113	0.0672976879226767	0.370245595483755	0.715091506700208	26	0.686399987063798	26	1	5	"LK"	"mixed"	0.837395918156197
"PT"	"PT-10"	"BP_mean"	0.000942362538374621	0.00575869645764151	0.16364164100439	0.871655615318654	26	0.991849421717683	26	1	5	"LK"	"mixed"	0.915238396084587
"PT"	"PT-11"	"BP_mean"	0.0911230626325833	0.0582682864437632	1.56385348178257	0.133537555924193	26	0.302086634231466	26	1	5	"LK"	"mixed"	0.219944209757494
"PT"	"PT-12"	"BP_mean"	-0.106176378853656	0.0545687128475289	-1.94573727898485	0.0658765368697359	26	0.0519583964897006	26	1	5	"LK"	"mixed"	0.125764297660405
"PT"	"PT-13"	"BP_mean"	-0.158692199323684	0.0791616963500012	-2.00465890248298	0.0587264916622803	26	0.0651301922862887	26	1	5	"LK"	"mixed"	0.11937967886957
"PT"	"PT-14"	"BP_mean"	-0.119915402317925	0.0614210551479545	-1.95235008628664	0.0650372823209804	26	0.0690956205905584	26	1	5	"LK"	"mixed"	0.125764297660405
"PT"	"PT-2"	"BP_mean"	0.145010778663817	0.0844951170340561	1.71620306301688	0.101575153942456	26	0.583511274188436	26	1	5	"LK"	"mixed"	0.174128835329924
"PT"	"PT-3"	"BP_mean"	0.0431435598147144	0.0366953213098617	1.17572372375221	0.253511889461207	26	0.949843275104086	26	1	5	"LK"	"mixed"	0.373596468679674
"PT"	"PT-4"	"BP_mean"	0.0685556736512722	0.0772530293194587	0.887417286483085	0.385401977768198	26	0.396591726031356	26	1	5	"LK"	"mixed"	0.522157518266591
"PT"	"PT-5"	"BP_mean"	-0.0031813193691515	0.026113640965816	-0.121825959593915	0.90425261612635	26	0.972806144776074	26	1	5	"LK"	"mixed"	0.924832452045084
"PT"	"PT-6"	"BP_mean"	-0.00262775974983662	0.0959251148406556	-0.0273938660819086	0.978417093253332	26	0.458151905421708	26	1	5	"LK"	"mixed"	0.978417093253332
"PT"	"PT-7"	"BP_mean"	0.0437034566053249	0.0725027826705165	0.602783162184713	0.553427274006924	26	0.448773522762714	26	1	5	"LK"	"mixed"	0.704361985099722
"PT"	"PT-8"	"BP_mean"	-0.0126597955913144	0.0664848105092906	-0.190416359681815	0.85090239305911	26	0.725863172752981	26	1	5	"LK"	"mixed"	0.914988947650557
"PT"	"PT-9"	"BP_mean"	-0.01414271124013	0.0497462597928512	-0.284296976275639	0.779105428177889	26	0.565071380250809	26	1	5	"LK"	"mixed"	0.881165585556296
"T_cells"	"T_cells-1"	"BP_mean"	-0.00549095805413006	0.0907416342951508	-0.0605120030819579	0.952092073957842	44	0.642380249087411	32	4	5	"mixed"	"mixed"	0.967448397731355
"T_cells"	"T_cells-2"	"BP_mean"	0.019376748489947	0.0100835005918075	1.9216291320189	0.0628248992740139	44	0.984030070339839	32	4	5	"mixed"	"mixed"	0.172085593663603
"T_cells"	"T_cells-3"	"BP_mean"	-0.0765341079055413	0.027098105544175	-2.82433426132969	0.00776959831758799	44	0.685496983331823	32	4	5	"mixed"	"mixed"	0.0424058204605681
"T_cells"	"T_cells-4"	"BP_mean"	-0.0301647612344091	0.0398744725502483	-0.756493046933641	0.454415887502556	44	0.257781340037519	32	4	5	"mixed"	"mixed"	0.681623831253835
"T_cells"	"T_cells-5"	"BP_mean"	-0.0363424852390719	0.0546620500621236	-0.664857706539886	0.510498854051772	44	0.0149790476418492	32	4	5	"mixed"	"mixed"	0.684285697984291
"T_cells"	"T_cells-6"	"BP_mean"	0.147751258088332	0.0878955332868801	1.68098710552322	0.101669816135018	44	0.71021307617251	32	4	5	"mixed"	"mixed"	0.23722957098171
"T_cells"	"T_cells-7"	"BP_mean"	-0.0185956941451268	0.0110299722619684	-1.68592392650389	0.100706816733736	44	0.209214015139545	32	4	5	"mixed"	"mixed"	0.23722957098171
"TAL"	"TAL-1"	"BP_mean"	0.0884539978995415	0.148249225676341	0.596657402397874	0.557430376185822	26	0.48752045452171	26	1	5	"LK"	"mixed"	0.696787970232277
"TAL"	"TAL-10"	"BP_mean"	-0.0297678893044622	0.0285301200298642	-1.04338465009268	0.309218604803836	26	0.245895890898441	26	1	5	"LK"	"mixed"	0.44174086400548
"TAL"	"TAL-11"	"BP_mean"	-0.00344136800037885	0.00524242513150428	-0.656445807818599	0.519019560194066	26	0.465286577236571	26	1	5	"LK"	"mixed"	0.674545553382587
"TAL"	"TAL-12"	"BP_mean"	-0.038262344136895	0.0193944964965593	-1.97284544838186	0.0624961218438876	26	0.126661112544461	26	1	5	"LK"	"mixed"	0.11990555404985
"TAL"	"TAL-13"	"BP_mean"	-0.0221502810904867	0.0161591162766456	-1.37076067225903	0.185638157705706	26	0.00504451417535745	26	1	5	"LK"	"mixed"	0.293112880587957
"TAL"	"TAL-14"	"BP_mean"	-0.0383619025837328	0.0217862011525348	-1.7608348658467	0.0935500878740399	26	0.0659958448772568	26	1	5	"LK"	"mixed"	0.165088390365953
"TAL"	"TAL-15"	"BP_mean"	-0.100815899470396	0.057808042914277	-1.74397703827986	0.0965146253795844	26	0.0442057474590423	26	1	5	"LK"	"mixed"	0.167044543926204
"TAL"	"TAL-2"	"BP_mean"	-0.0214927468849615	0.122883712374335	-0.174903137850272	0.862914254334073	26	0.425436119288234	26	1	5	"LK"	"mixed"	0.903049801047286
"TAL"	"TAL-3"	"BP_mean"	-0.0316052480757035	0.0256302911161846	-1.23312091666981	0.231828336844733	26	0.988814615808116	26	1	5	"LK"	"mixed"	0.358946395059376
"TAL"	"TAL-4"	"BP_mean"	0.0281519865337267	0.0413561444073203	0.680720771657418	0.503853591257888	26	0.699018366809637	26	1	5	"LK"	"mixed"	0.674545553382587
"TAL"	"TAL-5"	"BP_mean"	0.0133012314442222	0.0179528858214612	0.740896565404638	0.467366575023874	26	0.984683392565739	26	1	5	"LK"	"mixed"	0.637318056850737
"TAL"	"TAL-6"	"BP_mean"	0.181157956091101	0.0401198028519475	4.51542488280965	0.000211050301657961	26	0.808893548953415	26	1	5	"LK"	"mixed"	0.00118715794682603
"TAL"	"TAL-7"	"BP_mean"	-0.00828684640995859	0.028238304570747	-0.293461188124701	0.77219317456299	26	0.517415299311397	26	1	5	"LK"	"mixed"	0.849817102873814
"TAL"	"TAL-8"	"BP_mean"	-0.03976843470991	0.020738012416489	-1.91765893043297	0.0695478957814334	26	0.321888318582531	26	1	5	"LK"	"mixed"	0.130402304590188
"TAL"	"TAL-9"	"BP_mean"	0.0228877886982936	0.0199451847901047	1.14753455228195	0.264702957328866	26	0.383636827294225	26	1	5	"LK"	"mixed"	0.390545346878655
"Tanycyte"	"Tanycyte-1"	"BP_mean"	0.0773525724058067	0.0575569048540468	1.3439321068768	0.195666481492497	24	0.970067313212324	23	1	5	"HYP"	"mixed"	0.256812256958902
"Tanycyte"	"Tanycyte-10"	"BP_mean"	-0.00849701057152951	0.0135494701369201	-0.627110173731188	0.538460926033049	24	0.29493342661861	23	1	5	"HYP"	"mixed"	0.572540731478178
"Tanycyte"	"Tanycyte-11"	"BP_mean"	-0.00327902695115632	0.00310781111890561	-1.05509209720281	0.305340054366858	24	0.521630947712507	23	1	5	"HYP"	"mixed"	0.363173239264919
"Tanycyte"	"Tanycyte-12"	"BP_mean"	-0.0139132423291751	0.010455853658342	-1.33066536543141	0.19991142895945	24	0.223680429848154	23	1	5	"HYP"	"mixed"	0.25834707742452
"Tanycyte"	"Tanycyte-13"	"BP_mean"	-0.00845037756724484	0.00756194652518742	-1.1174870833982	0.278480239134073	24	0.320554064558691	23	1	5	"HYP"	"mixed"	0.339019421554523
"Tanycyte"	"Tanycyte-14"	"BP_mean"	-0.0122495625120788	0.00714621358867196	-1.71413327632644	0.103671533402139	24	0.252210161671183	23	1	5	"HYP"	"mixed"	0.152779101855784
"Tanycyte"	"Tanycyte-2"	"BP_mean"	0.0182649692160464	0.0712356609070062	0.256402046159018	0.800547975110262	24	0.923173164927826	23	1	5	"HYP"	"mixed"	0.816754515642369
"Tanycyte"	"Tanycyte-3"	"BP_mean"	0.0224032090360899	0.0356522997014003	0.62838047541741	0.537647217607878	24	0.939450200477927	23	1	5	"HYP"	"mixed"	0.572540731478178
"Tanycyte"	"Tanycyte-4"	"BP_mean"	0.0406687250208215	0.0386790425021569	1.05144084211892	0.306967856997729	24	0.953441384490763	23	1	5	"HYP"	"mixed"	0.363173239264919
"Tanycyte"	"Tanycyte-5"	"BP_mean"	0.0444922551764964	0.0305893638198593	1.4545008336398	0.163023959850656	24	0.611502378550539	23	1	5	"HYP"	"mixed"	0.228233543790919
"Tanycyte"	"Tanycyte-6"	"BP_mean"	-0.0468147611113363	0.0289519115465776	-1.61698342563741	0.123271974615838	24	0.507890577267319	23	1	5	"HYP"	"mixed"	0.178531825305697
"Tanycyte"	"Tanycyte-7"	"BP_mean"	-0.067018680968898	0.0306289676817967	-2.18808161166752	0.0420956501240622	24	0.266184880045123	23	1	5	"HYP"	"mixed"	0.0721639716412494
"Tanycyte"	"Tanycyte-8"	"BP_mean"	0.0246569818621723	0.0217173095822745	1.1353607945202	0.271116624866933	24	0.838206514628148	23	1	5	"HYP"	"mixed"	0.334908771894447
"Tanycyte"	"Tanycyte-9"	"BP_mean"	-0.0676160507060137	0.0557607048865628	-1.21261111823405	0.240954229150457	24	0.298778514136287	23	1	5	"HYP"	"mixed"	0.306669018918764
"TL"	"TL-1"	"BP_mean"	0.0404320796400463	0.03465002752381	1.16687005839355	0.256987984869391	26	0.986724048334552	26	1	5	"LK"	"mixed"	0.373800705264569
"TL"	"TL-2"	"BP_mean"	0.19955865484355	0.184118165210619	1.0838618482607	0.291319892515645	26	0.673770731845618	26	1	5	"LK"	"mixed"	0.411275142375028
"TL"	"TL-3"	"BP_mean"	-0.128711951692101	0.0845371661774291	-1.52254869085577	0.143526984426674	26	0.807562489597917	26	1	5	"LK"	"mixed"	0.225760342127632
"TL"	"TL-4"	"BP_mean"	0.011073414210891	0.17602982362657	0.0629064665450222	0.950465444144095	26	0.0703190175814263	26	1	5	"LK"	"mixed"	0.970688113168437
"TL"	"TL-5"	"BP_mean"	-0.0871202182704725	0.0477179414536199	-1.82573295529	0.0828602874255296	26	0.548796841676117	26	1	5	"LK"	"mixed"	0.137148061945704
"TL"	"TL-6"	"BP_mean"	-0.0308090392213561	0.0295955375117579	-1.04100286095889	0.310295705984544	26	0.38739455751967	26	1	5	"LK"	"mixed"	0.418934063327334
"TL"	"TL-7"	"BP_mean"	-0.0174138956728606	0.0476832314567416	-0.365199571020235	0.718796057697631	26	0.322491880079818	26	1	5	"LK"	"mixed"	0.802376994639217
"TL"	"TL-8"	"BP_mean"	0.0129909561623033	0.0152189017558572	0.853606677453158	0.403431170708779	26	0.518811907507785	26	1	5	"LK"	"mixed"	0.50959726826372
"VSMC"	"VSMC-1"	"BP_mean"	-0.0546394825174133	0.100447432017386	-0.543960969633906	0.591102933969845	34	0.922220888798718	31	3	5	"mixed"	"mixed"	0.71256244094995
"VSMC"	"VSMC-10"	"BP_mean"	0.179152492237808	0.181015506647207	0.989707984448925	0.331438641296831	34	0.259261998580167	31	3	5	"mixed"	"mixed"	0.492929756538603
"VSMC"	"VSMC-11"	"BP_mean"	-0.0250140281074536	0.0221854882185748	-1.12749504815993	0.269831240260322	34	0.953759820642786	31	3	5	"mixed"	"mixed"	0.465591159664869
"VSMC"	"VSMC-2"	"BP_mean"	0.0203174407437409	0.0536437916589076	0.378747290514599	0.707950805236861	34	0.457279166748869	31	3	5	"mixed"	"mixed"	0.788603428618276
"VSMC"	"VSMC-3"	"BP_mean"	0.0877149360302652	0.0228188745790956	3.84396415897832	0.000701383201171891	34	0.737244171101668	31	3	5	"mixed"	"mixed"	0.0077152152128908
"VSMC"	"VSMC-4"	"BP_mean"	-0.0153829745206862	0.0107234011045047	-1.434523839104	0.163342493576543	34	0.0549225395826902	31	3	5	"mixed"	"mixed"	0.342241415112757
"VSMC"	"VSMC-5"	"BP_mean"	-0.0624710900126252	0.0588586953736386	-1.06137401816426	0.298280015910393	34	0.504797384685018	31	3	5	"mixed"	"mixed"	0.478695829638909
"VSMC"	"VSMC-6"	"BP_mean"	-0.0507825187863245	0.0322962651183262	-1.57239602165355	0.12795012476044	34	0.269893330061855	31	3	5	"mixed"	"mixed"	0.288707973818429
"VSMC"	"VSMC-7"	"BP_mean"	-0.0358753063430472	0.0610089658194574	-0.58803334659388	0.561583332368384	34	0.24827630773429	31	3	5	"mixed"	"mixed"	0.696046947160814
"VSMC"	"VSMC-8"	"BP_mean"	-0.0511117500139026	0.0256422052984847	-1.99326654704395	0.0568237890025764	34	0.406107634127061	31	3	5	"mixed"	"mixed"	0.200019737289069
"VSMC"	"VSMC-9"	"BP_mean"	0.00809228128963827	0.030116906734634	0.268695632022935	0.790284520884146	34	0.00287339897998817	31	3	5	"mixed"	"mixed"	0.847155158301105
"Activated_microglia"	"Activated_microglia-1"	"UACR_mean"	-0.00196755794610008	0.000899943416764991	-2.1863129497328	0.0650317840168132	10	0.237008830558052	10	1	2	"HYP"	"mixed"	0.14632151403783
"Activated_microglia"	"Activated_microglia-2"	"UACR_mean"	0.00146563364794662	0.000879492022966924	1.66645473713608	0.139562454453479	10	0.0952223146639209	10	1	2	"HYP"	"mixed"	0.251212418016263
"Activated_microglia"	"Activated_microglia-3"	"UACR_mean"	0.000616039464978276	0.000300780009387176	2.04813965606765	0.0797490679934779	10	0.328000325644657	10	1	2	"HYP"	"mixed"	0.159498135986956
"Activated_microglia"	"Activated_microglia-4"	"UACR_mean"	-5.9325560582738e-05	7.2301207943364e-05	-0.82053346368998	0.438956678287967	10	-0.109960577326321	10	1	2	"HYP"	"mixed"	0.526748013945561
"Activated_microglia"	"Activated_microglia-5"	"UACR_mean"	-7.25379812830103e-05	4.75882327771524e-05	-1.52428398891577	0.171261993676714	10	0.44481854047141	10	1	2	"HYP"	"mixed"	0.256892990515071
"Activated_microglia"	"Activated_microglia-6"	"UACR_mean"	1.77483750409322e-05	4.23426831877248e-05	0.419160376829342	0.687662091818499	10	-0.203004418578891	10	1	2	"HYP"	"mixed"	0.72811280310194
"Adipocyte"	"Adipocyte-1"	"UACR_mean"	0.00104257154924646	0.00174538050440925	0.597331955188384	0.569095909371625	12	0.795097554482181	12	1	4	"MSA"	"mixed"	0.731694740620661
"Adipocyte"	"Adipocyte-2"	"UACR_mean"	-0.00155194639419554	0.00218784948893303	-0.709347878839869	0.501045674030776	12	0.47368813247785	12	1	4	"MSA"	"mixed"	0.704595479105778
"Adipocyte"	"Adipocyte-3"	"UACR_mean"	0.000733195017604734	0.00136979045145482	0.535260715846007	0.609045507156176	12	0.256552048783787	12	1	4	"MSA"	"mixed"	0.76130688394522
"Adipocyte"	"Adipocyte-4"	"UACR_mean"	-5.91251899686495e-05	0.000809745081545784	-0.0730170411850862	0.94383515612557	12	0.0521203510636827	12	1	4	"MSA"	"mixed"	0.987734465712806
"Adipocyte"	"Adipocyte-5"	"UACR_mean"	1.64068144191602e-06	0.00034728097938111	0.00472436309307778	0.99636233666206	12	0.00598074098994239	12	1	4	"MSA"	"mixed"	0.99636233666206
"Adipocyte"	"Adipocyte-6"	"UACR_mean"	0.000146204179827278	0.0007488153323138	0.195247310676071	0.850745694371432	12	0.312658885786154	12	1	4	"MSA"	"mixed"	0.957088906167861
"Adipocyte"	"Adipocyte-7"	"UACR_mean"	-0.000171302690473925	0.000210748625451722	-0.812829455502982	0.443078555889211	12	0.177222047127775	12	1	4	"MSA"	"mixed"	0.704595479105778
"Adipocyte"	"Adipocyte-8"	"UACR_mean"	4.56239539864759e-05	0.000424001790092486	0.1076032107707	0.917329640042398	12	0.46497400913135	12	1	4	"MSA"	"mixed"	0.987734465712806
"Adipocyte"	"Adipocyte-9"	"UACR_mean"	-0.000186861107468757	0.00022099963599462	-0.845526765814697	0.425771052881489	12	-0.32404553685709	12	1	4	"MSA"	"mixed"	0.704595479105778
"Astrocyte"	"Astrocyte-1"	"UACR_mean"	0.000254791125448205	0.001085281723252	0.234769571798127	0.817365663157638	22	0.894951718710445	21	1	5	"HYP"	"mixed"	0.856287837593716
"Astrocyte"	"Astrocyte-10"	"UACR_mean"	-2.76314618164274e-05	0.000227141685947557	-0.121648572348833	0.904692068796024	22	0.1743433350052	21	1	5	"HYP"	"mixed"	0.918610408315963
"Astrocyte"	"Astrocyte-11"	"UACR_mean"	-1.2108562904484e-05	3.49800632331078e-05	-0.34615611823776	0.733735403493467	22	0.222265481446829	21	1	5	"HYP"	"mixed"	0.820788756450318
"Astrocyte"	"Astrocyte-2"	"UACR_mean"	-0.00109319285513352	0.000983553118760583	-1.1114731215647	0.282787983576047	22	0.813313966681344	21	1	5	"HYP"	"mixed"	0.398287645660056
"Astrocyte"	"Astrocyte-3"	"UACR_mean"	0.000984887615911345	0.00104405073093878	0.943333103196778	0.359537986200862	22	0.789477698906404	21	1	5	"HYP"	"mixed"	0.474590141785138
"Astrocyte"	"Astrocyte-4"	"UACR_mean"	0.000342062550104456	0.00027623123827385	1.238319576895	0.233459540724611	22	0.74420416642261	21	1	5	"HYP"	"mixed"	0.350189311086916
"Astrocyte"	"Astrocyte-5"	"UACR_mean"	-0.000184244071594187	0.000257049479629715	-0.716765005163962	0.483851585051688	22	-0.171947778733495	21	1	5	"HYP"	"mixed"	0.602532162517196
"Astrocyte"	"Astrocyte-6"	"UACR_mean"	-9.61944082602585e-05	0.000400305600851283	-0.240302429083413	0.813147605691941	22	0.248697642903176	21	1	5	"HYP"	"mixed"	0.856287837593716
"Astrocyte"	"Astrocyte-7"	"UACR_mean"	3.16264096278935e-07	8.17056830849517e-05	0.00387077231763801	0.996959429470617	22	0.375915548688185	21	1	5	"HYP"	"mixed"	0.996959429470617
"Astrocyte"	"Astrocyte-8"	"UACR_mean"	-0.000130573914020722	0.000110432103446726	-1.18239089852809	0.254324675752532	22	0.0463665919163674	21	1	5	"HYP"	"mixed"	0.373009524437047
"Astrocyte"	"Astrocyte-9"	"UACR_mean"	-3.81122818306868e-05	7.38633388369759e-05	-0.515983740117741	0.612922570511015	22	0.279425862421952	21	1	5	"HYP"	"mixed"	0.709699818486438
"Avp+_neuron"	"Avp+_neuron-1"	"UACR_mean"	-0.0015749467732758	0.0243765275935957	-0.0646091518666332	0.954362032889288	4	-0.496875763937002	4	1	1	"HYP"	"C57BL/6"	0.954362032889288
"Avp+_neuron"	"Avp+_neuron-2"	"UACR_mean"	0.00346953730389156	0.0146087589653435	0.237497059957139	0.834383375968138	4	-0.458856700766434	4	1	1	"HYP"	"C57BL/6"	0.953581001106444
"Avp+_neuron"	"Avp+_neuron-3"	"UACR_mean"	0.020345887729944	0.0268878757832799	0.756693756469824	0.528224648554836	4	-0.166142026653189	4	1	1	"HYP"	"C57BL/6"	0.704299531406449
"Avp+_neuron"	"Avp+_neuron-4"	"UACR_mean"	-0.0125390769504089	0.00735169904541502	-1.7056025924006	0.230200218170457	4	0.388887556157218	4	1	1	"HYP"	"C57BL/6"	0.351080088058302
"Avp+_neuron"	"Avp+_neuron-5"	"UACR_mean"	-0.00106658944945695	0.00947892022925345	-0.112522251866334	0.920685412187044	4	-0.490563794240091	4	1	1	"HYP"	"C57BL/6"	0.954362032889288
"Avp+_neuron"	"Avp+_neuron-6"	"UACR_mean"	-0.00757128185214972	0.00336652347757405	-2.24899125242568	0.153458761961242	4	0.57494810155029	4	1	1	"HYP"	"C57BL/6"	0.294315561080951
"Avp+_neuron"	"Avp+_neuron-7"	"UACR_mean"	-0.00577836742847876	0.0131614395930259	-0.439037643841078	0.703512220295094	4	-0.368142494728483	4	1	1	"HYP"	"C57BL/6"	0.865861194209346
"Avp+_neuron"	"Avp+_neuron-8"	"UACR_mean"	0.00471483741993449	0.00220177647237558	2.14137878167418	0.165552503108035	4	0.544453937603898	4	1	1	"HYP"	"C57BL/6"	0.294315561080951
"B_cells"	"B_cells-1"	"UACR_mean"	0.00150971463016999	0.00079638293506525	1.89571444049877	0.0696150664768049	31	0.759821484588333	23	3	3	"mixed"	"mixed"	0.14742014077441
"B_cells"	"B_cells-2"	"UACR_mean"	-6.22703363072204e-05	0.000352795326663892	-0.176505558891786	0.86131886932172	31	0.962047593991585	23	3	3	"mixed"	"mixed"	0.86131886932172
"B_cells"	"B_cells-3"	"UACR_mean"	-0.000769404067989864	0.000530725073320334	-1.4497224771694	0.159566039763552	31	0.20175120880193	23	3	3	"mixed"	"mixed"	0.256114375142508
"B_cells"	"B_cells-4"	"UACR_mean"	-0.000283181602793519	0.000114569776380946	-2.47169551812633	0.0206091480016831	31	0.534615498132572	23	3	3	"mixed"	"mixed"	0.0570714867738916
"B_cells"	"B_cells-5"	"UACR_mean"	-8.73429374852506e-05	0.000184798567750222	-0.472638606178515	0.640571235801297	31	0.625062693707066	23	3	3	"mixed"	"mixed"	0.684529752349517
"B_cells"	"B_cells-6"	"UACR_mean"	-0.000307515685594136	0.000166346524406826	-1.84864509006547	0.0763706212066459	31	0.279506356621586	23	3	3	"mixed"	"mixed"	0.152741242413292
"CD"	"CD-1"	"UACR_mean"	0.000847512935489512	0.00130458537282484	0.649641605021506	0.523700798603639	25	0.544008625259686	25	1	5	"LK"	"mixed"	0.646924515922143
"CD"	"CD-10"	"UACR_mean"	4.3026844800021e-05	9.98773833605471e-05	0.430796676407696	0.671463810801095	25	0.322331801766097	25	1	5	"LK"	"mixed"	0.783374445934611
"CD"	"CD-11"	"UACR_mean"	-8.71562545651912e-05	0.000108245374581034	-0.805173014574812	0.430681261519642	25	0.522448441802268	25	1	5	"LK"	"mixed"	0.548139787388636
"CD"	"CD-12"	"UACR_mean"	-2.25748308510017e-05	0.000179054627291281	-0.126077896966481	0.900994851722556	25	0.339353642314402	25	1	5	"LK"	"mixed"	0.970302148008906
"CD"	"CD-13"	"UACR_mean"	5.41500367139266e-06	9.37706330929069e-05	0.0577473297639735	0.954552898695302	25	0.16685203870552	25	1	5	"LK"	"mixed"	0.980160390265011
"CD"	"CD-14"	"UACR_mean"	-0.00146426388929753	0.000779333286946227	-1.87886737782645	0.0756929935265976	25	0.0577315965731742	25	1	5	"LK"	"mixed"	0.135281094813494
"CD"	"CD-2"	"UACR_mean"	0.000345418713784428	0.00101960220918302	0.338777918165952	0.738492354817485	25	0.498975917240796	25	1	5	"LK"	"mixed"	0.831370758281415
"CD"	"CD-3"	"UACR_mean"	5.66632899980269e-05	0.000215431869581268	0.263021855160811	0.795364807779589	25	0.992200290878409	25	1	5	"LK"	"mixed"	0.867670699395915
"CD"	"CD-4"	"UACR_mean"	7.65923356816653e-05	0.000134552769402927	0.569236412015455	0.575864080399469	25	0.91032968992339	25	1	5	"LK"	"mixed"	0.681303982444442
"CD"	"CD-5"	"UACR_mean"	0.000977549968763553	0.000336245729153135	2.90724872915294	0.00903360854530097	25	0.392017230705214	25	1	5	"LK"	"mixed"	0.0229946399334934
"CD"	"CD-6"	"UACR_mean"	-0.0001591784675266	0.000258873435128891	-0.614889154027512	0.545922328727061	25	0.439470996124956	25	1	5	"LK"	"mixed"	0.664601095841639
"CD"	"CD-7"	"UACR_mean"	-0.000518963665565517	0.000323473278252202	-1.60434787185388	0.125130942873503	25	-0.00557592291884013	25	1	5	"LK"	"mixed"	0.210219984027485
"CD"	"CD-8"	"UACR_mean"	-0.000405527354876438	0.000224392868968675	-1.80722033075414	0.0865896828096997	25	0.344141283924703	25	1	5	"LK"	"mixed"	0.151531944916974
"CD"	"CD-9"	"UACR_mean"	0.000305485370493674	0.000110731983758014	2.7587817008793	0.0124946902092952	25	0.296692590234562	25	1	5	"LK"	"mixed"	0.0291542771550222
"CM"	"CM-1"	"UACR_mean"	-0.00154431806818069	0.000855875838717135	-1.80437161363902	0.0900294496712317	22	0.963183477746484	22	1	5	"LV"	"mixed"	0.130951926794519
"CM"	"CM-2"	"UACR_mean"	0.000161060951632809	0.000665109409350575	0.242157078773057	0.811735006855676	22	0.977596354238288	22	1	5	"LV"	"mixed"	0.865850673979388
"CM"	"CM-3"	"UACR_mean"	0.000879406758931085	0.000769053681556332	1.14349203445907	0.269655486011637	22	0.182784808137248	22	1	5	"LV"	"mixed"	0.340617456014699
"CM"	"CM-4"	"UACR_mean"	0.000424590362290708	0.000366011274968313	1.16004722075151	0.263047684811446	22	0.430654967947596	22	1	5	"LV"	"mixed"	0.340617456014699
"CM"	"CM-5"	"UACR_mean"	2.82190338072838e-05	5.29234136741126e-05	0.533205094838526	0.601220349783322	22	0.676411902764331	22	1	5	"LV"	"mixed"	0.68710897118094
"CM"	"CM-6"	"UACR_mean"	1.66287492806393e-05	2.78999182629792e-05	0.596014265127947	0.559503790372251	22	0.556092978279372	22	1	5	"LV"	"mixed"	0.655028827752879
"CM"	"CM-7"	"UACR_mean"	3.08081029922017e-05	3.42292207556773e-05	0.900052712625421	0.381439525298546	22	0.520972606424161	22	1	5	"LV"	"mixed"	0.469464031136672
"CM"	"CM-8"	"UACR_mean"	3.60410924596837e-06	1.88218392430737e-05	0.191485497215404	0.850554159777391	22	0.59826780038004	22	1	5	"LV"	"mixed"	0.879887505054323
"CT"	"CT-1"	"UACR_mean"	0.00122165113776786	0.000328858783241331	3.71481985588738	0.00158545310901475	24	0.963822225376226	24	1	5	"LK"	"mixed"	0.00426432215528104
"CT"	"CT-10"	"UACR_mean"	4.88054919663567e-05	0.000123878806509053	0.393977737933649	0.698225749555962	24	0.0936595654609245	24	1	5	"LK"	"mixed"	0.789298673411087
"CT"	"CT-11"	"UACR_mean"	3.9489914617089e-05	0.000109065493475031	0.362075239004257	0.721511704843942	24	0.310967108031575	24	1	5	"LK"	"mixed"	0.803970185397536
"CT"	"CT-12"	"UACR_mean"	1.4656463740588e-05	6.08782802282833e-05	0.240750291986383	0.812469484822735	24	0.0817178111346389	24	1	5	"LK"	"mixed"	0.856386754272613
"CT"	"CT-13"	"UACR_mean"	0.000139050020014324	7.58480393817782e-05	1.83327111877502	0.0833541572860998	24	0.14650813823051	24	1	5	"LK"	"mixed"	0.136108369489981
"CT"	"CT-2"	"UACR_mean"	-0.0018538558752934	0.000635366611543765	-2.91777352100553	0.00918569452921597	24	0.847231991844654	24	1	5	"LK"	"mixed"	0.0193644371156445
"CT"	"CT-3"	"UACR_mean"	-0.000206218628928415	0.000191814077788636	-1.07509642308763	0.29653201705432	24	0.990159133049594	24	1	5	"LK"	"mixed"	0.373056408552209
"CT"	"CT-4"	"UACR_mean"	8.26768445748567e-05	0.00026494711201393	0.312050370907647	0.758588045888022	24	0.978635131854973	24	1	5	"LK"	"mixed"	0.810546131222818
"CT"	"CT-5"	"UACR_mean"	-0.000211834911817896	0.000277892504018016	-0.762290845398849	0.455760065858878	24	0.442840315886096	24	1	5	"LK"	"mixed"	0.538625532378674
"CT"	"CT-6"	"UACR_mean"	2.6044212755337e-05	8.2790865376224e-05	0.314578337078433	0.756698998421651	24	0.795067271038125	24	1	5	"LK"	"mixed"	0.810546131222818
"CT"	"CT-7"	"UACR_mean"	0.000698068335345471	0.000177203390267612	3.93936218878911	0.000961293850210832	24	0.694880538856376	24	1	5	"LK"	"mixed"	0.0026778900113016
"CT"	"CT-8"	"UACR_mean"	7.61162971570726e-06	0.000125478960322865	0.0606606055399414	0.952297957698368	24	0.640395748450846	24	1	5	"LK"	"mixed"	0.952860334685128
"CT"	"CT-9"	"UACR_mean"	-6.14463445787633e-06	0.000102505314672174	-0.0599445450953225	0.952860334685128	24	0.521640470668144	24	1	5	"LK"	"mixed"	0.952860334685128
"DC"	"DC-1"	"UACR_mean"	-0.000106360748407867	0.00120402900815945	-0.0883373637072552	0.930098133542246	45	0.590353527382605	27	4	5	"mixed"	"mixed"	0.973983882212324
"DC"	"DC-10"	"UACR_mean"	6.1754749434298e-05	0.000172657351451183	0.357672285108338	0.722677125848326	45	0.77690515573009	27	4	5	"mixed"	"mixed"	0.886921927177491
"DC"	"DC-11"	"UACR_mean"	-1.85724318495219e-05	0.000199670519114006	-0.0930153932184529	0.926407063776204	45	0.47718580978583	27	4	5	"mixed"	"mixed"	0.973983882212324
"DC"	"DC-12"	"UACR_mean"	-2.09171090475432e-05	0.000165982405314515	-0.126020038135416	0.900417248222289	45	0.639829502873069	27	4	5	"mixed"	"mixed"	0.973983882212324
"DC"	"DC-13"	"UACR_mean"	-2.49650101373143e-05	0.000371370041385905	-0.0672240820615149	0.946775287451282	45	0.473613987560129	27	4	5	"mixed"	"mixed"	0.973983882212324
"DC"	"DC-14"	"UACR_mean"	-4.4522084917429e-05	0.00023982194668228	-0.185646416157286	0.85376412162991	45	0.384381560341802	27	4	5	"mixed"	"mixed"	0.973983882212324
"DC"	"DC-15"	"UACR_mean"	8.62010921481242e-06	0.000100934970883917	0.0854026026789683	0.93241453099424	45	0.056972746011752	27	4	5	"mixed"	"mixed"	0.973983882212324
"DC"	"DC-2"	"UACR_mean"	0.000310015586032886	0.000378299255346722	0.819498271940154	0.417894808700001	45	0.492015463535571	27	4	5	"mixed"	"mixed"	0.667765927397376
"DC"	"DC-3"	"UACR_mean"	0.000188652804480858	0.000669504445296972	0.281779763832901	0.779725909645034	45	0.417475754062534	27	4	5	"mixed"	"mixed"	0.931530954000705
"DC"	"DC-4"	"UACR_mean"	0.000136730483650152	0.000329184080633032	0.415361773835524	0.680342418863389	45	-0.128343524122379	27	4	5	"mixed"	"mixed"	0.866473835344883
"DC"	"DC-5"	"UACR_mean"	-7.56473681866452e-05	0.00078223969407531	-0.0967061231481846	0.923496155703009	45	0.351140224793064	27	4	5	"mixed"	"mixed"	0.973983882212324
"DC"	"DC-6"	"UACR_mean"	-0.000333538045133159	0.000473360376233055	-0.704617584993943	0.485581995691589	45	0.192089099414344	27	4	5	"mixed"	"mixed"	0.720368894707302
"DC"	"DC-7"	"UACR_mean"	-2.4521386044725e-05	0.000420713203065947	-0.0582852781087577	0.953843727570536	45	0.157679792826858	27	4	5	"mixed"	"mixed"	0.973983882212324
"DC"	"DC-8"	"UACR_mean"	-9.90898553264684e-06	0.000166697843740704	-0.0594427936816034	0.952928186017534	45	0.837732377307787	27	4	5	"mixed"	"mixed"	0.973983882212324
"DC"	"DC-9"	"UACR_mean"	-4.68205635561508e-05	0.000269074017630897	-0.174006260315989	0.862835370097068	45	0.29805644801669	27	4	5	"mixed"	"mixed"	0.973983882212324
"DCT"	"DCT-1"	"UACR_mean"	0.0012726166928031	0.00172899736537923	0.736043164833839	0.470694676772644	25	0.729697942626385	25	1	5	"LK"	"mixed"	0.77022765290069
"DCT"	"DCT-2"	"UACR_mean"	3.28637393133869e-05	0.000182762306181786	0.179816834225645	0.85920025436614	25	0.997279290242946	25	1	5	"LK"	"mixed"	0.942365701599715
"DCT"	"DCT-3"	"UACR_mean"	-0.00101723025656532	0.000494750762245568	-2.05604586023947	0.0537803073139289	25	0.29258735460826	25	1	5	"LK"	"mixed"	0.12100569145634
"DCT"	"DCT-4"	"UACR_mean"	0.00097163931649163	0.000346868528985381	2.80117461025869	0.0113944738911166	25	0.315483734596231	25	1	5	"LK"	"mixed"	0.0341834216733497
"DCT"	"DCT-5"	"UACR_mean"	-0.00129324363695808	0.000618138077705581	-2.09215979989191	0.0500855377157907	25	0.128256065415848	25	1	5	"LK"	"mixed"	0.117592132028378
"DCT"	"DCT-6"	"UACR_mean"	5.71414503804107e-05	0.000809314715362646	0.0706047342223429	0.94445020560523	25	0.168486056498766	25	1	5	"LK"	"mixed"	0.94445020560523
"DCT"	"DCT-7"	"UACR_mean"	1.7498208754685e-05	0.00012645706553066	0.138372725013475	0.891401873658676	25	0.431041362503313	25	1	5	"LK"	"mixed"	0.942365701599715
"DCT"	"DCT-8"	"UACR_mean"	-7.76668007235565e-05	0.000123649756462796	-0.628119318188263	0.537403386295401	25	0.23773468245191	25	1	5	"LK"	"mixed"	0.772791978085486
"DCT"	"DCT-9"	"UACR_mean"	3.63812865037462e-05	6.10296200340616e-05	0.596125069817594	0.558127539728407	25	0.259502507191762	25	1	5	"LK"	"mixed"	0.772791978085486
"E_P_transition_cell"	"E_P_transition_cell-1"	"UACR_mean"	0.102285918307948	0.0797387598741513	1.28276284293087	0.32815516761614	4	0.177063218201345	4	1	1	"HYP"	"C57BL/6"	0.451688078167874
"E_P_transition_cell"	"E_P_transition_cell-2"	"UACR_mean"	0.00467998245688233	0.0228610588773725	0.204714159654017	0.856738395908667	4	-0.469214169189767	4	1	1	"HYP"	"C57BL/6"	0.856738395908667
"E_P_transition_cell"	"E_P_transition_cell-3"	"UACR_mean"	-0.0594905140056899	0.0371195631853115	-1.60267279301473	0.250183152909881	4	0.34333795627025	4	1	1	"HYP"	"C57BL/6"	0.438305024063246
"E_P_transition_cell"	"E_P_transition_cell-4"	"UACR_mean"	-0.0205737885551901	0.0215042712391928	-0.956730331679092	0.439667950188936	4	-0.0290419909317965	4	1	1	"HYP"	"C57BL/6"	0.541129784847921
"E_P_transition_cell"	"E_P_transition_cell-5"	"UACR_mean"	-0.0190257925794776	0.0094970813576928	-2.00333048258731	0.183050951544286	4	0.501108621659044	4	1	1	"HYP"	"C57BL/6"	0.438305024063246
"E_P_transition_cell"	"E_P_transition_cell-6"	"UACR_mean"	-0.0113175075205917	0.00757913708201182	-1.49324486391102	0.273940640039529	4	0.290743291279314	4	1	1	"HYP"	"C57BL/6"	0.438305024063246
"E_P_transition_cell"	"E_P_transition_cell-7"	"UACR_mean"	0.00169654761696	0.00454862404091302	0.372980400600324	0.744983073341815	4	-0.402449550676721	4	1	1	"HYP"	"C57BL/6"	0.794648611564603
"E_P_transition_cell"	"E_P_transition_cell-8"	"UACR_mean"	0.00174515427915893	0.00301113355897661	0.579567211144249	0.62079255450916	4	-0.284302569926468	4	1	1	"HYP"	"C57BL/6"	0.709477205153326
"EC"	"EC-1"	"UACR_mean"	-2.8114675318763e-05	0.000782204192794936	-0.0359428849624354	0.971433205901391	78	0.848462451657175	50	5	5	"mixed"	"mixed"	0.971433205901391
"EC"	"EC-2"	"UACR_mean"	0.000334942126065258	0.000533204976999072	0.628167666307887	0.531998256713607	78	0.910565771054394	50	5	5	"mixed"	"mixed"	0.664997820892008
"EC"	"EC-3"	"UACR_mean"	-0.000201271384915099	0.000667264733344499	-0.301636479282033	0.763849742714937	78	0.841828246016984	50	5	5	"mixed"	"mixed"	0.872971134531357
"EC"	"EC-4"	"UACR_mean"	-2.91149970340094e-05	0.000167532315895589	-0.173787348896644	0.86254891180385	78	0.33619174430755	50	5	5	"mixed"	"mixed"	0.937096661065023
"EC"	"EC-5"	"UACR_mean"	-2.50923686574882e-05	0.000107452044667411	-0.233521555919713	0.816058002468432	78	0.897453628111609	50	5	5	"mixed"	"mixed"	0.919501974612318
"EC"	"EC-6"	"UACR_mean"	-0.00017435765504114	0.000441326603606994	-0.395076239719297	0.69402321932102	78	0.939201551705569	50	5	5	"mixed"	"mixed"	0.816497905083553
"EC"	"EC-7"	"UACR_mean"	5.77701485013049e-05	0.000114815377131632	0.50315689365435	0.616479911705741	78	0.258986644363078	50	5	5	"mixed"	"mixed"	0.758744506714758
"EC"	"EC-8"	"UACR_mean"	6.52388063999344e-05	5.02608514096844e-05	1.29800440243565	0.198671348758446	78	0.461382127627754	50	5	5	"mixed"	"mixed"	0.288976507285013
"Ependymal_cell"	"Ependymal_cell-1"	"UACR_mean"	0.127084557775678	0.0372625311062851	3.41051866318987	0.0762670926903616	4	0.779923726070075	4	1	1	"HYP"	"C57BL/6"	0.315187100813474
"Ependymal_cell"	"Ependymal_cell-10"	"UACR_mean"	-0.00471713297772995	0.00642242150075096	-0.734478884199423	0.53909789447505	4	-0.181353873684002	4	1	1	"HYP"	"C57BL/6"	0.673872368093813
"Ependymal_cell"	"Ependymal_cell-2"	"UACR_mean"	-0.00247129963401741	0.0121680932166739	-0.203096704636599	0.857847349476132	4	-0.469688935923559	4	1	1	"HYP"	"C57BL/6"	0.927770920923375
"Ependymal_cell"	"Ependymal_cell-3"	"UACR_mean"	0.00274438048177315	0.0248965489397211	0.110231361319104	0.922290360993458	4	-0.490941818008209	4	1	1	"HYP"	"C57BL/6"	0.927770920923375
"Ependymal_cell"	"Ependymal_cell-4"	"UACR_mean"	-0.0389619179109928	0.0329405910088652	-1.18279352973683	0.358445842472318	4	0.117387605561581	4	1	1	"HYP"	"C57BL/6"	0.496001222571484
"Ependymal_cell"	"Ependymal_cell-5"	"UACR_mean"	-0.011999762162891	0.00770048939718841	-1.55831162721585	0.25948464013885	4	0.322544497285431	4	1	1	"HYP"	"C57BL/6"	0.399207138675155
"Ependymal_cell"	"Ependymal_cell-6"	"UACR_mean"	-0.00499815122535522	0.0103413753667309	-0.483315908001435	0.676608242351317	4	-0.343126656627343	4	1	1	"HYP"	"C57BL/6"	0.796009696883902
"Ependymal_cell"	"Ependymal_cell-7"	"UACR_mean"	-0.0336529238666386	0.0180998125760016	-1.85929681455701	0.20407460913754	4	0.450245841729339	4	1	1	"HYP"	"C57BL/6"	0.392316155331275
"Ependymal_cell"	"Ependymal_cell-8"	"UACR_mean"	-0.0227693562928931	0.0127385161425536	-1.78744180547302	0.215773885432201	4	0.422515898155159	4	1	1	"HYP"	"C57BL/6"	0.392316155331275
"Ependymal_cell"	"Ependymal_cell-9"	"UACR_mean"	-0.0102583941869334	0.0089888567387092	-1.14123458467828	0.372000916928613	4	0.0915742725077542	4	1	1	"HYP"	"C57BL/6"	0.496001222571484
"Erythrocytes"	"Erythrocytes-1"	"UACR_mean"	0.00380683000767121	0.00435690983297185	0.873745419026623	0.431576331237607	6	-0.0496635597084869	6	1	1	"PBMC"	"SS"	0.520190894505115
"Erythrocytes"	"Erythrocytes-2"	"UACR_mean"	-0.00358649045462801	0.00261693101719314	-1.37049483959069	0.242409109578841	6	0.149407594634431	6	1	1	"PBMC"	"SS"	0.428191086879818
"Erythrocytes"	"Erythrocytes-3"	"UACR_mean"	-0.00102558742564426	0.000792141935213436	-1.29470159330464	0.265103140363649	6	0.119137097860885	6	1	1	"PBMC"	"SS"	0.428191086879818
"Erythrocytes"	"Erythrocytes-4"	"UACR_mean"	-0.00137638649269837	0.00111730794527682	-1.23187747703464	0.285460724586545	6	0.0937961112465717	6	1	1	"PBMC"	"SS"	0.428191086879818
"Erythrocytes"	"Erythrocytes-5"	"UACR_mean"	0.00247096544828033	0.0018629454825661	1.3263756086285	0.255377588198051	6	0.131834756463154	6	1	1	"PBMC"	"SS"	0.428191086879818
"Erythrocytes"	"Erythrocytes-6"	"UACR_mean"	-0.000289331082980901	0.00111383416728199	-0.259761364375214	0.807870024122613	6	-0.229263563270225	6	1	1	"PBMC"	"SS"	0.881312753588306
"Excitatory_neuron"	"Excitatory_neuron-1"	"UACR_mean"	-3.49360537503789e-06	4.5701808899922e-05	-0.0764434813223301	0.940014001865763	22	0.999069275172429	21	1	5	"HYP"	"mixed"	0.949908886095929
"Excitatory_neuron"	"Excitatory_neuron-10"	"UACR_mean"	0.000259076786805917	0.000164098108763003	1.5787920333688	0.133947915231579	22	0.310062317345594	21	1	5	"HYP"	"mixed"	0.189102939150464
"Excitatory_neuron"	"Excitatory_neuron-11"	"UACR_mean"	0.00021534884817956	0.000213677125953693	1.00782359000012	0.328538472263621	22	0.480609185291151	21	1	5	"HYP"	"mixed"	0.414995964964574
"Excitatory_neuron"	"Excitatory_neuron-12"	"UACR_mean"	0.000104498044320739	0.000211498098206129	0.4940850305845	0.627960490549339	22	0.7987080734759	21	1	5	"HYP"	"mixed"	0.69553883137581
"Excitatory_neuron"	"Excitatory_neuron-13"	"UACR_mean"	1.56755798474268e-05	0.000147083018602808	0.106576408319155	0.916449888623421	22	0.189149768636596	21	1	5	"HYP"	"mixed"	0.947272400231126
"Excitatory_neuron"	"Excitatory_neuron-14"	"UACR_mean"	-0.000289135774598458	0.000103888076698158	-2.7831468613913	0.0132953902090983	22	0.446867481236746	21	1	5	"HYP"	"mixed"	0.0278419872062731
"Excitatory_neuron"	"Excitatory_neuron-15"	"UACR_mean"	-0.000143861979267875	0.000121248440485147	-1.18650581147473	0.252742511151776	22	0.330913975191411	21	1	5	"HYP"	"mixed"	0.327882176629331
"Excitatory_neuron"	"Excitatory_neuron-16"	"UACR_mean"	-4.99828946887405e-06	2.17837828251241e-05	-0.229450022936757	0.821426577314021	22	0.137040903707131	21	1	5	"HYP"	"mixed"	0.868175052046687
"Excitatory_neuron"	"Excitatory_neuron-2"	"UACR_mean"	-0.000169345584137391	0.000152965753111249	-1.10708168784832	0.28462559513368	22	0.851729188809028	21	1	5	"HYP"	"mixed"	0.36432076177111
"Excitatory_neuron"	"Excitatory_neuron-3"	"UACR_mean"	0.000732136334882629	0.00038689103488254	1.89235797387992	0.0766808082652222	22	0.796166988876209	21	1	5	"HYP"	"mixed"	0.124768772770531
"Excitatory_neuron"	"Excitatory_neuron-4"	"UACR_mean"	0.000139750870835886	0.000167411340996686	0.834775410099918	0.416134998101743	22	0.98142934273109	21	1	5	"HYP"	"mixed"	0.493197034787251
"Excitatory_neuron"	"Excitatory_neuron-5"	"UACR_mean"	-0.00154928973222123	0.000522979323205069	-2.96243018314076	0.00917014679950388	22	0.619331466087825	21	1	5	"HYP"	"mixed"	0.0209603355417231
"Excitatory_neuron"	"Excitatory_neuron-6"	"UACR_mean"	0.000448956818974108	0.000230703724099768	1.94603195386632	0.0694327228701591	22	0.811406597256826	21	1	5	"HYP"	"mixed"	0.115498557999503
"Excitatory_neuron"	"Excitatory_neuron-7"	"UACR_mean"	0.000132503843732754	0.0001785209305894	0.742231419561185	0.468704178903179	22	0.743661519840193	21	1	5	"HYP"	"mixed"	0.542115676803676
"Excitatory_neuron"	"Excitatory_neuron-8"	"UACR_mean"	1.1916998199357e-05	0.00014918506159645	0.079880640003976	0.937322784970031	22	0.0286638653993737	21	1	5	"HYP"	"mixed"	0.949908886095929
"Excitatory_neuron"	"Excitatory_neuron-9"	"UACR_mean"	0.000100260839290484	0.000102019510920205	0.982761418733951	0.340353173342778	22	0.818171962865978	21	1	5	"HYP"	"mixed"	0.424336423907879
"Fibroblast"	"Fibroblast-1"	"UACR_mean"	3.95791729421463e-05	0.000780055127169044	0.0507389433946624	0.959689145230777	75	0.792731069012056	48	5	5	"mixed"	"mixed"	0.984296559211053
"Fibroblast"	"Fibroblast-10"	"UACR_mean"	-6.07179528165064e-05	0.000216251738763236	-0.280774402849929	0.779775217588674	75	0.875903998059863	48	5	5	"mixed"	"mixed"	0.862322144274772
"Fibroblast"	"Fibroblast-11"	"UACR_mean"	5.99537522241046e-05	0.000395673137507275	0.151523433210075	0.880032131046233	75	0.552831128767136	48	5	5	"mixed"	"mixed"	0.914319097190892
"Fibroblast"	"Fibroblast-12"	"UACR_mean"	-0.00036272218541586	0.000275268581825879	-1.31770281595485	0.192228733659882	75	0.627350177189963	48	5	5	"mixed"	"mixed"	0.292919975100773
"Fibroblast"	"Fibroblast-13"	"UACR_mean"	-0.000769340385387282	0.000323661747849761	-2.37698891048564	0.0204080326170307	75	0.381684522046977	48	5	5	"mixed"	"mixed"	0.0480189002753664
"Fibroblast"	"Fibroblast-14"	"UACR_mean"	-5.31933330917268e-05	0.000209543839688236	-0.25385300360473	0.800410404819718	75	0.323738023787106	48	5	5	"mixed"	"mixed"	0.872828207230725
"Fibroblast"	"Fibroblast-15"	"UACR_mean"	-5.17113653827013e-05	6.19179124522417e-05	-0.83516002614893	0.406686900547724	75	0.261997683705757	48	5	5	"mixed"	"mixed"	0.524757291029322
"Fibroblast"	"Fibroblast-16"	"UACR_mean"	-0.000389163631714495	0.000136775943927661	-2.84526372503281	0.00592884124307193	75	0.273950700644719	48	5	5	"mixed"	"mixed"	0.016078213540534
"Fibroblast"	"Fibroblast-2"	"UACR_mean"	0.000599959687588173	0.000327909147721369	1.82965218188414	0.0718884949598024	75	0.931650505574196	48	5	5	"mixed"	"mixed"	0.132208726362855
"Fibroblast"	"Fibroblast-3"	"UACR_mean"	0.000146208784234016	0.000524904773293211	0.278543445731524	0.781479443249012	75	0.766917713859167	48	5	5	"mixed"	"mixed"	0.862322144274772
"Fibroblast"	"Fibroblast-4"	"UACR_mean"	0.000144177744311598	0.00029375497548166	0.490809539736968	0.625214134648968	75	0.904895700640848	48	5	5	"mixed"	"mixed"	0.735102726446855
"Fibroblast"	"Fibroblast-5"	"UACR_mean"	0.000635451127226087	0.000719091861869867	0.883685605304603	0.380122829559447	75	0.787864381171793	48	5	5	"mixed"	"mixed"	0.49852174368452
"Fibroblast"	"Fibroblast-6"	"UACR_mean"	-8.18179603970499e-07	0.000374931026411541	-0.00218221365087142	0.998265530440818	75	0.293409134119792	48	5	5	"mixed"	"mixed"	0.99840957347728
"Fibroblast"	"Fibroblast-7"	"UACR_mean"	6.46054967485301e-05	0.000206243004315929	0.313249397053805	0.75509415327065	75	0.217951645719362	48	5	5	"mixed"	"mixed"	0.844860591072055
"Fibroblast"	"Fibroblast-8"	"UACR_mean"	6.47329336691908e-07	0.000169588706884268	0.00381705449958802	0.996966129396217	75	0.883333838163619	48	5	5	"mixed"	"mixed"	0.99840957347728
"Fibroblast"	"Fibroblast-9"	"UACR_mean"	-2.9160611988043e-06	0.000143360975799002	-0.0203406902230684	0.983833908142497	75	0.193463179829992	48	5	5	"mixed"	"mixed"	0.99840957347728
"IC"	"IC-1"	"UACR_mean"	0.00136206530984136	0.000957195276777803	1.4229753770061	0.170955983771782	25	0.589649318003651	25	1	5	"LK"	"mixed"	0.275197437291161
"IC"	"IC-10"	"UACR_mean"	-0.000122270432834968	0.00023338360316689	-0.523903269877677	0.606403830028992	25	0.381780182509129	25	1	5	"LK"	"mixed"	0.690045737619198
"IC"	"IC-11"	"UACR_mean"	-0.000795715085613925	0.000403000127149834	-1.97447849766579	0.063043193184304	25	0.0661988380739847	25	1	5	"LK"	"mixed"	0.118881450004688
"IC"	"IC-2"	"UACR_mean"	-5.80552583725795e-05	0.000756018105447289	-0.0767908307410599	0.939592815816193	25	0.559545007828097	25	1	5	"LK"	"mixed"	0.954048089905673
"IC"	"IC-3"	"UACR_mean"	0.00139047052417532	0.000586709411396816	2.36994753648989	0.0285301890864797	25	0.649528778987414	25	1	5	"LK"	"mixed"	0.0553821317561076
"IC"	"IC-4"	"UACR_mean"	5.43530106608444e-05	0.000277540927328197	0.195837821773115	0.846816383611324	25	0.979393281818642	25	1	5	"LK"	"mixed"	0.901449698683022
"IC"	"IC-5"	"UACR_mean"	6.21058940991426e-06	0.000246350929226096	0.0252103348236787	0.980150092761547	25	0.955272512336813	25	1	5	"LK"	"mixed"	0.980150092761547
"IC"	"IC-6"	"UACR_mean"	-0.000940101187294409	0.000749878320593295	-1.25367164442174	0.225168512536349	25	-0.0250969892430213	25	1	5	"LK"	"mixed"	0.337752768804523
"IC"	"IC-7"	"UACR_mean"	-0.000292702932782297	0.000281863845705347	-1.03845504573255	0.312094051360674	25	0.412668747447325	25	1	5	"LK"	"mixed"	0.420371579383765
"IC"	"IC-8"	"UACR_mean"	-0.000259772279503033	0.000216603163762657	-1.19930048569225	0.245154343290365	25	0.329584212444214	25	1	5	"LK"	"mixed"	0.351743188199219
"IC"	"IC-9"	"UACR_mean"	-0.000344482257686219	0.000268391638564538	-1.28350592264589	0.214748818751387	25	0.246613130904912	25	1	5	"LK"	"mixed"	0.329614465990501
"Inhibitory_neuron"	"Inhibitory_neuron-1"	"UACR_mean"	-0.00158259085702503	0.000343934202338008	-4.60143494385507	0.000294891282679499	22	0.895196733167223	21	1	5	"HYP"	"mixed"	0.000520396381199115
"Inhibitory_neuron"	"Inhibitory_neuron-10"	"UACR_mean"	-1.29069485880784e-05	7.84498670328199e-05	-0.16452479878237	0.871378585316673	22	0.330594487380039	21	1	5	"HYP"	"mixed"	0.950594820345461
"Inhibitory_neuron"	"Inhibitory_neuron-2"	"UACR_mean"	0.000273419410444605	0.000175664946079991	1.55648247727296	0.139150453818326	22	0.995144713055289	21	1	5	"HYP"	"mixed"	0.181500591936947
"Inhibitory_neuron"	"Inhibitory_neuron-3"	"UACR_mean"	6.5285985491518e-05	0.000156932300048042	0.416013691709941	0.682926497440345	22	0.936823900236755	21	1	5	"HYP"	"mixed"	0.773124336724919
"Inhibitory_neuron"	"Inhibitory_neuron-4"	"UACR_mean"	0.000609167316808513	0.000192747686040276	3.16043906582215	0.00606095103086161	22	0.829678157469626	21	1	5	"HYP"	"mixed"	0.0095699226803078
"Inhibitory_neuron"	"Inhibitory_neuron-5"	"UACR_mean"	0.000469500862746367	0.000137280048370587	3.42002256204741	0.00350872820409908	22	0.824824663268595	21	1	5	"HYP"	"mixed"	0.00568982952016068
"Inhibitory_neuron"	"Inhibitory_neuron-6"	"UACR_mean"	0.000277313154859329	9.60026308432105e-05	2.88859953548805	0.0106909136112602	22	0.895334352015376	21	1	5	"HYP"	"mixed"	0.0164475594019388
"Inhibitory_neuron"	"Inhibitory_neuron-7"	"UACR_mean"	-0.000134872510982246	0.000220833062999912	-0.610744193600667	0.549947238065097	22	0.0850515511360392	21	1	5	"HYP"	"mixed"	0.64699675066482
"Inhibitory_neuron"	"Inhibitory_neuron-8"	"UACR_mean"	-4.06293399594375e-05	0.000550922223654443	-0.0737478689640256	0.942125132120138	22	0.099126224670252	21	1	5	"HYP"	"mixed"	0.991122000239994
"Inhibitory_neuron"	"Inhibitory_neuron-9"	"UACR_mean"	7.63129262044562e-05	4.53659994932054e-05	1.68216124535922	0.111947692007103	22	0.707314053590675	21	1	5	"HYP"	"mixed"	0.15265594364605
"Macrophages"	"Macrophages-1"	"UACR_mean"	0.00120471645275554	0.00141456254614908	0.851653011763382	0.39816787948612	63	0.578703869607091	37	4	5	"mixed"	"mixed"	0.562119359274522
"Macrophages"	"Macrophages-2"	"UACR_mean"	0.00030330064493733	0.000421997653666839	0.718725903572871	0.475408439708317	63	0.947556441313978	37	4	5	"mixed"	"mixed"	0.63387791961109
"Macrophages"	"Macrophages-3"	"UACR_mean"	0.000112503113164557	0.000424051383445048	0.265305379387203	0.791784416936727	63	0.215940555137646	37	4	5	"mixed"	"mixed"	0.863764818476429
"Macrophages"	"Macrophages-4"	"UACR_mean"	-3.34195610657982e-05	0.000274090257549539	-0.121929036677847	0.903407839973142	63	0.375266530605655	37	4	5	"mixed"	"mixed"	0.929219492543803
"Macrophages"	"Macrophages-5"	"UACR_mean"	-0.000271962191647036	0.000468561961850801	-0.580418842734899	0.564046574502071	63	0.561510440512209	37	4	5	"mixed"	"mixed"	0.712479883581563
"Macrophages"	"Macrophages-6"	"UACR_mean"	-0.000160313315505555	0.000547093084920505	-0.293027493719554	0.770624262854528	63	0.538607123153475	37	4	5	"mixed"	"mixed"	0.853614568085016
"Macrophages"	"Macrophages-7"	"UACR_mean"	0.000122805868374503	0.000159704563541917	0.768956538566732	0.445269427606575	63	0.323682905948216	37	4	5	"mixed"	"mixed"	0.615841983413013
"Macrophages"	"Macrophages-8"	"UACR_mean"	-0.00127763101101355	0.000731144559292897	-1.74743967492444	0.0862458769376362	63	0.598344754352364	37	4	5	"mixed"	"mixed"	0.163413240513416
"Mast_cells"	"Mast_cells-1"	"UACR_mean"	0.000860408374453711	0.000964475345744643	0.892099915513563	0.422755966507928	6	-0.0425697363891666	6	1	1	"PBMC"	"SS"	0.608768591771416
"Mast_cells"	"Mast_cells-10"	"UACR_mean"	-0.000393860886366288	0.000258693210779072	-1.52250182824725	0.202544045831046	6	0.208611799912503	6	1	1	"PBMC"	"SS"	0.548379645974254
"Mast_cells"	"Mast_cells-11"	"UACR_mean"	-0.000318046336270759	0.000262837581784034	-1.21004893635069	0.292876620251373	6	0.0849560526266293	6	1	1	"PBMC"	"SS"	0.548379645974254
"Mast_cells"	"Mast_cells-12"	"UACR_mean"	-0.000274901111308587	0.000554758853639006	-0.495532625581982	0.646213068630447	6	-0.177702996778771	6	1	1	"PBMC"	"SS"	0.699665123175806
"Mast_cells"	"Mast_cells-13"	"UACR_mean"	-0.00216714911503438	0.00192345404140095	-1.12669659289387	0.322887379356508	6	0.0511335067689125	6	1	1	"PBMC"	"SS"	0.553521221754013
"Mast_cells"	"Mast_cells-14"	"UACR_mean"	0.000215067052766524	0.000272587965351749	0.788982200622834	0.474255997748555	6	-0.0816674236637267	6	1	1	"PBMC"	"SS"	0.629216474017923
"Mast_cells"	"Mast_cells-15"	"UACR_mean"	-0.000214632358518392	0.000452460060927211	-0.474367523353449	0.659973972390072	6	-0.183425076973533	6	1	1	"PBMC"	"SS"	0.699665123175806
"Mast_cells"	"Mast_cells-16"	"UACR_mean"	0.00187074668343682	0.00118825217694467	1.57436840405969	0.190518379301237	6	0.22823259417312	6	1	1	"PBMC"	"SS"	0.548379645974254
"Mast_cells"	"Mast_cells-17"	"UACR_mean"	-0.000227292347686484	0.000219552972233219	-1.03525060660552	0.359032439518646	6	0.0141457891101917	6	1	1	"PBMC"	"SS"	0.564974088864413
"Mast_cells"	"Mast_cells-18"	"UACR_mean"	-0.000237662530824856	0.000230601629707321	-1.03061947622181	0.360955667885597	6	0.0122825635789587	6	1	1	"PBMC"	"SS"	0.564974088864413
"Mast_cells"	"Mast_cells-2"	"UACR_mean"	0.000375849754447783	0.000532718572459017	0.705531539313279	0.519399153280448	6	-0.111660826657243	6	1	1	"PBMC"	"SS"	0.64477136269297
"Mast_cells"	"Mast_cells-3"	"UACR_mean"	0.00116970600896892	0.0014305713725647	0.817649528993364	0.459462877886659	6	-0.0709961753283417	6	1	1	"PBMC"	"SS"	0.629216474017923
"Mast_cells"	"Mast_cells-4"	"UACR_mean"	0.000704841650638841	0.000726534693247778	0.970141766373242	0.386911966204458	6	-0.0119050534701393	6	1	1	"PBMC"	"SS"	0.580367949306687
"Mast_cells"	"Mast_cells-5"	"UACR_mean"	0.00115779491919466	0.000710065255210996	1.63054720773603	0.178320124798587	6	0.249100895562642	6	1	1	"PBMC"	"SS"	0.548379645974254
"Mast_cells"	"Mast_cells-6"	"UACR_mean"	-4.53846857993469e-05	0.000616014419121137	-0.073674713433002	0.944806360968428	6	-0.248306060098623	6	1	1	"PBMC"	"SS"	0.944806360968428
"Mast_cells"	"Mast_cells-7"	"UACR_mean"	-0.00052774008628778	0.000335182378180001	-1.57448637113127	0.190491880148567	6	0.228276841943488	6	1	1	"PBMC"	"SS"	0.548379645974254
"Mast_cells"	"Mast_cells-8"	"UACR_mean"	-0.00229774283302467	0.00185804834395268	-1.23664319096058	0.283865493519937	6	0.095724175817011	6	1	1	"PBMC"	"SS"	0.548379645974254
"Mast_cells"	"Mast_cells-9"	"UACR_mean"	0.000349997847214285	0.000629210122964503	0.556249549141519	0.607688168540177	6	-0.160250676644829	6	1	1	"PBMC"	"SS"	0.699665123175806
"Megakaryocytes"	"Megakaryocytes-1"	"UACR_mean"	0.000582631431984406	0.00212954991916176	0.273593695429193	0.797943002910555	6	-0.227037975110141	6	1	1	"PBMC"	"SS"	0.797943002910555
"Megakaryocytes"	"Megakaryocytes-2"	"UACR_mean"	-0.00106831760577565	0.00200534825822862	-0.532734202845808	0.622437651160279	6	-0.167186449178876	6	1	1	"PBMC"	"SS"	0.781471408467749
"Megakaryocytes"	"Megakaryocytes-3"	"UACR_mean"	-0.000331255671101119	0.000604291709520179	-0.548171794983159	0.612729953002871	6	-0.162657582353965	6	1	1	"PBMC"	"SS"	0.781471408467749
"Megakaryocytes"	"Megakaryocytes-4"	"UACR_mean"	0.000615497508391987	0.00133990804118329	0.459358022695671	0.669832635829499	6	-0.187363659969132	6	1	1	"PBMC"	"SS"	0.781471408467749
"Megakaryocytes"	"Megakaryocytes-5"	"UACR_mean"	4.87312077630232e-05	0.000166770128855442	0.292205853035371	0.784658590867295	6	-0.223875082763735	6	1	1	"PBMC"	"SS"	0.797943002910555
"Megakaryocytes"	"Megakaryocytes-6"	"UACR_mean"	0.0003452614527258	0.000431111437894929	0.800863587409498	0.468080389328161	6	-0.0772652362676942	6	1	1	"PBMC"	"SS"	0.781471408467749
"Megakaryocytes"	"Megakaryocytes-7"	"UACR_mean"	-0.000192548323988441	0.000266492117104088	-0.722529154261004	0.509954297229453	6	-0.105693610773409	6	1	1	"PBMC"	"SS"	0.781471408467749
"Microglia"	"Microglia-1"	"UACR_mean"	0.000112020438370141	0.00175533769057981	0.0638170301767627	0.9499064163393	22	0.820368188031882	21	1	5	"HYP"	"mixed"	0.980548558801858
"Microglia"	"Microglia-10"	"UACR_mean"	-4.6081172155558e-05	0.000141430261289734	-0.325822576691393	0.748781042972266	22	0.23342614149536	21	1	5	"HYP"	"mixed"	0.945828685859704
"Microglia"	"Microglia-11"	"UACR_mean"	-3.14402353041493e-05	0.000200367284322367	-0.156913018063197	0.877276371209167	22	-0.0504110044129102	21	1	5	"HYP"	"mixed"	0.979285251582326
"Microglia"	"Microglia-12"	"UACR_mean"	-2.38783446607649e-05	0.00012425070504928	-0.192178745797011	0.850020128146688	22	0.0397525451265028	21	1	5	"HYP"	"mixed"	0.979285251582326
"Microglia"	"Microglia-13"	"UACR_mean"	-2.27644678586757e-05	0.000139239475154235	-0.163491479937421	0.872178773466947	22	0.316649122963275	21	1	5	"HYP"	"mixed"	0.979285251582326
"Microglia"	"Microglia-14"	"UACR_mean"	-2.07572540930868e-05	0.000221666761504939	-0.0936417077245218	0.926556377697128	22	-0.0281209770496798	21	1	5	"HYP"	"mixed"	0.980548558801858
"Microglia"	"Microglia-15"	"UACR_mean"	-4.05073181315874e-05	0.000171388985070447	-0.23634726651154	0.816162286449023	22	-0.0350912720817322	21	1	5	"HYP"	"mixed"	0.979285251582326
"Microglia"	"Microglia-16"	"UACR_mean"	-8.59967751756636e-06	0.000238891537331403	-0.0359982509787964	0.971729052844835	22	-0.0388086335051345	21	1	5	"HYP"	"mixed"	0.990270555087676
"Microglia"	"Microglia-2"	"UACR_mean"	0.000180923135186729	0.00172194633544924	0.105068974254374	0.917626990631915	22	0.53989749221425	21	1	5	"HYP"	"mixed"	0.980548558801858
"Microglia"	"Microglia-3"	"UACR_mean"	-9.84858242403153e-05	0.000329407937622893	-0.298978297095749	0.768804994185896	22	-0.220059028150453	21	1	5	"HYP"	"mixed"	0.958510122621377
"Microglia"	"Microglia-4"	"UACR_mean"	-3.88750185862028e-06	0.000313855219153668	-0.0123862903064132	0.990270555087676	22	0.694086092246336	21	1	5	"HYP"	"mixed"	0.990270555087676
"Microglia"	"Microglia-5"	"UACR_mean"	-6.11973360181402e-05	0.000703437873762768	-0.0869974994249155	0.931752978625069	22	0.388583408596019	21	1	5	"HYP"	"mixed"	0.980548558801858
"Microglia"	"Microglia-6"	"UACR_mean"	-1.23881176175359e-05	3.76567548151272e-05	-0.328974646868919	0.746441634476954	22	0.372342582038729	21	1	5	"HYP"	"mixed"	0.945828685859704
"Microglia"	"Microglia-7"	"UACR_mean"	1.93699795046553e-05	0.000294219412242017	0.0658351512466557	0.948324671976805	22	0.0484657246773372	21	1	5	"HYP"	"mixed"	0.980548558801858
"Microglia"	"Microglia-8"	"UACR_mean"	2.06612622300647e-05	0.000170449213159482	0.121216530408579	0.905028800438229	22	0.363402661564932	21	1	5	"HYP"	"mixed"	0.980548558801858
"Microglia"	"Microglia-9"	"UACR_mean"	3.70124341644077e-05	8.06295247349671e-05	0.45904318903118	0.652377782735422	22	0.165221167590793	21	1	5	"HYP"	"mixed"	0.93475025585971
"Monocytes"	"Monocytes-1"	"UACR_mean"	0.000227920527481865	0.000934211070553826	0.243971126724871	0.809097539795527	35	0.65762553492975	26	4	4	"mixed"	"mixed"	0.959844083125775
"Monocytes"	"Monocytes-2"	"UACR_mean"	-0.000355477761287264	0.000277009110093493	-1.28327101288217	0.210302902052871	35	0.956957213497268	26	4	4	"mixed"	"mixed"	0.45296009672926
"Monocytes"	"Monocytes-3"	"UACR_mean"	9.38633410328994e-05	0.000903413412010765	0.103898547204412	0.918017792211081	35	0.404241537445237	26	4	4	"mixed"	"mixed"	0.99476243506823
"Monocytes"	"Monocytes-4"	"UACR_mean"	7.38030682580763e-05	0.000150593819219768	0.490080327602106	0.628035872579503	35	0.372791091379491	26	4	4	"mixed"	"mixed"	0.848035244603288
"Monocytes"	"Monocytes-5"	"UACR_mean"	0.000166771794310879	0.000115887670428199	1.43908142854772	0.161620567339377	35	0.753427874380129	26	4	4	"mixed"	"mixed"	0.362030070840204
"Monocytes"	"Monocytes-6"	"UACR_mean"	-0.00012884229013235	0.000121989726093476	-1.05617328818021	0.300248263341017	35	0.264390399977036	26	4	4	"mixed"	"mixed"	0.560463424903232
"Monocytes"	"Monocytes-7"	"UACR_mean"	-7.80386796641064e-05	0.00012141736611044	-0.642730790199512	0.52581972412059	35	-0.0805084552467974	26	4	4	"mixed"	"mixed"	0.78192856352716
"Myelinating_OL"	"Myelinating_OL-1"	"UACR_mean"	0.00143634708675421	0.000998329411324274	1.43875064729277	0.169496027204381	22	0.866858995506738	21	1	5	"HYP"	"mixed"	0.225994702939175
"Myelinating_OL"	"Myelinating_OL-10"	"UACR_mean"	-3.99505527459447e-05	0.00043335190362602	-0.0921896325172758	0.927691797185414	22	0.143973172091892	21	1	5	"HYP"	"mixed"	0.973220277234977
"Myelinating_OL"	"Myelinating_OL-11"	"UACR_mean"	-8.06721912274495e-06	0.00012677144453252	-0.0636359327803945	0.950048365872239	22	0.298578857358149	21	1	5	"HYP"	"mixed"	0.973220277234977
"Myelinating_OL"	"Myelinating_OL-12"	"UACR_mean"	-3.44516968537756e-06	3.90531396114376e-05	-0.0882174831436231	0.930798552641772	22	0.524381177311513	21	1	5	"HYP"	"mixed"	0.973220277234977
"Myelinating_OL"	"Myelinating_OL-13"	"UACR_mean"	-5.82903679988392e-07	6.88930796128732e-05	-0.0084609903239029	0.993353786313541	22	0.32851183000106	21	1	5	"HYP"	"mixed"	0.993353786313541
"Myelinating_OL"	"Myelinating_OL-14"	"UACR_mean"	-1.05304227295661e-05	9.75948836325507e-05	-0.107899331784785	0.915417029741284	22	0.221567368120974	21	1	5	"HYP"	"mixed"	0.973220277234977
"Myelinating_OL"	"Myelinating_OL-2"	"UACR_mean"	-0.000151525563780013	0.000996097633580546	-0.152119188593334	0.880994602476569	22	0.770071434163059	21	1	5	"HYP"	"mixed"	0.973220277234977
"Myelinating_OL"	"Myelinating_OL-3"	"UACR_mean"	0.000601409029623129	0.000290973913593966	2.06688297997172	0.0553225056213721	22	0.886035101084626	21	1	5	"HYP"	"mixed"	0.0787642452914449
"Myelinating_OL"	"Myelinating_OL-4"	"UACR_mean"	0.000257121787829151	0.00148200868643006	0.173495466108582	0.864437979359616	22	0.745248644513365	21	1	5	"HYP"	"mixed"	0.973220277234977
"Myelinating_OL"	"Myelinating_OL-5"	"UACR_mean"	-0.00182828432879551	0.00102645795013919	-1.78115852534203	0.0938769416550344	22	0.21817036153772	21	1	5	"HYP"	"mixed"	0.127188114500369
"Myelinating_OL"	"Myelinating_OL-6"	"UACR_mean"	-0.000170926599271336	0.000121319449973962	-1.40889691890312	0.178003269102669	22	0.831609172225552	21	1	5	"HYP"	"mixed"	0.233629290697253
"Myelinating_OL"	"Myelinating_OL-7"	"UACR_mean"	-6.14698652089055e-05	0.000801119174264755	-0.0767299887252365	0.93978964394137	22	0.240226502301766	21	1	5	"HYP"	"mixed"	0.973220277234977
"Myelinating_OL"	"Myelinating_OL-8"	"UACR_mean"	1.95561592347968e-05	5.27616230505386e-05	0.370651206390384	0.715758716695328	22	0.858700266189057	21	1	5	"HYP"	"mixed"	0.858910460034393
"Myelinating_OL"	"Myelinating_OL-9"	"UACR_mean"	-3.96514384218951e-05	4.59287588378494e-05	-0.863324841019192	0.40071553515644	22	-0.141868298817104	21	1	5	"HYP"	"mixed"	0.517847768509861
"Neuronal"	"Neuronal-1"	"UACR_mean"	-0.00154713832544321	0.00199821745511582	-0.774259238644041	0.450067928855859	22	0.462145957090577	22	1	5	"LV"	"mixed"	0.658668219072285
"Neuronal"	"Neuronal-10"	"UACR_mean"	8.98747738313122e-05	0.000159499918170962	0.563478494922981	0.580921095683592	22	0.201786144981941	22	1	5	"LV"	"mixed"	0.774561460911457
"Neuronal"	"Neuronal-11"	"UACR_mean"	9.14922515210939e-05	0.000277326677263576	0.32990786326026	0.745749508397581	22	-0.0556811243099498	22	1	5	"LV"	"mixed"	0.910067196688573
"Neuronal"	"Neuronal-12"	"UACR_mean"	-6.68031818345332e-06	0.000151766736779717	-0.0440170114031607	0.965435507880039	22	0.0564155377973329	22	1	5	"LV"	"mixed"	0.982183938271203
"Neuronal"	"Neuronal-2"	"UACR_mean"	0.000709565996428037	0.000917059534630738	0.773740383947647	0.45036613117172	22	0.0228423050190361	22	1	5	"LV"	"mixed"	0.658668219072285
"Neuronal"	"Neuronal-3"	"UACR_mean"	0.000110047716192529	0.000856174273323792	0.128534247782648	0.899327982353606	22	0.910142363167653	22	1	5	"LV"	"mixed"	0.98186360174864
"Neuronal"	"Neuronal-4"	"UACR_mean"	0.00073956234179496	0.000614711951693642	1.20310389241226	0.246436883140111	22	-0.016691876826384	22	1	5	"LV"	"mixed"	0.467058646640614
"Neuronal"	"Neuronal-5"	"UACR_mean"	-6.37340775173731e-05	0.000204670358544895	-0.31139867038144	0.759518243813438	22	0.419793848906694	22	1	5	"LV"	"mixed"	0.911421892576125
"Neuronal"	"Neuronal-6"	"UACR_mean"	7.74114955874846e-05	0.000211818425348747	0.365461576159066	0.719553366473656	22	-0.0813684240821158	22	1	5	"LV"	"mixed"	0.908909515545671
"Neuronal"	"Neuronal-7"	"UACR_mean"	-3.19352948037725e-05	0.000137253802800726	-0.23267329685676	0.818965313455962	22	0.330129454602574	22	1	5	"LV"	"mixed"	0.961730621958251
"Neuronal"	"Neuronal-8"	"UACR_mean"	-0.000155040209174429	0.00020805762313494	-0.745179180836236	0.466969588766515	22	0.167759957195361	22	1	5	"LV"	"mixed"	0.659251184140963
"Neuronal"	"Neuronal-9"	"UACR_mean"	-1.34263502331816e-05	0.000591923120948118	-0.0226825912994846	0.982183938271203	22	-0.154141414451891	22	1	5	"LV"	"mixed"	0.982183938271203
"Neutrophils"	"Neutrophils-1"	"UACR_mean"	0.00184367363834728	0.000752350381660418	2.45055187488353	0.0578970961524336	9	0.962423582365304	9	2	2	"mixed"	"mixed"	0.15439225640649
"Neutrophils"	"Neutrophils-2"	"UACR_mean"	0.000247623898437864	0.000172886722460297	1.4322898538072	0.211490352236342	9	0.997093674559838	9	2	2	"mixed"	"mixed"	0.31415410855682
"Neutrophils"	"Neutrophils-3"	"UACR_mean"	-0.00138145556327491	0.00099953973225246	-1.38209169550649	0.225499458704918	9	-0.000901965016841588	9	2	2	"mixed"	"mixed"	0.31415410855682
"Neutrophils"	"Neutrophils-4"	"UACR_mean"	-1.30609782438062e-06	0.000260197509473035	-0.00501963999204218	0.996189041361803	9	-0.0929485049739092	9	2	2	"mixed"	"mixed"	0.996189041361803
"Neutrophils"	"Neutrophils-5"	"UACR_mean"	-0.000286099520256141	0.000101508515127262	-2.81847803504422	0.0371751628699915	9	0.921741405688689	9	2	2	"mixed"	"mixed"	0.108145928349066
"Neutrophils"	"Neutrophils-6"	"UACR_mean"	-0.000392476445528663	0.000201429453597588	-1.94845608980674	0.108885198285709	9	0.577267558265312	9	2	2	"mixed"	"mixed"	0.204960373243687
"Neutrophils"	"Neutrophils-7"	"UACR_mean"	6.14585743241745e-05	0.000222924360841412	0.27569249987845	0.793815326546976	9	0.488861110638192	9	2	2	"mixed"	"mixed"	0.875934153431145
"Neutrophils"	"Neutrophils-8"	"UACR_mean"	-9.14184842252276e-05	7.88507492205919e-05	-1.15938637398963	0.298652273361711	9	0.913587403463224	9	2	2	"mixed"	"mixed"	0.382274909902991
"NFO"	"NFO-1"	"UACR_mean"	-7.17252085809613e-05	0.000452298510206257	-0.158579360671016	0.876437267246479	18	0.856832908499397	17	1	4	"HYP"	"mixed"	0.947499748374572
"NFO"	"NFO-2"	"UACR_mean"	0.00100719257060391	0.00110410147963815	0.912228259067273	0.378255003339278	18	-0.0982739822533134	17	1	4	"HYP"	"mixed"	0.56498408116524
"NFO"	"NFO-3"	"UACR_mean"	-0.00126881835567119	0.000367133514294166	-3.45601342909421	0.00425867779504989	18	0.506829954028213	17	1	4	"HYP"	"mixed"	0.0154861010729087
"NFO"	"NFO-4"	"UACR_mean"	-0.000214488403243042	0.000652987162302646	-0.328472618798027	0.747785229734517	18	0.747377760823795	17	1	4	"HYP"	"mixed"	0.897015616137248
"NFO"	"NFO-5"	"UACR_mean"	0.000239079397656939	0.000237722380628114	1.00570841090031	0.332909251281019	18	0.162750509332054	17	1	4	"HYP"	"mixed"	0.53265480204963
"NFO"	"NFO-6"	"UACR_mean"	0.000239039365413543	0.000291512270654033	0.819997610657135	0.42699694060016	18	0.378704936454283	17	1	4	"HYP"	"mixed"	0.6099956294288
"NFO"	"NFO-7"	"UACR_mean"	0.000111822048827079	0.000249219346656876	0.448689278449298	0.66104371220702	18	0.518517324829755	17	1	4	"HYP"	"mixed"	0.865049364292203
"NFO"	"NFO-8"	"UACR_mean"	-4.21014150062778e-05	0.000207370655042662	-0.203024941005352	0.842258743990666	18	-0.220264356663067	17	1	4	"HYP"	"mixed"	0.935843048878518
"NK_cells"	"NK_cells-1"	"UACR_mean"	0.000176425735777007	0.000583924394651733	0.302137977780893	0.764564746338406	39	0.457832278148178	34	3	5	"mixed"	"mixed"	0.912942386507059
"NK_cells"	"NK_cells-10"	"UACR_mean"	6.45782280954732e-05	0.000291501760076767	0.221536323068741	0.826127730630358	39	0.762064257209573	34	3	5	"mixed"	"mixed"	0.917919700700398
"NK_cells"	"NK_cells-2"	"UACR_mean"	0.000285773655975026	0.000184279647681887	1.55076081146163	0.131109300229588	39	0.882209932425361	34	3	5	"mixed"	"mixed"	0.283479568063974
"NK_cells"	"NK_cells-3"	"UACR_mean"	0.000193712575964795	0.000248573143278528	0.779298090734357	0.441713121522137	39	0.725120696176475	34	3	5	"mixed"	"mixed"	0.70674099443542
"NK_cells"	"NK_cells-4"	"UACR_mean"	-0.000329492200384039	0.000229914824290802	-1.43310550505125	0.161836585039994	39	0.460456030983803	34	3	5	"mixed"	"mixed"	0.331972482133322
"NK_cells"	"NK_cells-5"	"UACR_mean"	2.20538557458598e-05	0.000630335517612314	0.0349874870281767	0.972314039863617	39	0.876780372319167	34	3	5	"mixed"	"mixed"	0.994235364975917
"NK_cells"	"NK_cells-6"	"UACR_mean"	-6.32193545057938e-05	2.95067338888713e-05	-2.14253989424555	0.0401122096986007	39	0.973689448867652	34	3	5	"mixed"	"mixed"	0.100280524246502
"NK_cells"	"NK_cells-7"	"UACR_mean"	-0.000187811795546092	0.00010987413555248	-1.70933581958772	0.0973829724405115	39	0.283253092965272	34	3	5	"mixed"	"mixed"	0.22913640574238
"NK_cells"	"NK_cells-8"	"UACR_mean"	-8.37468580541341e-05	0.000134100287861154	-0.624509159449716	0.536862857256625	39	0.158452469438896	34	3	5	"mixed"	"mixed"	0.795352381120927
"NK_cells"	"NK_cells-9"	"UACR_mean"	-7.82738430681036e-05	0.000286840003686034	-0.27288328706682	0.786752586519402	39	-0.00624550931709722	34	3	5	"mixed"	"mixed"	0.912942386507059
"NKT"	"NKT-1"	"UACR_mean"	-4.22333098260887e-05	0.000985930199067953	-0.0428360038733106	0.966303867145561	23	0.923221395808021	19	2	3	"mixed"	"mixed"	0.992974448332579
"NKT"	"NKT-2"	"UACR_mean"	-4.769524529875e-06	0.00053419503742504	-0.00892843286763829	0.992974448332579	23	0.826980344046215	19	2	3	"mixed"	"mixed"	0.992974448332579
"NKT"	"NKT-3"	"UACR_mean"	-3.39588604507412e-05	0.000983257257000231	-0.0345371063462522	0.972828969669619	23	0.584297531821226	19	2	3	"mixed"	"mixed"	0.992974448332579
"NKT"	"NKT-4"	"UACR_mean"	-2.36853057022947e-05	0.000201056780341962	-0.117804063419349	0.907527516614908	23	0.336878526194831	19	2	3	"mixed"	"mixed"	0.992974448332579
"NKT"	"NKT-5"	"UACR_mean"	0.000104647000509002	0.00129428670983408	0.0808530287098575	0.936451047662687	23	0.397359848783272	19	2	3	"mixed"	"mixed"	0.992974448332579
"OPC"	"OPC-1"	"UACR_mean"	-0.00113527669628281	0.000930872709264555	-1.21958317714539	0.240296587099924	22	0.931356857297866	21	1	5	"HYP"	"mixed"	0.311736112994496
"OPC"	"OPC-2"	"UACR_mean"	-7.37894897128394e-05	0.000786361215515421	-0.0938366341789556	0.926403971505137	22	0.929180017301525	21	1	5	"HYP"	"mixed"	0.926403971505137
"OPC"	"OPC-3"	"UACR_mean"	0.000302823974584424	0.00063599781973456	0.476139957069052	0.640411335266414	22	-0.0365091855423154	21	1	5	"HYP"	"mixed"	0.714877769599717
"OPC"	"OPC-4"	"UACR_mean"	0.000274694716507609	0.000134279486983822	2.04569381874913	0.0575905613587711	22	0.557807987324882	21	1	5	"HYP"	"mixed"	0.102383220193371
"OPC"	"OPC-5"	"UACR_mean"	0.000315965458802523	0.000421026505400777	0.750464530734839	0.463869249906958	22	0.202299196159927	21	1	5	"HYP"	"mixed"	0.556643099888349
"OPC"	"OPC-6"	"UACR_mean"	4.22664378788417e-05	9.98222508904335e-05	0.423416998733419	0.677627887082939	22	0.271734450660299	21	1	5	"HYP"	"mixed"	0.739230422272297
"OPC"	"OPC-7"	"UACR_mean"	5.31428179276077e-05	0.000150041815646592	0.354186715873795	0.727823565615792	22	0.418894780309681	21	1	5	"HYP"	"mixed"	0.776345136656845
"OPC"	"OPC-8"	"UACR_mean"	0.000220172780294646	0.000155042763390108	1.42007776100238	0.174777151194701	22	0.197263202073905	21	1	5	"HYP"	"mixed"	0.239694378781305
"Pars_tuberalis_cell"	"Pars_tuberalis_cell-1"	"UACR_mean"	-0.000882190975744453	0.000836762258706989	-1.05429106841848	0.31095097510463	18	0.738350724903892	17	1	4	"HYP"	"mixed"	0.466426462656946
"Pars_tuberalis_cell"	"Pars_tuberalis_cell-2"	"UACR_mean"	-0.000281991900744738	0.00140694625662733	-0.200428338620921	0.844247128500882	18	0.667756860537969	17	1	4	"HYP"	"mixed"	0.916263971318564
"Pars_tuberalis_cell"	"Pars_tuberalis_cell-3"	"UACR_mean"	0.000824891984061283	0.000623227993580255	1.32357980154667	0.208447821996241	18	0.850369328632864	17	1	4	"HYP"	"mixed"	0.347413036660402
"Pars_tuberalis_cell"	"Pars_tuberalis_cell-4"	"UACR_mean"	-1.91806117951993e-05	0.00209695279742459	-0.00914689725908771	0.99284081305996	18	-0.0352505278244009	17	1	4	"HYP"	"mixed"	0.99284081305996
"Pars_tuberalis_cell"	"Pars_tuberalis_cell-5"	"UACR_mean"	0.000122094673297515	0.000220623551887383	0.553407250735581	0.589376068534943	18	0.194190841539478	17	1	4	"HYP"	"mixed"	0.707251282241931
"Pars_tuberalis_cell"	"Pars_tuberalis_cell-6"	"UACR_mean"	0.000236376830925589	0.000259201241454782	0.911943282365895	0.378399492830531	18	0.298741996129375	17	1	4	"HYP"	"mixed"	0.493564555865909
"Pericyte"	"Pericyte-1"	"UACR_mean"	0.000659988730347099	0.00139149187520816	0.474302970865978	0.637862979180305	48	0.751285107862286	44	3	5	"mixed"	"mixed"	0.799249998009057
"Pericyte"	"Pericyte-10"	"UACR_mean"	0.000132934997680704	0.000276584786274027	0.480630187478924	0.633397782424841	48	0.275292450352847	44	3	5	"mixed"	"mixed"	0.799249998009057
"Pericyte"	"Pericyte-11"	"UACR_mean"	0.000133275418276622	0.00027447158900531	0.485570906481122	0.629920654713068	48	0.588962380848883	44	3	5	"mixed"	"mixed"	0.799249998009057
"Pericyte"	"Pericyte-12"	"UACR_mean"	2.80109914612777e-05	0.000213782469596974	0.131025670692665	0.896411786255533	48	0.0543125245908801	44	3	5	"mixed"	"mixed"	0.942768511712255
"Pericyte"	"Pericyte-13"	"UACR_mean"	-7.54567075623356e-05	0.000184567294771368	-0.408830327473821	0.684844881105519	48	0.558215683553231	44	3	5	"mixed"	"mixed"	0.847903186130642
"Pericyte"	"Pericyte-2"	"UACR_mean"	4.95564423562083e-05	0.000706615222206367	0.0701321466037358	0.944437937711849	48	0.834319702423328	44	3	5	"mixed"	"mixed"	0.96119057962842
"Pericyte"	"Pericyte-3"	"UACR_mean"	0.000210629740269896	0.000385141955226778	0.546888588509849	0.587493497971838	48	0.333364646589049	44	3	5	"mixed"	"mixed"	0.773409161886976
"Pericyte"	"Pericyte-4"	"UACR_mean"	0.000113040491617634	0.000237004357087444	0.47695533114578	0.635989501783741	48	0.598978069084236	44	3	5	"mixed"	"mixed"	0.799249998009057
"Pericyte"	"Pericyte-5"	"UACR_mean"	-8.34519074346265e-05	0.000478074390674486	-0.174558414051188	0.862307168800152	48	0.322574173332725	44	3	5	"mixed"	"mixed"	0.937269654780556
"Pericyte"	"Pericyte-6"	"UACR_mean"	-0.00059623113545318	0.00090054571327288	-0.662077589916318	0.511718121887583	48	0.629334048475199	44	3	5	"mixed"	"mixed"	0.719171414544711
"Pericyte"	"Pericyte-7"	"UACR_mean"	0.00046653120587703	0.00039262011508825	1.18825090194925	0.241742002061968	48	0.719063801196404	44	3	5	"mixed"	"mixed"	0.378187811371301
"Pericyte"	"Pericyte-8"	"UACR_mean"	-0.00122469719682025	0.000514099203766086	-2.38221959467863	0.0220522607711801	48	0.551783294100477	44	3	5	"mixed"	"mixed"	0.048796491919207
"Pericyte"	"Pericyte-9"	"UACR_mean"	0.000185868929383917	0.000157064825171968	1.1833899103788	0.243640224633435	48	0.890216599606501	44	3	5	"mixed"	"mixed"	0.378187811371301
"Plasma_cells"	"Plasma_cells-1"	"UACR_mean"	-0.00258889587186284	0.00376188660534955	-0.68819083174419	0.540771822108272	5	-0.1515408728025	5	1	1	"PBMC"	"SS"	0.901286370180454
"Plasma_cells"	"Plasma_cells-10"	"UACR_mean"	-0.000167698928322695	0.000394680529746264	-0.42489790015866	0.699544536027675	5	-0.257648773989086	5	1	1	"PBMC"	"SS"	0.941947206880322
"Plasma_cells"	"Plasma_cells-11"	"UACR_mean"	0.000232536295785487	8.35901157906613e-05	2.78186354434344	0.068883678673484	5	0.627517681764213	5	1	1	"PBMC"	"SS"	0.679150882454298
"Plasma_cells"	"Plasma_cells-12"	"UACR_mean"	8.91308121169281e-07	0.000235382983000745	0.00378662938928963	0.99721643793796	5	-0.333326960669511	5	1	1	"PBMC"	"SS"	0.99721643793796
"Plasma_cells"	"Plasma_cells-13"	"UACR_mean"	3.47168020614749e-05	0.000302710184255068	0.11468660080568	0.915938735243124	5	-0.327513066287373	5	1	1	"PBMC"	"SS"	0.993171052272154
"Plasma_cells"	"Plasma_cells-14"	"UACR_mean"	3.99148159305941e-05	0.000228622618517472	0.174588219614603	0.872520743997814	5	-0.319922460730947	5	1	1	"PBMC"	"SS"	0.993171052272154
"Plasma_cells"	"Plasma_cells-15"	"UACR_mean"	1.52899728018148e-05	0.000227027026457864	0.0673486898911244	0.950541463196008	5	-0.33132044514805	5	1	1	"PBMC"	"SS"	0.993171052272154
"Plasma_cells"	"Plasma_cells-2"	"UACR_mean"	-0.000243330765127837	0.00447622181923133	-0.0543607477364968	0.960065350529749	5	-0.332021252042283	5	1	1	"PBMC"	"SS"	0.993171052272154
"Plasma_cells"	"Plasma_cells-3"	"UACR_mean"	0.00122493263856406	0.000570083220304716	2.1486909190369	0.120857113334985	5	0.474850089316767	5	1	1	"PBMC"	"SS"	0.679150882454298
"Plasma_cells"	"Plasma_cells-4"	"UACR_mean"	0.000455735442119975	0.000772943842065932	0.589610030273196	0.596912498411273	5	-0.194871615400376	5	1	1	"PBMC"	"SS"	0.903271055448135
"Plasma_cells"	"Plasma_cells-5"	"UACR_mean"	0.000143208408332051	0.00036661115007253	0.390627530842198	0.722159525274914	5	-0.268798089085258	5	1	1	"PBMC"	"SS"	0.941947206880322
"Plasma_cells"	"Plasma_cells-6"	"UACR_mean"	6.72998367156385e-05	0.000365435875388633	0.184163190447754	0.865630752254337	5	-0.318428029511002	5	1	1	"PBMC"	"SS"	0.993171052272154
"Plasma_cells"	"Plasma_cells-7"	"UACR_mean"	0.000157715465302178	0.000317903815896905	0.496110639179382	0.653887023293229	5	-0.232238147245505	5	1	1	"PBMC"	"SS"	0.934124318990327
"Plasma_cells"	"Plasma_cells-8"	"UACR_mean"	0.000509521773646081	0.00014560281895738	3.49939497940095	0.0394982540490096	5	0.737632060982709	5	1	1	"PBMC"	"SS"	0.679150882454298
"Plasma_cells"	"Plasma_cells-9"	"UACR_mean"	0.000118162805932847	0.00020347845613963	0.580714087253354	0.60218070363209	5	-0.198599250584866	5	1	1	"PBMC"	"SS"	0.903271055448135
"Plasmablasts"	"Plasmablasts-1"	"UACR_mean"	0.00174810664286873	0.00173993155079457	1.00469851361131	0.371888512614086	6	0.00188027854300765	6	1	1	"PBMC"	"SS"	0.531588404179677
"Plasmablasts"	"Plasmablasts-10"	"UACR_mean"	0.000112503164915844	0.000129053050880733	0.871759049073672	0.432539865403942	6	-0.0504281478693398	6	1	1	"PBMC"	"SS"	0.540674831754927
"Plasmablasts"	"Plasmablasts-2"	"UACR_mean"	-0.000698982180090255	0.000344615870484955	-2.02829364505652	0.112430839693789	6	0.383779228816904	6	1	1	"PBMC"	"SS"	0.224861679387578
"Plasmablasts"	"Plasmablasts-3"	"UACR_mean"	8.8302901221032e-05	0.000717690251311271	0.123037621118158	0.908011659698412	6	-0.245287131088512	6	1	1	"PBMC"	"SS"	0.908011659698412
"Plasmablasts"	"Plasmablasts-4"	"UACR_mean"	-9.12590400862854e-05	0.000518296512577316	-0.176074964565138	0.868789821447887	6	-0.24038626434478	6	1	1	"PBMC"	"SS"	0.908011659698412
"Plasmablasts"	"Plasmablasts-5"	"UACR_mean"	-0.000170269955164739	0.00016956187928858	-1.00417591429825	0.372111882925774	6	0.00167105626817698	6	1	1	"PBMC"	"SS"	0.531588404179677
"Plasmablasts"	"Plasmablasts-6"	"UACR_mean"	-0.000644780693661681	0.000383958097304322	-1.67929963761289	0.168393204259188	6	0.266867251803723	6	1	1	"PBMC"	"SS"	0.306169462289433
"Plasmablasts"	"Plasmablasts-7"	"UACR_mean"	-0.000228169008658755	0.000245718993036633	-0.92857701327442	0.405669299648657	6	-0.0283293909474664	6	1	1	"PBMC"	"SS"	0.540674831754927
"Plasmablasts"	"Plasmablasts-8"	"UACR_mean"	-0.000183331892038392	0.000253565354493328	-0.723016330068926	0.509685469280322	6	-0.105521443959644	6	1	1	"PBMC"	"SS"	0.570242832234032
"Plasmablasts"	"Plasmablasts-9"	"UACR_mean"	6.78800606944999e-05	9.47213873767445e-05	0.716628657734013	0.513218549010629	6	-0.107773848088795	6	1	1	"PBMC"	"SS"	0.570242832234032
"POD"	"POD-1"	"UACR_mean"	-0.000269932407521548	0.000697632195378109	-0.38692653422517	0.703110226097911	25	0.947607789938979	25	1	5	"LK"	"mixed"	0.843732271317494
"POD"	"POD-2"	"UACR_mean"	0.000542375477110503	0.00130743057232522	0.414840748404642	0.682905068209021	25	0.804653961693222	25	1	5	"LK"	"mixed"	0.843732271317494
"POD"	"POD-3"	"UACR_mean"	0.00212660615268019	0.00208510189198485	1.01990514749177	0.320585234788459	25	0.454875637352649	25	1	5	"LK"	"mixed"	0.524594020562933
"POD"	"POD-4"	"UACR_mean"	0.000309731843738259	0.00113535205094656	0.272806873850302	0.787944661957475	25	-0.0710728391379771	25	1	5	"LK"	"mixed"	0.858950150874117
"POD"	"POD-5"	"UACR_mean"	-0.000902993628084696	0.000453354845848335	-1.991803189828	0.060964151919962	25	0.256123070594504	25	1	5	"LK"	"mixed"	0.168823805316818
"POD"	"POD-6"	"UACR_mean"	-0.00180578743792271	0.000624868672550465	-2.889867130884	0.00938525939845864	25	0.389601168334404	25	1	5	"LK"	"mixed"	0.0307153943949556
"Premyelinating_OL"	"Premyelinating_OL-1"	"UACR_mean"	0.00118302779179964	0.00110886891561121	1.06687794665752	0.305439928943594	18	0.259851536739789	17	1	4	"HYP"	"mixed"	0.539011639312224
"Premyelinating_OL"	"Premyelinating_OL-10"	"UACR_mean"	-1.0223294774544e-05	1.32178928274178e-05	-0.773443612232796	0.453095304644054	18	-0.158743910516135	17	1	4	"HYP"	"mixed"	0.647279006634364
"Premyelinating_OL"	"Premyelinating_OL-11"	"UACR_mean"	3.689752124798e-05	1.85892150998117e-05	1.98488860610116	0.0686717042818567	18	0.121622728875611	17	1	4	"HYP"	"mixed"	0.316946327454723
"Premyelinating_OL"	"Premyelinating_OL-12"	"UACR_mean"	-1.1129947034628e-05	9.19958421035636e-06	-1.20983152935309	0.247884354930884	18	-0.0301165585407026	17	1	4	"HYP"	"mixed"	0.479776170833968
"Premyelinating_OL"	"Premyelinating_OL-2"	"UACR_mean"	-0.000179205119928443	0.00166770965799029	-0.107455826660138	0.91606805154399	18	0.202350121451612	17	1	4	"HYP"	"mixed"	0.931594628688803
"Premyelinating_OL"	"Premyelinating_OL-3"	"UACR_mean"	0.00141583021568669	0.000870164542723986	1.62708332294779	0.127702318077138	18	0.177996205494206	17	1	4	"HYP"	"mixed"	0.382665763561624
"Premyelinating_OL"	"Premyelinating_OL-4"	"UACR_mean"	-0.00241420892217539	0.00131284890469205	-1.83890843306274	0.0888753331749035	18	0.597747953984246	17	1	4	"HYP"	"mixed"	0.351159374689933
"Premyelinating_OL"	"Premyelinating_OL-5"	"UACR_mean"	-2.5707202060773e-05	5.18492138752008e-05	-0.495806978340101	0.628306723824891	18	-0.211617816831191	17	1	4	"HYP"	"mixed"	0.75396806858987
"Premyelinating_OL"	"Premyelinating_OL-6"	"UACR_mean"	7.17255277840474e-06	3.53208953950705e-05	0.203068260251572	0.84222558117594	18	0.150935688752492	17	1	4	"HYP"	"mixed"	0.886553243343094
"Premyelinating_OL"	"Premyelinating_OL-7"	"UACR_mean"	-2.32544695518275e-05	6.04819382181428e-05	-0.384486182766739	0.706834130172168	18	0.162027844539152	17	1	4	"HYP"	"mixed"	0.831569564908433
"Premyelinating_OL"	"Premyelinating_OL-8"	"UACR_mean"	1.01212487133669e-05	2.83265770441359e-05	0.357305744975714	0.726596572134397	18	0.186426366623957	17	1	4	"HYP"	"mixed"	0.838380660155073
"Premyelinating_OL"	"Premyelinating_OL-9"	"UACR_mean"	1.06796252995284e-05	1.42548429357861e-05	0.749192772423871	0.467081936497924	18	0.137191435197309	17	1	4	"HYP"	"mixed"	0.651742236973847
"PT"	"PT-1"	"UACR_mean"	-0.000123748927542623	0.000610176780252014	-0.202808319732378	0.841440876508871	25	0.665124922456579	25	1	5	"LK"	"mixed"	0.924244127036683
"PT"	"PT-10"	"UACR_mean"	-6.68647165840423e-06	4.65575596402008e-05	-0.143617313924476	0.887314939819972	25	0.992615771123614	25	1	5	"LK"	"mixed"	0.939012615836285
"PT"	"PT-11"	"UACR_mean"	0.00150485780676175	0.000438856760829075	3.42904095613981	0.00281336018254984	25	0.505872359473616	25	1	5	"LK"	"mixed"	0.00814904328738573
"PT"	"PT-12"	"UACR_mean"	-0.000898735026343809	0.00049689956580088	-1.80868547328124	0.0863537997050254	25	0.0291036967136413	25	1	5	"LK"	"mixed"	0.170198952505327
"PT"	"PT-13"	"UACR_mean"	-0.00124272824239205	0.000731060036789927	-1.69989902313475	0.105462566824279	25	0.0113778980071847	25	1	5	"LK"	"mixed"	0.196863458071987
"PT"	"PT-14"	"UACR_mean"	-0.00101048242465668	0.000560164146931223	-1.80390414165644	0.0871256542586792	25	0.0408466751602212	25	1	5	"LK"	"mixed"	0.170198952505327
"PT"	"PT-2"	"UACR_mean"	0.000204085005841249	0.00081732192190848	0.249699659792193	0.805499362843746	25	0.503086748877914	25	1	5	"LK"	"mixed"	0.924244127036683
"PT"	"PT-3"	"UACR_mean"	2.19632220324151e-05	0.000239303875661492	0.0917796336214932	0.927833894219187	25	0.972329669128566	25	1	5	"LK"	"mixed"	0.939012615836285
"PT"	"PT-4"	"UACR_mean"	0.000294374440865979	0.000709229368182075	0.415062395992613	0.682745586367514	25	0.333297253222487	25	1	5	"LK"	"mixed"	0.924244127036683
"PT"	"PT-5"	"UACR_mean"	4.82886978733593e-05	0.000190978741636695	0.252848549841324	0.803100653926544	25	0.980503668019937	25	1	5	"LK"	"mixed"	0.924244127036683
"PT"	"PT-6"	"UACR_mean"	0.000882804288279702	0.000843749982483421	1.04628658560837	0.308557654469635	25	0.454544547878957	25	1	5	"LK"	"mixed"	0.518376859508987
"PT"	"PT-7"	"UACR_mean"	0.000195300070883681	0.000660255559803101	0.295794663117904	0.770595420352597	25	0.403036072724553	25	1	5	"LK"	"mixed"	0.924244127036683
"PT"	"PT-8"	"UACR_mean"	7.47514021367784e-05	0.000601693879200402	0.124234938597209	0.902434196319859	25	0.717739182621935	25	1	5	"LK"	"mixed"	0.939012615836285
"PT"	"PT-9"	"UACR_mean"	5.59561579186606e-05	0.000229872392338435	0.243422697912665	0.810286805431698	25	0.720975034372262	25	1	5	"LK"	"mixed"	0.924244127036683
"T_cells"	"T_cells-1"	"UACR_mean"	0.000359363528206885	0.000811655841803078	0.442753578177378	0.660748148654857	43	0.656171628717658	31	4	5	"mixed"	"mixed"	0.818987215421316
"T_cells"	"T_cells-2"	"UACR_mean"	0.000166305405894574	9.24496468860215e-05	1.79887551219755	0.080920772040686	43	0.983796784722218	31	4	5	"mixed"	"mixed"	0.203920345542529
"T_cells"	"T_cells-3"	"UACR_mean"	-0.0007034316249675	0.000244975798464343	-2.87143313493429	0.00698595286539175	43	0.686871423099608	31	4	5	"mixed"	"mixed"	0.0314367878942629
"T_cells"	"T_cells-4"	"UACR_mean"	1.58588089164203e-05	0.000364718609138218	0.043482313539999	0.965571431615168	43	0.247644424669634	31	4	5	"mixed"	"mixed"	0.998544260247898
"T_cells"	"T_cells-5"	"UACR_mean"	0.000182779048040752	0.000502229376069227	0.36393539834587	0.718159718907967	43	-0.00190005057052267	31	4	5	"mixed"	"mixed"	0.854759965602256
"T_cells"	"T_cells-6"	"UACR_mean"	1.5128048497389e-06	0.000823087667313233	0.00183796320831422	0.998544260247898	43	0.694695207681983	31	4	5	"mixed"	"mixed"	0.998544260247898
"T_cells"	"T_cells-7"	"UACR_mean"	-2.23879709408709e-05	0.000104838882732071	-0.213546447247879	0.83217616881128	43	0.115066949704034	31	4	5	"mixed"	"mixed"	0.931687908867689
"TAL"	"TAL-1"	"UACR_mean"	-0.000720469240844201	0.00134276775558865	-0.536555363238044	0.597801881064435	25	0.449362533771786	25	1	5	"LK"	"mixed"	0.768602418511417
"TAL"	"TAL-10"	"UACR_mean"	-0.000334524601587942	0.00025363838635506	-1.31890368171501	0.202877610826769	25	0.255901473676831	25	1	5	"LK"	"mixed"	0.365179699488184
"TAL"	"TAL-11"	"UACR_mean"	-3.15140322253281e-05	4.73212712384445e-05	-0.66595912156573	0.513442293575318	25	0.454948204021025	25	1	5	"LK"	"mixed"	0.684260929277778
"TAL"	"TAL-12"	"UACR_mean"	-0.000347181828461487	0.000174417299421394	-1.99052404556897	0.0611155324347505	25	0.120226594065974	25	1	5	"LK"	"mixed"	0.122231064869501
"TAL"	"TAL-13"	"UACR_mean"	-0.000184015761168027	0.000146939287014051	-1.25232512629812	0.225647840274152	25	-0.0227218002220384	25	1	5	"LK"	"mixed"	0.383175577824032
"TAL"	"TAL-14"	"UACR_mean"	-0.000322498768892643	0.000198455408556005	-1.62504398967606	0.120626184439369	25	0.0402726449101182	25	1	5	"LK"	"mixed"	0.226174095823817
"TAL"	"TAL-15"	"UACR_mean"	-0.000885718582645317	0.000523194107567552	-1.69290626525445	0.106806511624285	25	0.0303520173936228	25	1	5	"LK"	"mixed"	0.204523107365653
"TAL"	"TAL-2"	"UACR_mean"	0.001131050403368	0.00108171594475026	1.04560759121391	0.30886312221734	25	0.416604762872516	25	1	5	"LK"	"mixed"	0.496387160706439
"TAL"	"TAL-3"	"UACR_mean"	-6.00168800213604e-05	0.000228038923090391	-0.263186999868311	0.795239407423451	25	0.9870809210649	25	1	5	"LK"	"mixed"	0.90799717202751
"TAL"	"TAL-4"	"UACR_mean"	0.000105695817996182	0.000377254181423425	0.280171362441573	0.782373686735598	25	0.655915227380952	25	1	5	"LK"	"mixed"	0.90799717202751
"TAL"	"TAL-5"	"UACR_mean"	3.50565891823468e-05	0.000149726392468099	0.234137673421979	0.817382531527191	25	0.985348080627947	25	1	5	"LK"	"mixed"	0.90820281280799
"TAL"	"TAL-6"	"UACR_mean"	0.00209123560183951	0.000189221039034404	11.0518133317051	1.02680874642405e-09	25	0.946661944562193	25	1	5	"LK"	"mixed"	8.40116247074221e-09
"TAL"	"TAL-7"	"UACR_mean"	-0.00030114989692338	0.000246484097899687	-1.22178225487772	0.23673272908098	25	0.526469039665285	25	1	5	"LK"	"mixed"	0.38738082940524
"TAL"	"TAL-8"	"UACR_mean"	-0.000181619405968867	0.000199802235617027	-0.908995864876049	0.374739066525055	25	0.188562914410965	25	1	5	"LK"	"mixed"	0.591693262934298
"TAL"	"TAL-9"	"UACR_mean"	5.67058635251786e-06	0.000185704834953753	0.0305354804247829	0.975958475112929	25	0.273199872137065	25	1	5	"LK"	"mixed"	0.999835856303206
"Tanycyte"	"Tanycyte-1"	"UACR_mean"	0.000697655611789937	0.000555685994979162	1.25548532461412	0.227329167881432	22	0.965269207126408	21	1	5	"HYP"	"mixed"	0.307994356484521
"Tanycyte"	"Tanycyte-10"	"UACR_mean"	-0.000187536781883018	0.000122763580603959	-1.52762554627679	0.146131616724988	22	0.352633590718954	21	1	5	"HYP"	"mixed"	0.208051793303372
"Tanycyte"	"Tanycyte-11"	"UACR_mean"	-2.34454273616964e-05	2.85311069753617e-05	-0.821749656679738	0.423296142485448	22	0.542840183238319	21	1	5	"HYP"	"mixed"	0.522895234834965
"Tanycyte"	"Tanycyte-12"	"UACR_mean"	-1.63451855596295e-05	9.8085461236274e-05	-0.16664228677333	0.869739282960779	22	0.25479037216583	21	1	5	"HYP"	"mixed"	0.913226247108818
"Tanycyte"	"Tanycyte-13"	"UACR_mean"	-2.25606284694539e-05	6.94057837590931e-05	-0.325054012036831	0.749351843100125	22	0.356295474000053	21	1	5	"HYP"	"mixed"	0.834335463989413
"Tanycyte"	"Tanycyte-14"	"UACR_mean"	-4.55872695275505e-05	7.09107954913661e-05	-0.642881936546616	0.529406772769928	22	0.161677472947512	21	1	5	"HYP"	"mixed"	0.62634040722076
"Tanycyte"	"Tanycyte-2"	"UACR_mean"	-0.000769205823429013	0.000663313267481515	-1.15964184818669	0.263208009457578	22	0.922162003221077	21	1	5	"HYP"	"mixed"	0.350944012610104
"Tanycyte"	"Tanycyte-3"	"UACR_mean"	0.000343443741747795	0.000326102162000036	1.05317836484555	0.307905184816681	22	0.919680227122238	21	1	5	"HYP"	"mixed"	0.391879326130321
"Tanycyte"	"Tanycyte-4"	"UACR_mean"	-5.4431139675553e-06	0.000357260687384358	-0.0152356924782473	0.988032513282241	22	0.935260367369906	21	1	5	"HYP"	"mixed"	0.995743179558009
"Tanycyte"	"Tanycyte-5"	"UACR_mean"	0.000236054366874123	0.000305696500064899	0.772185376096911	0.451260578123265	22	0.532860258849672	21	1	5	"HYP"	"mixed"	0.541512693747918
"Tanycyte"	"Tanycyte-6"	"UACR_mean"	-1.20458809628847e-05	0.000295397052734366	-0.0407786091681723	0.967976916425088	22	0.374572913088746	21	1	5	"HYP"	"mixed"	0.991586109508627
"Tanycyte"	"Tanycyte-7"	"UACR_mean"	-0.000129927471471972	0.000331629441142212	-0.391785093098099	0.700385932491723	22	0.0580558814364447	21	1	5	"HYP"	"mixed"	0.803576331097594
"Tanycyte"	"Tanycyte-8"	"UACR_mean"	-3.33542381284371e-05	0.000192848373394209	-0.172955765928377	0.864855227528649	22	0.781228088874069	21	1	5	"HYP"	"mixed"	0.913226247108818
"Tanycyte"	"Tanycyte-9"	"UACR_mean"	-3.17018996506398e-05	0.00046408812450522	-0.0683100859011169	0.946385195888786	22	0.468219317984043	21	1	5	"HYP"	"mixed"	0.981436499440223
"TL"	"TL-1"	"UACR_mean"	0.000178300628434407	0.000295738236965964	0.602900153404673	0.553704141201889	25	0.986653542736775	25	1	5	"LK"	"mixed"	0.699415757307649
"TL"	"TL-2"	"UACR_mean"	0.00193593797686491	0.00165367698300548	1.17068689759861	0.256198847566627	25	0.658516586717628	25	1	5	"LK"	"mixed"	0.38429827134994
"TL"	"TL-3"	"UACR_mean"	-0.000314504136930026	0.00079670661961074	-0.394755270244508	0.697419835266883	25	0.783419198174582	25	1	5	"LK"	"mixed"	0.79705124030501
"TL"	"TL-4"	"UACR_mean"	-0.000493319228596265	0.00158843124840114	-0.310570085480768	0.759508662896242	25	0.0538422250926868	25	1	5	"LK"	"mixed"	0.816202432013386
"TL"	"TL-5"	"UACR_mean"	-0.000736382223310119	0.000433879830252942	-1.69720317001329	0.105978959647224	25	0.533403486488533	25	1	5	"LK"	"mixed"	0.175413450450578
"TL"	"TL-6"	"UACR_mean"	-0.000342724476220685	0.000216094564787162	-1.58599304225095	0.129243819105755	25	0.358098528359331	25	1	5	"LK"	"mixed"	0.200119461841169
"TL"	"TL-7"	"UACR_mean"	-0.000146998277718969	0.00043084344673759	-0.341187219701406	0.736706777285515	25	0.288348397987443	25	1	5	"LK"	"mixed"	0.816202432013386
"TL"	"TL-8"	"UACR_mean"	-8.03102625232523e-05	0.000138760638019284	-0.578768328465681	0.569543717104883	25	0.498406222196349	25	1	5	"LK"	"mixed"	0.700976882590626
"VSMC"	"VSMC-1"	"UACR_mean"	0.000637244672468406	0.000931443714441872	0.684147267932607	0.500175449034623	33	0.919844165077542	30	3	5	"mixed"	"mixed"	0.666900598712831
"VSMC"	"VSMC-10"	"UACR_mean"	0.000970176657236015	0.00169816916981406	0.571307425951116	0.572892070074301	33	0.235291211755698	30	3	5	"mixed"	"mixed"	0.701897917213898
"VSMC"	"VSMC-11"	"UACR_mean"	-0.000129314502506064	0.000206127408378779	-0.627352294016311	0.536116639482073	33	0.944612161372094	30	3	5	"mixed"	"mixed"	0.67397520392032
"VSMC"	"VSMC-2"	"UACR_mean"	-0.000219646643149953	0.000497577502326935	-0.441432022394038	0.662694754773263	33	0.451722513458062	30	3	5	"mixed"	"mixed"	0.724634399003983
"VSMC"	"VSMC-3"	"UACR_mean"	0.000640813975355392	0.00023281356956361	2.7524769134228	0.0108512872812879	33	0.678840054070585	30	3	5	"mixed"	"mixed"	0.0462235324402305
"VSMC"	"VSMC-4"	"UACR_mean"	-0.000173504615152318	9.75682001006944e-05	-1.77829062105536	0.0875221301868765	33	0.0702712870603522	30	3	5	"mixed"	"mixed"	0.244660206483721
"VSMC"	"VSMC-5"	"UACR_mean"	-0.000383196567347162	0.000551033334214068	-0.695414494104445	0.493209617021547	33	0.486069544042833	30	3	5	"mixed"	"mixed"	0.666900598712831
"VSMC"	"VSMC-6"	"UACR_mean"	-0.00045707098867824	0.00022827509962744	-2.00228141143826	0.0562147884825129	33	0.336889503571604	30	3	5	"mixed"	"mixed"	0.179710156387243
"VSMC"	"VSMC-7"	"UACR_mean"	-0.000689369833233656	0.000554566512161662	-1.24307872566365	0.225371247419737	33	0.276597649891081	30	3	5	"mixed"	"mixed"	0.404748362712996
"VSMC"	"VSMC-8"	"UACR_mean"	-0.000554283968400425	0.00022893969778145	-2.42109155280512	0.0230651783078996	33	0.431647320088379	30	3	5	"mixed"	"mixed"	0.0882493778737029
"VSMC"	"VSMC-9"	"UACR_mean"	0.000358151813408001	0.000271368762938511	1.31979749448596	0.198861293610711	33	0.0555223584349944	30	3	5	"mixed"	"mixed"	0.380430300820491
"Activated_microglia"	"Activated_microglia-1"	"kidney_fibrosis_KC_mean"	-0.00436376263641445	0.0140959698788536	-0.30957519588353	0.765896059843541	10	-0.266659451023142	9	1	2	"HYP"	"mixed"	0.916449309751071
"Activated_microglia"	"Activated_microglia-2"	"kidney_fibrosis_KC_mean"	0.00141777187757422	0.0126242608044705	0.11230533807351	0.913733991264648	10	-0.261452281353325	9	1	2	"HYP"	"mixed"	0.916449309751071
"Activated_microglia"	"Activated_microglia-3"	"kidney_fibrosis_KC_mean"	0.0040864631639025	0.00435842993018441	0.937599830526492	0.37966371796272	10	0.0452006800349142	9	1	2	"HYP"	"mixed"	0.683394692332896
"Activated_microglia"	"Activated_microglia-4"	"kidney_fibrosis_KC_mean"	0.000533734648053245	0.00089784608653971	0.594461184444489	0.570909415639796	10	-0.158246708802385	9	1	2	"HYP"	"mixed"	0.856364123459694
"Activated_microglia"	"Activated_microglia-5"	"kidney_fibrosis_KC_mean"	-0.00144002327735192	0.000386674501998395	-3.72412266624682	0.00741577581392723	10	0.751968003872384	9	1	2	"HYP"	"mixed"	0.0222473274417817
"Activated_microglia"	"Activated_microglia-6"	"kidney_fibrosis_KC_mean"	-0.00023418377576358	0.000513588348055471	-0.455975640121583	0.662216563982271	10	-0.197627157687026	9	1	2	"HYP"	"mixed"	0.916449309751071
"Adipocyte"	"Adipocyte-1"	"kidney_fibrosis_KC_mean"	-0.00736068191828276	0.00890656820249314	-0.826433004377865	0.435818549702309	12	0.803796811592283	12	1	4	"MSA"	"mixed"	0.59429802232133
"Adipocyte"	"Adipocyte-2"	"kidney_fibrosis_KC_mean"	0.0126325365358932	0.010804231051027	1.1692212501039	0.280583238715743	12	0.528030026585919	12	1	4	"MSA"	"mixed"	0.437798679512388
"Adipocyte"	"Adipocyte-3"	"kidney_fibrosis_KC_mean"	0.00128634919943268	0.00727171696729942	0.176897589003716	0.864598343514818	12	0.229567494517562	12	1	4	"MSA"	"mixed"	0.884248305867428
"Adipocyte"	"Adipocyte-4"	"kidney_fibrosis_KC_mean"	-0.00662749541336124	0.00340145158893147	-1.94843149757813	0.0923807315979577	12	0.384959783590578	12	1	4	"MSA"	"mixed"	0.251470146481611
"Adipocyte"	"Adipocyte-5"	"kidney_fibrosis_KC_mean"	-0.000368627260924081	0.00180564946461028	-0.204152172472547	0.844043178290568	12	0.0118609668088961	12	1	4	"MSA"	"mixed"	0.883301000536641
"Adipocyte"	"Adipocyte-6"	"kidney_fibrosis_KC_mean"	-0.00104243044449805	0.00389569570477937	-0.26758518208164	0.796731502327994	12	0.315913084648216	12	1	4	"MSA"	"mixed"	0.853640895351422
"Adipocyte"	"Adipocyte-7"	"kidney_fibrosis_KC_mean"	0.00157855413510266	0.000982787113419822	1.60620149933564	0.152264811767587	12	0.34205375104307	12	1	4	"MSA"	"mixed"	0.34259582647707
"Adipocyte"	"Adipocyte-8"	"kidney_fibrosis_KC_mean"	0.00116830611847088	0.00216842369924994	0.538781290240925	0.606738973303867	12	0.48542799563196	12	1	4	"MSA"	"mixed"	0.737925778342541
"Adipocyte"	"Adipocyte-9"	"kidney_fibrosis_KC_mean"	-0.00126651095183329	0.00111117254076764	-1.13979684105434	0.291865786341592	12	-0.230838778637319	12	1	4	"MSA"	"mixed"	0.437798679512388
"Astrocyte"	"Astrocyte-1"	"kidney_fibrosis_KC_mean"	0.000673581148435531	0.00778418095647138	0.0865320516316555	0.93199880206239	24	0.923243709990507	21	1	5	"HYP"	"mixed"	0.970627909810277
"Astrocyte"	"Astrocyte-10"	"kidney_fibrosis_KC_mean"	-0.000203703569843487	0.00170821195230049	-0.119249587013575	0.906398455133769	24	0.018402587667664	21	1	5	"HYP"	"mixed"	0.964875774819818
"Astrocyte"	"Astrocyte-11"	"kidney_fibrosis_KC_mean"	0.000106378261036665	0.000263781441189344	0.403281825123952	0.691491012874034	24	0.0779687809198411	21	1	5	"HYP"	"mixed"	0.845155682401597
"Astrocyte"	"Astrocyte-2"	"kidney_fibrosis_KC_mean"	0.00643898897609309	0.00687597520056715	0.936447382119992	0.361438058789393	24	0.828784043287811	21	1	5	"HYP"	"mixed"	0.496977330835415
"Astrocyte"	"Astrocyte-3"	"kidney_fibrosis_KC_mean"	-0.011616367767151	0.00675572554800357	-1.71948485541776	0.10267443003453	24	0.848187531772261	21	1	5	"HYP"	"mixed"	0.183148983304837
"Astrocyte"	"Astrocyte-4"	"kidney_fibrosis_KC_mean"	0.00501314801508456	0.0016185890158484	3.09723343356366	0.00621682430875985	24	0.851886129846238	21	1	5	"HYP"	"mixed"	0.0205155202189075
"Astrocyte"	"Astrocyte-5"	"kidney_fibrosis_KC_mean"	0.000633424012821123	0.00184554432058719	0.343217990353973	0.735410503445955	24	-0.215572640884366	21	1	5	"HYP"	"mixed"	0.849334438203639
"Astrocyte"	"Astrocyte-6"	"kidney_fibrosis_KC_mean"	-0.000750213023480288	0.00312191141656282	-0.240305672832403	0.812808844321056	24	0.0446310712290396	21	1	5	"HYP"	"mixed"	0.894089728753162
"Astrocyte"	"Astrocyte-7"	"kidney_fibrosis_KC_mean"	-2.11795522497847e-05	0.00056726594681056	-0.0373361954280285	0.970627909810277	24	0.396014013043101	21	1	5	"HYP"	"mixed"	0.970627909810277
"Astrocyte"	"Astrocyte-8"	"kidney_fibrosis_KC_mean"	-0.000452849265471012	0.000858628317253342	-0.527410121901904	0.604349483217043	24	-0.112311177111669	21	1	5	"HYP"	"mixed"	0.774723267623059
"Astrocyte"	"Astrocyte-9"	"kidney_fibrosis_KC_mean"	0.000178792764724548	0.000538800619232952	0.331834742467597	0.743846666970392	24	0.191414167096892	21	1	5	"HYP"	"mixed"	0.849334438203639
"Avp+_neuron"	"Avp+_neuron-1"	"kidney_fibrosis_KC_mean"	0.0127928024117054	0.0567786903016586	0.225309924264522	0.832781211213372	6	-0.234334882589618	6	1	1	"HYP"	"C57BL/6"	0.941472724082157
"Avp+_neuron"	"Avp+_neuron-2"	"kidney_fibrosis_KC_mean"	0.0181363113812119	0.0245346292389831	0.739212775728239	0.500807784761342	6	-0.0997626534956368	6	1	1	"HYP"	"C57BL/6"	0.801292455618148
"Avp+_neuron"	"Avp+_neuron-3"	"kidney_fibrosis_KC_mean"	-0.00282872321649153	0.0362027496490887	-0.07813559036013	0.941472724082157	6	-0.248095041748432	6	1	1	"HYP"	"C57BL/6"	0.941472724082157
"Avp+_neuron"	"Avp+_neuron-4"	"kidney_fibrosis_KC_mean"	-0.0141283726914021	0.0224804148497774	-0.628474731708166	0.56379401710749	6	-0.137661478407429	6	1	1	"HYP"	"C57BL/6"	0.820064024883622
"Avp+_neuron"	"Avp+_neuron-5"	"kidney_fibrosis_KC_mean"	0.00119157113210565	0.0123944130787856	0.0961377617908466	0.928035178637399	6	-0.247118386667475	6	1	1	"HYP"	"C57BL/6"	0.941472724082157
"Avp+_neuron"	"Avp+_neuron-6"	"kidney_fibrosis_KC_mean"	-0.00372657765128879	0.00910709387878341	-0.409195040798967	0.703358976382806	6	-0.199777153943957	6	1	1	"HYP"	"C57BL/6"	0.8656725863173
"Avp+_neuron"	"Avp+_neuron-7"	"kidney_fibrosis_KC_mean"	-0.0154913039421972	0.0160075851645539	-0.967747713533965	0.38797190199735	6	-0.0128560528305446	6	1	1	"HYP"	"C57BL/6"	0.689727825773066
"Avp+_neuron"	"Avp+_neuron-8"	"kidney_fibrosis_KC_mean"	0.00405429257635651	0.0076825620753471	0.527726627730937	0.625606771739768	6	-0.168635125203186	6	1	1	"HYP"	"C57BL/6"	0.834142362319691
"B_cells"	"B_cells-1"	"kidney_fibrosis_KC_mean"	0.00740517144170735	0.0119595095702657	0.619186882053965	0.541181339572856	32	0.729234493072833	23	3	3	"mixed"	"mixed"	0.681856802635103
"B_cells"	"B_cells-2"	"kidney_fibrosis_KC_mean"	0.00214255771851941	0.00497712276423174	0.430481187628517	0.670393177501694	32	0.962853612554915	23	3	3	"mixed"	"mixed"	0.709828070295912
"B_cells"	"B_cells-3"	"kidney_fibrosis_KC_mean"	-0.00635630976791242	0.00768092695748426	-0.827544618389954	0.415459761341855	32	0.172444752637044	23	3	3	"mixed"	"mixed"	0.602177266194212
"B_cells"	"B_cells-4"	"kidney_fibrosis_KC_mean"	-0.00154327745721509	0.00177349829858025	-0.870188293076198	0.392160904062803	32	0.438096699805225	23	3	3	"mixed"	"mixed"	0.602177266194212
"B_cells"	"B_cells-5"	"kidney_fibrosis_KC_mean"	0.000461492590933644	0.00261131895830642	0.176727775619163	0.861091681327777	32	0.62961519443199	23	3	3	"mixed"	"mixed"	0.861091681327777
"B_cells"	"B_cells-6"	"kidney_fibrosis_KC_mean"	-0.00210963452603289	0.00247513828370422	-0.852329964722485	0.401814266738848	32	0.203467344247633	23	3	3	"mixed"	"mixed"	0.602177266194212
"CD"	"CD-1"	"kidney_fibrosis_KC_mean"	0.0107348651829194	0.00948902428356116	1.13129283497741	0.271315193539159	26	0.601844397149896	26	1	5	"LK"	"mixed"	0.438766468602565
"CD"	"CD-10"	"kidney_fibrosis_KC_mean"	-0.000342410473280096	0.000750247319066428	-0.456396796867166	0.6530222167613	26	0.372606043117991	26	1	5	"LK"	"mixed"	0.78362666011356
"CD"	"CD-11"	"kidney_fibrosis_KC_mean"	-7.40686597396055e-05	0.000905016732084571	-0.0818423097758638	0.93558563463398	26	0.400151096157983	26	1	5	"LK"	"mixed"	0.958404796454322
"CD"	"CD-12"	"kidney_fibrosis_KC_mean"	0.000356159631566567	0.00134604554607635	0.264597013529559	0.79402756494504	26	0.34139068053698	26	1	5	"LK"	"mixed"	0.899821468945217
"CD"	"CD-13"	"kidney_fibrosis_KC_mean"	-0.000292475629618936	0.000692825408466176	-0.422149110071524	0.677419563886197	26	0.19221543707305	26	1	5	"LK"	"mixed"	0.801454131921698
"CD"	"CD-14"	"kidney_fibrosis_KC_mean"	-0.00730007022862054	0.00608171708025371	-1.20033045475308	0.24403615035232	26	-0.0288749468636178	26	1	5	"LK"	"mixed"	0.409980732591897
"CD"	"CD-2"	"kidney_fibrosis_KC_mean"	-0.00730738880357651	0.00741410413701099	-0.985606442604203	0.336100573672533	26	0.564252139488893	26	1	5	"LK"	"mixed"	0.495287376801596
"CD"	"CD-3"	"kidney_fibrosis_KC_mean"	0.000252137222509099	0.00295220794427311	0.0854063220709814	0.932787565591861	26	0.975339432370288	26	1	5	"LK"	"mixed"	0.958404796454322
"CD"	"CD-4"	"kidney_fibrosis_KC_mean"	0.000249007940540859	0.00425766557757925	0.0584846169816925	0.953943025902841	26	0.531471475225545	26	1	5	"LK"	"mixed"	0.96518318050997
"CD"	"CD-5"	"kidney_fibrosis_KC_mean"	0.00285214148393347	0.00293043081157151	0.973284021131331	0.34203755725141	26	0.203666190680012	26	1	5	"LK"	"mixed"	0.495287376801596
"CD"	"CD-6"	"kidney_fibrosis_KC_mean"	0.00191774580447522	0.00189234664071108	1.01342204605526	0.322962650580013	26	0.488333960219614	26	1	5	"LK"	"mixed"	0.495287376801596
"CD"	"CD-7"	"kidney_fibrosis_KC_mean"	-0.000560377488033617	0.00259833433973904	-0.215667968306918	0.831430817410136	26	-0.150501287571264	26	1	5	"LK"	"mixed"	0.899821468945217
"CD"	"CD-8"	"kidney_fibrosis_KC_mean"	-0.00143508156671713	0.00177363660812346	-0.809118147507943	0.427968463717184	26	0.28119526041034	26	1	5	"LK"	"mixed"	0.553066937726822
"CD"	"CD-9"	"kidney_fibrosis_KC_mean"	0.000949815583641831	0.000949575107266811	1.00025324629214	0.329137036939232	26	0.0772644125857421	26	1	5	"LK"	"mixed"	0.495287376801596
"CM"	"CM-1"	"kidney_fibrosis_KC_mean"	-0.000568235454414658	0.00547647413111601	-0.103759360641563	0.918574579998693	23	0.961802788016048	23	1	5	"LV"	"mixed"	0.938118719998665
"CM"	"CM-2"	"kidney_fibrosis_KC_mean"	0.00295876698183898	0.00417733981572814	0.708289751937081	0.488364327369855	23	0.978399005699259	23	1	5	"LV"	"mixed"	0.60106378753213
"CM"	"CM-3"	"kidney_fibrosis_KC_mean"	-0.00118164774165575	0.00469584763072886	-0.251636729846862	0.804338611807575	23	0.126163477204178	23	1	5	"LV"	"mixed"	0.883477428305793
"CM"	"CM-4"	"kidney_fibrosis_KC_mean"	-0.00171271825129483	0.00217414505469915	-0.787766321107691	0.441679644829938	23	0.433616114440394	23	1	5	"LV"	"mixed"	0.572989809509109
"CM"	"CM-5"	"kidney_fibrosis_KC_mean"	8.49257226671205e-05	0.000347501266022173	0.244389678458615	0.80985430928031	23	0.592092477831128	23	1	5	"LV"	"mixed"	0.883477428305793
"CM"	"CM-6"	"kidney_fibrosis_KC_mean"	2.63244544755659e-05	0.000185114042355198	0.142206685892874	0.888588518884143	23	0.429683481838978	23	1	5	"LV"	"mixed"	0.927222802313889
"CM"	"CM-7"	"kidney_fibrosis_KC_mean"	0.000348956725347309	0.000217005203017488	1.6080569520685	0.126235105378296	23	0.446249701011182	23	1	5	"LV"	"mixed"	0.183614698732066
"CM"	"CM-8"	"kidney_fibrosis_KC_mean"	4.36275630362212e-05	0.000109435475273158	0.398660150443207	0.695106407065674	23	0.604660144547312	23	1	5	"LV"	"mixed"	0.834127688478809
"CT"	"CT-1"	"kidney_fibrosis_KC_mean"	0.000316402462178227	0.00305560277220919	0.103548296609729	0.918612997869807	25	0.943990354177511	25	1	5	"LK"	"mixed"	0.932506208709399
"CT"	"CT-10"	"kidney_fibrosis_KC_mean"	-0.000716146201923024	0.000854247514534376	-0.838335716216129	0.412265063326469	25	0.140977731188851	25	1	5	"LK"	"mixed"	0.51865604741072
"CT"	"CT-11"	"kidney_fibrosis_KC_mean"	-0.00148487898292178	0.000685073170355748	-2.16747501898331	0.0431099556883925	25	0.462078453351674	25	1	5	"LK"	"mixed"	0.0800613462784433
"CT"	"CT-12"	"kidney_fibrosis_KC_mean"	-0.00045049816235634	0.000415149446600616	-1.08514696585813	0.291433888136701	25	0.191437589902868	25	1	5	"LK"	"mixed"	0.38528547923157
"CT"	"CT-13"	"kidney_fibrosis_KC_mean"	0.000338720976518835	0.00057193942046694	0.592232261665576	0.560677499499025	25	0.0332581239986491	25	1	5	"LK"	"mixed"	0.652729029267522
"CT"	"CT-2"	"kidney_fibrosis_KC_mean"	-0.00225352611770562	0.00536223489826217	-0.420258746672206	0.679011061342491	25	0.804607283393436	25	1	5	"LK"	"mixed"	0.767577721517599
"CT"	"CT-3"	"kidney_fibrosis_KC_mean"	9.43670848014028e-05	0.00160134117815772	0.0589300307071154	0.95362323613739	25	0.987480238983588	25	1	5	"LK"	"mixed"	0.95362323613739
"CT"	"CT-4"	"kidney_fibrosis_KC_mean"	0.000765997847766391	0.00190567136236064	0.401956949606209	0.692201406941584	25	0.980987996299896	25	1	5	"LK"	"mixed"	0.77131013916348
"CT"	"CT-5"	"kidney_fibrosis_KC_mean"	-0.000383462785105051	0.00197062316057054	-0.194589606362908	0.847779804058898	25	0.452379230570139	25	1	5	"LK"	"mixed"	0.893605739413433
"CT"	"CT-6"	"kidney_fibrosis_KC_mean"	5.86001769145693e-05	0.000579777158776442	0.10107362117928	0.920551000905433	25	0.810138328073667	25	1	5	"LK"	"mixed"	0.932506208709399
"CT"	"CT-7"	"kidney_fibrosis_KC_mean"	0.00333825481181854	0.00150639027983012	2.21606236877405	0.0390926127636599	25	0.57159900906318	25	1	5	"LK"	"mixed"	0.0745373296313836
"CT"	"CT-8"	"kidney_fibrosis_KC_mean"	9.55121123992541e-05	0.000876362212248904	0.108987027354994	0.914355594568669	25	0.655821242521674	25	1	5	"LK"	"mixed"	0.932506208709399
"CT"	"CT-9"	"kidney_fibrosis_KC_mean"	0.0002806567776146	0.000779051616948348	0.360254406138031	0.722630636569345	25	0.586765064256262	25	1	5	"LK"	"mixed"	0.792729899119439
"DC"	"DC-1"	"kidney_fibrosis_KC_mean"	-0.00985955693957155	0.00773687486872958	-1.27435910582208	0.210482129860173	46	0.632627095480587	28	4	5	"mixed"	"mixed"	0.369027110793809
"DC"	"DC-10"	"kidney_fibrosis_KC_mean"	0.000337034634663341	0.00114497831396297	0.294358967810322	0.770128792749797	46	0.783110686594654	28	4	5	"mixed"	"mixed"	0.859234603481179
"DC"	"DC-11"	"kidney_fibrosis_KC_mean"	0.000857539691447404	0.00130569765831681	0.656767426965341	0.515394958328276	46	0.502397497782997	28	4	5	"mixed"	"mixed"	0.70699828622855
"DC"	"DC-12"	"kidney_fibrosis_KC_mean"	-0.00147144890576784	0.00107257769784942	-1.37188094505245	0.178362050543845	46	0.661762843603098	28	4	5	"mixed"	"mixed"	0.316827326623936
"DC"	"DC-13"	"kidney_fibrosis_KC_mean"	-0.000560104995584579	0.00244323362391784	-0.229247416252574	0.819939147310496	46	0.482819429177758	28	4	5	"mixed"	"mixed"	0.892675684571911
"DC"	"DC-14"	"kidney_fibrosis_KC_mean"	0.00150841000116708	0.00156436329147629	0.964232547123749	0.3411894737035	46	0.415911978957157	28	4	5	"mixed"	"mixed"	0.535588127325262
"DC"	"DC-15"	"kidney_fibrosis_KC_mean"	-0.000126130755866726	0.000665872832264854	-0.18942168797864	0.850797637904088	46	0.0527157020462712	28	4	5	"mixed"	"mixed"	0.917600287567351
"DC"	"DC-2"	"kidney_fibrosis_KC_mean"	0.00174280872169969	0.00267323928882614	0.651946396637387	0.518465409900936	46	0.425084626873323	28	4	5	"mixed"	"mixed"	0.70699828622855
"DC"	"DC-3"	"kidney_fibrosis_KC_mean"	0.00685693058621409	0.00425303685249357	1.61224339784261	0.115407525743234	46	0.48530821565297	28	4	5	"mixed"	"mixed"	0.21943684472305
"DC"	"DC-4"	"kidney_fibrosis_KC_mean"	-0.00136799647943627	0.00218702719644479	-0.625505015054258	0.535479034771062	46	-0.100566012865334	28	4	5	"mixed"	"mixed"	0.708722251902876
"DC"	"DC-5"	"kidney_fibrosis_KC_mean"	0.00172719423201295	0.00512822631853383	0.336801483540368	0.738169527789821	46	0.359631204730137	28	4	5	"mixed"	"mixed"	0.84451598518327
"DC"	"DC-6"	"kidney_fibrosis_KC_mean"	-0.000300455198306489	0.00313516279476721	-0.0958340022431908	0.924169597069259	46	0.185485707746033	28	4	5	"mixed"	"mixed"	0.967154229491085
"DC"	"DC-7"	"kidney_fibrosis_KC_mean"	-0.00130293035980068	0.00275359824556135	-0.473173732551919	0.638868996057132	46	0.173888189987348	28	4	5	"mixed"	"mixed"	0.797984342446256
"DC"	"DC-8"	"kidney_fibrosis_KC_mean"	0.000118226669033329	0.0010986132678539	0.107614455871519	0.9148829689786	46	0.84522349076611	28	4	5	"mixed"	"mixed"	0.964915631344618
"DC"	"DC-9"	"kidney_fibrosis_KC_mean"	0.00184047909809624	0.0017633011829814	1.04376899185444	0.303364143410864	46	0.305504476318128	28	4	5	"mixed"	"mixed"	0.505606905684774
"DCT"	"DCT-1"	"kidney_fibrosis_KC_mean"	0.00964731989165772	0.0128305537963313	0.75190206477418	0.46086774104385	26	0.758781030585163	26	1	5	"LK"	"mixed"	0.638124564522253
"DCT"	"DCT-2"	"kidney_fibrosis_KC_mean"	0.000982395256300302	0.00136825297611148	0.717992413283274	0.481065638523185	26	0.997607225477272	26	1	5	"LK"	"mixed"	0.649438612006299
"DCT"	"DCT-3"	"kidney_fibrosis_KC_mean"	-0.00485292702960258	0.00391118933143597	-1.24078039142658	0.229045062699015	26	0.22525369445899	26	1	5	"LK"	"mixed"	0.392055067182734
"DCT"	"DCT-4"	"kidney_fibrosis_KC_mean"	0.00150927046589322	0.00304137873758771	0.496245484733778	0.625131052767535	26	0.0698660171872053	26	1	5	"LK"	"mixed"	0.767206292032884
"DCT"	"DCT-5"	"kidney_fibrosis_KC_mean"	-0.00604183374204077	0.00490507809266457	-1.231750774993	0.23232892870088	26	0.0202927549760686	26	1	5	"LK"	"mixed"	0.392055067182734
"DCT"	"DCT-6"	"kidney_fibrosis_KC_mean"	8.28132935931306e-05	0.00600582876663191	0.0137888202962491	0.989135085894422	26	0.183761416365197	26	1	5	"LK"	"mixed"	0.989135085894422
"DCT"	"DCT-7"	"kidney_fibrosis_KC_mean"	0.000597669141473876	0.000957842077742938	0.623974614773895	0.539696866694078	26	0.518182634547295	26	1	5	"LK"	"mixed"	0.693895971463815
"DCT"	"DCT-8"	"kidney_fibrosis_KC_mean"	-0.000745824829660524	0.00091207443423804	-0.817723643666865	0.423150418661951	26	0.273660249229993	26	1	5	"LK"	"mixed"	0.617570881290414
"DCT"	"DCT-9"	"kidney_fibrosis_KC_mean"	-0.0011788824476144	0.000373642543539221	-3.15510765034349	0.00498061216742627	26	0.506229868001549	26	1	5	"LK"	"mixed"	0.0168095660650637
"E_P_transition_cell"	"E_P_transition_cell-1"	"kidney_fibrosis_KC_mean"	0.145361055282268	0.123849480796822	1.17369127708122	0.305632673052171	6	0.0702087621073488	6	1	1	"HYP"	"C57BL/6"	0.407510230736228
"E_P_transition_cell"	"E_P_transition_cell-2"	"kidney_fibrosis_KC_mean"	0.0227042690200152	0.0299940605548752	0.756958831181823	0.491214051807501	6	-0.0933773392563522	6	1	1	"HYP"	"C57BL/6"	0.523961655261334
"E_P_transition_cell"	"E_P_transition_cell-3"	"kidney_fibrosis_KC_mean"	-0.0942630236217174	0.0451487188624799	-2.08783385213734	0.105087709187268	6	0.401845917433206	6	1	1	"HYP"	"C57BL/6"	0.280233891166047
"E_P_transition_cell"	"E_P_transition_cell-4"	"kidney_fibrosis_KC_mean"	-0.0401334424361782	0.0252952997196916	-1.58659683343999	0.187791608374049	6	0.232809898826131	6	1	1	"HYP"	"C57BL/6"	0.333851748220532
"E_P_transition_cell"	"E_P_transition_cell-5"	"kidney_fibrosis_KC_mean"	-0.00817200744199865	0.0235889136393253	-0.346434243091849	0.746472568252476	6	-0.213587318338482	6	1	1	"HYP"	"C57BL/6"	0.746472568252476
"E_P_transition_cell"	"E_P_transition_cell-6"	"kidney_fibrosis_KC_mean"	-0.0166184382538631	0.0140031370865682	-1.18676537629583	0.300986861550839	6	0.0755142274601974	6	1	1	"HYP"	"C57BL/6"	0.407510230736228
"E_P_transition_cell"	"E_P_transition_cell-7"	"kidney_fibrosis_KC_mean"	-0.00462766943543922	0.00583342432279307	-0.793302386277204	0.472003203161599	6	-0.0800702110098008	6	1	1	"HYP"	"C57BL/6"	0.523961655261334
"E_P_transition_cell"	"E_P_transition_cell-8"	"kidney_fibrosis_KC_mean"	-0.00425074311308682	0.00406469467780408	-1.0457718106845	0.354696839165794	6	0.0183834555029572	6	1	1	"HYP"	"C57BL/6"	0.436549955896362
"EC"	"EC-1"	"kidney_fibrosis_KC_mean"	0.00230969190360865	0.00445024386084957	0.519003446963404	0.605350001475623	82	0.839705642847947	52	5	5	"mixed"	"mixed"	0.708004828972538
"EC"	"EC-2"	"kidney_fibrosis_KC_mean"	0.00448022616058197	0.00314002253209662	1.42681337945383	0.157955956254531	82	0.908580462891065	52	5	5	"mixed"	"mixed"	0.217870284489008
"EC"	"EC-3"	"kidney_fibrosis_KC_mean"	-0.006960470433907	0.00347678023794957	-2.00198745895194	0.0490539579195656	82	0.854943768900413	52	5	5	"mixed"	"mixed"	0.0800880945625561
"EC"	"EC-4"	"kidney_fibrosis_KC_mean"	-0.000286051840127202	0.000895867994511001	-0.319301327740077	0.750422603738371	82	0.359411149406117	52	5	5	"mixed"	"mixed"	0.800450777320929
"EC"	"EC-5"	"kidney_fibrosis_KC_mean"	0.00050647210238347	0.000578607726126164	0.875328965574572	0.384305710056179	82	0.899442565468367	52	5	5	"mixed"	"mixed"	0.472991643146066
"EC"	"EC-6"	"kidney_fibrosis_KC_mean"	-0.000705209972151825	0.00236882003735545	-0.297705170097735	0.766785527365679	82	0.943711563538383	52	5	5	"mixed"	"mixed"	0.807142660384925
"EC"	"EC-7"	"kidney_fibrosis_KC_mean"	0.000230858633610028	0.000634117729487695	0.364062732951086	0.716878119116825	82	0.22826985674618	52	5	5	"mixed"	"mixed"	0.796531243463138
"EC"	"EC-8"	"kidney_fibrosis_KC_mean"	0.000424483446001931	0.00026932106051094	1.57612421842029	0.119381190102208	82	0.480230924684133	52	5	5	"mixed"	"mixed"	0.171667687447313
"Ependymal_cell"	"Ependymal_cell-1"	"kidney_fibrosis_KC_mean"	0.15940079776418	0.0843984165651424	1.88867047809064	0.131952950989704	6	0.33924280864996	6	1	1	"HYP"	"C57BL/6"	0.21992158498284
"Ependymal_cell"	"Ependymal_cell-10"	"kidney_fibrosis_KC_mean"	-0.0190389743493873	0.00479144814795711	-3.97353237715924	0.0164899377406718	6	0.747333861248375	6	1	1	"HYP"	"C57BL/6"	0.0471141078304909
"Ependymal_cell"	"Ependymal_cell-2"	"kidney_fibrosis_KC_mean"	0.00762407895270871	0.0273133755555468	0.279133530647054	0.793980024729228	6	-0.226116619079708	6	1	1	"HYP"	"C57BL/6"	0.793980024729228
"Ependymal_cell"	"Ependymal_cell-3"	"kidney_fibrosis_KC_mean"	0.0278151785583254	0.0265213393423427	1.04878483696775	0.353463813855628	6	0.0195981610449977	6	1	1	"HYP"	"C57BL/6"	0.415839781006622
"Ependymal_cell"	"Ependymal_cell-4"	"kidney_fibrosis_KC_mean"	-0.0769508720832901	0.0265584890097963	-2.89741152273031	0.0442326284291626	6	0.596611326414068	6	1	1	"HYP"	"C57BL/6"	0.0982947298425836
"Ependymal_cell"	"Ependymal_cell-5"	"kidney_fibrosis_KC_mean"	0.00908005257149371	0.0152482253257176	0.59548258092562	0.583576798853551	6	-0.14821121786143	6	1	1	"HYP"	"C57BL/6"	0.648418665392834
"Ependymal_cell"	"Ependymal_cell-6"	"kidney_fibrosis_KC_mean"	0.0151047922489007	0.0116344863221889	1.29827753719503	0.263987402621491	6	0.120573670189707	6	1	1	"HYP"	"C57BL/6"	0.351983203495321
"Ependymal_cell"	"Ependymal_cell-7"	"kidney_fibrosis_KC_mean"	-0.0630571155271826	0.0130687131388437	-4.82504397007231	0.00849181097089581	6	0.816722592206402	6	1	1	"HYP"	"C57BL/6"	0.0337113359209144
"Ependymal_cell"	"Ependymal_cell-8"	"kidney_fibrosis_KC_mean"	-0.0371091598673205	0.0125523356277458	-2.9563549739137	0.0417051192733172	6	0.60753639175521	6	1	1	"HYP"	"C57BL/6"	0.0982947298425836
"Ependymal_cell"	"Ependymal_cell-9"	"kidney_fibrosis_KC_mean"	-0.0228687782684284	0.0212605674666314	-1.07564289167357	0.342640519433003	6	0.0304454911957261	6	1	1	"HYP"	"C57BL/6"	0.415839781006622
"Erythrocytes"	"Erythrocytes-1"	"kidney_fibrosis_KC_mean"	0.0980273746496009	0.0444941617926262	2.20315139560279	0.0923277832084401	6	0.435275583329828	6	1	1	"PBMC"	"SS"	0.221586679700256
"Erythrocytes"	"Erythrocytes-2"	"kidney_fibrosis_KC_mean"	-0.0497880225915232	0.0364854841017576	-1.36459810846048	0.244104204644573	6	0.147067412715114	6	1	1	"PBMC"	"SS"	0.418464350819267
"Erythrocytes"	"Erythrocytes-3"	"kidney_fibrosis_KC_mean"	-0.0195286921229611	0.00879029142943873	-2.22162055487255	0.090449133118795	6	0.440440353108383	6	1	1	"PBMC"	"SS"	0.221586679700256
"Erythrocytes"	"Erythrocytes-4"	"kidney_fibrosis_KC_mean"	-0.0244249658228595	0.0135889615213147	-1.79741224408857	0.146679430158742	6	0.308503135392063	6	1	1	"PBMC"	"SS"	0.293358860317483
"Erythrocytes"	"Erythrocytes-5"	"kidney_fibrosis_KC_mean"	0.000634406498488158	0.0311216513213901	0.0203847312578856	0.984712774945912	6	-0.249870158092145	6	1	1	"PBMC"	"SS"	0.984712774945912
"Erythrocytes"	"Erythrocytes-6"	"kidney_fibrosis_KC_mean"	-0.00492010061074528	0.0154434014153196	-0.318589181128492	0.765979637758321	6	-0.219066472803415	6	1	1	"PBMC"	"SS"	0.835614150281805
"Excitatory_neuron"	"Excitatory_neuron-1"	"kidney_fibrosis_KC_mean"	2.57618955555075e-05	0.000827414925817412	0.0311354010565583	0.975504196536692	24	0.995543260456349	21	1	5	"HYP"	"mixed"	0.975504196536692
"Excitatory_neuron"	"Excitatory_neuron-10"	"kidney_fibrosis_KC_mean"	-0.0019201461991149	0.00112429147633297	-1.70787223734695	0.104848670124781	24	0.341256115448187	21	1	5	"HYP"	"mixed"	0.165007743147196
"Excitatory_neuron"	"Excitatory_neuron-11"	"kidney_fibrosis_KC_mean"	-0.00145902215518786	0.0014614594388521	-0.998332294691564	0.331350749677766	24	0.550704097970184	21	1	5	"HYP"	"mixed"	0.413112622974877
"Excitatory_neuron"	"Excitatory_neuron-12"	"kidney_fibrosis_KC_mean"	0.000307721377418775	0.00144578972988804	0.212839648157277	0.833843903750859	24	0.814554669740678	21	1	5	"HYP"	"mixed"	0.909647895000937
"Excitatory_neuron"	"Excitatory_neuron-13"	"kidney_fibrosis_KC_mean"	-0.000691374674193886	0.0010235575920619	-0.675462406371436	0.507967384523341	24	0.173041806198479	21	1	5	"HYP"	"mixed"	0.602035418694331
"Excitatory_neuron"	"Excitatory_neuron-14"	"kidney_fibrosis_KC_mean"	-0.000481439050622971	0.000851751679994526	-0.5652340487618	0.578892371850295	24	0.268461673391926	21	1	5	"HYP"	"mixed"	0.663346309562482
"Excitatory_neuron"	"Excitatory_neuron-15"	"kidney_fibrosis_KC_mean"	9.37294939216085e-05	0.000860032285975018	0.108983692182378	0.914421186852713	24	0.321255260432498	21	1	5	"HYP"	"mixed"	0.93252263656044
"Excitatory_neuron"	"Excitatory_neuron-16"	"kidney_fibrosis_KC_mean"	2.17709219096523e-05	0.000150855031017297	0.14431684354734	0.886853818664067	24	0.139040547725205	21	1	5	"HYP"	"mixed"	0.927353464341214
"Excitatory_neuron"	"Excitatory_neuron-2"	"kidney_fibrosis_KC_mean"	-0.000239282914712533	0.00109025336918497	-0.219474593223601	0.82874998435653	24	0.870930363849035	21	1	5	"HYP"	"mixed"	0.909647895000937
"Excitatory_neuron"	"Excitatory_neuron-3"	"kidney_fibrosis_KC_mean"	0.0081474144298713	0.00218041007049655	3.73664318474547	0.00151022160098071	24	0.88191269146437	21	1	5	"HYP"	"mixed"	0.00362453184235369
"Excitatory_neuron"	"Excitatory_neuron-4"	"kidney_fibrosis_KC_mean"	0.00131700901436206	0.00210197512512037	0.626557849625666	0.538814933484417	24	0.947456872999215	21	1	5	"HYP"	"mixed"	0.630807727006147
"Excitatory_neuron"	"Excitatory_neuron-5"	"kidney_fibrosis_KC_mean"	-0.00638243985877563	0.00428019255767817	-1.491157178741	0.153237389806831	24	0.481346187744124	21	1	5	"HYP"	"mixed"	0.213199846687764
"Excitatory_neuron"	"Excitatory_neuron-6"	"kidney_fibrosis_KC_mean"	0.00448782317125209	0.00138676415814933	3.23618341653795	0.00458276279488571	24	0.876414755297641	21	1	5	"HYP"	"mixed"	0.0102312843792797
"Excitatory_neuron"	"Excitatory_neuron-7"	"kidney_fibrosis_KC_mean"	-0.00220410735517626	0.00113485147787647	-1.94219895567353	0.0679277525709569	24	0.813767610809233	21	1	5	"HYP"	"mixed"	0.110526512657828
"Excitatory_neuron"	"Excitatory_neuron-8"	"kidney_fibrosis_KC_mean"	-0.000747284373271532	0.00100197803059287	-0.745809139976215	0.465411688208464	24	0.153380201555264	21	1	5	"HYP"	"mixed"	0.565563570481171
"Excitatory_neuron"	"Excitatory_neuron-9"	"kidney_fibrosis_KC_mean"	-0.000276133723235416	0.000710124124351609	-0.388852756533999	0.701946540757881	24	0.83890664539483	21	1	5	"HYP"	"mixed"	0.783568231543681
"Fibroblast"	"Fibroblast-1"	"kidney_fibrosis_KC_mean"	0.00152652896284542	0.00429222489253803	0.355649808913617	0.723187836215239	79	0.776456922447827	51	5	5	"mixed"	"mixed"	0.809161215345722
"Fibroblast"	"Fibroblast-10"	"kidney_fibrosis_KC_mean"	-0.00105657430705569	0.00124251748764412	-0.850349647037171	0.398071889350473	79	0.885934391190267	51	5	5	"mixed"	"mixed"	0.517817091838013
"Fibroblast"	"Fibroblast-11"	"kidney_fibrosis_KC_mean"	0.00160436620049784	0.00205192616792326	0.781883006113037	0.436958184658547	79	0.566261345602021	51	5	5	"mixed"	"mixed"	0.541963639886569
"Fibroblast"	"Fibroblast-12"	"kidney_fibrosis_KC_mean"	-0.000280365025501397	0.00145468561295039	-0.192732383551083	0.847734717474096	79	0.624278788269219	51	5	5	"mixed"	"mixed"	0.875080998682938
"Fibroblast"	"Fibroblast-13"	"kidney_fibrosis_KC_mean"	-0.00256319316987238	0.00178883566534879	-1.43288353397885	0.156406533929303	79	0.311491426862721	51	5	5	"mixed"	"mixed"	0.260677556548839
"Fibroblast"	"Fibroblast-14"	"kidney_fibrosis_KC_mean"	0.0003759653112682	0.00112318611948016	0.334731087526444	0.738843368949324	79	0.388643199761119	51	5	5	"mixed"	"mixed"	0.820584720468295
"Fibroblast"	"Fibroblast-15"	"kidney_fibrosis_KC_mean"	-0.000269862937867987	0.000349084185596548	-0.773059763239689	0.44212728168172	79	0.192956898176076	51	5	5	"mixed"	"mixed"	0.544156654377502
"Fibroblast"	"Fibroblast-16"	"kidney_fibrosis_KC_mean"	-0.000913287039551979	0.000749525221235361	-1.2184874019939	0.227188623251022	79	0.207817621165898	51	5	5	"mixed"	"mixed"	0.331093513823025
"Fibroblast"	"Fibroblast-2"	"kidney_fibrosis_KC_mean"	0.000824061645144709	0.00175533146885417	0.469462127106188	0.640219525300463	79	0.930096741760295	51	5	5	"mixed"	"mixed"	0.736943338475353
"Fibroblast"	"Fibroblast-3"	"kidney_fibrosis_KC_mean"	0.000642257326161546	0.00285027925827426	0.225331368600847	0.822387546610409	79	0.779635422346068	51	5	5	"mixed"	"mixed"	0.865671101695167
"Fibroblast"	"Fibroblast-4"	"kidney_fibrosis_KC_mean"	-0.00193771229645731	0.00152287807938952	-1.27240146317825	0.207501705136741	79	0.907248936785645	51	5	5	"mixed"	"mixed"	0.325492870802731
"Fibroblast"	"Fibroblast-5"	"kidney_fibrosis_KC_mean"	0.00226218222929474	0.00375164652835062	0.602983839815337	0.54849631542974	79	0.79609708873005	51	5	5	"mixed"	"mixed"	0.635937757019989
"Fibroblast"	"Fibroblast-6"	"kidney_fibrosis_KC_mean"	0.00125516137705744	0.00203535619231571	0.616678978252642	0.53947593829213	79	0.342998409492061	51	5	5	"mixed"	"mixed"	0.633394874201692
"Fibroblast"	"Fibroblast-7"	"kidney_fibrosis_KC_mean"	-0.00163016753143756	0.00106746792102359	-1.52713491368845	0.131298746147319	79	0.241277127214533	51	5	5	"mixed"	"mixed"	0.228345645473598
"Fibroblast"	"Fibroblast-8"	"kidney_fibrosis_KC_mean"	0.00192359848532711	0.000860165164985687	2.23631293573615	0.0285671707254156	79	0.894062274987208	51	5	5	"mixed"	"mixed"	0.0601414120535066
"Fibroblast"	"Fibroblast-9"	"kidney_fibrosis_KC_mean"	-0.00176295922985273	0.000719518461843989	-2.450193182444	0.0168183589290757	79	0.293821187051635	51	5	5	"mixed"	"mixed"	0.0395726092448841
"IC"	"IC-1"	"kidney_fibrosis_KC_mean"	1.94550132317913e-05	0.007471503291861	0.00260389542396165	0.997948192283713	26	0.591597677586861	26	1	5	"LK"	"mixed"	0.997948192283713
"IC"	"IC-10"	"kidney_fibrosis_KC_mean"	0.000142315964379455	0.00194230087686417	0.0732718427276946	0.942317655839014	26	0.45813823568776	26	1	5	"LK"	"mixed"	0.964221784945062
"IC"	"IC-11"	"kidney_fibrosis_KC_mean"	-0.00380472089437632	0.00318875218381794	-1.1931692006937	0.246765851422848	26	-0.0382688754911518	26	1	5	"LK"	"mixed"	0.397232833997755
"IC"	"IC-2"	"kidney_fibrosis_KC_mean"	0.00502509551423118	0.00549683791545929	0.914179313910388	0.371512868204056	26	0.61012070171843	26	1	5	"LK"	"mixed"	0.538459026632999
"IC"	"IC-3"	"kidney_fibrosis_KC_mean"	0.00430102420676422	0.00486976443131259	0.883209910341584	0.387616256126111	26	0.595230558567045	26	1	5	"LK"	"mixed"	0.538459026632999
"IC"	"IC-4"	"kidney_fibrosis_KC_mean"	0.00013196112665794	0.00206217043749194	0.0639913773657015	0.949612363961046	26	0.982188641073512	26	1	5	"LK"	"mixed"	0.964221784945062
"IC"	"IC-5"	"kidney_fibrosis_KC_mean"	0.000228826048206821	0.00230795024675201	0.0991468722208587	0.922008697250688	26	0.932962525409967	26	1	5	"LK"	"mixed"	0.964221784945062
"IC"	"IC-6"	"kidney_fibrosis_KC_mean"	-0.00489167142494694	0.00568533838621187	-0.860401104147162	0.399765034924499	26	-0.0514529755844415	26	1	5	"LK"	"mixed"	0.538459026632999
"IC"	"IC-7"	"kidney_fibrosis_KC_mean"	0.00105944016259614	0.00213693901612199	0.495774635870875	0.62545737173652	26	0.413794753633154	26	1	5	"LK"	"mixed"	0.724213798852812
"IC"	"IC-8"	"kidney_fibrosis_KC_mean"	-0.000918125479580262	0.00165434254228579	-0.55497906637382	0.585063170727119	26	0.312515842312963	26	1	5	"LK"	"mixed"	0.68953873692839
"IC"	"IC-9"	"kidney_fibrosis_KC_mean"	-0.00129360023716402	0.00205590550151013	-0.629211914756698	0.536331989851352	26	0.212383798975791	26	1	5	"LK"	"mixed"	0.666132684306412
"Inhibitory_neuron"	"Inhibitory_neuron-1"	"kidney_fibrosis_KC_mean"	-0.00709748191616297	0.00339022158205901	-2.0935156432614	0.0507304015849409	24	0.816264707453623	21	1	5	"HYP"	"mixed"	0.0707866068627082
"Inhibitory_neuron"	"Inhibitory_neuron-10"	"kidney_fibrosis_KC_mean"	-3.68977397736533e-05	0.000568927856681617	-0.0648548657625354	0.949004412209593	24	0.265479311345087	21	1	5	"HYP"	"mixed"	0.974736826029403
"Inhibitory_neuron"	"Inhibitory_neuron-2"	"kidney_fibrosis_KC_mean"	0.00176123659782233	0.00210496638851352	0.836705330514126	0.413728986497723	24	0.988724304132015	21	1	5	"HYP"	"mixed"	0.459698873886359
"Inhibitory_neuron"	"Inhibitory_neuron-3"	"kidney_fibrosis_KC_mean"	0.00123637080976567	0.00109981978812185	1.12415763302186	0.275715002832455	24	0.947858915639025	21	1	5	"HYP"	"mixed"	0.324370591567595
"Inhibitory_neuron"	"Inhibitory_neuron-4"	"kidney_fibrosis_KC_mean"	0.00454921040186525	0.0012902588079561	3.52581232060849	0.00241427594596638	24	0.87056960370775	21	1	5	"HYP"	"mixed"	0.00438959262902977
"Inhibitory_neuron"	"Inhibitory_neuron-5"	"kidney_fibrosis_KC_mean"	0.00326268606473003	0.000956805277629358	3.40997916818966	0.00312173836769918	24	0.856753253742234	21	1	5	"HYP"	"mixed"	0.00535155148748431
"Inhibitory_neuron"	"Inhibitory_neuron-6"	"kidney_fibrosis_KC_mean"	0.00205806077873437	0.000649629566965964	3.16805281561669	0.00532325580442229	24	0.925546782719213	21	1	5	"HYP"	"mixed"	0.00863230670987399
"Inhibitory_neuron"	"Inhibitory_neuron-7"	"kidney_fibrosis_KC_mean"	0.0033103961087523	0.00130569044055519	2.53536060763735	0.0207239615805393	24	0.32998677581583	21	1	5	"HYP"	"mixed"	0.0318830178162143
"Inhibitory_neuron"	"Inhibitory_neuron-8"	"kidney_fibrosis_KC_mean"	-0.009427217501703	0.00300915776249767	-3.13284255787181	0.00575060741787035	24	0.434690943641258	21	1	5	"HYP"	"mixed"	0.00907990644926897
"Inhibitory_neuron"	"Inhibitory_neuron-9"	"kidney_fibrosis_KC_mean"	0.00038363639596967	0.000358004663704568	1.07159608481037	0.298059795382221	24	0.625046475402399	21	1	5	"HYP"	"mixed"	0.337426183451571
"Macrophages"	"Macrophages-1"	"kidney_fibrosis_KC_mean"	0.00124804265467676	0.00815433404278862	0.153052677033814	0.8789069014833	65	0.602242446926532	38	4	5	"mixed"	"mixed"	0.930607307452905
"Macrophages"	"Macrophages-2"	"kidney_fibrosis_KC_mean"	0.00222131663253777	0.0024057364246388	0.923341646984993	0.359790640209943	65	0.95502878451702	38	4	5	"mixed"	"mixed"	0.516352002083325
"Macrophages"	"Macrophages-3"	"kidney_fibrosis_KC_mean"	-0.000330662761372923	0.00251774881919117	-0.131332704379601	0.895982820261799	65	0.250476245251907	38	4	5	"mixed"	"mixed"	0.93493859505579
"Macrophages"	"Macrophages-4"	"kidney_fibrosis_KC_mean"	-0.00226085035352694	0.00154882652692286	-1.45971825393429	0.149954858981105	65	0.405054692889457	38	4	5	"mixed"	"mixed"	0.257065472539038
"Macrophages"	"Macrophages-5"	"kidney_fibrosis_KC_mean"	-0.000499900225909769	0.00268814452411607	-0.185964787765326	0.85314436483325	65	0.565183105336216	38	4	5	"mixed"	"mixed"	0.916811854746179
"Macrophages"	"Macrophages-6"	"kidney_fibrosis_KC_mean"	0.0018902232703473	0.00312960005298044	0.603982374216529	0.54829442706151	65	0.543030868306192	38	4	5	"mixed"	"mixed"	0.69258243418296
"Macrophages"	"Macrophages-7"	"kidney_fibrosis_KC_mean"	-0.000853064176851434	0.00091763043325788	-0.929638061177619	0.35654866379382	65	0.330416625290416	38	4	5	"mixed"	"mixed"	0.516352002083325
"Macrophages"	"Macrophages-8"	"kidney_fibrosis_KC_mean"	-0.00141510503990076	0.00428760166633473	-0.330045827487158	0.742596849777748	65	0.582216490076383	38	4	5	"mixed"	"mixed"	0.862370535225772
"Mast_cells"	"Mast_cells-1"	"kidney_fibrosis_KC_mean"	-0.00511549889717809	0.0144794648070056	-0.353293368599028	0.741701642955936	6	-0.212175222448078	6	1	1	"PBMC"	"SS"	0.837247274393544
"Mast_cells"	"Mast_cells-10"	"kidney_fibrosis_KC_mean"	-0.00538227928940585	0.00363981966093213	-1.47872141776043	0.213296669728777	6	0.191803860709598	6	1	1	"PBMC"	"SS"	0.754604705755667
"Mast_cells"	"Mast_cells-11"	"kidney_fibrosis_KC_mean"	-0.00466676188558528	0.0035845777695099	-1.30190002439906	0.262861777921083	6	0.122028190859961	6	1	1	"PBMC"	"SS"	0.754604705755667
"Mast_cells"	"Mast_cells-12"	"kidney_fibrosis_KC_mean"	-0.00368468551111856	0.00774121419985858	-0.475982890537491	0.658917854728238	6	-0.182995235038129	6	1	1	"PBMC"	"SS"	0.837247274393544
"Mast_cells"	"Mast_cells-13"	"kidney_fibrosis_KC_mean"	-0.0122016467761612	0.0301257468790235	-0.405023876259717	0.706185407344991	6	-0.200755705591552	6	1	1	"PBMC"	"SS"	0.837247274393544
"Mast_cells"	"Mast_cells-14"	"kidney_fibrosis_KC_mean"	-0.000503003310253845	0.004072108128423	-0.123524055450031	0.907650276468392	6	-0.245249934268182	6	1	1	"PBMC"	"SS"	0.933583141510346
"Mast_cells"	"Mast_cells-15"	"kidney_fibrosis_KC_mean"	-0.00233792723715091	0.00636794465989427	-0.367140005451888	0.732113350565792	6	-0.209250734179125	6	1	1	"PBMC"	"SS"	0.837247274393544
"Mast_cells"	"Mast_cells-16"	"kidney_fibrosis_KC_mean"	0.0377841526939	0.00929489765153021	4.06504236092149	0.0152851410463102	6	0.756389529860078	6	1	1	"PBMC"	"SS"	0.550265077667169
"Mast_cells"	"Mast_cells-17"	"kidney_fibrosis_KC_mean"	-0.00269786660642184	0.00316673308497356	-0.851940006950209	0.442249684066155	6	-0.0580215247246614	6	1	1	"PBMC"	"SS"	0.768241592144436
"Mast_cells"	"Mast_cells-18"	"kidney_fibrosis_KC_mean"	-0.00267750377754299	0.00335460233923367	-0.798158323038265	0.469480972977155	6	-0.0782701860619606	6	1	1	"PBMC"	"SS"	0.768241592144436
"Mast_cells"	"Mast_cells-2"	"kidney_fibrosis_KC_mean"	0.000533397584185553	0.00786046241043067	0.0678582959035267	0.949155042625807	6	-0.248562670783909	6	1	1	"PBMC"	"SS"	0.949155042625807
"Mast_cells"	"Mast_cells-3"	"kidney_fibrosis_KC_mean"	0.0247279043028886	0.0176112695670371	1.40409549741783	0.232969900203965	6	0.162687221281053	6	1	1	"PBMC"	"SS"	0.754604705755667
"Mast_cells"	"Mast_cells-4"	"kidney_fibrosis_KC_mean"	-0.00149728902499778	0.0112178007549483	-0.133474382163306	0.900264031094477	6	-0.244457370214651	6	1	1	"PBMC"	"SS"	0.933583141510346
"Mast_cells"	"Mast_cells-5"	"kidney_fibrosis_KC_mean"	0.0036603118218773	0.0126234099983827	0.289962206911306	0.786255415199067	6	-0.224266505267422	6	1	1	"PBMC"	"SS"	0.857733180217164
"Mast_cells"	"Mast_cells-6"	"kidney_fibrosis_KC_mean"	0.00315502261945395	0.00843633233032325	0.373980362071992	0.727398230344814	6	-0.20776992853704	6	1	1	"PBMC"	"SS"	0.837247274393544
"Mast_cells"	"Mast_cells-7"	"kidney_fibrosis_KC_mean"	-0.00845769638878981	0.00417041404825228	-2.02802318689058	0.112465457581813	6	0.383695900357272	6	1	1	"PBMC"	"SS"	0.674792745490877
"Mast_cells"	"Mast_cells-8"	"kidney_fibrosis_KC_mean"	-0.0148390516921331	0.0294965088582815	-0.503078237612072	0.641347764374604	6	-0.175616478477558	6	1	1	"PBMC"	"SS"	0.837247274393544
"Mast_cells"	"Mast_cells-9"	"kidney_fibrosis_KC_mean"	-0.00579957862556608	0.0086182032830562	-0.672945210861797	0.537859784124368	6	-0.122875034471408	6	1	1	"PBMC"	"SS"	0.837247274393544
"Megakaryocytes"	"Megakaryocytes-1"	"kidney_fibrosis_KC_mean"	0.0175171645836239	0.028615342662709	0.61215987486503	0.573519686746213	6	-0.142925140399486	6	1	1	"PBMC"	"SS"	0.85573947548455
"Megakaryocytes"	"Megakaryocytes-2"	"kidney_fibrosis_KC_mean"	-0.0148165363572462	0.0279280165371447	-0.530525908903698	0.623833992349947	6	-0.16782654497925	6	1	1	"PBMC"	"SS"	0.85573947548455
"Megakaryocytes"	"Megakaryocytes-3"	"kidney_fibrosis_KC_mean"	-0.00290805241664794	0.0086017984654658	-0.338074930297784	0.752305568227603	6	-0.215275135842593	6	1	1	"PBMC"	"SS"	0.85573947548455
"Megakaryocytes"	"Megakaryocytes-4"	"kidney_fibrosis_KC_mean"	-0.00433256099007414	0.0190182307070782	-0.227810938714801	0.83096430142396	6	-0.233989655571611	6	1	1	"PBMC"	"SS"	0.85573947548455
"Megakaryocytes"	"Megakaryocytes-5"	"kidney_fibrosis_KC_mean"	-0.000452763729241076	0.00233563781900681	-0.193850144725609	0.85573947548455	6	-0.238366206256598	6	1	1	"PBMC"	"SS"	0.85573947548455
"Megakaryocytes"	"Megakaryocytes-6"	"kidney_fibrosis_KC_mean"	0.00636382087501203	0.00562854451914239	1.13063347964452	0.321408142370618	6	0.052731063875879	6	1	1	"PBMC"	"SS"	0.748479375434548
"Megakaryocytes"	"Megakaryocytes-7"	"kidney_fibrosis_KC_mean"	-0.00137107196542653	0.00388503665918149	-0.352910946718169	0.741967273506092	6	-0.212254593536674	6	1	1	"PBMC"	"SS"	0.85573947548455
"Microglia"	"Microglia-1"	"kidney_fibrosis_KC_mean"	0.0165071844066688	0.0113161371614843	1.45872961515991	0.161869455384473	24	0.875785913521046	21	1	5	"HYP"	"mixed"	0.353979695058323
"Microglia"	"Microglia-10"	"kidney_fibrosis_KC_mean"	-0.00063842578287045	0.00102567191375599	-0.62244639275784	0.541454110793555	24	0.148367805305998	21	1	5	"HYP"	"mixed"	0.68140410180081
"Microglia"	"Microglia-11"	"kidney_fibrosis_KC_mean"	-0.00148193419831605	0.00132230574523659	-1.12071977578143	0.277137598404745	24	0.0438157856658318	21	1	5	"HYP"	"mixed"	0.423953081646044
"Microglia"	"Microglia-12"	"kidney_fibrosis_KC_mean"	-0.00111147022451169	0.000839810466765901	-1.32347746127998	0.202241631510054	24	0.0807994638360414	21	1	5	"HYP"	"mixed"	0.380690129901277
"Microglia"	"Microglia-13"	"kidney_fibrosis_KC_mean"	-0.000850044927136772	0.00109094199319809	-0.779184349339113	0.445995158106846	24	0.124977624104153	21	1	5	"HYP"	"mixed"	0.619714665345426
"Microglia"	"Microglia-14"	"kidney_fibrosis_KC_mean"	-0.0015242075082051	0.00147289159506131	-1.03484025118743	0.314447309765029	24	0.0538415782532081	21	1	5	"HYP"	"mixed"	0.470406479700722
"Microglia"	"Microglia-15"	"kidney_fibrosis_KC_mean"	-0.00146433144518365	0.00113104827862048	-1.29466749816345	0.211797353232608	24	0.0632329959781359	21	1	5	"HYP"	"mixed"	0.383632941704347
"Microglia"	"Microglia-16"	"kidney_fibrosis_KC_mean"	-0.001827431537116	0.00157595289022241	-1.15957243928662	0.261374126433618	24	0.0563876817712696	21	1	5	"HYP"	"mixed"	0.418198602293789
"Microglia"	"Microglia-2"	"kidney_fibrosis_KC_mean"	0.00581432665176216	0.0141429719915039	0.411110667210187	0.685844547565661	24	0.66057473813452	21	1	5	"HYP"	"mixed"	0.783822340075041
"Microglia"	"Microglia-3"	"kidney_fibrosis_KC_mean"	-0.00253335711992914	0.00221700834194535	-1.14269174003477	0.268138616076126	24	-0.123269753951809	21	1	5	"HYP"	"mixed"	0.421988641693576
"Microglia"	"Microglia-4"	"kidney_fibrosis_KC_mean"	-0.00229465003968818	0.00289769199019422	-0.791888871368407	0.438737435719602	24	0.450668227001109	21	1	5	"HYP"	"mixed"	0.619394026898262
"Microglia"	"Microglia-5"	"kidney_fibrosis_KC_mean"	-0.00411109647057229	0.00566750656647374	-0.725380098347229	0.477544403047901	24	0.169025678052103	21	1	5	"HYP"	"mixed"	0.645693840740824
"Microglia"	"Microglia-6"	"kidney_fibrosis_KC_mean"	-0.000156524898746865	0.000254698669204561	-0.614549338776295	0.546542873319399	24	0.423278800112734	21	1	5	"HYP"	"mixed"	0.68140410180081
"Microglia"	"Microglia-7"	"kidney_fibrosis_KC_mean"	-0.00320425280610708	0.00187329430612542	-1.71049086928285	0.10435494854234	24	0.186089123220995	21	1	5	"HYP"	"mixed"	0.303578032123171
"Microglia"	"Microglia-8"	"kidney_fibrosis_KC_mean"	-0.000309429727015232	0.00137011934297615	-0.225841441186499	0.823869227670944	24	0.139253415868517	21	1	5	"HYP"	"mixed"	0.850445654370006
"Microglia"	"Microglia-9"	"kidney_fibrosis_KC_mean"	-0.000814354373032451	0.000518334140165755	-1.5710992387498	0.133571586470766	24	0.275379109764849	21	1	5	"HYP"	"mixed"	0.326965017559107
"Monocytes"	"Monocytes-1"	"kidney_fibrosis_KC_mean"	0.00242722518709785	0.0108427499007949	0.22385697441199	0.824553834395308	35	0.657506432577292	25	4	4	"mixed"	"mixed"	0.979048482170568
"Monocytes"	"Monocytes-2"	"kidney_fibrosis_KC_mean"	-0.00106548916639125	0.00330471943972854	-0.322414409399539	0.749622112170859	35	0.954507096527631	25	4	4	"mixed"	"mixed"	0.979048482170568
"Monocytes"	"Monocytes-3"	"kidney_fibrosis_KC_mean"	-0.000385322755756965	0.0104853124928725	-0.0367488099204381	0.970955650544348	35	0.40403315524091	25	4	4	"mixed"	"mixed"	0.988609389645154
"Monocytes"	"Monocytes-4"	"kidney_fibrosis_KC_mean"	0.00020341262693222	0.00175485450019239	0.115914240701961	0.908578349567987	35	0.367526489411601	25	4	4	"mixed"	"mixed"	0.979048482170568
"Monocytes"	"Monocytes-5"	"kidney_fibrosis_KC_mean"	0.000464009942899623	0.00139255643389813	0.333207280943537	0.741551546514786	35	0.735602519518124	25	4	4	"mixed"	"mixed"	0.979048482170568
"Monocytes"	"Monocytes-6"	"kidney_fibrosis_KC_mean"	-0.000591157765182234	0.00144006507972863	-0.410507673232125	0.684673114324984	35	0.238750001180375	25	4	4	"mixed"	"mixed"	0.979048482170568
"Monocytes"	"Monocytes-7"	"kidney_fibrosis_KC_mean"	-0.00105267806959923	0.00140517237607841	-0.749145149392329	0.46024715926038	35	-0.0747017401521208	25	4	4	"mixed"	"mixed"	0.805432528705665
"Myelinating_OL"	"Myelinating_OL-1"	"kidney_fibrosis_KC_mean"	-0.00601261779079328	0.00706605546928931	-0.850915736074461	0.405993987678982	24	0.872349044636784	21	1	5	"HYP"	"mixed"	0.512226413819958
"Myelinating_OL"	"Myelinating_OL-10"	"kidney_fibrosis_KC_mean"	-0.00102556736812219	0.0032268904350479	-0.317819085824326	0.754279624494546	24	0.00235644324853679	21	1	5	"HYP"	"mixed"	0.844793179433892
"Myelinating_OL"	"Myelinating_OL-11"	"kidney_fibrosis_KC_mean"	-0.000149070536529476	0.000981849529796516	-0.151826254436737	0.88101273172527	24	0.114065826964439	21	1	5	"HYP"	"mixed"	0.93635235035283
"Myelinating_OL"	"Myelinating_OL-12"	"kidney_fibrosis_KC_mean"	-3.96132162561492e-05	0.000327579573715296	-0.120927003496798	0.905088525506033	24	0.293591914995699	21	1	5	"HYP"	"mixed"	0.938610322746997
"Myelinating_OL"	"Myelinating_OL-13"	"kidney_fibrosis_KC_mean"	-0.000195118851931964	0.000533952033228498	-0.365423932843169	0.719053773744409	24	0.149337911660951	21	1	5	"HYP"	"mixed"	0.827404342390827
"Myelinating_OL"	"Myelinating_OL-14"	"kidney_fibrosis_KC_mean"	-0.000177215153805612	0.000730440662867891	-0.242614031247687	0.811047385993547	24	0.079684976112575	21	1	5	"HYP"	"mixed"	0.8964207950455
"Myelinating_OL"	"Myelinating_OL-2"	"kidney_fibrosis_KC_mean"	0.00336938301147418	0.00674018979268516	0.499894382073756	0.623205361472292	24	0.800738917512493	21	1	5	"HYP"	"mixed"	0.742146403603265
"Myelinating_OL"	"Myelinating_OL-3"	"kidney_fibrosis_KC_mean"	0.0047728788116195	0.00193687056280129	2.46422187588854	0.0240264301318408	24	0.915248590396097	21	1	5	"HYP"	"mixed"	0.054546490029044
"Myelinating_OL"	"Myelinating_OL-4"	"kidney_fibrosis_KC_mean"	0.00365902459861381	0.0109752304298149	0.333389318977198	0.74269256769195	24	0.815962869232233	21	1	5	"HYP"	"mixed"	0.843056428190863
"Myelinating_OL"	"Myelinating_OL-5"	"kidney_fibrosis_KC_mean"	0.00061753430251674	0.00763129889355999	0.0809212574595752	0.936397544518467	24	0.0951480942452972	21	1	5	"HYP"	"mixed"	0.959236509018918
"Myelinating_OL"	"Myelinating_OL-6"	"kidney_fibrosis_KC_mean"	-0.0019443905177526	0.000866107447639891	-2.24497609742416	0.0375722837848555	24	0.829601361116812	21	1	5	"HYP"	"mixed"	0.0789017959481965
"Myelinating_OL"	"Myelinating_OL-7"	"kidney_fibrosis_KC_mean"	-0.00233983321658478	0.00613039995898856	-0.381677089951376	0.707169187648904	24	0.0652682301567135	21	1	5	"HYP"	"mixed"	0.825030718923722
"Myelinating_OL"	"Myelinating_OL-8"	"kidney_fibrosis_KC_mean"	7.35791984112897e-05	0.000469948579440368	0.156568615440673	0.87732754786582	24	0.797078004282308	21	1	5	"HYP"	"mixed"	0.93635235035283
"Myelinating_OL"	"Myelinating_OL-9"	"kidney_fibrosis_KC_mean"	-0.000608973270859475	0.000308464576822117	-1.97420811534756	0.0639057227044363	24	0.0272905100684719	21	1	5	"HYP"	"mixed"	0.122001834253924
"Neuronal"	"Neuronal-1"	"kidney_fibrosis_KC_mean"	0.00697901424180107	0.0117918211501326	0.591852111132351	0.561738846361481	23	0.518769253146327	23	1	5	"LV"	"mixed"	0.70956485856187
"Neuronal"	"Neuronal-10"	"kidney_fibrosis_KC_mean"	-0.00116527432925636	0.000940299462413867	-1.23925874238506	0.23208668708959	23	0.233428401003917	23	1	5	"LV"	"mixed"	0.334204829409009
"Neuronal"	"Neuronal-11"	"kidney_fibrosis_KC_mean"	0.000167898667748259	0.00173635511805493	0.0966960421876943	0.924098608142539	23	-0.0728992652713616	23	1	5	"LV"	"mixed"	0.948312785617455
"Neuronal"	"Neuronal-12"	"kidney_fibrosis_KC_mean"	0.00110953123530865	0.000843851815606661	1.31484132022751	0.206025239946948	23	0.205753693956763	23	1	5	"LV"	"mixed"	0.316697439471921
"Neuronal"	"Neuronal-2"	"kidney_fibrosis_KC_mean"	-0.00800249472437949	0.00532990633384061	-1.50143252491514	0.151589439452555	23	0.129936403516511	23	1	5	"LV"	"mixed"	0.272864226589945
"Neuronal"	"Neuronal-3"	"kidney_fibrosis_KC_mean"	0.00823957707091182	0.00693790384514539	1.18761765150107	0.251313351054008	23	0.880255735396618	23	1	5	"LV"	"mixed"	0.354795319135071
"Neuronal"	"Neuronal-4"	"kidney_fibrosis_KC_mean"	-0.00501111000833083	0.0035262822988269	-1.42107454357749	0.173379176318384	23	0.0534546157850577	23	1	5	"LV"	"mixed"	0.290309318486597
"Neuronal"	"Neuronal-5"	"kidney_fibrosis_KC_mean"	2.99828158591164e-05	0.00121938353712914	0.0245885030805866	0.980669512691808	23	0.437428034798953	23	1	5	"LV"	"mixed"	0.980669512691808
"Neuronal"	"Neuronal-6"	"kidney_fibrosis_KC_mean"	-0.00257882433025136	0.00106476982261601	-2.42195475066667	0.0269031539178643	23	0.211636270063949	23	1	5	"LV"	"mixed"	0.0745010416187012
"Neuronal"	"Neuronal-7"	"kidney_fibrosis_KC_mean"	0.00151005427357845	0.000730687131065291	2.06662223731365	0.0543508103009109	23	0.521358704560009	23	1	5	"LV"	"mixed"	0.116037435029998
"Neuronal"	"Neuronal-8"	"kidney_fibrosis_KC_mean"	-0.00236600294711439	0.00110310474877726	-2.14485791103429	0.04670648629085	23	0.36608819593189	23	1	5	"LV"	"mixed"	0.11209556709804
"Neuronal"	"Neuronal-9"	"kidney_fibrosis_KC_mean"	0.00108764803412507	0.00343589762737498	0.316554260947533	0.755435866634176	23	-0.126613575777785	23	1	5	"LV"	"mixed"	0.877280361252592
"Neutrophils"	"Neutrophils-1"	"kidney_fibrosis_KC_mean"	0.0257175114147869	0.00979120267840442	2.62659371473432	0.0467247089452366	9	0.96524612574128	9	2	2	"mixed"	"mixed"	0.103984293056645
"Neutrophils"	"Neutrophils-2"	"kidney_fibrosis_KC_mean"	0.00357566558619593	0.00227204475316641	1.57376547324288	0.176354221339405	9	0.997258988953478	9	2	2	"mixed"	"mixed"	0.245593069217648
"Neutrophils"	"Neutrophils-3"	"kidney_fibrosis_KC_mean"	-0.0205099163702427	0.012989181703392	-1.57899988148497	0.175169626669031	9	0.0769801026589891	9	2	2	"mixed"	"mixed"	0.245593069217648
"Neutrophils"	"Neutrophils-4"	"kidney_fibrosis_KC_mean"	0.00129469804276714	0.00347315033563093	0.372773395232818	0.724597078707832	9	-0.0633999990658585	9	2	2	"mixed"	"mixed"	0.772903550621688
"Neutrophils"	"Neutrophils-5"	"kidney_fibrosis_KC_mean"	-0.0043133528003187	0.00107876585430863	-3.99841428340636	0.0103396797728764	9	0.951734419115992	9	2	2	"mixed"	"mixed"	0.0367633058591159
"Neutrophils"	"Neutrophils-6"	"kidney_fibrosis_KC_mean"	-0.00612096830832044	0.00236185365466518	-2.59159507881878	0.0487426373703025	9	0.682618463002143	9	2	2	"mixed"	"mixed"	0.103984293056645
"Neutrophils"	"Neutrophils-7"	"kidney_fibrosis_KC_mean"	0.00188076071840377	0.00292083103270464	0.643912878678988	0.548000942718291	9	0.520826497186104	9	2	2	"mixed"	"mixed"	0.649482598777234
"Neutrophils"	"Neutrophils-8"	"kidney_fibrosis_KC_mean"	-0.00152439828327192	0.000989891933250441	-1.53996434566989	0.184194801913236	9	0.925630127253206	9	2	2	"mixed"	"mixed"	0.245593069217648
"NFO"	"NFO-1"	"kidney_fibrosis_KC_mean"	-0.00665812584241601	0.00271974838003816	-2.44806684739071	0.0293192870528517	18	0.901818069839788	16	1	4	"HYP"	"mixed"	0.0902131909318513
"NFO"	"NFO-2"	"kidney_fibrosis_KC_mean"	0.0140529618790766	0.00729365092108743	1.92673902701411	0.0761561163759955	18	0.0909999986785769	16	1	4	"HYP"	"mixed"	0.16758885502212
"NFO"	"NFO-3"	"kidney_fibrosis_KC_mean"	-0.00721809966353042	0.00310295516530284	-2.32620172674198	0.0368221302850574	18	0.331839414579925	16	1	4	"HYP"	"mixed"	0.105206086528735
"NFO"	"NFO-4"	"kidney_fibrosis_KC_mean"	-0.00213128377774873	0.00472427966591597	-0.451134125933568	0.659326291721689	18	0.749207400928373	16	1	4	"HYP"	"mixed"	0.775677990260811
"NFO"	"NFO-5"	"kidney_fibrosis_KC_mean"	-0.00206712456783442	0.00169786295856828	-1.21748610946641	0.245058051728801	18	0.189969741316294	16	1	4	"HYP"	"mixed"	0.363048965524149
"NFO"	"NFO-6"	"kidney_fibrosis_KC_mean"	0.00523363143307392	0.00161409930560017	3.24244698880402	0.00642090377962779	18	0.638734950191819	16	1	4	"HYP"	"mixed"	0.0285373501316791
"NFO"	"NFO-7"	"kidney_fibrosis_KC_mean"	0.000964765540383756	0.00180385629889488	0.534835031468311	0.601792503285575	18	0.521587787357284	16	1	4	"HYP"	"mixed"	0.763422295724962
"NFO"	"NFO-8"	"kidney_fibrosis_KC_mean"	-0.00217672500100465	0.00138204205236159	-1.57500634462253	0.139268694330934	18	-0.0279762169153768	16	1	4	"HYP"	"mixed"	0.242206424923364
"NK_cells"	"NK_cells-1"	"kidney_fibrosis_KC_mean"	-0.00902649397991253	0.00469067354544418	-1.92434922031177	0.0632421253572906	40	0.518336425694972	34	3	5	"mixed"	"mixed"	0.158105313393227
"NK_cells"	"NK_cells-10"	"kidney_fibrosis_KC_mean"	0.000949179312898432	0.00250321180927829	0.379184577741383	0.707055374335454	40	0.781581242967355	34	3	5	"mixed"	"mixed"	0.843390785963785
"NK_cells"	"NK_cells-2"	"kidney_fibrosis_KC_mean"	-0.000333293869296451	0.00161684717693889	-0.20613813973901	0.837988931017762	40	0.875022155126222	34	3	5	"mixed"	"mixed"	0.882093611597645
"NK_cells"	"NK_cells-3"	"kidney_fibrosis_KC_mean"	0.00169658930385814	0.0021989609258565	0.771541360243733	0.446046481938516	40	0.721857769010494	34	3	5	"mixed"	"mixed"	0.686225356828486
"NK_cells"	"NK_cells-4"	"kidney_fibrosis_KC_mean"	-0.00230769452917271	0.00199661196831821	-1.15580521693283	0.256317814855939	40	0.441574149670929	34	3	5	"mixed"	"mixed"	0.476870353220352
"NK_cells"	"NK_cells-5"	"kidney_fibrosis_KC_mean"	0.0133394163891912	0.00482602200442937	2.76406041600062	0.00939044457551017	40	0.899868629439504	34	3	5	"mixed"	"mixed"	0.0288936756169544
"NK_cells"	"NK_cells-6"	"kidney_fibrosis_KC_mean"	-0.000161418911852092	0.000266412998183743	-0.605897283362887	0.548856948855401	40	0.970327524840495	34	3	5	"mixed"	"mixed"	0.770168330843567
"NK_cells"	"NK_cells-7"	"kidney_fibrosis_KC_mean"	-0.000930348915312201	0.000958170802630963	-0.970963540902762	0.338848883033567	40	0.249246604392736	34	3	5	"mixed"	"mixed"	0.589302405275769
"NK_cells"	"NK_cells-8"	"kidney_fibrosis_KC_mean"	-0.000692965116010943	0.00113863107555966	-0.608594944302162	0.54708915234525	40	0.172164244702099	34	3	5	"mixed"	"mixed"	0.770168330843567
"NK_cells"	"NK_cells-9"	"kidney_fibrosis_KC_mean"	-0.00253296968439083	0.00240863921045046	-1.05161855432766	0.300851480303691	40	0.0279339675939444	34	3	5	"mixed"	"mixed"	0.53484707609545
"NKT"	"NKT-1"	"kidney_fibrosis_KC_mean"	-0.0016341678716853	0.0142614785139992	-0.11458614687679	0.909975413764037	24	0.933320027358557	20	2	3	"mixed"	"mixed"	0.909975413764037
"NKT"	"NKT-2"	"kidney_fibrosis_KC_mean"	-0.00145936708945824	0.00815867883745325	-0.178872966877782	0.859931045713388	24	0.846612920667092	20	2	3	"mixed"	"mixed"	0.909975413764037
"NKT"	"NKT-3"	"kidney_fibrosis_KC_mean"	-0.00164509703951457	0.0143370119614753	-0.114744762990718	0.909851371044712	24	0.601230899630185	20	2	3	"mixed"	"mixed"	0.909975413764037
"NKT"	"NKT-4"	"kidney_fibrosis_KC_mean"	-0.000378301645979767	0.00293318079340184	-0.128973177115694	0.898734359390582	24	0.404521915317797	20	2	3	"mixed"	"mixed"	0.909975413764037
"NKT"	"NKT-5"	"kidney_fibrosis_KC_mean"	0.00511693364663783	0.0186884118538144	0.273802487159627	0.78719082252758	24	0.444846258735744	20	2	3	"mixed"	"mixed"	0.909975413764037
"OPC"	"OPC-1"	"kidney_fibrosis_KC_mean"	0.00909490408268652	0.00635024112051416	1.43221397582933	0.169220220984305	24	0.948127733801749	21	1	5	"HYP"	"mixed"	0.262018406685375
"OPC"	"OPC-2"	"kidney_fibrosis_KC_mean"	0.00313000423233015	0.0058436021446052	0.535629249711972	0.598771413269112	24	0.945688023031403	21	1	5	"HYP"	"mixed"	0.653205178111758
"OPC"	"OPC-3"	"kidney_fibrosis_KC_mean"	-0.00474481152789044	0.00455742293856775	-1.04111722608339	0.311604037997644	24	-0.0736525197247755	21	1	5	"HYP"	"mixed"	0.415472050663525
"OPC"	"OPC-4"	"kidney_fibrosis_KC_mean"	-0.000640435575857653	0.00103067507187806	-0.62137485744239	0.542143086982847	24	0.537268565584907	21	1	5	"HYP"	"mixed"	0.634704101833577
"OPC"	"OPC-5"	"kidney_fibrosis_KC_mean"	-0.00373017876484369	0.0030194377538718	-1.23538852889433	0.232567989468161	24	0.151986132262297	21	1	5	"HYP"	"mixed"	0.338280711953688
"OPC"	"OPC-6"	"kidney_fibrosis_KC_mean"	-0.000905972294548718	0.00066092004599064	-1.37077442278328	0.187297253808877	24	0.45595320339651	21	1	5	"HYP"	"mixed"	0.280945880713315
"OPC"	"OPC-7"	"kidney_fibrosis_KC_mean"	-0.00158311686839903	0.00103526947728185	-1.52918337026179	0.143602521300923	24	0.416558381094818	21	1	5	"HYP"	"mixed"	0.229764034081478
"OPC"	"OPC-8"	"kidney_fibrosis_KC_mean"	-0.000620393283477164	0.00110816947267988	-0.559836106996223	0.582491824793004	24	0.159125334042767	21	1	5	"HYP"	"mixed"	0.650223432327074
"Pars_tuberalis_cell"	"Pars_tuberalis_cell-1"	"kidney_fibrosis_KC_mean"	0.0107343267767039	0.00558655955699121	1.9214557129836	0.0768717662671536	18	0.778799828526251	16	1	4	"HYP"	"mixed"	0.109816808953077
"Pars_tuberalis_cell"	"Pars_tuberalis_cell-2"	"kidney_fibrosis_KC_mean"	0.0203183633025294	0.00854022557366607	2.37913660795816	0.0333617023337254	18	0.767822081406638	16	1	4	"HYP"	"mixed"	0.0667234046674508
"Pars_tuberalis_cell"	"Pars_tuberalis_cell-3"	"kidney_fibrosis_KC_mean"	0.00908780119522803	0.00410925801443395	2.21154309690624	0.0455215585930772	18	0.876622840856899	16	1	4	"HYP"	"mixed"	0.0853529223620197
"Pars_tuberalis_cell"	"Pars_tuberalis_cell-4"	"kidney_fibrosis_KC_mean"	-0.0375203283039165	0.0111155397566062	-3.37548415331045	0.00497109563907619	18	0.44829046646388	16	1	4	"HYP"	"mixed"	0.0165703187969206
"Pars_tuberalis_cell"	"Pars_tuberalis_cell-5"	"kidney_fibrosis_KC_mean"	0.000752776896301956	0.00160725202419875	0.468362699171108	0.64728119476537	18	0.188893947663189	16	1	4	"HYP"	"mixed"	0.669601235964176
"Pars_tuberalis_cell"	"Pars_tuberalis_cell-6"	"kidney_fibrosis_KC_mean"	-0.00337293986684682	0.0017011297913026	-1.98276456275807	0.0689327791659651	18	0.427125090450633	16	1	4	"HYP"	"mixed"	0.10884123026205
"Pericyte"	"Pericyte-1"	"kidney_fibrosis_KC_mean"	0.00289786437552892	0.0080643549916032	0.359342362600139	0.721097672610383	51	0.739596770981206	46	3	5	"mixed"	"mixed"	0.86538374111703
"Pericyte"	"Pericyte-10"	"kidney_fibrosis_KC_mean"	0.000401353824592574	0.00160913156301684	0.249422628837201	0.804221538190285	51	0.1961452443893	46	3	5	"mixed"	"mixed"	0.899344515825695
"Pericyte"	"Pericyte-11"	"kidney_fibrosis_KC_mean"	-0.000233549678494372	0.00156327000710467	-0.149398170138842	0.881937972409625	51	0.579965057161924	46	3	5	"mixed"	"mixed"	0.935934174802052
"Pericyte"	"Pericyte-12"	"kidney_fibrosis_KC_mean"	-0.00068896000268094	0.00116739039141774	-0.590171041106679	0.558164915928735	51	0.0754707101459421	46	3	5	"mixed"	"mixed"	0.725614390707355
"Pericyte"	"Pericyte-13"	"kidney_fibrosis_KC_mean"	-0.000727861415134315	0.00104900431385018	-0.693859315471096	0.491502036725004	51	0.536913389892633	46	3	5	"mixed"	"mixed"	0.655336048966672
"Pericyte"	"Pericyte-2"	"kidney_fibrosis_KC_mean"	0.00150920401420406	0.00391206439658687	0.385781996717841	0.701560221721914	51	0.865093243271287	46	3	5	"mixed"	"mixed"	0.858379565400931
"Pericyte"	"Pericyte-3"	"kidney_fibrosis_KC_mean"	-0.00333005707886479	0.00209106680428356	-1.59251587373639	0.118594363262468	51	0.364672311549842	46	3	5	"mixed"	"mixed"	0.212651961712011
"Pericyte"	"Pericyte-4"	"kidney_fibrosis_KC_mean"	0.00125091859139435	0.00130180363921828	0.960911886945956	0.341968976399138	51	0.613728257133444	46	3	5	"mixed"	"mixed"	0.508068193507291
"Pericyte"	"Pericyte-5"	"kidney_fibrosis_KC_mean"	0.00202942904949869	0.00281965843974616	0.719742867040801	0.475577356972948	51	0.363064581003108	46	3	5	"mixed"	"mixed"	0.650790067436666
"Pericyte"	"Pericyte-6"	"kidney_fibrosis_KC_mean"	0.000321641988564054	0.00507441598741954	0.0633850258554812	0.949753650865191	51	0.618219512708294	46	3	5	"mixed"	"mixed"	0.958974560096892
"Pericyte"	"Pericyte-7"	"kidney_fibrosis_KC_mean"	-0.000644076560077668	0.00238141284174929	-0.270459850046225	0.788100457691659	51	0.717954736577059	46	3	5	"mixed"	"mixed"	0.890896169564485
"Pericyte"	"Pericyte-8"	"kidney_fibrosis_KC_mean"	-0.000318704952357381	0.00305960164899801	-0.104165505487211	0.917522354341037	51	0.482843866361367	46	3	5	"mixed"	"mixed"	0.944775493578889
"Pericyte"	"Pericyte-9"	"kidney_fibrosis_KC_mean"	-0.00246720215617316	0.000792878875275076	-3.11170121075203	0.00330036941760909	51	0.908730120194984	46	3	5	"mixed"	"mixed"	0.00903258998503542
"Plasma_cells"	"Plasma_cells-1"	"kidney_fibrosis_KC_mean"	-0.0502509122946674	0.0344045488852745	-1.46058919308125	0.240259800016732	5	0.220777316887093	5	1	1	"PBMC"	"SS"	0.992289882837545
"Plasma_cells"	"Plasma_cells-10"	"kidney_fibrosis_KC_mean"	0.000190276233452126	0.00451674966390681	0.0421268052494955	0.969044572884748	5	-0.332545058432883	5	1	1	"PBMC"	"SS"	0.992289882837545
"Plasma_cells"	"Plasma_cells-11"	"kidney_fibrosis_KC_mean"	0.00249801930931527	0.00100575861471397	2.48371654268723	0.0889768884841479	5	0.563740171159028	5	1	1	"PBMC"	"SS"	0.992289882837545
"Plasma_cells"	"Plasma_cells-12"	"kidney_fibrosis_KC_mean"	-0.000404752785857425	0.00260649390024782	-0.155286296975006	0.886455542096458	5	-0.322701531599384	5	1	1	"PBMC"	"SS"	0.992289882837545
"Plasma_cells"	"Plasma_cells-13"	"kidney_fibrosis_KC_mean"	0.000318560311539541	0.00336782408986362	0.0945893559281598	0.930604752707034	5	-0.329368648092943	5	1	1	"PBMC"	"SS"	0.992289882837545
"Plasma_cells"	"Plasma_cells-14"	"kidney_fibrosis_KC_mean"	0.000295816647524499	0.00254894635338772	0.116054481543458	0.914942062776437	5	-0.327374024517556	5	1	1	"PBMC"	"SS"	0.992289882837545
"Plasma_cells"	"Plasma_cells-15"	"kidney_fibrosis_KC_mean"	0.000122594014085997	0.00252495774788694	0.048552897246931	0.964327197293914	5	-0.332286429837315	5	1	1	"PBMC"	"SS"	0.992289882837545
"Plasma_cells"	"Plasma_cells-2"	"kidney_fibrosis_KC_mean"	0.0241843230474834	0.0477923641022678	0.506029017433265	0.647678639005089	5	-0.228476565972243	5	1	1	"PBMC"	"SS"	0.992289882837545
"Plasma_cells"	"Plasma_cells-3"	"kidney_fibrosis_KC_mean"	0.0110816141607066	0.00781401761427184	1.41817112626758	0.251170516691695	5	0.201789483154419	5	1	1	"PBMC"	"SS"	0.992289882837545
"Plasma_cells"	"Plasma_cells-4"	"kidney_fibrosis_KC_mean"	0.00931364065479111	0.00731368379958307	1.27345410466365	0.292570363811939	5	0.134514859559946	5	1	1	"PBMC"	"SS"	0.992289882837545
"Plasma_cells"	"Plasma_cells-5"	"kidney_fibrosis_KC_mean"	-0.000601921156458298	0.00416380566077462	-0.144560338665354	0.894223367641405	5	-0.324109721171629	5	1	1	"PBMC"	"SS"	0.992289882837545
"Plasma_cells"	"Plasma_cells-6"	"kidney_fibrosis_KC_mean"	-0.00127660247485116	0.0040187167396555	-0.317664209137714	0.771566290650265	5	-0.289943690991165	5	1	1	"PBMC"	"SS"	0.992289882837545
"Plasma_cells"	"Plasma_cells-7"	"kidney_fibrosis_KC_mean"	4.23384990844507e-05	0.00367643792929054	0.0115161740518276	0.991534650125648	5	-0.33327439271015	5	1	1	"PBMC"	"SS"	0.992289882837545
"Plasma_cells"	"Plasma_cells-8"	"kidney_fibrosis_KC_mean"	0.00446198026289634	0.00258467681407052	1.72632038118117	0.18274672225821	5	0.331124042565404	5	1	1	"PBMC"	"SS"	0.992289882837545
"Plasma_cells"	"Plasma_cells-9"	"kidney_fibrosis_KC_mean"	2.50255709549206e-05	0.00238595303710803	0.0104887106182331	0.992289882837545	5	-0.333284440437204	5	1	1	"PBMC"	"SS"	0.992289882837545
"Plasmablasts"	"Plasmablasts-1"	"kidney_fibrosis_KC_mean"	0.00873180587192027	0.0267559855604058	0.32634962566439	0.760521029400817	6	-0.217580673200404	6	1	1	"PBMC"	"SS"	0.845023366000908
"Plasmablasts"	"Plasmablasts-10"	"kidney_fibrosis_KC_mean"	0.00257689432580889	0.00147708296095761	1.7445833402196	0.15600023248151	6	0.290132806496286	6	1	1	"PBMC"	"SS"	0.44571494994717
"Plasmablasts"	"Plasmablasts-2"	"kidney_fibrosis_KC_mean"	-0.00543680730905484	0.00626970386971539	-0.867155358854555	0.434779735585861	6	-0.052197759718245	6	1	1	"PBMC"	"SS"	0.621113907979801
"Plasmablasts"	"Plasmablasts-3"	"kidney_fibrosis_KC_mean"	0.00923821248279456	0.00888195311157443	1.0401104764622	0.357023970987108	6	0.0161024289310397	6	1	1	"PBMC"	"SS"	0.582816655800903
"Plasmablasts"	"Plasmablasts-4"	"kidney_fibrosis_KC_mean"	-0.00641995890917782	0.0064941055968639	-0.988582463500149	0.378830826270587	6	-0.00456165679352738	6	1	1	"PBMC"	"SS"	0.582816655800903
"Plasmablasts"	"Plasmablasts-5"	"kidney_fibrosis_KC_mean"	-0.00176225675806981	0.00249038213849478	-0.707625039077313	0.518229025930872	6	-0.110930104571053	6	1	1	"PBMC"	"SS"	0.690972034574496
"Plasmablasts"	"Plasmablasts-6"	"kidney_fibrosis_KC_mean"	-0.00702044547315235	0.00603357052797714	-1.16356400254197	0.309277199604848	6	0.0660980652323603	6	1	1	"PBMC"	"SS"	0.562322181099724
"Plasmablasts"	"Plasmablasts-7"	"kidney_fibrosis_KC_mean"	-0.000538862435500214	0.0037622532521622	-0.143228645012274	0.893035159985053	6	-0.243621946571157	6	1	1	"PBMC"	"SS"	0.893035159985053
"Plasmablasts"	"Plasmablasts-8"	"kidney_fibrosis_KC_mean"	-0.00143641428187623	0.00368464167700268	-0.389838255057871	0.716523527725906	6	-0.20424650116907	6	1	1	"PBMC"	"SS"	0.842968856148125
"Plasmablasts"	"Plasmablasts-9"	"kidney_fibrosis_KC_mean"	0.00206783248630754	0.000945279056842968	2.18753654948589	0.0939501228403435	6	0.430868518378504	6	1	1	"PBMC"	"SS"	0.411009711727651
"POD"	"POD-1"	"kidney_fibrosis_KC_mean"	-0.000868520402573407	0.0115969932808465	-0.0748918604624741	0.941044791234484	26	0.740549123211482	26	1	5	"LK"	"mixed"	0.986287293186429
"POD"	"POD-2"	"kidney_fibrosis_KC_mean"	-0.00673456365582718	0.00965624663649131	-0.697430783341534	0.493561805282327	26	0.81351297140353	26	1	5	"LK"	"mixed"	0.61189402732568
"POD"	"POD-3"	"kidney_fibrosis_KC_mean"	0.0124408240321754	0.0156464989228879	0.795118709526561	0.435879558879621	26	0.46420634156311	26	1	5	"LK"	"mixed"	0.56041657570237
"POD"	"POD-4"	"kidney_fibrosis_KC_mean"	0.00842063407665469	0.0125498400187442	0.67097541196364	0.509911689438067	26	-0.0278495625660835	26	1	5	"LK"	"mixed"	0.61189402732568
"POD"	"POD-5"	"kidney_fibrosis_KC_mean"	-0.00518675942378348	0.00351674202752545	-1.47487628696869	0.155814756618542	26	0.20789840606906	26	1	5	"LK"	"mixed"	0.280466561913376
"POD"	"POD-6"	"kidney_fibrosis_KC_mean"	-0.00807161462664596	0.00526843654135579	-1.5320702001981	0.141171073343508	26	0.221893756017234	26	1	5	"LK"	"mixed"	0.280466561913376
"Premyelinating_OL"	"Premyelinating_OL-1"	"kidney_fibrosis_KC_mean"	0.00419515719043522	0.00831582693405897	0.504478655424296	0.622367111997715	18	0.210502912049489	16	1	4	"HYP"	"mixed"	0.752894464516826
"Premyelinating_OL"	"Premyelinating_OL-10"	"kidney_fibrosis_KC_mean"	0.000169913452536747	8.61095406121816e-05	1.97322446884254	0.0701166609307415	18	0.0672896812063875	16	1	4	"HYP"	"mixed"	0.280466643722966
"Premyelinating_OL"	"Premyelinating_OL-11"	"kidney_fibrosis_KC_mean"	0.000177831582220199	0.000145975089163336	1.21823239320797	0.244783858872303	18	-0.0273009904107422	16	1	4	"HYP"	"mixed"	0.469487893901919
"Premyelinating_OL"	"Premyelinating_OL-12"	"kidney_fibrosis_KC_mean"	-8.80899191521735e-05	6.60890813818967e-05	-1.3328967101713	0.205455556159756	18	-0.0083019918618561	16	1	4	"HYP"	"mixed"	0.410911112319512
"Premyelinating_OL"	"Premyelinating_OL-2"	"kidney_fibrosis_KC_mean"	-0.0178807895364098	0.0110534445152903	-1.61766673833439	0.129729880907675	18	0.335419014587473	16	1	4	"HYP"	"mixed"	0.359753623270873
"Premyelinating_OL"	"Premyelinating_OL-3"	"kidney_fibrosis_KC_mean"	0.012374751057276	0.00602274120309356	2.05467089486093	0.0605840801545777	18	0.253137446470808	16	1	4	"HYP"	"mixed"	0.280466643722966
"Premyelinating_OL"	"Premyelinating_OL-4"	"kidney_fibrosis_KC_mean"	0.000524849713473195	0.0107001587900413	0.0490506471699912	0.961624533984072	18	0.493207196514328	16	1	4	"HYP"	"mixed"	0.977923254899056
"Premyelinating_OL"	"Premyelinating_OL-5"	"kidney_fibrosis_KC_mean"	0.00015910236888274	0.000377460732871996	0.421507073523048	0.68027104352198	18	-0.217884437200309	16	1	4	"HYP"	"mixed"	0.770118162477714
"Premyelinating_OL"	"Premyelinating_OL-6"	"kidney_fibrosis_KC_mean"	0.000383020207876835	0.000233884421116861	1.63764737321028	0.125460527383821	18	0.293908487092137	16	1	4	"HYP"	"mixed"	0.359753623270873
"Premyelinating_OL"	"Premyelinating_OL-7"	"kidney_fibrosis_KC_mean"	7.34659008804608e-05	0.000441192156726506	0.166516788116889	0.870312317945534	18	0.154302633201062	16	1	4	"HYP"	"mixed"	0.916118229416351
"Premyelinating_OL"	"Premyelinating_OL-8"	"kidney_fibrosis_KC_mean"	5.84874113031754e-05	0.00020605539243955	0.283843148246333	0.781000915118533	18	0.183496853348512	16	1	4	"HYP"	"mixed"	0.867778794576148
"Premyelinating_OL"	"Premyelinating_OL-9"	"kidney_fibrosis_KC_mean"	-0.000147699429322594	9.74592077735854e-05	-1.51549999940206	0.15357779709395	18	0.235079055523393	16	1	4	"HYP"	"mixed"	0.359753623270873
"PT"	"PT-1"	"kidney_fibrosis_KC_mean"	-0.000566442516758528	0.00453063486893142	-0.125024976221959	0.901751937527386	26	0.684497129464161	26	1	5	"LK"	"mixed"	0.966260968823396
"PT"	"PT-10"	"kidney_fibrosis_KC_mean"	-9.48819667972969e-05	0.000386194124109846	-0.245684646331671	0.808429968686707	26	0.991863066319832	26	1	5	"LK"	"mixed"	0.945647453212625
"PT"	"PT-11"	"kidney_fibrosis_KC_mean"	0.00734997237188926	0.00380321158636598	1.93256993595569	0.0675762893940642	26	0.339994732007723	26	1	5	"LK"	"mixed"	0.149379166028984
"PT"	"PT-12"	"kidney_fibrosis_KC_mean"	-0.00542489378931505	0.00380558133961786	-1.4255098775158	0.169431074817894	26	-0.0235083703809149	26	1	5	"LK"	"mixed"	0.295978470113755
"PT"	"PT-13"	"kidney_fibrosis_KC_mean"	-0.00832498813484392	0.00551704960815079	-1.50895654854086	0.146946225928537	26	-0.00796193741007922	26	1	5	"LK"	"mixed"	0.274299621733269
"PT"	"PT-14"	"kidney_fibrosis_KC_mean"	-0.00597333615026094	0.00429535972268094	-1.39064863851093	0.179613372443922	26	-0.0105993466626604	26	1	5	"LK"	"mixed"	0.301750465705789
"PT"	"PT-2"	"kidney_fibrosis_KC_mean"	0.0116704410917273	0.00548537851928952	2.12755437946311	0.0460038439329026	26	0.610360808440275	26	1	5	"LK"	"mixed"	0.113656555598936
"PT"	"PT-3"	"kidney_fibrosis_KC_mean"	0.00117712191371088	0.00253300647529827	0.464713345658648	0.647156134269738	26	0.946949462874727	26	1	5	"LK"	"mixed"	0.823653261797848
"PT"	"PT-4"	"kidney_fibrosis_KC_mean"	-7.98685318837377e-05	0.0052862119186882	-0.0151088403401651	0.988095054310091	26	0.372839398743404	26	1	5	"LK"	"mixed"	0.999541613812113
"PT"	"PT-5"	"kidney_fibrosis_KC_mean"	0.000859111071323466	0.00174281556628414	0.492944341296639	0.627420553570692	26	0.973112638352349	26	1	5	"LK"	"mixed"	0.823489476561533
"PT"	"PT-6"	"kidney_fibrosis_KC_mean"	-0.00460048946824041	0.00635580537135084	-0.723824786859802	0.477555081433011	26	0.471964065286368	26	1	5	"LK"	"mixed"	0.679908929497846
"PT"	"PT-7"	"kidney_fibrosis_KC_mean"	0.00440072027780381	0.00481070676745125	0.914776246097274	0.371206922810229	26	0.461298858923693	26	1	5	"LK"	"mixed"	0.547041780983496
"PT"	"PT-8"	"kidney_fibrosis_KC_mean"	2.59823815707538e-06	0.00446643526038353	0.000581725247452098	0.999541613812113	26	0.725366189399586	26	1	5	"LK"	"mixed"	0.999541613812113
"PT"	"PT-9"	"kidney_fibrosis_KC_mean"	-0.000395064406511879	0.00334449124880514	-0.118123916949407	0.907147786209038	26	0.563618177398447	26	1	5	"LK"	"mixed"	0.966260968823396
"T_cells"	"T_cells-1"	"kidney_fibrosis_KC_mean"	-0.00517123065614403	0.00652856131325274	-0.792093450305295	0.433642229299146	44	0.648641311158648	31	4	5	"mixed"	"mixed"	0.682986511146154
"T_cells"	"T_cells-2"	"kidney_fibrosis_KC_mean"	0.001451799521521	0.000729376041501382	1.99046779564153	0.0543938665936821	44	0.984140453855379	31	4	5	"mixed"	"mixed"	0.155764254336453
"T_cells"	"T_cells-3"	"kidney_fibrosis_KC_mean"	-0.00247535402053267	0.00213902032430362	-1.15723726063171	0.255012463158656	44	0.628050312162823	31	4	5	"mixed"	"mixed"	0.502055786843603
"T_cells"	"T_cells-4"	"kidney_fibrosis_KC_mean"	-0.00163483045947424	0.00290473600278479	-0.562815504716061	0.577148224400537	44	0.252411310908847	31	4	5	"mixed"	"mixed"	0.786065014731153
"T_cells"	"T_cells-5"	"kidney_fibrosis_KC_mean"	-0.00203935922809433	0.00397770689537822	-0.512697210159929	0.611383900346452	44	0.00997396743623424	31	4	5	"mixed"	"mixed"	0.786065014731153
"T_cells"	"T_cells-6"	"kidney_fibrosis_KC_mean"	0.0104351503540247	0.00639358385542039	1.63212848849679	0.111618744083	44	0.70896761008225	31	4	5	"mixed"	"mixed"	0.270460802970345
"T_cells"	"T_cells-7"	"kidney_fibrosis_KC_mean"	-0.000566175511300479	0.000826964452596011	-0.684643105907561	0.498078156766145	44	0.156293826036573	31	4	5	"mixed"	"mixed"	0.717759036862844
"TAL"	"TAL-1"	"kidney_fibrosis_KC_mean"	0.00992636464718105	0.00979004125234001	1.01392470075736	0.322728594033404	26	0.503898983460655	26	1	5	"LK"	"mixed"	0.484092891050107
"TAL"	"TAL-10"	"kidney_fibrosis_KC_mean"	-0.00166232807079766	0.00193088600035944	-0.860914663262467	0.399488807881226	26	0.233262363611321	26	1	5	"LK"	"mixed"	0.544757465292581
"TAL"	"TAL-11"	"kidney_fibrosis_KC_mean"	7.85433594245438e-06	0.000355632312894671	0.0220855520088261	0.982598574586801	26	0.453778934014204	26	1	5	"LK"	"mixed"	0.993639008009124
"TAL"	"TAL-12"	"kidney_fibrosis_KC_mean"	-0.00190358903551493	0.00135761017683207	-1.40216173095938	0.176197737976887	26	0.0500836688528135	26	1	5	"LK"	"mixed"	0.317155928358397
"TAL"	"TAL-13"	"kidney_fibrosis_KC_mean"	-0.000962646458629289	0.00111377777333145	-0.86430747827719	0.397667027868209	26	-0.0492402373604028	26	1	5	"LK"	"mixed"	0.544757465292581
"TAL"	"TAL-14"	"kidney_fibrosis_KC_mean"	-0.00175262791456632	0.00152188157030919	-1.15161911988345	0.263059029956167	26	-0.0117120208726114	26	1	5	"LK"	"mixed"	0.438380158310869
"TAL"	"TAL-15"	"kidney_fibrosis_KC_mean"	-0.00460290501698341	0.00403541507496686	-1.14062740299923	0.267500214529164	26	-0.0338885127601625	26	1	5	"LK"	"mixed"	0.438380158310869
"TAL"	"TAL-2"	"kidney_fibrosis_KC_mean"	-0.00752156116320632	0.00808096721179337	-0.930774864700522	0.363069893198732	26	0.448448882742938	26	1	5	"LK"	"mixed"	0.510567037310717
"TAL"	"TAL-3"	"kidney_fibrosis_KC_mean"	-0.000234353595809629	0.00178370716293148	-0.131385689691616	0.896782895940525	26	0.987974577471489	26	1	5	"LK"	"mixed"	0.936440658913536
"TAL"	"TAL-4"	"kidney_fibrosis_KC_mean"	0.00105557644200197	0.00279781517561263	0.377285980576197	0.709934857900764	26	0.694221211444493	26	1	5	"LK"	"mixed"	0.82979398975414
"TAL"	"TAL-5"	"kidney_fibrosis_KC_mean"	0.000745083976492914	0.00120998716534348	0.615778413055652	0.544985536772687	26	0.984555815693981	26	1	5	"LK"	"mixed"	0.69082673675411
"TAL"	"TAL-6"	"kidney_fibrosis_KC_mean"	0.00930953356232222	0.00321092353196795	2.89933206743684	0.00886723275943682	26	0.72827656412213	26	1	5	"LK"	"mixed"	0.0266016982783105
"TAL"	"TAL-7"	"kidney_fibrosis_KC_mean"	-0.000283905614657431	0.00189834102084041	-0.149554590845718	0.882613888223653	26	0.515878709177989	26	1	5	"LK"	"mixed"	0.936440658913536
"TAL"	"TAL-8"	"kidney_fibrosis_KC_mean"	-0.00252184674219491	0.00140558709535119	-1.7941590034055	0.0879205727033788	26	0.308500464851161	26	1	5	"LK"	"mixed"	0.175841145406758
"TAL"	"TAL-9"	"kidney_fibrosis_KC_mean"	0.00040135064841928	0.00137915215083287	0.291012596526717	0.774038186600088	26	0.345824432319808	26	1	5	"LK"	"mixed"	0.893120984538563
"Tanycyte"	"Tanycyte-1"	"kidney_fibrosis_KC_mean"	0.00134496421164516	0.00396581870910353	0.339139106020605	0.738429464441064	24	0.967272929196321	21	1	5	"HYP"	"mixed"	0.795231730936531
"Tanycyte"	"Tanycyte-10"	"kidney_fibrosis_KC_mean"	-5.18090308402548e-05	0.000902465175945671	-0.0574083435252395	0.954852410436638	24	0.27966089875757	21	1	5	"HYP"	"mixed"	0.954852410436638
"Tanycyte"	"Tanycyte-11"	"kidney_fibrosis_KC_mean"	-9.25362223113254e-05	0.000209897782034163	-0.440863268847045	0.664561318559052	24	0.497472161329553	21	1	5	"HYP"	"mixed"	0.734515141565268
"Tanycyte"	"Tanycyte-12"	"kidney_fibrosis_KC_mean"	-0.000331306519613672	0.00071785063105757	-0.461525706435023	0.649950094335536	24	0.157285826449539	21	1	5	"HYP"	"mixed"	0.7279441056558
"Tanycyte"	"Tanycyte-13"	"kidney_fibrosis_KC_mean"	-0.000210112687850898	0.000512906911204254	-0.409650724646261	0.686896084515001	24	0.28012782614275	21	1	5	"HYP"	"mixed"	0.749341183107274
"Tanycyte"	"Tanycyte-14"	"kidney_fibrosis_KC_mean"	-0.000296731113096839	0.000503045415230828	-0.589869431491946	0.562610423543963	24	0.146639477320033	21	1	5	"HYP"	"mixed"	0.656378827467957
"Tanycyte"	"Tanycyte-2"	"kidney_fibrosis_KC_mean"	0.00395972505602785	0.00460911661707124	0.85910715328005	0.401578080527617	24	0.925929717164742	21	1	5	"HYP"	"mixed"	0.488877663251012
"Tanycyte"	"Tanycyte-3"	"kidney_fibrosis_KC_mean"	-0.00197529243748598	0.00232886598236484	-0.848177805182319	0.40747696945516	24	0.94049996927767	21	1	5	"HYP"	"mixed"	0.488972363346192
"Tanycyte"	"Tanycyte-4"	"kidney_fibrosis_KC_mean"	0.000657725311015801	0.00262129255949326	0.250916407111364	0.804720665457613	24	0.9507540861452	21	1	5	"HYP"	"mixed"	0.834525134548635
"Tanycyte"	"Tanycyte-5"	"kidney_fibrosis_KC_mean"	0.0047829994260804	0.00180820881208131	2.64515878593413	0.0164563489686343	24	0.687366710286376	21	1	5	"HYP"	"mixed"	0.036377192456981
"Tanycyte"	"Tanycyte-6"	"kidney_fibrosis_KC_mean"	-0.00343858388576422	0.00187389876005299	-1.83498914619431	0.0830886726234388	24	0.525222613703246	21	1	5	"HYP"	"mixed"	0.152116026454083
"Tanycyte"	"Tanycyte-7"	"kidney_fibrosis_KC_mean"	-0.00332793241720966	0.00213114389757659	-1.56157095773495	0.135798705656951	24	0.181840326335752	21	1	5	"HYP"	"mixed"	0.219367139907382
"Tanycyte"	"Tanycyte-8"	"kidney_fibrosis_KC_mean"	0.000734252301361673	0.00147128182208466	0.499056190554512	0.623784076346826	24	0.828986140709652	21	1	5	"HYP"	"mixed"	0.717778937166211
"Tanycyte"	"Tanycyte-9"	"kidney_fibrosis_KC_mean"	-0.00175536199195803	0.00379904166119623	-0.462053893719425	0.649578467302609	24	0.250386498821983	21	1	5	"HYP"	"mixed"	0.7279441056558
"TL"	"TL-1"	"kidney_fibrosis_KC_mean"	0.00210052492363937	0.00235719642129177	0.891111536003544	0.383464623209238	26	0.986361724931652	26	1	5	"LK"	"mixed"	0.541361821001277
"TL"	"TL-2"	"kidney_fibrosis_KC_mean"	0.0125092869847263	0.0124041059313008	1.00847953524486	0.32527042987606	26	0.671322494256732	26	1	5	"LK"	"mixed"	0.473120625274269
"TL"	"TL-3"	"kidney_fibrosis_KC_mean"	-0.010565907946285	0.00550858647446837	-1.91807970978702	0.0694915686732833	26	0.818622209905203	26	1	5	"LK"	"mixed"	0.119173974444027
"TL"	"TL-4"	"kidney_fibrosis_KC_mean"	0.000375079029784894	0.0118158119892987	0.0317438217639715	0.974991003271083	26	0.0701819173079336	26	1	5	"LK"	"mixed"	0.974991003271083
"TL"	"TL-5"	"kidney_fibrosis_KC_mean"	-0.00479695403394241	0.00328890131694835	-1.45852780964353	0.16022169802837	26	0.52420505792482	26	1	5	"LK"	"mixed"	0.248085209850379
"TL"	"TL-6"	"kidney_fibrosis_KC_mean"	-0.00109804930544955	0.00202469541483913	-0.542328143483643	0.593584574217459	26	0.363560405934164	26	1	5	"LK"	"mixed"	0.715068354216778
"TL"	"TL-7"	"kidney_fibrosis_KC_mean"	0.000103658370303612	0.00321101925752046	0.032282076808115	0.974567098720348	26	0.318009428792144	26	1	5	"LK"	"mixed"	0.974991003271083
"TL"	"TL-8"	"kidney_fibrosis_KC_mean"	0.00137236197722281	0.000993609791681923	1.38118805663112	0.182459550905685	26	0.544708675881354	26	1	5	"LK"	"mixed"	0.273689326358527
"VSMC"	"VSMC-1"	"kidney_fibrosis_KC_mean"	-0.00089600443873235	0.00630966461220779	-0.142005081696226	0.888170657928664	34	0.921396686274964	31	3	5	"mixed"	"mixed"	0.953783787089194
"VSMC"	"VSMC-10"	"kidney_fibrosis_KC_mean"	0.00168639840280059	0.0115171689358163	0.146424734428979	0.884715523666798	34	0.231988814931529	31	3	5	"mixed"	"mixed"	0.953783787089194
"VSMC"	"VSMC-11"	"kidney_fibrosis_KC_mean"	-0.000164414657678023	0.00141938843835642	-0.115834857629534	0.908673464792102	34	0.951523968214643	31	3	5	"mixed"	"mixed"	0.953783787089194
"VSMC"	"VSMC-2"	"kidney_fibrosis_KC_mean"	0.00112654503981095	0.00335391852994024	0.335889208325828	0.739649983353365	34	0.456642604882156	31	3	5	"mixed"	"mixed"	0.856436822830212
"VSMC"	"VSMC-3"	"kidney_fibrosis_KC_mean"	0.00455486620008802	0.00154611750733401	2.94600260231323	0.00670712062974035	34	0.691047354909373	31	3	5	"mixed"	"mixed"	0.0324804681093233
"VSMC"	"VSMC-4"	"kidney_fibrosis_KC_mean"	-0.000507291921358505	0.000688921402459304	-0.736356744829788	0.468105948664141	34	0.000955890710406804	31	3	5	"mixed"	"mixed"	0.664408443265232
"VSMC"	"VSMC-5"	"kidney_fibrosis_KC_mean"	-0.00042663664959855	0.00375570703222471	-0.113596892925333	0.91042997858514	34	0.483597796489076	31	3	5	"mixed"	"mixed"	0.953783787089194
"VSMC"	"VSMC-6"	"kidney_fibrosis_KC_mean"	-0.000668923789391468	0.0021077388885337	-0.317365586900008	0.753500857067214	34	0.203550332150798	31	3	5	"mixed"	"mixed"	0.861143836648244
"VSMC"	"VSMC-7"	"kidney_fibrosis_KC_mean"	-0.00480791988014019	0.00371978865147524	-1.29252501435355	0.207544693937491	34	0.284267978743351	31	3	5	"mixed"	"mixed"	0.45659832666248
"VSMC"	"VSMC-8"	"kidney_fibrosis_KC_mean"	-0.00155172650723062	0.00169320520600716	-0.916443264954181	0.367857145230265	34	0.336777589716647	31	3	5	"mixed"	"mixed"	0.598619431455066
"VSMC"	"VSMC-9"	"kidney_fibrosis_KC_mean"	0.00165510820143014	0.00185631229709258	0.891610858809928	0.38077907458778	34	0.0297700802951462	31	3	5	"mixed"	"mixed"	0.598619431455066
"Activated_microglia"	"Activated_microglia-1"	"kidney_fibrosis_OM_mean"	-0.019824785289003	0.0191525093339284	-1.03510119448859	0.348064983106914	8	-0.152822497751614	8	1	2	"HYP"	"mixed"	0.640899605484816
"Activated_microglia"	"Activated_microglia-2"	"kidney_fibrosis_OM_mean"	0.015825882280039	0.0168855624995831	0.937243416109458	0.391660870018499	8	-0.184901038343456	8	1	2	"HYP"	"mixed"	0.640899605484816
"Activated_microglia"	"Activated_microglia-3"	"kidney_fibrosis_OM_mean"	0.00585623476255537	0.00405145885607744	1.445463219692	0.207953242218036	8	0.0142602299480508	8	1	2	"HYP"	"mixed"	0.467894794990581
"Activated_microglia"	"Activated_microglia-4"	"kidney_fibrosis_OM_mean"	3.49243038506398e-05	0.00132628355702196	0.0263324563331381	0.980010818848751	8	-0.36210956841668	8	1	2	"HYP"	"mixed"	0.980010818848751
"Activated_microglia"	"Activated_microglia-5"	"kidney_fibrosis_OM_mean"	-0.00175646263821872	0.00060098432844726	-2.92264299596102	0.0329125689834966	8	0.684660395687108	8	1	2	"HYP"	"mixed"	0.109852131079764
"Activated_microglia"	"Activated_microglia-6"	"kidney_fibrosis_OM_mean"	-0.000135793419223309	0.000704018638462545	-0.192883272976775	0.854640420899018	8	-0.21896721329006	8	1	2	"HYP"	"mixed"	0.904913386834255
"Adipocyte"	"Adipocyte-1"	"kidney_fibrosis_OM_mean"	0.000175391006160878	0.0204650883954211	0.00857025402343828	0.993439859526819	11	0.786618615895241	11	1	4	"MSA"	"mixed"	0.993439859526819
"Adipocyte"	"Adipocyte-2"	"kidney_fibrosis_OM_mean"	0.00526841516794273	0.0199366451165645	0.264257859692022	0.800423865659062	11	0.573392334634313	11	1	4	"MSA"	"mixed"	0.857596998920423
"Adipocyte"	"Adipocyte-3"	"kidney_fibrosis_OM_mean"	0.00318475228595401	0.00936861156288598	0.339938555951076	0.745487326177965	11	0.749572605647864	11	1	4	"MSA"	"mixed"	0.838673241950211
"Adipocyte"	"Adipocyte-4"	"kidney_fibrosis_OM_mean"	-0.0124655213689138	0.00844091214349939	-1.47679790489395	0.190193714051224	11	0.231538630916145	11	1	4	"MSA"	"mixed"	0.427935856615255
"Adipocyte"	"Adipocyte-5"	"kidney_fibrosis_OM_mean"	-0.000465503942373426	0.00423587990768758	-0.109895453251306	0.916075824065084	11	-0.199727929954188	11	1	4	"MSA"	"mixed"	0.936895729157473
"Adipocyte"	"Adipocyte-6"	"kidney_fibrosis_OM_mean"	0.00170987306891937	0.00304665720081379	0.561229228041358	0.594965161380326	11	0.918401402591488	11	1	4	"MSA"	"mixed"	0.723221639941654
"Adipocyte"	"Adipocyte-7"	"kidney_fibrosis_OM_mean"	0.00249911525911795	0.00248111277307621	1.00725581127835	0.352691266561969	11	0.151053822327809	11	1	4	"MSA"	"mixed"	0.547279551561676
"Adipocyte"	"Adipocyte-8"	"kidney_fibrosis_OM_mean"	0.000977362240367969	0.00312330439584589	0.312925708319655	0.764928610273675	11	0.791883105939762	11	1	4	"MSA"	"mixed"	0.83955579176379
"Adipocyte"	"Adipocyte-9"	"kidney_fibrosis_OM_mean"	-0.00088388371717569	0.0025403304292152	-0.347940451765857	0.739766740053953	11	-0.277212362821692	11	1	4	"MSA"	"mixed"	0.838673241950211
"Astrocyte"	"Astrocyte-1"	"kidney_fibrosis_OM_mean"	0.00981950379141044	0.0120672110737886	0.813734319501509	0.427741788030913	22	0.921844258585658	20	1	5	"HYP"	"mixed"	0.600658681064686
"Astrocyte"	"Astrocyte-10"	"kidney_fibrosis_OM_mean"	-0.00157144687416637	0.00267469450750888	-0.58752387226082	0.56505210994137	22	0.00424161563911829	20	1	5	"HYP"	"mixed"	0.690619245483897
"Astrocyte"	"Astrocyte-11"	"kidney_fibrosis_OM_mean"	-0.000397597614411996	0.000407158625792965	-0.976517723620986	0.343342457261347	22	0.076927967024186	20	1	5	"HYP"	"mixed"	0.49262178650541
"Astrocyte"	"Astrocyte-2"	"kidney_fibrosis_OM_mean"	-0.00330309857612903	0.0109517848176369	-0.301603677494619	0.766838900853359	22	0.782192106116302	20	1	5	"HYP"	"mixed"	0.843522790938696
"Astrocyte"	"Astrocyte-3"	"kidney_fibrosis_OM_mean"	0.00563609079905607	0.0113033068539705	0.498623179204969	0.624829883200153	22	0.824740987746305	20	1	5	"HYP"	"mixed"	0.711013315365691
"Astrocyte"	"Astrocyte-4"	"kidney_fibrosis_OM_mean"	0.00152607390533387	0.00302650648001787	0.50423612683785	0.620968079441426	22	0.781808901514647	20	1	5	"HYP"	"mixed"	0.711013315365691
"Astrocyte"	"Astrocyte-5"	"kidney_fibrosis_OM_mean"	-0.00344892142988637	0.0026872850508717	-1.28342225130438	0.217621933903917	22	-0.139290575089004	20	1	5	"HYP"	"mixed"	0.359076190941462
"Astrocyte"	"Astrocyte-6"	"kidney_fibrosis_OM_mean"	-0.00373783136283098	0.00485744283435462	-0.769505991176035	0.452804353548844	22	0.0399129145860221	20	1	5	"HYP"	"mixed"	0.609899741514769
"Astrocyte"	"Astrocyte-7"	"kidney_fibrosis_OM_mean"	-0.00105568097927424	0.000853921916878665	-1.23627343250899	0.23419876874978	22	0.422246531206077	20	1	5	"HYP"	"mixed"	0.376072795364794
"Astrocyte"	"Astrocyte-8"	"kidney_fibrosis_OM_mean"	-0.00246781610228875	0.00120674489002536	-2.04501889561504	0.0576641762883581	22	0.0324708967446001	20	1	5	"HYP"	"mixed"	0.140956875371542
"Astrocyte"	"Astrocyte-9"	"kidney_fibrosis_OM_mean"	-0.000999275556812651	0.000817579507070544	-1.22223655090517	0.239319051595778	22	0.20660294331921	20	1	5	"HYP"	"mixed"	0.376072795364794
"Avp+_neuron"	"Avp+_neuron-1"	"kidney_fibrosis_OM_mean"	0.00676365348507442	0.0498516777344018	0.135675543782289	0.898631699452448	6	-0.244273897195985	6	1	1	"HYP"	"C57BL/6"	0.898631699452448
"Avp+_neuron"	"Avp+_neuron-2"	"kidney_fibrosis_OM_mean"	0.00534478199319787	0.0227171329605267	0.235275375747678	0.825549261447677	6	-0.232937834904446	6	1	1	"HYP"	"C57BL/6"	0.880585878877522
"Avp+_neuron"	"Avp+_neuron-3"	"kidney_fibrosis_OM_mean"	0.0201272878098443	0.0300421797291371	0.669967625229386	0.539569670084162	6	-0.123884275975224	6	1	1	"HYP"	"C57BL/6"	0.719426226778883
"Avp+_neuron"	"Avp+_neuron-4"	"kidney_fibrosis_OM_mean"	-0.0182431991461097	0.0184777477533409	-0.987306428772475	0.379385280051147	6	-0.00507078628781477	6	1	1	"HYP"	"C57BL/6"	0.607016448081836
"Avp+_neuron"	"Avp+_neuron-5"	"kidney_fibrosis_OM_mean"	-0.00452315701771709	0.0106129656179579	-0.426191620753352	0.691902116904864	6	-0.195703322108449	6	1	1	"HYP"	"C57BL/6"	0.841531398214561
"Avp+_neuron"	"Avp+_neuron-6"	"kidney_fibrosis_OM_mean"	-0.00865048607736136	0.00688280539098299	-1.25682560903061	0.277203436471097	6	0.103880118501274	6	1	1	"HYP"	"C57BL/6"	0.492806109281951
"Avp+_neuron"	"Avp+_neuron-7"	"kidney_fibrosis_OM_mean"	-0.00552503962660981	0.0153037191185632	-0.361025943027666	0.736339973437741	6	-0.210554173503045	6	1	1	"HYP"	"C57BL/6"	0.841531398214561
"Avp+_neuron"	"Avp+_neuron-8"	"kidney_fibrosis_OM_mean"	0.00470615857968111	0.00653765972696937	0.719853705488389	0.511432498747488	6	-0.106637992477143	6	1	1	"HYP"	"C57BL/6"	0.719426226778883
"B_cells"	"B_cells-1"	"kidney_fibrosis_OM_mean"	0.00983547216476358	0.013296734305567	0.739690809693453	0.466971040092517	29	0.737190746707411	22	3	3	"mixed"	"mixed"	0.622628053456689
"B_cells"	"B_cells-2"	"kidney_fibrosis_OM_mean"	0.00110594334906225	0.00434406390926332	0.254587264865954	0.801304370106928	29	0.977639206197834	22	3	3	"mixed"	"mixed"	0.901467416370294
"B_cells"	"B_cells-3"	"kidney_fibrosis_OM_mean"	-0.00565005892397857	0.00850344359661616	-0.664443629193582	0.513013491487016	29	0.171382241449075	22	3	3	"mixed"	"mixed"	0.63122886822995
"B_cells"	"B_cells-4"	"kidney_fibrosis_OM_mean"	-0.00313107647773791	0.00186999673359901	-1.67437537268411	0.10760310648098	29	0.479834053154318	22	3	3	"mixed"	"mixed"	0.227865401959722
"B_cells"	"B_cells-5"	"kidney_fibrosis_OM_mean"	-0.000202890910228348	0.00222251807518666	-0.091288755980672	0.928053571503098	29	0.755273842928911	22	3	3	"mixed"	"mixed"	0.992789648870644
"B_cells"	"B_cells-6"	"kidney_fibrosis_OM_mean"	-0.00195738920188102	0.00282514590513358	-0.692845349446995	0.495343668667123	29	0.169215199299535	22	3	3	"mixed"	"mixed"	0.63122886822995
"CD"	"CD-1"	"kidney_fibrosis_OM_mean"	0.0299217100407572	0.0170836179266716	1.75148555588113	0.0968831987130279	24	0.641239875368237	24	1	5	"LK"	"mixed"	0.193766397426056
"CD"	"CD-10"	"kidney_fibrosis_OM_mean"	-0.00106523176599825	0.00141701295709824	-0.751744548744021	0.461921799878413	24	0.378291550838815	24	1	5	"LK"	"mixed"	0.606272362340417
"CD"	"CD-11"	"kidney_fibrosis_OM_mean"	0.000719818028789086	0.00172977846857927	0.416133072450774	0.682232165100572	24	0.381002309881901	24	1	5	"LK"	"mixed"	0.764100024912641
"CD"	"CD-12"	"kidney_fibrosis_OM_mean"	0.00019036449305975	0.00260148760403247	0.0731752451038678	0.942473685772122	24	0.319444615828626	24	1	5	"LK"	"mixed"	0.965460848839735
"CD"	"CD-13"	"kidney_fibrosis_OM_mean"	-0.000841112982153108	0.00131282437262576	-0.640689645691761	0.529797260694184	24	0.192278521829164	24	1	5	"LK"	"mixed"	0.626802392933964
"CD"	"CD-14"	"kidney_fibrosis_OM_mean"	-0.0157061741999524	0.0115755400890611	-1.35684158830695	0.191604956783321	24	-0.0271696815424562	24	1	5	"LK"	"mixed"	0.32189632739598
"CD"	"CD-2"	"kidney_fibrosis_OM_mean"	-0.0094368809571732	0.0144674174770812	-0.652285107008408	0.52246065021513	24	0.517674807032702	24	1	5	"LK"	"mixed"	0.626802392933964
"CD"	"CD-3"	"kidney_fibrosis_OM_mean"	0.00334775613695424	0.00564214535144854	0.593348084535743	0.560330773387827	24	0.974679987378147	24	1	5	"LK"	"mixed"	0.650580955201237
"CD"	"CD-4"	"kidney_fibrosis_OM_mean"	-0.00543821661872805	0.00810549190012424	-0.670929868999646	0.510783573569327	24	0.528408590533452	24	1	5	"LK"	"mixed"	0.621823480867007
"CD"	"CD-5"	"kidney_fibrosis_OM_mean"	0.00453902359841779	0.00563863803161558	0.804985809155988	0.431333106230264	24	0.182182128909825	24	1	5	"LK"	"mixed"	0.584386789086164
"CD"	"CD-6"	"kidney_fibrosis_OM_mean"	0.000473023211101439	0.00366788317999266	0.128963543245231	0.898816577684911	24	0.443364150395731	24	1	5	"LK"	"mixed"	0.941716914798862
"CD"	"CD-7"	"kidney_fibrosis_OM_mean"	-0.00380213050473019	0.0048705775158174	-0.780632377245329	0.445164211949903	24	-0.139146512250174	24	1	5	"LK"	"mixed"	0.59355228259987
"CD"	"CD-8"	"kidney_fibrosis_OM_mean"	-0.004120948513132	0.00308099339763017	-1.33753889777944	0.197703084383194	24	0.349280891115356	24	1	5	"LK"	"mixed"	0.32562860957232
"CD"	"CD-9"	"kidney_fibrosis_OM_mean"	0.00121900003278765	0.00180157687618611	0.676629484370516	0.50724368070132	24	0.0740066675137114	24	1	5	"LK"	"mixed"	0.621823480867007
"CM"	"CM-1"	"kidney_fibrosis_OM_mean"	0.000428852075786535	0.00982533739001736	0.0436475673824955	0.965725418417018	22	0.961261763217019	22	1	5	"LV"	"mixed"	0.965725418417018
"CM"	"CM-2"	"kidney_fibrosis_OM_mean"	0.00126209385135114	0.00764131708707162	0.165167056538784	0.870881302242229	22	0.977126311295393	22	1	5	"LV"	"mixed"	0.940221925176356
"CM"	"CM-3"	"kidney_fibrosis_OM_mean"	-0.000584953354268459	0.00846467160758275	-0.0691052626004358	0.945762131059914	22	0.114589878442924	22	1	5	"LV"	"mixed"	0.965725418417018
"CM"	"CM-4"	"kidney_fibrosis_OM_mean"	-0.00199646173217532	0.00391536730082985	-0.509904072538016	0.617080019075038	22	0.402783215922672	22	1	5	"LV"	"mixed"	0.747506951577625
"CM"	"CM-5"	"kidney_fibrosis_OM_mean"	0.000283806534837503	0.000619253470590093	0.458304310457979	0.652897191167926	22	0.59620926865803	22	1	5	"LV"	"mixed"	0.747506951577625
"CM"	"CM-6"	"kidney_fibrosis_OM_mean"	8.65571396462216e-05	0.00031945741297131	0.270950480820413	0.789893519179635	22	0.436736037405991	22	1	5	"LV"	"mixed"	0.881741602805174
"CM"	"CM-7"	"kidney_fibrosis_OM_mean"	0.000443818924367345	0.000399840754884027	1.10998921182028	0.283407943171533	22	0.379378326265703	22	1	5	"LV"	"mixed"	0.388673750635245
"CM"	"CM-8"	"kidney_fibrosis_OM_mean"	7.62865604550034e-05	0.000154860216477737	0.492615612906433	0.628975735760765	22	0.674602812561202	22	1	5	"LV"	"mixed"	0.747506951577625
"CT"	"CT-1"	"kidney_fibrosis_OM_mean"	0.00781977680814836	0.00537161697378812	1.45575845156245	0.163678779018136	23	0.953392007410288	23	1	5	"LK"	"mixed"	0.236424903026196
"CT"	"CT-10"	"kidney_fibrosis_OM_mean"	-0.0017297683077681	0.00144973034603261	-1.19316555144331	0.249191331251806	23	0.315110150783815	23	1	5	"LK"	"mixed"	0.331221904432294
"CT"	"CT-11"	"kidney_fibrosis_OM_mean"	-0.00233691702526709	0.00138102876865263	-1.6921566576394	0.108862302784188	23	0.410620264807218	23	1	5	"LK"	"mixed"	0.176901242024305
"CT"	"CT-12"	"kidney_fibrosis_OM_mean"	-0.000579968197025668	0.000821372805511097	-0.706096175980387	0.489692884747081	23	0.151093546267484	23	1	5	"LK"	"mixed"	0.587631461696497
"CT"	"CT-13"	"kidney_fibrosis_OM_mean"	-4.50639096312706e-05	0.00106643662191343	-0.0422565286162207	0.966786546570288	23	0.102023727630968	23	1	5	"LK"	"mixed"	0.977990273256478
"CT"	"CT-2"	"kidney_fibrosis_OM_mean"	-0.00245551211889574	0.0103376806292998	-0.237530274628156	0.815084478516822	23	0.795925764562064	23	1	5	"LK"	"mixed"	0.847687857657494
"CT"	"CT-3"	"kidney_fibrosis_OM_mean"	0.00146388484980768	0.00311714299556664	0.469623899798531	0.644591181432035	23	0.987088900285289	23	1	5	"LK"	"mixed"	0.718258745024267
"CT"	"CT-4"	"kidney_fibrosis_OM_mean"	-0.000168409844028466	0.00372766030207553	-0.0451784310750357	0.964491543911648	23	0.980128849930293	23	1	5	"LK"	"mixed"	0.977990273256478
"CT"	"CT-5"	"kidney_fibrosis_OM_mean"	-0.00451296428935646	0.00292987586354169	-1.54032610920966	0.141887729628486	23	0.673762481388608	23	1	5	"LK"	"mixed"	0.211744566017401
"CT"	"CT-6"	"kidney_fibrosis_OM_mean"	-0.00124887093319137	0.00105572335547552	-1.18295283202184	0.253108212750502	23	0.806841672981465	23	1	5	"LK"	"mixed"	0.331221904432294
"CT"	"CT-7"	"kidney_fibrosis_OM_mean"	0.00368908377037099	0.00313001666529281	1.17861473751159	0.254786080332534	23	0.507913502981486	23	1	5	"LK"	"mixed"	0.331221904432294
"CT"	"CT-8"	"kidney_fibrosis_OM_mean"	0.000528430742210792	0.00152151690144838	0.347305206868068	0.732624592928632	23	0.697017484469415	23	1	5	"LK"	"mixed"	0.793676642339351
"CT"	"CT-9"	"kidney_fibrosis_OM_mean"	-0.000423701545373654	0.00153077387364302	-0.276789114753641	0.785279283496844	23	0.567483316459641	23	1	5	"LK"	"mixed"	0.829159749996983
"DC"	"DC-1"	"kidney_fibrosis_OM_mean"	-0.0108178460220463	0.010930331519792	-0.98970886678579	0.329307925144773	43	0.746495135560186	25	4	5	"mixed"	"mixed"	0.523018469347581
"DC"	"DC-10"	"kidney_fibrosis_OM_mean"	0.00129486423205847	0.00201548084434887	0.642459210510033	0.524883915331477	43	0.781200647342503	25	4	5	"mixed"	"mixed"	0.681339697786053
"DC"	"DC-11"	"kidney_fibrosis_OM_mean"	-0.000140338845705841	0.00230212556142402	-0.0609605523075951	0.951747562785159	43	0.493298870506617	25	4	5	"mixed"	"mixed"	0.959166397420745
"DC"	"DC-12"	"kidney_fibrosis_OM_mean"	0.000903564447193576	0.0019246911298377	0.469459454135776	0.641738110249216	43	0.64422912093056	25	4	5	"mixed"	"mixed"	0.786284397902537
"DC"	"DC-13"	"kidney_fibrosis_OM_mean"	-0.00296597148307629	0.0042865583938996	-0.691923732404368	0.493683643112977	43	0.483957497400892	25	4	5	"mixed"	"mixed"	0.673204967881332
"DC"	"DC-14"	"kidney_fibrosis_OM_mean"	-0.000446238882836877	0.00277905789564179	-0.160571999430701	0.873380768398544	43	0.399219504111354	25	4	5	"mixed"	"mixed"	0.928396879793728
"DC"	"DC-15"	"kidney_fibrosis_OM_mean"	0.00187100122606056	0.0011372565312513	1.64518837627773	0.109146321935083	43	0.101718335715266	25	4	5	"mixed"	"mixed"	0.193878335016265
"DC"	"DC-2"	"kidney_fibrosis_OM_mean"	-0.00346579549005623	0.00472189467608143	-0.733984073726183	0.467990150657034	43	0.413806740935873	25	4	5	"mixed"	"mixed"	0.657682738803879
"DC"	"DC-3"	"kidney_fibrosis_OM_mean"	0.00149024173945087	0.0076980078083075	0.193587974520191	0.847650428794118	43	0.4525938465622	25	4	5	"mixed"	"mixed"	0.908196887993698
"DC"	"DC-4"	"kidney_fibrosis_OM_mean"	-0.0012324723773684	0.00382241994581298	-0.322432489061919	0.749099452201753	43	-0.100214741895525	25	4	5	"mixed"	"mixed"	0.842736883726972
"DC"	"DC-5"	"kidney_fibrosis_OM_mean"	0.0160205735069865	0.00871065256281207	1.83919326267039	0.0746333513664114	43	0.400830386268464	25	4	5	"mixed"	"mixed"	0.139937533812021
"DC"	"DC-6"	"kidney_fibrosis_OM_mean"	-0.00592321441306066	0.00280218919734992	-2.11378104614147	0.0419486661287647	43	0.410144746345386	25	4	5	"mixed"	"mixed"	0.0866296987493436
"DC"	"DC-7"	"kidney_fibrosis_OM_mean"	0.00199659011955412	0.00254035318040275	0.785949817905864	0.437340345258262	43	0.456979727352702	25	4	5	"mixed"	"mixed"	0.64174941967245
"DC"	"DC-8"	"kidney_fibrosis_OM_mean"	0.00117576393378778	0.00192750245940142	0.609993480450816	0.545921791046809	43	0.842756798356021	25	4	5	"mixed"	"mixed"	0.695277752748295
"DC"	"DC-9"	"kidney_fibrosis_OM_mean"	0.00023927830905876	0.00312590489903106	0.0765468933917118	0.939432680466172	43	0.291511683750358	25	4	5	"mixed"	"mixed"	0.959166397420745
"DCT"	"DCT-1"	"kidney_fibrosis_OM_mean"	0.0286945875832061	0.0236971058707525	1.21088996013735	0.241597207353353	24	0.766684904292352	24	1	5	"LK"	"mixed"	0.383713211678854
"DCT"	"DCT-2"	"kidney_fibrosis_OM_mean"	0.00311431090584791	0.00250990228769803	1.2408096208017	0.230605508102483	24	0.997741064443986	24	1	5	"LK"	"mixed"	0.383713211678854
"DCT"	"DCT-3"	"kidney_fibrosis_OM_mean"	-0.0114945359059839	0.00713217530091639	-1.61164517430005	0.124434647776049	24	0.288414561942427	24	1	5	"LK"	"mixed"	0.248869295552098
"DCT"	"DCT-4"	"kidney_fibrosis_OM_mean"	0.00126917450123165	0.00564107838391177	0.224987921609334	0.824523102394224	24	0.117205557211222	24	1	5	"LK"	"mixed"	0.871538528718221
"DCT"	"DCT-5"	"kidney_fibrosis_OM_mean"	-0.013793878924551	0.00916798335637263	-1.50457067692678	0.149779482562151	24	0.057875958577762	24	1	5	"LK"	"mixed"	0.278899726150213
"DCT"	"DCT-6"	"kidney_fibrosis_OM_mean"	-0.00572491000869289	0.0115104753598312	-0.497365211229371	0.624952350837798	24	0.169551935092057	24	1	5	"LK"	"mixed"	0.733639716200893
"DCT"	"DCT-7"	"kidney_fibrosis_OM_mean"	-7.66063091611615e-06	0.00186641986888341	-0.00410445208167396	0.996770277658493	24	0.493947803559567	24	1	5	"LK"	"mixed"	0.996770277658493
"DCT"	"DCT-8"	"kidney_fibrosis_OM_mean"	-0.00102783999794123	0.00173934277999889	-0.590935846436142	0.561911058393185	24	0.259353761533269	24	1	5	"LK"	"mixed"	0.705655747749581
"DCT"	"DCT-9"	"kidney_fibrosis_OM_mean"	-0.00102924752220054	0.000841643265505481	-1.22290234400246	0.237136963072751	24	0.297882089080373	24	1	5	"LK"	"mixed"	0.383713211678854
"E_P_transition_cell"	"E_P_transition_cell-1"	"kidney_fibrosis_OM_mean"	0.123048710937346	0.109472757022819	1.12401216780991	0.323899595768403	6	0.0500443032197677	6	1	1	"HYP"	"C57BL/6"	0.398645656330342
"E_P_transition_cell"	"E_P_transition_cell-2"	"kidney_fibrosis_OM_mean"	0.0239467557860499	0.0253607974712873	0.944243011804405	0.398510850354089	6	-0.0221615112540556	6	1	1	"HYP"	"C57BL/6"	0.455440971833244
"E_P_transition_cell"	"E_P_transition_cell-3"	"kidney_fibrosis_OM_mean"	-0.0759615705859305	0.0426031573932133	-1.78300330853016	0.149161346935959	6	0.303533946586584	6	1	1	"HYP"	"C57BL/6"	0.340940221567906
"E_P_transition_cell"	"E_P_transition_cell-4"	"kidney_fibrosis_OM_mean"	-0.028982767152017	0.024233161128177	-1.1959961392869	0.297746642344556	6	0.0792586603177183	6	1	1	"HYP"	"C57BL/6"	0.396995523126074
"E_P_transition_cell"	"E_P_transition_cell-5"	"kidney_fibrosis_OM_mean"	-0.0255938430958122	0.0165688841466126	-1.54469322552688	0.197306301780453	6	0.217046729321708	6	1	1	"HYP"	"C57BL/6"	0.350766758720806
"E_P_transition_cell"	"E_P_transition_cell-6"	"kidney_fibrosis_OM_mean"	-0.0176869449454626	0.0111599967991299	-1.58485215218355	0.188178172006428	6	0.232158002288979	6	1	1	"HYP"	"C57BL/6"	0.350766758720806
"E_P_transition_cell"	"E_P_transition_cell-7"	"kidney_fibrosis_OM_mean"	-0.000135780162932881	0.00548747128109658	-0.0247436671606139	0.981444616325281	6	-0.249808701447916	6	1	1	"HYP"	"C57BL/6"	0.981444616325281
"E_P_transition_cell"	"E_P_transition_cell-8"	"kidney_fibrosis_OM_mean"	0.00136543921875912	0.00395258431414914	0.345454798742998	0.747154958657131	6	-0.213786963923753	6	1	1	"HYP"	"C57BL/6"	0.796965289234273
"EC"	"EC-1"	"kidney_fibrosis_OM_mean"	-0.000661416866397389	0.00839190981127901	-0.0788160122393621	0.937413893622999	77	0.835215245263338	49	5	5	"mixed"	"mixed"	0.937413893622999
"EC"	"EC-2"	"kidney_fibrosis_OM_mean"	0.0120837992618324	0.00556629258421285	2.17088826701359	0.0334866288796043	77	0.920356023296166	49	5	5	"mixed"	"mixed"	0.0546720471503743
"EC"	"EC-3"	"kidney_fibrosis_OM_mean"	-0.00681871470749908	0.00654226966147634	-1.04225522033287	0.301039641041314	77	0.84359688083147	49	5	5	"mixed"	"mixed"	0.382272560052462
"EC"	"EC-4"	"kidney_fibrosis_OM_mean"	-0.00108936222471199	0.00170089855879343	-0.640462783086107	0.524056217726026	77	0.353355977661299	49	5	5	"mixed"	"mixed"	0.590485879127916
"EC"	"EC-5"	"kidney_fibrosis_OM_mean"	0.000345202756327634	0.00107302890606796	0.321708720404006	0.748674919087658	77	0.897835452193556	49	5	5	"mixed"	"mixed"	0.788078862197534
"EC"	"EC-6"	"kidney_fibrosis_OM_mean"	-0.00433216800288664	0.00439803007578262	-0.985024642451027	0.328155817713417	77	0.945150164833414	49	5	5	"mixed"	"mixed"	0.40388408333959
"EC"	"EC-7"	"kidney_fibrosis_OM_mean"	-0.000262525917969435	0.00117088620560242	-0.22421129970898	0.823275217535886	77	0.26430839444819	49	5	5	"mixed"	"mixed"	0.85535087536196
"EC"	"EC-8"	"kidney_fibrosis_OM_mean"	0.000735185701304414	0.00049105758869626	1.49714762224998	0.139051266753547	77	0.468464525177215	49	5	5	"mixed"	"mixed"	0.198644666790781
"Ependymal_cell"	"Ependymal_cell-1"	"kidney_fibrosis_OM_mean"	0.188218875724365	0.0380563300437376	4.94579680983551	0.00778450620881923	6	0.82432042095879	6	1	1	"HYP"	"C57BL/6"	0.0389225310440962
"Ependymal_cell"	"Ependymal_cell-10"	"kidney_fibrosis_OM_mean"	-0.00676177251679353	0.00868482123114996	-0.778573598330497	0.479717814312953	6	-0.085498921334777	6	1	1	"HYP"	"C57BL/6"	0.564373899191709
"Ependymal_cell"	"Ependymal_cell-2"	"kidney_fibrosis_OM_mean"	-0.00481622371234435	0.0239961444420488	-0.200708231440081	0.85071893641106	6	-0.237536830263645	6	1	1	"HYP"	"C57BL/6"	0.945243262678956
"Ependymal_cell"	"Ependymal_cell-3"	"kidney_fibrosis_OM_mean"	0.00205874176359809	0.0261677000443325	0.0786749221410456	0.941069775213406	6	-0.248068693768144	6	1	1	"HYP"	"C57BL/6"	0.970661051577045
"Ependymal_cell"	"Ependymal_cell-4"	"kidney_fibrosis_OM_mean"	-0.0663361459326177	0.0239029291171582	-2.77523083499418	0.0500621687928315	6	0.572719186098079	6	1	1	"HYP"	"C57BL/6"	0.116867560330973
"Ependymal_cell"	"Ependymal_cell-5"	"kidney_fibrosis_OM_mean"	-0.0141330165531448	0.0119846592571873	-1.17925893843575	0.303646107268271	6	0.0724683525643999	6	1	1	"HYP"	"C57BL/6"	0.404861476357695
"Ependymal_cell"	"Ependymal_cell-6"	"kidney_fibrosis_OM_mean"	-0.000474563226590328	0.0121275281626548	-0.039131076030125	0.970661051577045	6	-0.249521670262266	6	1	1	"HYP"	"C57BL/6"	0.970661051577045
"Ependymal_cell"	"Ependymal_cell-7"	"kidney_fibrosis_OM_mean"	-0.0481359726418368	0.0176498255866379	-2.72727752495634	0.0525904021489379	6	0.562862271810143	6	1	1	"HYP"	"C57BL/6"	0.116867560330973
"Ependymal_cell"	"Ependymal_cell-8"	"kidney_fibrosis_OM_mean"	-0.0331451995845775	0.0104457688865865	-3.17307418385827	0.0337582419312802	6	0.644593551539915	6	1	1	"HYP"	"C57BL/6"	0.0964521198036576
"Ependymal_cell"	"Ependymal_cell-9"	"kidney_fibrosis_OM_mean"	-0.0164747233200581	0.0194369560879002	-0.847597908106297	0.444400342041017	6	-0.0596762590148747	6	1	1	"HYP"	"C57BL/6"	0.555500427551271
"Erythrocytes"	"Erythrocytes-1"	"kidney_fibrosis_OM_mean"	0.00209518213697971	0.10398595695849	0.0201487027504693	0.984889750890545	6	-0.249873147180077	6	1	1	"PBMC"	"SS"	0.984889750890545
"Erythrocytes"	"Erythrocytes-2"	"kidney_fibrosis_OM_mean"	-0.0370632452305917	0.0668659858199482	-0.554291464877119	0.608907920014346	6	-0.16083643546486	6	1	1	"PBMC"	"SS"	0.730689504017215
"Erythrocytes"	"Erythrocytes-3"	"kidney_fibrosis_OM_mean"	-0.0122063357716606	0.0197161445816609	-0.619103583923522	0.569366663135963	6	-0.140695883281471	6	1	1	"PBMC"	"SS"	0.730689504017215
"Erythrocytes"	"Erythrocytes-4"	"kidney_fibrosis_OM_mean"	-0.0155421877905722	0.0276293449591352	-0.562524656793698	0.603789601225202	6	-0.158363596469172	6	1	1	"PBMC"	"SS"	0.730689504017215
"Erythrocytes"	"Erythrocytes-5"	"kidney_fibrosis_OM_mean"	0.0611075633034626	0.0381699113045871	1.60093542832307	0.184645574945245	6	0.23815261558298	6	1	1	"PBMC"	"SS"	0.730689504017215
"Erythrocytes"	"Erythrocytes-6"	"kidney_fibrosis_OM_mean"	0.00160902335238219	0.024553207991608	0.0655321028898601	0.950894845939112	6	-0.248659421604789	6	1	1	"PBMC"	"SS"	0.984889750890545
"Excitatory_neuron"	"Excitatory_neuron-1"	"kidney_fibrosis_OM_mean"	0.000141951352924145	0.00130120676400187	0.109092080406632	0.914485937652632	22	0.995327551599067	20	1	5	"HYP"	"mixed"	0.954246195811442
"Excitatory_neuron"	"Excitatory_neuron-10"	"kidney_fibrosis_OM_mean"	0.00062886558342648	0.00184093673798336	0.341600865717617	0.737096554144882	22	0.245500467962035	20	1	5	"HYP"	"mixed"	0.813347921815042
"Excitatory_neuron"	"Excitatory_neuron-11"	"kidney_fibrosis_OM_mean"	-4.9232329738471e-05	0.00224104050277339	-0.0219685140351296	0.982744713482913	22	0.546186406930282	20	1	5	"HYP"	"mixed"	0.982744713482913
"Excitatory_neuron"	"Excitatory_neuron-12"	"kidney_fibrosis_OM_mean"	-0.00014372228844255	0.00204202164707636	-0.0703823530217334	0.944761536512971	22	0.829406090087167	20	1	5	"HYP"	"mixed"	0.964862845800481
"Excitatory_neuron"	"Excitatory_neuron-13"	"kidney_fibrosis_OM_mean"	-0.000478382046991854	0.00162394103123902	-0.294580922453114	0.772101745425415	22	0.133681057647448	20	1	5	"HYP"	"mixed"	0.842292813191361
"Excitatory_neuron"	"Excitatory_neuron-14"	"kidney_fibrosis_OM_mean"	-0.0009486992428105	0.00126759133806922	-0.748426732116634	0.465063114014178	22	0.285913391179808	20	1	5	"HYP"	"mixed"	0.573927863416756
"Excitatory_neuron"	"Excitatory_neuron-15"	"kidney_fibrosis_OM_mean"	-0.000624756079045505	0.00105285076664139	-0.593394713515278	0.561212526947678	22	0.430308424708216	20	1	5	"HYP"	"mixed"	0.649113284180447
"Excitatory_neuron"	"Excitatory_neuron-16"	"kidney_fibrosis_OM_mean"	0.000157850308010061	0.000204489883874886	0.771922331897062	0.451411991111389	22	0.283057751733174	20	1	5	"HYP"	"mixed"	0.570204620351228
"Excitatory_neuron"	"Excitatory_neuron-2"	"kidney_fibrosis_OM_mean"	0.000831432554458533	0.00156238208321843	0.532156995007152	0.601929386426389	22	0.883127636428988	20	1	5	"HYP"	"mixed"	0.687919298773016
"Excitatory_neuron"	"Excitatory_neuron-3"	"kidney_fibrosis_OM_mean"	0.00976528726031454	0.00381040125181186	2.56279762024304	0.0208562409308676	22	0.851258040023778	20	1	5	"HYP"	"mixed"	0.0435260680296368
"Excitatory_neuron"	"Excitatory_neuron-4"	"kidney_fibrosis_OM_mean"	0.00233929237272409	0.00330046193988967	0.708777260677118	0.488662079004254	22	0.945035722951208	20	1	5	"HYP"	"mixed"	0.581853778065017
"Excitatory_neuron"	"Excitatory_neuron-5"	"kidney_fibrosis_OM_mean"	-0.012465202817669	0.0062494008451141	-1.99462366498934	0.0634086050021565	22	0.524783813903811	20	1	5	"HYP"	"mixed"	0.103173323393339
"Excitatory_neuron"	"Excitatory_neuron-6"	"kidney_fibrosis_OM_mean"	0.00517960302854125	0.00239436379347621	2.16324814243091	0.0460027440611887	22	0.848411713271468	20	1	5	"HYP"	"mixed"	0.0817826561087798
"Excitatory_neuron"	"Excitatory_neuron-7"	"kidney_fibrosis_OM_mean"	-0.00227256001886534	0.00178603159891125	-1.27240750961555	0.221409565330845	22	0.80206749139688	20	1	5	"HYP"	"mixed"	0.303647403882301
"Excitatory_neuron"	"Excitatory_neuron-8"	"kidney_fibrosis_OM_mean"	-0.00197867085482969	0.00151607857558366	-1.30512421103764	0.210308876566995	22	0.193257123556234	20	1	5	"HYP"	"mixed"	0.29260365435408
"Excitatory_neuron"	"Excitatory_neuron-9"	"kidney_fibrosis_OM_mean"	-8.30567820061949e-05	0.00103052839134788	-0.0805963064225345	0.936762532063652	22	0.856456430690151	20	1	5	"HYP"	"mixed"	0.964862845800481
"Fibroblast"	"Fibroblast-1"	"kidney_fibrosis_OM_mean"	-0.00170780716233386	0.00831490996326082	-0.205390938672789	0.837908581280294	75	0.767617603088582	47	5	5	"mixed"	"mixed"	0.864937890353851
"Fibroblast"	"Fibroblast-10"	"kidney_fibrosis_OM_mean"	-0.00518926591221752	0.00238161678514749	-2.17888366616301	0.0329715086808205	75	0.890639150692573	47	5	5	"mixed"	"mixed"	0.075219045859821
"Fibroblast"	"Fibroblast-11"	"kidney_fibrosis_OM_mean"	0.00122784191345051	0.00395320501343279	0.310594039337289	0.757103043982854	75	0.577092435827141	47	5	5	"mixed"	"mixed"	0.812996557297024
"Fibroblast"	"Fibroblast-12"	"kidney_fibrosis_OM_mean"	-0.00277905157530978	0.00277390344365752	-1.00185591595267	0.320128317249781	75	0.639385917835367	47	5	5	"mixed"	"mixed"	0.44539591965187
"Fibroblast"	"Fibroblast-13"	"kidney_fibrosis_OM_mean"	-0.0060132061944869	0.00349260559041552	-1.72169632064624	0.089880782140412	75	0.313375535695662	47	5	5	"mixed"	"mixed"	0.182037027119822
"Fibroblast"	"Fibroblast-14"	"kidney_fibrosis_OM_mean"	-0.0011156362068766	0.00221668341857231	-0.50329072592384	0.616461208365648	75	0.383271925030548	47	5	5	"mixed"	"mixed"	0.699530449209246
"Fibroblast"	"Fibroblast-15"	"kidney_fibrosis_OM_mean"	-0.000178722843928873	0.000691949291788971	-0.258288932512384	0.797000020047863	75	0.173439020546371	47	5	5	"mixed"	"mixed"	0.838947389524067
"Fibroblast"	"Fibroblast-16"	"kidney_fibrosis_OM_mean"	-0.00208497855124407	0.00145374271650198	-1.43421427160164	0.156304736895645	75	0.185207712382755	47	5	5	"mixed"	"mixed"	0.27787508781448
"Fibroblast"	"Fibroblast-2"	"kidney_fibrosis_OM_mean"	0.00182118169406274	0.00335898857218789	0.542181568922846	0.58954743474361	75	0.931781882159999	47	5	5	"mixed"	"mixed"	0.683533257673751
"Fibroblast"	"Fibroblast-3"	"kidney_fibrosis_OM_mean"	0.00787232371752163	0.00553746994748408	1.42164630999007	0.15990947073963	75	0.783663880160935	47	5	5	"mixed"	"mixed"	0.281159508992757
"Fibroblast"	"Fibroblast-4"	"kidney_fibrosis_OM_mean"	0.00197522659064934	0.00303343823877204	0.65115108176685	0.517244442177977	75	0.904452241586637	47	5	5	"mixed"	"mixed"	0.608522873150562
"Fibroblast"	"Fibroblast-5"	"kidney_fibrosis_OM_mean"	0.00651034746022159	0.00711486159194522	0.915035011727001	0.363555397524272	75	0.790324443394814	47	5	5	"mixed"	"mixed"	0.48073440994945
"Fibroblast"	"Fibroblast-6"	"kidney_fibrosis_OM_mean"	-0.000114219859140372	0.00398661018096126	-0.0286508722838888	0.977230825502682	75	0.343109857236186	47	5	5	"mixed"	"mixed"	0.983376931323453
"Fibroblast"	"Fibroblast-7"	"kidney_fibrosis_OM_mean"	-0.000829611169030021	0.002142768095656	-0.387167967785164	0.699896648534809	75	0.204953297717266	47	5	5	"mixed"	"mixed"	0.777662942816455
"Fibroblast"	"Fibroblast-8"	"kidney_fibrosis_OM_mean"	0.00136801587131592	0.00175133718499615	0.781126491823407	0.437563884034689	75	0.885820909878186	47	5	5	"mixed"	"mixed"	0.534429171340078
"Fibroblast"	"Fibroblast-9"	"kidney_fibrosis_OM_mean"	-0.000762437772653748	0.0014397979760554	-0.529544967650664	0.598231527221407	75	0.22663548243958	47	5	5	"mixed"	"mixed"	0.688611829895145
"IC"	"IC-1"	"kidney_fibrosis_OM_mean"	0.0220712773307648	0.0131199193148338	1.68227233728566	0.109782101457202	24	0.637573488790853	24	1	5	"LK"	"mixed"	0.185785094773726
"IC"	"IC-10"	"kidney_fibrosis_OM_mean"	-0.00200841706635917	0.00371878780645502	-0.540073048231733	0.595766129114113	24	0.447321816134491	24	1	5	"LK"	"mixed"	0.689834465290026
"IC"	"IC-11"	"kidney_fibrosis_OM_mean"	-0.00869783216906323	0.00602777277147868	-1.44295953062769	0.166209165623503	24	-0.018698451131528	24	1	5	"LK"	"mixed"	0.26957855793153
"IC"	"IC-2"	"kidney_fibrosis_OM_mean"	-0.00191811504443609	0.0105515839978986	-0.181784559059388	0.857783261576649	24	0.590471832057873	24	1	5	"LK"	"mixed"	0.88458898850092
"IC"	"IC-3"	"kidney_fibrosis_OM_mean"	0.010229891870478	0.00919396126766932	1.11267511061326	0.280487690206432	24	0.604028546165128	24	1	5	"LK"	"mixed"	0.402438859861402
"IC"	"IC-4"	"kidney_fibrosis_OM_mean"	-0.000203356685168565	0.00396733875296711	-0.0512577064452784	0.95968471250289	24	0.981487980629508	24	1	5	"LK"	"mixed"	0.95968471250289
"IC"	"IC-5"	"kidney_fibrosis_OM_mean"	0.00307230314450299	0.00439638164196663	0.698825396588786	0.493592501365402	24	0.931700690449356	24	1	5	"LK"	"mixed"	0.651542101802331
"IC"	"IC-6"	"kidney_fibrosis_OM_mean"	-0.0145938727016016	0.010516967188131	-1.38765030265298	0.1821839028585	24	0.00908534714346521	24	1	5	"LK"	"mixed"	0.279631106713046
"IC"	"IC-7"	"kidney_fibrosis_OM_mean"	-0.0021537609392817	0.00383062169900273	-0.562248404702144	0.58088185651582	24	0.470021634488727	24	1	5	"LK"	"mixed"	0.684610759465074
"IC"	"IC-8"	"kidney_fibrosis_OM_mean"	-0.00373287902805099	0.00262139278915522	-1.4240059877688	0.171549991410973	24	0.514497567269806	24	1	5	"LK"	"mixed"	0.26957855793153
"IC"	"IC-9"	"kidney_fibrosis_OM_mean"	-0.00206523871178451	0.00397508734099671	-0.519545492871277	0.609710554503803	24	0.190803111378387	24	1	5	"LK"	"mixed"	0.693808562021569
"Inhibitory_neuron"	"Inhibitory_neuron-1"	"kidney_fibrosis_OM_mean"	-0.00815769577042158	0.00558744849757736	-1.46000375197349	0.16364542443605	22	0.788391066309472	20	1	5	"HYP"	"mixed"	0.223152851503705
"Inhibitory_neuron"	"Inhibitory_neuron-10"	"kidney_fibrosis_OM_mean"	0.000495378013394748	0.000840877538633776	0.589120282841207	0.564006673637295	22	0.269537673087701	20	1	5	"HYP"	"mixed"	0.615280007604322
"Inhibitory_neuron"	"Inhibitory_neuron-2"	"kidney_fibrosis_OM_mean"	0.00273483077262927	0.00328595266777089	0.832279417610878	0.417501116755487	22	0.988318830242969	20	1	5	"HYP"	"mixed"	0.511225857251617
"Inhibitory_neuron"	"Inhibitory_neuron-3"	"kidney_fibrosis_OM_mean"	0.00128074914416387	0.00163339910721749	0.784100553566261	0.444435068327758	22	0.948586984432976	20	1	5	"HYP"	"mixed"	0.522160051578116
"Inhibitory_neuron"	"Inhibitory_neuron-4"	"kidney_fibrosis_OM_mean"	0.00484315649629053	0.00236030789308964	2.05191725641812	0.0569157820313363	22	0.814196394500891	20	1	5	"HYP"	"mixed"	0.0875627415866713
"Inhibitory_neuron"	"Inhibitory_neuron-5"	"kidney_fibrosis_OM_mean"	0.00383404921345086	0.00163347760481909	2.34716974517413	0.0321150260337444	22	0.819260630824071	20	1	5	"HYP"	"mixed"	0.053525043389574
"Inhibitory_neuron"	"Inhibitory_neuron-6"	"kidney_fibrosis_OM_mean"	0.00224443686615213	0.0010879819689949	2.06293571962925	0.0557387401941039	22	0.913766325142513	20	1	5	"HYP"	"mixed"	0.0875627415866713
"Inhibitory_neuron"	"Inhibitory_neuron-7"	"kidney_fibrosis_OM_mean"	0.00214597857763707	0.00226579377716085	0.947119989148389	0.357663621911366	22	0.147264276500256	20	1	5	"HYP"	"mixed"	0.447079527389207
"Inhibitory_neuron"	"Inhibitory_neuron-8"	"kidney_fibrosis_OM_mean"	-0.0098029034323996	0.00538602383106198	-1.82006313746048	0.0875079925627462	22	0.249645802762946	20	1	5	"HYP"	"mixed"	0.122104175668948
"Inhibitory_neuron"	"Inhibitory_neuron-9"	"kidney_fibrosis_OM_mean"	0.00038202011910269	0.00055749275141026	0.685246791346281	0.502995950466606	22	0.60655421767464	20	1	5	"HYP"	"mixed"	0.55888438940734
"Macrophages"	"Macrophages-1"	"kidney_fibrosis_OM_mean"	0.0105924787300468	0.0161859150452401	0.654425696690024	0.515721764009525	61	0.624985157872334	34	4	5	"mixed"	"mixed"	0.640206327735962
"Macrophages"	"Macrophages-2"	"kidney_fibrosis_OM_mean"	0.00688652664676013	0.00487094856827167	1.41379580388459	0.163380987499824	61	0.957136248633572	34	4	5	"mixed"	"mixed"	0.286912953658227
"Macrophages"	"Macrophages-3"	"kidney_fibrosis_OM_mean"	-0.00264812990623621	0.00525413842058444	-0.50400840142724	0.616384303273268	61	0.24211007121684	34	4	5	"mixed"	"mixed"	0.682764151318081
"Macrophages"	"Macrophages-4"	"kidney_fibrosis_OM_mean"	-0.00316078373215553	0.00302055384066221	-1.04642522493907	0.300204626446136	61	0.374586153344115	34	4	5	"mixed"	"mixed"	0.450306939669205
"Macrophages"	"Macrophages-5"	"kidney_fibrosis_OM_mean"	-0.00573355600302675	0.00537417355749337	-1.06687213237323	0.29095790397568	61	0.597483497011737	34	4	5	"mixed"	"mixed"	0.445722746515936
"Macrophages"	"Macrophages-6"	"kidney_fibrosis_OM_mean"	0.00102947787575723	0.00614592286300673	0.167505824382179	0.86762180716359	61	0.591509993674246	34	4	5	"mixed"	"mixed"	0.891605094849987
"Macrophages"	"Macrophages-7"	"kidney_fibrosis_OM_mean"	-0.00140801658763078	0.00178598965797807	-0.788367716095738	0.434061077045212	61	0.275618133620584	34	4	5	"mixed"	"mixed"	0.561939691355708
"Macrophages"	"Macrophages-8"	"kidney_fibrosis_OM_mean"	-0.00555799702351492	0.00847860725821733	-0.65553184081362	0.515015273317491	61	0.551284408026353	34	4	5	"mixed"	"mixed"	0.640206327735962
"Mast_cells"	"Mast_cells-1"	"kidney_fibrosis_OM_mean"	0.0210098056504195	0.0205714082955114	1.02131100353512	0.364848826365024	6	0.00854164492553733	6	1	1	"PBMC"	"SS"	0.656727887457043
"Mast_cells"	"Mast_cells-10"	"kidney_fibrosis_OM_mean"	-0.0104842158272067	0.0048049218879606	-2.1819742488377	0.0945356903184272	6	0.429289651082397	6	1	1	"PBMC"	"SS"	0.553607279823078
"Mast_cells"	"Mast_cells-11"	"kidney_fibrosis_OM_mean"	-0.00911822218837577	0.00493563773463325	-1.84742533358828	0.13840181995577	6	0.325507453812739	6	1	1	"PBMC"	"SS"	0.553607279823078
"Mast_cells"	"Mast_cells-12"	"kidney_fibrosis_OM_mean"	-0.0147954219917447	0.0100766038644553	-1.46829449591988	0.215941763765186	6	0.18776959397041	6	1	1	"PBMC"	"SS"	0.582133650708992
"Mast_cells"	"Mast_cells-13"	"kidney_fibrosis_OM_mean"	-0.0209692658737136	0.0471341029018811	-0.444885222857964	0.679415540105134	6	-0.191065239867867	6	1	1	"PBMC"	"SS"	0.778444387728897
"Mast_cells"	"Mast_cells-14"	"kidney_fibrosis_OM_mean"	0.00610478761879872	0.00563565300927669	1.08324405508107	0.339631850395543	6	0.0335209127696657	6	1	1	"PBMC"	"SS"	0.656727887457043
"Mast_cells"	"Mast_cells-15"	"kidney_fibrosis_OM_mean"	-0.0131917725487161	0.00774199520944005	-1.70392414252994	0.163600966138012	6	0.275714750112056	6	1	1	"PBMC"	"SS"	0.559729810829804
"Mast_cells"	"Mast_cells-16"	"kidney_fibrosis_OM_mean"	0.0313549674198533	0.0291241532323575	1.07659670548008	0.342261671962587	6	0.0308312855201273	6	1	1	"PBMC"	"SS"	0.656727887457043
"Mast_cells"	"Mast_cells-17"	"kidney_fibrosis_OM_mean"	-0.00495211661996118	0.00480702122884616	-1.03018405457507	0.361136958070819	6	0.0121074503193963	6	1	1	"PBMC"	"SS"	0.656727887457043
"Mast_cells"	"Mast_cells-18"	"kidney_fibrosis_OM_mean"	-0.00583917988013351	0.00486520869200567	-1.20019104005307	0.296284974261059	6	0.0809598179974094	6	1	1	"PBMC"	"SS"	0.656727887457043
"Mast_cells"	"Mast_cells-2"	"kidney_fibrosis_OM_mean"	0.00621248925813779	0.0119585038649262	0.519503888472101	0.630831897485653	6	-0.17099191927724	6	1	1	"PBMC"	"SS"	0.778444387728897
"Mast_cells"	"Mast_cells-3"	"kidney_fibrosis_OM_mean"	0.0173334915670314	0.0326733679242933	0.530508260035953	0.623845159730361	6	-0.167831652790014	6	1	1	"PBMC"	"SS"	0.778444387728897
"Mast_cells"	"Mast_cells-4"	"kidney_fibrosis_OM_mean"	0.0147684414207813	0.0160438428937553	0.920505237964501	0.409399717939622	6	-0.0314957121232053	6	1	1	"PBMC"	"SS"	0.669945994126851
"Mast_cells"	"Mast_cells-5"	"kidney_fibrosis_OM_mean"	0.0232910644243018	0.0163063242513623	1.42834547291405	0.226385308609053	6	0.172208837491344	6	1	1	"PBMC"	"SS"	0.582133650708992
"Mast_cells"	"Mast_cells-6"	"kidney_fibrosis_OM_mean"	-0.0139827888750102	0.0115282621688605	-1.21291385207908	0.291893030338463	6	0.086117022986576	6	1	1	"PBMC"	"SS"	0.656727887457043
"Mast_cells"	"Mast_cells-7"	"kidney_fibrosis_OM_mean"	-0.0127185231743855	0.0068274077995928	-1.86286267756616	0.135949198963287	6	0.330679016521497	6	1	1	"PBMC"	"SS"	0.553607279823078
"Mast_cells"	"Mast_cells-8"	"kidney_fibrosis_OM_mean"	-0.0206982890034731	0.0466461326856358	-0.443730011723928	0.680183642816266	6	-0.191356568003839	6	1	1	"PBMC"	"SS"	0.778444387728897
"Mast_cells"	"Mast_cells-9"	"kidney_fibrosis_OM_mean"	0.00667474862339658	0.013889094897608	0.480574772697832	0.655920959885999	6	-0.181767098152047	6	1	1	"PBMC"	"SS"	0.778444387728897
"Megakaryocytes"	"Megakaryocytes-1"	"kidney_fibrosis_OM_mean"	0.0274728689595546	0.0449596537348586	0.611056061987729	0.574181741302387	6	-0.14327799697408	6	1	1	"PBMC"	"SS"	0.619530033676792
"Megakaryocytes"	"Megakaryocytes-2"	"kidney_fibrosis_OM_mean"	-0.0320043440956414	0.0424759746323495	-0.75346932878303	0.493089484425385	6	-0.094638976634992	6	1	1	"PBMC"	"SS"	0.619530033676792
"Megakaryocytes"	"Megakaryocytes-3"	"kidney_fibrosis_OM_mean"	-0.0174559170207364	0.0105658272332913	-1.65211077517296	0.173856010024934	6	0.256999438289768	6	1	1	"PBMC"	"SS"	0.486796828069816
"Megakaryocytes"	"Megakaryocytes-4"	"kidney_fibrosis_OM_mean"	0.0221938363462724	0.0279469814850034	0.794140732450188	0.471567005255111	6	-0.0797598045870709	6	1	1	"PBMC"	"SS"	0.619530033676792
"Megakaryocytes"	"Megakaryocytes-5"	"kidney_fibrosis_OM_mean"	0.000328269956396793	0.00368266328059903	0.0891392808368287	0.933255978392559	6	-0.247521856656117	6	1	1	"PBMC"	"SS"	0.933255978392559
"Megakaryocytes"	"Megakaryocytes-6"	"kidney_fibrosis_OM_mean"	0.00656081611356226	0.00961282566539073	0.682506511814035	0.53239518911868	6	-0.119616429418684	6	1	1	"PBMC"	"SS"	0.619530033676792
"Megakaryocytes"	"Megakaryocytes-7"	"kidney_fibrosis_OM_mean"	-0.00709553025940825	0.00508146097973902	-1.39635634076495	0.235111188655215	6	0.159637175961117	6	1	1	"PBMC"	"SS"	0.548592773528835
"Microglia"	"Microglia-1"	"kidney_fibrosis_OM_mean"	0.000992799469177609	0.0189009836886023	0.0525263386040742	0.958759530272418	22	0.849690616340247	20	1	5	"HYP"	"mixed"	0.988808297614104
"Microglia"	"Microglia-10"	"kidney_fibrosis_OM_mean"	-0.000844418565933111	0.00162581047252377	-0.519383150867706	0.610603881864597	22	0.0971626426863327	20	1	5	"HYP"	"mixed"	0.857151116807951
"Microglia"	"Microglia-11"	"kidney_fibrosis_OM_mean"	0.000125080603562339	0.0021634355316013	0.0578157295354015	0.954611312645675	22	-0.0691508375814136	20	1	5	"HYP"	"mixed"	0.988808297614104
"Microglia"	"Microglia-12"	"kidney_fibrosis_OM_mean"	-0.000349214247428409	0.00138833811874831	-0.251534005090382	0.804603424258735	22	-0.0605063003498103	20	1	5	"HYP"	"mixed"	0.919546770581411
"Microglia"	"Microglia-13"	"kidney_fibrosis_OM_mean"	-0.000853320466378646	0.00174160860631441	-0.48996109877089	0.630811733329153	22	0.0624458235942905	20	1	5	"HYP"	"mixed"	0.857151116807951
"Microglia"	"Microglia-14"	"kidney_fibrosis_OM_mean"	2.32904505312083e-05	0.00239845668079196	0.00971059878534805	0.992372233914923	22	-0.0475468765345219	20	1	5	"HYP"	"mixed"	0.992372233914923
"Microglia"	"Microglia-15"	"kidney_fibrosis_OM_mean"	-5.00293078055028e-05	0.0018706491424769	-0.0267443566350769	0.978994367746622	22	-0.0775820399587177	20	1	5	"HYP"	"mixed"	0.989299571617639
"Microglia"	"Microglia-16"	"kidney_fibrosis_OM_mean"	0.000122842879376866	0.00258450314990617	0.0475305589708126	0.962678609052775	22	-0.0615884328911467	20	1	5	"HYP"	"mixed"	0.988808297614104
"Microglia"	"Microglia-2"	"kidney_fibrosis_OM_mean"	0.012226774013785	0.0222699685561728	0.549025203288667	0.590568626877137	22	0.643719138469819	20	1	5	"HYP"	"mixed"	0.857151116807951
"Microglia"	"Microglia-3"	"kidney_fibrosis_OM_mean"	-0.00230546019562461	0.00337987428537548	-0.682114185607494	0.504922441790113	22	-0.219838691194175	20	1	5	"HYP"	"mixed"	0.835789135153226
"Microglia"	"Microglia-4"	"kidney_fibrosis_OM_mean"	-0.00263718765748087	0.00461657724829035	-0.571243047748741	0.575771850902072	22	0.412685234228856	20	1	5	"HYP"	"mixed"	0.857151116807951
"Microglia"	"Microglia-5"	"kidney_fibrosis_OM_mean"	-0.00440921521376407	0.00902943695061064	-0.488315632290438	0.631951078447516	22	0.118175596025164	20	1	5	"HYP"	"mixed"	0.857151116807951
"Microglia"	"Microglia-6"	"kidney_fibrosis_OM_mean"	-0.00027082952191627	0.000398149893930384	-0.680220002679756	0.50608939209761	22	0.420638426503146	20	1	5	"HYP"	"mixed"	0.835789135153226
"Microglia"	"Microglia-7"	"kidney_fibrosis_OM_mean"	0.000129352996096092	0.00319516232599703	0.0404840139243091	0.968208124747143	22	-0.00674261191543613	20	1	5	"HYP"	"mixed"	0.988808297614104
"Microglia"	"Microglia-8"	"kidney_fibrosis_OM_mean"	-0.00104539371639189	0.00215343442201208	-0.485454168330384	0.633934680139214	22	0.11413150239311	20	1	5	"HYP"	"mixed"	0.857151116807951
"Microglia"	"Microglia-9"	"kidney_fibrosis_OM_mean"	-0.000855071519805733	0.000847217178963142	-1.00927075257398	0.327865256953307	22	0.159965454211384	20	1	5	"HYP"	"mixed"	0.629501293350349
"Monocytes"	"Monocytes-1"	"kidney_fibrosis_OM_mean"	-0.00574714031848922	0.0157233941975862	-0.365515247297655	0.71792862075004	32	0.693115494424999	23	4	4	"mixed"	"mixed"	0.913727335500051
"Monocytes"	"Monocytes-2"	"kidney_fibrosis_OM_mean"	-0.00339498907667728	0.00510858860563625	-0.664564978462276	0.51266411398638	32	0.952445268878367	23	4	4	"mixed"	"mixed"	0.770104926342118
"Monocytes"	"Monocytes-3"	"kidney_fibrosis_OM_mean"	0.00268404288324203	0.0152350962134547	0.176174987386798	0.861634610207423	32	0.458121275957879	23	4	4	"mixed"	"mixed"	0.954472938016663
"Monocytes"	"Monocytes-4"	"kidney_fibrosis_OM_mean"	0.000869852713136175	0.00271756442110336	0.320085406763975	0.751673608574192	32	0.34830950073798	23	4	4	"mixed"	"mixed"	0.930912601531401
"Monocytes"	"Monocytes-5"	"kidney_fibrosis_OM_mean"	0.0030591434748548	0.00208110125948436	1.46996378043266	0.154560348933146	32	0.746298466413449	23	4	4	"mixed"	"mixed"	0.376320849576355
"Monocytes"	"Monocytes-6"	"kidney_fibrosis_OM_mean"	0.000429357502598698	0.00221763259269073	0.193610746890108	0.848109968314593	32	0.16425469988144	23	4	4	"mixed"	"mixed"	0.954472938016663
"Monocytes"	"Monocytes-7"	"kidney_fibrosis_OM_mean"	0.00209973282133483	0.00215818655345312	0.97291534782998	0.340299853817922	32	-0.0739806022987117	23	4	4	"mixed"	"mixed"	0.635226393793454
"Myelinating_OL"	"Myelinating_OL-1"	"kidney_fibrosis_OM_mean"	0.00567183474149043	0.0112043104657439	0.506218991238375	0.61960655869936	22	0.864502930420814	20	1	5	"HYP"	"mixed"	0.662040394935331
"Myelinating_OL"	"Myelinating_OL-10"	"kidney_fibrosis_OM_mean"	-0.0027924326080337	0.00507161126611628	-0.550600679253575	0.589513083654255	22	-0.0182532922775331	20	1	5	"HYP"	"mixed"	0.64704465066022
"Myelinating_OL"	"Myelinating_OL-11"	"kidney_fibrosis_OM_mean"	-0.000839005285294533	0.00153884766459961	-0.545216595895364	0.593124263105202	22	0.103521766768923	20	1	5	"HYP"	"mixed"	0.64704465066022
"Myelinating_OL"	"Myelinating_OL-12"	"kidney_fibrosis_OM_mean"	-0.000360141278855375	0.000510564906144786	-0.705378051881314	0.490717741912732	22	0.284616897087074	20	1	5	"HYP"	"mixed"	0.615228213741336
"Myelinating_OL"	"Myelinating_OL-13"	"kidney_fibrosis_OM_mean"	-0.000482763324457609	0.000839020912998442	-0.575388905065953	0.573032132580407	22	0.128912189957437	20	1	5	"HYP"	"mixed"	0.64704465066022
"Myelinating_OL"	"Myelinating_OL-14"	"kidney_fibrosis_OM_mean"	-0.000731095756566837	0.00114288337191345	-0.639694105744856	0.531424997057816	22	0.0660962956322153	20	1	5	"HYP"	"mixed"	0.646952170331255
"Myelinating_OL"	"Myelinating_OL-2"	"kidney_fibrosis_OM_mean"	0.000514115069674987	0.0106386087785501	0.0483254042306322	0.962055001682138	22	0.74446966259061	20	1	5	"HYP"	"mixed"	0.97364602579879
"Myelinating_OL"	"Myelinating_OL-3"	"kidney_fibrosis_OM_mean"	0.00689546078309062	0.00297064796988766	2.32119754780348	0.033804942478429	22	0.916581222965735	20	1	5	"HYP"	"mixed"	0.0847677546656251
"Myelinating_OL"	"Myelinating_OL-4"	"kidney_fibrosis_OM_mean"	0.0123091251436395	0.0171412979056939	0.718097614974108	0.483051789692791	22	0.810595937895729	20	1	5	"HYP"	"mixed"	0.615228213741336
"Myelinating_OL"	"Myelinating_OL-5"	"kidney_fibrosis_OM_mean"	-0.0123980399507003	0.0116037137378068	-1.06845448197377	0.301171371140298	22	0.14015102052558	20	1	5	"HYP"	"mixed"	0.42878635891161
"Myelinating_OL"	"Myelinating_OL-6"	"kidney_fibrosis_OM_mean"	-0.00107627856143435	0.00150745064801334	-0.713972668261327	0.485530018993098	22	0.694037199510431	20	1	5	"HYP"	"mixed"	0.615228213741336
"Myelinating_OL"	"Myelinating_OL-7"	"kidney_fibrosis_OM_mean"	-0.0060288896234767	0.00962048806025461	-0.626671909545215	0.539713594393918	22	0.0476357619407912	20	1	5	"HYP"	"mixed"	0.64704465066022
"Myelinating_OL"	"Myelinating_OL-8"	"kidney_fibrosis_OM_mean"	-2.31146493227856e-05	0.000742669386712045	-0.0311237405719914	0.975555795826835	22	0.784247052033029	20	1	5	"HYP"	"mixed"	0.975555795826835
"Myelinating_OL"	"Myelinating_OL-9"	"kidney_fibrosis_OM_mean"	-0.000658774699753341	0.000510459082306368	-1.29055339122746	0.215197095538711	22	-0.101104289501484	20	1	5	"HYP"	"mixed"	0.34106709481607
"Neuronal"	"Neuronal-1"	"kidney_fibrosis_OM_mean"	0.00330489094680039	0.0211021860816235	0.15661367661232	0.877508463093929	22	0.52020853696772	22	1	5	"LV"	"mixed"	0.914989944895175
"Neuronal"	"Neuronal-10"	"kidney_fibrosis_OM_mean"	-0.000717735726787188	0.00138562096389738	-0.517988501536807	0.611554635985388	22	0.448975142927594	22	1	5	"LV"	"mixed"	0.759171272257723
"Neuronal"	"Neuronal-11"	"kidney_fibrosis_OM_mean"	0.000684063148328497	0.00262457677493154	0.260637507297282	0.797696796645267	22	-0.0553039043437364	22	1	5	"LV"	"mixed"	0.870214687249382
"Neuronal"	"Neuronal-12"	"kidney_fibrosis_OM_mean"	0.000640858050635061	0.00116480313619628	0.550185718702487	0.589791007955224	22	0.19366109882989	22	1	5	"LV"	"mixed"	0.744999167943441
"Neuronal"	"Neuronal-2"	"kidney_fibrosis_OM_mean"	-0.0042925190227543	0.00999298446521869	-0.42955325685682	0.673249309620513	22	-0.00876085492023582	22	1	5	"LV"	"mixed"	0.79465492283077
"Neuronal"	"Neuronal-3"	"kidney_fibrosis_OM_mean"	-0.00155357582725781	0.0130254397247863	-0.119272428423394	0.906544255917706	22	0.865804371420466	22	1	5	"LV"	"mixed"	0.914989944895175
"Neuronal"	"Neuronal-4"	"kidney_fibrosis_OM_mean"	0.00454852547634585	0.00662380809312166	0.686693426560646	0.502107736717999	22	-0.0398792642417587	22	1	5	"LV"	"mixed"	0.669476982290665
"Neuronal"	"Neuronal-5"	"kidney_fibrosis_OM_mean"	0.00268438925176727	0.00208068385359145	1.29014758639751	0.215334508849359	22	0.467377373397618	22	1	5	"LV"	"mixed"	0.409668098714849
"Neuronal"	"Neuronal-6"	"kidney_fibrosis_OM_mean"	-0.00192383893865178	0.00187412271154841	-1.02652773310788	0.319912943656591	22	-0.0839749417035973	22	1	5	"LV"	"mixed"	0.508696878346313
"Neuronal"	"Neuronal-7"	"kidney_fibrosis_OM_mean"	0.000518442881639955	0.00126036118919612	0.411344689192331	0.68627699261991	22	0.375789465702332	22	1	5	"LV"	"mixed"	0.796966830139251
"Neuronal"	"Neuronal-8"	"kidney_fibrosis_OM_mean"	-0.00266333420948696	0.00190839465113353	-1.3955888043938	0.181906307594353	22	0.175620640445222	22	1	5	"LV"	"mixed"	0.374207261336954
"Neuronal"	"Neuronal-9"	"kidney_fibrosis_OM_mean"	-0.00123016603057897	0.00597641209239497	-0.205836881988838	0.839514536678327	22	-0.114043990994695	22	1	5	"LV"	"mixed"	0.902164875236411
"Neutrophils"	"Neutrophils-1"	"kidney_fibrosis_OM_mean"	0.0219365255673842	0.0114211994367666	1.92068492357879	0.112829543232106	9	0.952407100363309	9	2	2	"mixed"	"mixed"	0.225659086464212
"Neutrophils"	"Neutrophils-2"	"kidney_fibrosis_OM_mean"	0.0034118958843546	0.00231120506221522	1.47624109177245	0.199908410456043	9	0.997145424241607	9	2	2	"mixed"	"mixed"	0.318464370536875
"Neutrophils"	"Neutrophils-3"	"kidney_fibrosis_OM_mean"	-0.0151502816675394	0.0143292081209053	-1.05730069238342	0.338758216493454	9	-0.130523125408809	9	2	2	"mixed"	"mixed"	0.433610517111621
"Neutrophils"	"Neutrophils-4"	"kidney_fibrosis_OM_mean"	5.37230377104774e-05	0.00350971804173392	0.0153069383556339	0.98837931214482	9	-0.092902798790351	9	2	2	"mixed"	"mixed"	0.98837931214482
"Neutrophils"	"Neutrophils-5"	"kidney_fibrosis_OM_mean"	-0.00387923159233627	0.00135786509206298	-2.85686082881961	0.0355368729255958	9	0.923036644830013	9	2	2	"mixed"	"mixed"	0.126353325957674
"Neutrophils"	"Neutrophils-6"	"kidney_fibrosis_OM_mean"	-0.00331670612444426	0.00328448806498106	-1.0098091571124	0.358928834512435	9	0.382270051588515	9	2	2	"mixed"	"mixed"	0.441758565553766
"Neutrophils"	"Neutrophils-7"	"kidney_fibrosis_OM_mean"	-0.0011329723187044	0.00298711743922813	-0.379286165259428	0.72004934384105	9	0.49560344533815	9	2	2	"mixed"	"mixed"	0.768052633430453
"Neutrophils"	"Neutrophils-8"	"kidney_fibrosis_OM_mean"	-0.00192295278642496	0.000834177194032487	-2.3052090133623	0.0693203353271508	9	0.946847256808806	9	2	2	"mixed"	"mixed"	0.15687766316253
"NFO"	"NFO-1"	"kidney_fibrosis_OM_mean"	-0.00737108818848214	0.00487127030026772	-1.51317577020455	0.158423510068763	16	0.874174220940484	15	1	4	"HYP"	"mixed"	0.372761200161796
"NFO"	"NFO-2"	"kidney_fibrosis_OM_mean"	0.0108022740002018	0.0127905249222026	0.844552828434003	0.416350952725285	16	-0.151210250013283	15	1	4	"HYP"	"mixed"	0.640539927269669
"NFO"	"NFO-3"	"kidney_fibrosis_OM_mean"	-0.00928748817596372	0.00514948464291816	-1.80357624500082	0.0987248369112338	16	0.294824399641389	15	1	4	"HYP"	"mixed"	0.248620850353587
"NFO"	"NFO-4"	"kidney_fibrosis_OM_mean"	0.00359961167814986	0.00770212199659384	0.467353241060287	0.64936873147	16	0.715775716634403	15	1	4	"HYP"	"mixed"	0.837895137380645
"NFO"	"NFO-5"	"kidney_fibrosis_OM_mean"	-0.000481330165909248	0.00272458219181042	-0.176662009814215	0.862984515623701	16	0.119012961504912	15	1	4	"HYP"	"mixed"	0.977450351231989
"NFO"	"NFO-6"	"kidney_fibrosis_OM_mean"	0.00719022486216037	0.00282779129427451	2.54269997814852	0.0273482210782934	16	0.559259790335968	15	1	4	"HYP"	"mixed"	0.113030021897667
"NFO"	"NFO-7"	"kidney_fibrosis_OM_mean"	-0.00266433257369791	0.00280117153755459	-0.951149380885064	0.361960038967608	16	0.553243806403945	15	1	4	"HYP"	"mixed"	0.640539927269669
"NFO"	"NFO-8"	"kidney_fibrosis_OM_mean"	-0.00178787143645899	0.00242721723180016	-0.736593088181484	0.476785909706547	16	-0.214588587018653	15	1	4	"HYP"	"mixed"	0.68112272815221
"NK_cells"	"NK_cells-1"	"kidney_fibrosis_OM_mean"	-0.0133247099355764	0.00800512430324618	-1.66452255215738	0.106777774254568	37	0.508169157390554	32	3	5	"mixed"	"mixed"	0.26694443563642
"NK_cells"	"NK_cells-10"	"kidney_fibrosis_OM_mean"	-0.000537801526634847	0.00431734747882522	-0.124567579809718	0.901725363481961	37	0.77089718926256	32	3	5	"mixed"	"mixed"	0.946258246272176
"NK_cells"	"NK_cells-2"	"kidney_fibrosis_OM_mean"	0.0017140970799301	0.00278251486161118	0.6160244114339	0.542683825127479	37	0.872213823527777	32	3	5	"mixed"	"mixed"	0.789358291094516
"NK_cells"	"NK_cells-3"	"kidney_fibrosis_OM_mean"	0.00420700035614983	0.00376297717312571	1.11799784122934	0.272744217075076	37	0.718948736221426	32	3	5	"mixed"	"mixed"	0.507431101535025
"NK_cells"	"NK_cells-4"	"kidney_fibrosis_OM_mean"	-0.00287413236801902	0.00345392101199964	-0.832136102138321	0.412132394006383	37	0.415850058373257	32	3	5	"mixed"	"mixed"	0.693779874445
"NK_cells"	"NK_cells-5"	"kidney_fibrosis_OM_mean"	0.0106225789239491	0.00886505894284094	1.19825248680692	0.240520035054579	37	0.881474068241217	32	3	5	"mixed"	"mixed"	0.503936763071959
"NK_cells"	"NK_cells-6"	"kidney_fibrosis_OM_mean"	-0.000510472202959005	0.000453904611027715	-1.124624404681	0.269970931542106	37	0.970304047672636	32	3	5	"mixed"	"mixed"	0.507431101535025
"NK_cells"	"NK_cells-7"	"kidney_fibrosis_OM_mean"	-0.000532487773388701	0.00156333921388906	-0.340609234808389	0.735852974281208	37	0.30911906153605	32	3	5	"mixed"	"mixed"	0.865709381507303
"NK_cells"	"NK_cells-8"	"kidney_fibrosis_OM_mean"	0.00143889545523165	0.00193664595466749	0.742983224044533	0.463468544812365	37	0.166142485592746	32	3	5	"mixed"	"mixed"	0.713028530480562
"NK_cells"	"NK_cells-9"	"kidney_fibrosis_OM_mean"	-0.000202968008682687	0.00412093123984963	-0.0492529471785347	0.961055377518907	37	0.00553725909016489	32	3	5	"mixed"	"mixed"	0.970174342485874
"NKT"	"NKT-1"	"kidney_fibrosis_OM_mean"	-0.0025044406045336	0.0114521853152547	-0.218686699140084	0.829659185379815	21	0.948706687644435	17	2	3	"mixed"	"mixed"	0.901803462369364
"NKT"	"NKT-2"	"kidney_fibrosis_OM_mean"	0.00342405484093446	0.00700066216538091	0.489104424702397	0.631404787225145	21	0.867469653623147	17	2	3	"mixed"	"mixed"	0.789255984031431
"NKT"	"NKT-3"	"kidney_fibrosis_OM_mean"	-0.000537623653070456	0.0132314150762362	-0.0406323624474632	0.968091695435747	21	0.599956548951948	17	2	3	"mixed"	"mixed"	0.968091695435747
"NKT"	"NKT-4"	"kidney_fibrosis_OM_mean"	0.000657104668489015	0.00250210045411023	0.262621217869004	0.796194077437322	21	0.481431980770218	17	2	3	"mixed"	"mixed"	0.901803462369364
"NKT"	"NKT-5"	"kidney_fibrosis_OM_mean"	-0.00103909525181945	0.017610832784659	-0.0590031865344052	0.953680227452027	21	0.41468216822297	17	2	3	"mixed"	"mixed"	0.968091695435747
"OPC"	"OPC-1"	"kidney_fibrosis_OM_mean"	-0.00373417240091983	0.0104920949308487	-0.355903413525233	0.726562079118897	22	0.939014677617277	20	1	5	"HYP"	"mixed"	0.841394737392447
"OPC"	"OPC-2"	"kidney_fibrosis_OM_mean"	0.00573188505252539	0.00920724924332057	0.622540446234102	0.542358018771472	22	0.943261065347552	20	1	5	"HYP"	"mixed"	0.716419785501728
"OPC"	"OPC-3"	"kidney_fibrosis_OM_mean"	-0.0051031791667107	0.00725387481000543	-0.703510785666135	0.49184913109826	22	-0.132194705101059	20	1	5	"HYP"	"mixed"	0.674535951220471
"OPC"	"OPC-4"	"kidney_fibrosis_OM_mean"	0.00211272638068512	0.00152801302971806	1.3826625425275	0.185763664802939	22	0.52659151675186	20	1	5	"HYP"	"mixed"	0.291156003682227
"OPC"	"OPC-5"	"kidney_fibrosis_OM_mean"	0.000126499112689961	0.00496907402928295	0.0254572807618676	0.980005028847534	22	0.00656265497886421	20	1	5	"HYP"	"mixed"	0.993119511777909
"OPC"	"OPC-6"	"kidney_fibrosis_OM_mean"	0.000786664421227046	0.00105337951673317	0.746800567820718	0.466017160246671	22	0.423846433167487	20	1	5	"HYP"	"mixed"	0.674535951220471
"OPC"	"OPC-7"	"kidney_fibrosis_OM_mean"	-0.000966296339661785	0.00171912102852669	-0.562087440981345	0.581846096324769	22	0.303060014073971	20	1	5	"HYP"	"mixed"	0.734963490094445
"OPC"	"OPC-8"	"kidney_fibrosis_OM_mean"	0.00104587294016484	0.00172245944135278	0.607197426572461	0.552240251324249	22	0.153517960658198	20	1	5	"HYP"	"mixed"	0.716419785501728
"Pars_tuberalis_cell"	"Pars_tuberalis_cell-1"	"kidney_fibrosis_OM_mean"	0.000953715001589879	0.0099255717122158	0.0960866566926421	0.925179963237997	16	0.729100287073202	15	1	4	"HYP"	"mixed"	0.957082720591031
"Pars_tuberalis_cell"	"Pars_tuberalis_cell-2"	"kidney_fibrosis_OM_mean"	0.009977346497759	0.0165834213753785	0.601645840862032	0.559605446821909	16	0.628883385041602	15	1	4	"HYP"	"mixed"	0.729920148028577
"Pars_tuberalis_cell"	"Pars_tuberalis_cell-3"	"kidney_fibrosis_OM_mean"	0.0103428137695209	0.00594448741370862	1.73990001991918	0.109740873606604	16	0.862827781157283	15	1	4	"HYP"	"mixed"	0.253248169861394
"Pars_tuberalis_cell"	"Pars_tuberalis_cell-4"	"kidney_fibrosis_OM_mean"	-0.0221846319363011	0.0241965170091575	-0.91685228613296	0.378882964788173	16	-0.00667262750873454	15	1	4	"HYP"	"mixed"	0.541261378268819
"Pars_tuberalis_cell"	"Pars_tuberalis_cell-5"	"kidney_fibrosis_OM_mean"	0.00247165756466074	0.00243843277472286	1.01362546890047	0.332538354301105	16	0.182660091836397	15	1	4	"HYP"	"mixed"	0.541261378268819
"Pars_tuberalis_cell"	"Pars_tuberalis_cell-6"	"kidney_fibrosis_OM_mean"	-0.00156090089722948	0.00314026903869255	-0.49705960794982	0.628931934777326	16	0.216624904871663	15	1	4	"HYP"	"mixed"	0.754718321732791
"Pericyte"	"Pericyte-1"	"kidney_fibrosis_OM_mean"	-0.000354496049064851	0.0142074079540454	-0.0249514936300476	0.980217719132368	48	0.738827978538555	44	3	5	"mixed"	"mixed"	0.992106253338689
"Pericyte"	"Pericyte-10"	"kidney_fibrosis_OM_mean"	-0.000163008900933897	0.00294555891528222	-0.0553405671460755	0.956142644299447	48	0.188950648048245	44	3	5	"mixed"	"mixed"	0.984542920862796
"Pericyte"	"Pericyte-11"	"kidney_fibrosis_OM_mean"	-0.00101777497505974	0.00279615657346108	-0.363990695199138	0.717781969910816	48	0.593163109816822	44	3	5	"mixed"	"mixed"	0.853827852090919
"Pericyte"	"Pericyte-12"	"kidney_fibrosis_OM_mean"	-0.0017317447978416	0.00213264767283726	-0.812016358772332	0.421588521200142	48	0.075764533802984	44	3	5	"mixed"	"mixed"	0.626360088640212
"Pericyte"	"Pericyte-13"	"kidney_fibrosis_OM_mean"	-0.000275622365059217	0.001852746911321	-0.148764174629064	0.882487196631155	48	0.554636979636814	44	3	5	"mixed"	"mixed"	0.953697842961385
"Pericyte"	"Pericyte-2"	"kidney_fibrosis_OM_mean"	0.0108143429814232	0.0069848972085939	1.5482465465802	0.129439409227407	48	0.869247006669446	44	3	5	"mixed"	"mixed"	0.232098251028454
"Pericyte"	"Pericyte-3"	"kidney_fibrosis_OM_mean"	-0.00397334136504636	0.00390007018742028	-1.0187871433346	0.314426725728054	48	0.332678272243132	44	3	5	"mixed"	"mixed"	0.510943429308088
"Pericyte"	"Pericyte-4"	"kidney_fibrosis_OM_mean"	-0.000359090473623621	0.0023472548747002	-0.152983162371528	0.879180693632774	48	0.598120660652428	44	3	5	"mixed"	"mixed"	0.953697842961385
"Pericyte"	"Pericyte-5"	"kidney_fibrosis_OM_mean"	-0.000715849675156674	0.00511992334021239	-0.139816483097378	0.88950664199283	48	0.363622708055264	44	3	5	"mixed"	"mixed"	0.953697842961385
"Pericyte"	"Pericyte-6"	"kidney_fibrosis_OM_mean"	0.00196797465891377	0.00854622279315758	0.230274204937578	0.819052347266623	48	0.601183270298677	44	3	5	"mixed"	"mixed"	0.915929506620739
"Pericyte"	"Pericyte-7"	"kidney_fibrosis_OM_mean"	-0.000438707825979694	0.00409874184321792	-0.107034754263827	0.915296455913803	48	0.742909875609468	44	3	5	"mixed"	"mixed"	0.961523549646824
"Pericyte"	"Pericyte-8"	"kidney_fibrosis_OM_mean"	-0.00374777582868019	0.00503727653867102	-0.744008354496449	0.461219881121781	48	0.43444989144694	44	3	5	"mixed"	"mixed"	0.675589685023454
"Pericyte"	"Pericyte-9"	"kidney_fibrosis_OM_mean"	-4.90538389116754e-06	0.00160575823305447	-0.00305487077082365	0.997577754519373	48	0.887770058627348	44	3	5	"mixed"	"mixed"	0.997577754519373
"Plasma_cells"	"Plasma_cells-1"	"kidney_fibrosis_OM_mean"	-0.0601835007894687	0.0878529132209959	-0.685048435879136	0.542496992113929	5	-0.152973211386883	5	1	1	"PBMC"	"SS"	0.844237454328341
"Plasma_cells"	"Plasma_cells-10"	"kidney_fibrosis_OM_mean"	-0.00570311074253044	0.00889463488867626	-0.641185480225957	0.567023360066517	5	-0.172635786383522	5	1	1	"PBMC"	"SS"	0.844237454328341
"Plasma_cells"	"Plasma_cells-11"	"kidney_fibrosis_OM_mean"	0.00453346977789883	0.00260253673074801	1.74194266860389	0.17988256685867	5	0.337129840495557	5	1	1	"PBMC"	"SS"	0.649883650972308
"Plasma_cells"	"Plasma_cells-12"	"kidney_fibrosis_OM_mean"	-0.00584642633145457	0.00433428412034901	-1.34887934641991	0.270158237290403	5	0.170034165065227	5	1	1	"PBMC"	"SS"	0.649883650972308
"Plasma_cells"	"Plasma_cells-13"	"kidney_fibrosis_OM_mean"	-0.00688270446117997	0.00586015907939702	-1.17449106209045	0.324941825486154	5	0.0866389734468669	5	1	1	"PBMC"	"SS"	0.649883650972308
"Plasma_cells"	"Plasma_cells-14"	"kidney_fibrosis_OM_mean"	-0.00499528897093139	0.00452132969979671	-1.10482740755579	0.349885789750253	5	0.0522772404808162	5	1	1	"PBMC"	"SS"	0.656035855781725
"Plasma_cells"	"Plasma_cells-15"	"kidney_fibrosis_OM_mean"	-0.00538903279297808	0.00429379305068226	-1.25507511176436	0.298320956408495	5	0.125723866574281	5	1	1	"PBMC"	"SS"	0.649883650972308
"Plasma_cells"	"Plasma_cells-2"	"kidney_fibrosis_OM_mean"	0.0427466412998883	0.101566072123593	0.420875203757716	0.702178280141834	5	-0.258995547922045	5	1	1	"PBMC"	"SS"	0.844237454328341
"Plasma_cells"	"Plasma_cells-3"	"kidney_fibrosis_OM_mean"	0.0247629527303921	0.0156544171861474	1.58185082433505	0.211829786863978	5	0.273024939994755	5	1	1	"PBMC"	"SS"	0.649883650972308
"Plasma_cells"	"Plasma_cells-4"	"kidney_fibrosis_OM_mean"	0.0143603087192576	0.0171581121503422	0.836939903028384	0.464052843658923	5	-0.0809442390090767	5	1	1	"PBMC"	"SS"	0.773421406098205
"Plasma_cells"	"Plasma_cells-5"	"kidney_fibrosis_OM_mean"	-0.0022020580043273	0.00867857728414928	-0.253734907488717	0.816096205850729	5	-0.305320543885548	5	1	1	"PBMC"	"SS"	0.844237454328341
"Plasma_cells"	"Plasma_cells-6"	"kidney_fibrosis_OM_mean"	-0.00451106335391868	0.00817195437883197	-0.552017686932248	0.619396780736565	5	-0.210388695967917	5	1	1	"PBMC"	"SS"	0.844237454328341
"Plasma_cells"	"Plasma_cells-7"	"kidney_fibrosis_OM_mean"	-0.00252349473926969	0.00757912123822404	-0.33295347309433	0.761080044531009	5	-0.285818889964424	5	1	1	"PBMC"	"SS"	0.844237454328341
"Plasma_cells"	"Plasma_cells-8"	"kidney_fibrosis_OM_mean"	0.00905380317368027	0.0056001267281188	1.61671398045694	0.204361934513995	5	0.287465605502702	5	1	1	"PBMC"	"SS"	0.649883650972308
"Plasma_cells"	"Plasma_cells-9"	"kidney_fibrosis_OM_mean"	0.00277950448494184	0.00474474347055247	0.585807115219699	0.599160579883287	5	-0.196469227836361	5	1	1	"PBMC"	"SS"	0.844237454328341
"Plasmablasts"	"Plasmablasts-1"	"kidney_fibrosis_OM_mean"	0.0492439557142908	0.0347486600396343	1.41714689597018	0.229402667462816	6	0.167818589478647	6	1	1	"PBMC"	"SS"	0.458805334925632
"Plasmablasts"	"Plasmablasts-10"	"kidney_fibrosis_OM_mean"	0.000458510425666551	0.00307058568387393	0.149323442779842	0.888524631301028	6	-0.243070660917071	6	1	1	"PBMC"	"SS"	0.984751931673511
"Plasmablasts"	"Plasmablasts-2"	"kidney_fibrosis_OM_mean"	-0.011647073583945	0.00901837219504991	-1.29148291199801	0.266111306432212	6	0.117843433929722	6	1	1	"PBMC"	"SS"	0.483838738967657
"Plasmablasts"	"Plasmablasts-3"	"kidney_fibrosis_OM_mean"	-0.00845357097846272	0.0151483461354603	-0.558052404062382	0.606566476295372	6	-0.1597100531454	6	1	1	"PBMC"	"SS"	0.793138880468432
"Plasmablasts"	"Plasmablasts-4"	"kidney_fibrosis_OM_mean"	0.000231372403242221	0.0113794321177245	0.0203325087621761	0.984751931673511	6	-0.249870822440677	6	1	1	"PBMC"	"SS"	0.984751931673511
"Plasmablasts"	"Plasmablasts-5"	"kidney_fibrosis_OM_mean"	-0.00206491354969117	0.00401938593186639	-0.513738562231651	0.634511104374746	6	-0.172627870061005	6	1	1	"PBMC"	"SS"	0.793138880468432
"Plasmablasts"	"Plasmablasts-6"	"kidney_fibrosis_OM_mean"	-0.0175730069049974	0.00656076138589768	-2.67850114817016	0.0553146887114516	6	0.552547417385584	6	1	1	"PBMC"	"SS"	0.189136356852046
"Plasmablasts"	"Plasmablasts-7"	"kidney_fibrosis_OM_mean"	-0.00873856617433021	0.00400242814007467	-2.18331619419585	0.0943940465028975	6	0.429670997067054	6	1	1	"PBMC"	"SS"	0.235985116257244
"Plasmablasts"	"Plasmablasts-8"	"kidney_fibrosis_OM_mean"	-0.00128677038835261	0.00586204864802641	-0.219508650578297	0.837000502858085	6	-0.235121709169098	6	1	1	"PBMC"	"SS"	0.984706473950689
"Plasmablasts"	"Plasmablasts-9"	"kidney_fibrosis_OM_mean"	-0.000169936963420498	0.00219908378611242	-0.0772762568182613	0.942114798357722	6	-0.248136650594882	6	1	1	"PBMC"	"SS"	0.984751931673511
"POD"	"POD-1"	"kidney_fibrosis_OM_mean"	0.0110963267297278	0.0220922304442341	0.502272812957367	0.621564590131936	24	0.73817251680779	24	1	5	"LK"	"mixed"	0.771597422232748
"POD"	"POD-2"	"kidney_fibrosis_OM_mean"	0.0126795030811802	0.0169470784933047	0.748182236023128	0.464014455725239	24	0.836050781080974	24	1	5	"LK"	"mixed"	0.693219680062918
"POD"	"POD-3"	"kidney_fibrosis_OM_mean"	0.00716949907045635	0.0251518235988137	0.28504887696471	0.77886053456049	24	0.550431057167587	24	1	5	"LK"	"mixed"	0.930349494957611
"POD"	"POD-4"	"kidney_fibrosis_OM_mean"	0.000852229269112477	0.023341310883173	0.0365116283904541	0.971276282559077	24	-0.0417661965431757	24	1	5	"LK"	"mixed"	0.973674656951788
"POD"	"POD-5"	"kidney_fibrosis_OM_mean"	-0.00870199907750274	0.00590954172949945	-1.4725336541857	0.15814732777234	24	0.26746499062665	24	1	5	"LK"	"mixed"	0.258786536354739
"POD"	"POD-6"	"kidney_fibrosis_OM_mean"	-0.0230955590729741	0.00917152742978778	-2.51818023222207	0.0214798508835678	24	0.344181780896128	24	1	5	"LK"	"mixed"	0.0641690033811767
"Premyelinating_OL"	"Premyelinating_OL-1"	"kidney_fibrosis_OM_mean"	0.00513187955830004	0.0134168939869888	0.382493859106045	0.709382320411524	16	0.184465439924958	15	1	4	"HYP"	"mixed"	0.818928786499769
"Premyelinating_OL"	"Premyelinating_OL-10"	"kidney_fibrosis_OM_mean"	-5.58685309851591e-05	0.000156363995365541	-0.357297924337071	0.727629327305413	16	-0.256343233025326	15	1	4	"HYP"	"mixed"	0.818928786499769
"Premyelinating_OL"	"Premyelinating_OL-11"	"kidney_fibrosis_OM_mean"	0.000467768965873313	0.000211134117867198	2.21550628860247	0.0487470165313945	16	0.176259937611505	15	1	4	"HYP"	"mixed"	0.324980110209297
"Premyelinating_OL"	"Premyelinating_OL-12"	"kidney_fibrosis_OM_mean"	-0.000164409472893	0.000103781797510692	-1.58418409428746	0.141458578488374	16	0.0332707337325717	15	1	4	"HYP"	"mixed"	0.552672911765321
"Premyelinating_OL"	"Premyelinating_OL-2"	"kidney_fibrosis_OM_mean"	-0.0033604657757095	0.0196628180616699	-0.170904585760283	0.867401912550498	16	0.158603673789083	15	1	4	"HYP"	"mixed"	0.884827307381429
"Premyelinating_OL"	"Premyelinating_OL-3"	"kidney_fibrosis_OM_mean"	0.0153756070102861	0.0103736113488472	1.48218460218242	0.16636261481477	16	0.120908240272116	15	1	4	"HYP"	"mixed"	0.552672911765321
"Premyelinating_OL"	"Premyelinating_OL-4"	"kidney_fibrosis_OM_mean"	-0.0170768625591977	0.0160903273211581	-1.06131231629715	0.31129438383871	16	0.549623452843559	15	1	4	"HYP"	"mixed"	0.688155874531876
"Premyelinating_OL"	"Premyelinating_OL-5"	"kidney_fibrosis_OM_mean"	-0.000264638165974637	0.000464629917648995	-0.569567640658383	0.580416076478543	16	-0.22303206746327	15	1	4	"HYP"	"mixed"	0.757064447580708
"Premyelinating_OL"	"Premyelinating_OL-6"	"kidney_fibrosis_OM_mean"	0.000112780448446899	0.000363478839404383	0.31028064420946	0.762147150251242	16	0.300881886470867	15	1	4	"HYP"	"mixed"	0.818928786499769
"Premyelinating_OL"	"Premyelinating_OL-7"	"kidney_fibrosis_OM_mean"	-0.000481638691072153	0.000625711124475443	-0.769746089261125	0.457662219267735	16	0.28051345617733	15	1	4	"HYP"	"mixed"	0.688155874531876
"Premyelinating_OL"	"Premyelinating_OL-8"	"kidney_fibrosis_OM_mean"	0.000421813643236227	0.000300700939282696	1.40276796022799	0.188274804529891	16	0.333790826933515	15	1	4	"HYP"	"mixed"	0.552672911765321
"Premyelinating_OL"	"Premyelinating_OL-9"	"kidney_fibrosis_OM_mean"	-0.000105966430310406	0.000171169744286299	-0.619072200827536	0.548475362923791	16	0.01705464699895	15	1	4	"HYP"	"mixed"	0.731300483898388
"PT"	"PT-1"	"kidney_fibrosis_OM_mean"	0.00365323044554585	0.00854354256755719	0.427601362860699	0.674013236367066	24	0.622615571167829	24	1	5	"LK"	"mixed"	0.808815883640479
"PT"	"PT-10"	"kidney_fibrosis_OM_mean"	0.000208243855633382	0.000744626720282782	0.279662077603525	0.782925044377225	24	0.991493105405447	24	1	5	"LK"	"mixed"	0.888725726049823
"PT"	"PT-11"	"kidney_fibrosis_OM_mean"	0.00749222973887695	0.00779945259909166	0.960609689422245	0.349475738129191	24	0.234315260985746	24	1	5	"LK"	"mixed"	0.52334789824809
"PT"	"PT-12"	"kidney_fibrosis_OM_mean"	-0.0112585058862603	0.00723577799586335	-1.5559496010929	0.137127159085874	24	-0.0198052598980016	24	1	5	"LK"	"mixed"	0.274254318171749
"PT"	"PT-13"	"kidney_fibrosis_OM_mean"	-0.0166413869737317	0.0105104780085046	-1.583313999636	0.13076144945357	24	-0.0101914132587633	24	1	5	"LK"	"mixed"	0.267901506197558
"PT"	"PT-14"	"kidney_fibrosis_OM_mean"	-0.0123603855470466	0.00817856263671435	-1.51131514131342	0.148065344060409	24	-0.00928670780276319	24	1	5	"LK"	"mixed"	0.276388642246096
"PT"	"PT-2"	"kidney_fibrosis_OM_mean"	0.0135044216416952	0.0111681763826293	1.209187711496	0.242234409278811	24	0.556776960854154	24	1	5	"LK"	"mixed"	0.391301738065772
"PT"	"PT-3"	"kidney_fibrosis_OM_mean"	0.00549739549778537	0.00473665169892066	1.16060792458902	0.26096338503925	24	0.948000787525784	24	1	5	"LK"	"mixed"	0.413602346099944
"PT"	"PT-4"	"kidney_fibrosis_OM_mean"	0.00608473921859251	0.0100566942167545	0.605043674138497	0.552702136144896	24	0.347425469016893	24	1	5	"LK"	"mixed"	0.736936181526528
"PT"	"PT-5"	"kidney_fibrosis_OM_mean"	0.00272240400717568	0.00331290197598705	0.821758092122412	0.421966497512282	24	0.972751785920776	24	1	5	"LK"	"mixed"	0.589352833731802
"PT"	"PT-6"	"kidney_fibrosis_OM_mean"	-0.0059565911506499	0.0116215556461876	-0.512546799412687	0.614500549163444	24	0.508616304316538	24	1	5	"LK"	"mixed"	0.782091608026201
"PT"	"PT-7"	"kidney_fibrosis_OM_mean"	0.0118551997614248	0.00897130347200482	1.32145789053054	0.20290019436104	24	0.483347105558767	24	1	5	"LK"	"mixed"	0.355075340131821
"PT"	"PT-8"	"kidney_fibrosis_OM_mean"	0.000339988275273961	0.00859715971354739	0.0395465812666256	0.968889946591544	24	0.720313491898827	24	1	5	"LK"	"mixed"	0.980563319442045
"PT"	"PT-9"	"kidney_fibrosis_OM_mean"	-0.00514098288431518	0.00633938685059478	-0.810959009992084	0.427982414971904	24	0.563738404967872	24	1	5	"LK"	"mixed"	0.589352833731802
"T_cells"	"T_cells-1"	"kidney_fibrosis_OM_mean"	-0.0107761566202163	0.0116872657151816	-0.922042578891504	0.363406317394263	41	0.647520515446686	29	4	5	"mixed"	"mixed"	0.672307860252449
"T_cells"	"T_cells-2"	"kidney_fibrosis_OM_mean"	0.0017776042699239	0.00134375173069344	1.32286659010037	0.195255771354835	41	0.983385704355593	29	4	5	"mixed"	"mixed"	0.439325485548379
"T_cells"	"T_cells-3"	"kidney_fibrosis_OM_mean"	-0.00329602626442454	0.00385397655378763	-0.855227378377602	0.398783488688481	41	0.628729917330608	29	4	5	"mixed"	"mixed"	0.672307860252449
"T_cells"	"T_cells-4"	"kidney_fibrosis_OM_mean"	0.00146430363269294	0.00489202883579799	0.299324407488714	0.766628061047557	41	0.275719748461275	29	4	5	"mixed"	"mixed"	0.847325751684142
"T_cells"	"T_cells-5"	"kidney_fibrosis_OM_mean"	0.00357425350510592	0.00658114911425171	0.543104774417851	0.590821041305913	41	0.015434516258005	29	4	5	"mixed"	"mixed"	0.80916794787549
"T_cells"	"T_cells-6"	"kidney_fibrosis_OM_mean"	0.00677124966036648	0.0116898842255293	0.579240095943714	0.566482829360009	41	0.700287458703234	29	4	5	"mixed"	"mixed"	0.793075961104013
"T_cells"	"T_cells-7"	"kidney_fibrosis_OM_mean"	0.000484771816551639	0.0015149650478284	0.319988779441827	0.751056843517301	41	0.128978448419838	29	4	5	"mixed"	"mixed"	0.847325751684142
"TAL"	"TAL-1"	"kidney_fibrosis_OM_mean"	0.0208839803247224	0.0173792892345381	1.20165905767996	0.245067991041623	24	0.54688816665608	24	1	5	"LK"	"mixed"	0.366725813666145
"TAL"	"TAL-10"	"kidney_fibrosis_OM_mean"	-0.00277521493486324	0.00373213053985465	-0.743600714183842	0.466714242806214	24	0.213773283336168	24	1	5	"LK"	"mixed"	0.583392803507767
"TAL"	"TAL-11"	"kidney_fibrosis_OM_mean"	-0.000324409097100131	0.000670488076918858	-0.483840217697698	0.634333206010526	24	0.443876918375498	24	1	5	"LK"	"mixed"	0.751184059749307
"TAL"	"TAL-12"	"kidney_fibrosis_OM_mean"	-0.00368576776122401	0.00260308456758338	-1.41592317327045	0.173869617338122	24	0.0318831717263529	24	1	5	"LK"	"mixed"	0.284513919280564
"TAL"	"TAL-13"	"kidney_fibrosis_OM_mean"	-0.00256886558299721	0.00209068485612522	-1.22871965876207	0.234999781259938	24	-0.0310740669289866	24	1	5	"LK"	"mixed"	0.358474242599905
"TAL"	"TAL-14"	"kidney_fibrosis_OM_mean"	-0.00397329290845498	0.00288500267481122	-1.37722330143592	0.18532983953356	24	-0.00439218615436743	24	1	5	"LK"	"mixed"	0.291927331204275
"TAL"	"TAL-15"	"kidney_fibrosis_OM_mean"	-0.0104624453265701	0.00764766171603595	-1.3680580699107	0.188130946776088	24	-0.0237539410021133	24	1	5	"LK"	"mixed"	0.291927331204275
"TAL"	"TAL-2"	"kidney_fibrosis_OM_mean"	-0.0123614074474295	0.0150450681633685	-0.82162522051757	0.42204018899948	24	0.473983981485566	24	1	5	"LK"	"mixed"	0.542623100142189
"TAL"	"TAL-3"	"kidney_fibrosis_OM_mean"	-0.000330319523931819	0.00344355867839561	-0.0959238842085647	0.924640920678458	24	0.987411766519225	24	1	5	"LK"	"mixed"	0.951628445215571
"TAL"	"TAL-4"	"kidney_fibrosis_OM_mean"	0.00362205614574315	0.00531460466175743	0.681528801531854	0.504212040689934	24	0.673612766215876	24	1	5	"LK"	"mixed"	0.621631283042385
"TAL"	"TAL-5"	"kidney_fibrosis_OM_mean"	0.00173108186699393	0.00231578394561046	0.747514408792397	0.464407402898072	24	0.984108971763989	24	1	5	"LK"	"mixed"	0.583392803507767
"TAL"	"TAL-6"	"kidney_fibrosis_OM_mean"	0.0186334586130554	0.00592276800681144	3.1460726794678	0.0055862380457698	24	0.7443989003247	24	1	5	"LK"	"mixed"	0.0201104569647713
"TAL"	"TAL-7"	"kidney_fibrosis_OM_mean"	-0.00304345751454226	0.00316133203442673	-0.962713654054423	0.348447147238884	24	0.624968631544194	24	1	5	"LK"	"mixed"	0.468063332111934
"TAL"	"TAL-8"	"kidney_fibrosis_OM_mean"	-0.0049326770122129	0.00267326204449466	-1.8451902320505	0.0815275643542181	24	0.312848462759496	24	1	5	"LK"	"mixed"	0.163055128708436
"TAL"	"TAL-9"	"kidney_fibrosis_OM_mean"	-0.000412719841188735	0.00266533393535875	-0.154847329152092	0.8786647925029	24	0.323378821073615	24	1	5	"LK"	"mixed"	0.940419863227389
"Tanycyte"	"Tanycyte-1"	"kidney_fibrosis_OM_mean"	0.00694997622825366	0.00587801173715283	1.18236855233298	0.254333288330026	22	0.96916574409877	20	1	5	"HYP"	"mixed"	0.351123652101063
"Tanycyte"	"Tanycyte-10"	"kidney_fibrosis_OM_mean"	-0.00199679276841926	0.00110307018143797	-1.81021371261819	0.0890832962222264	22	0.191058220996661	20	1	5	"HYP"	"mixed"	0.159212699631213
"Tanycyte"	"Tanycyte-11"	"kidney_fibrosis_OM_mean"	-1.04871391388496e-05	0.000320709694292093	-0.0326997883927333	0.97431844457203	22	0.444067501641052	20	1	5	"HYP"	"mixed"	0.986057221012657
"Tanycyte"	"Tanycyte-12"	"kidney_fibrosis_OM_mean"	-0.000857747305012868	0.00111767177971009	-0.767441140220392	0.453996281820833	22	0.157352922036578	20	1	5	"HYP"	"mixed"	0.552691125694927
"Tanycyte"	"Tanycyte-13"	"kidney_fibrosis_OM_mean"	-0.000579325182559622	0.000782143531958442	-0.740689092076266	0.469613306523087	22	0.287720812586237	20	1	5	"HYP"	"mixed"	0.555598841520272
"Tanycyte"	"Tanycyte-14"	"kidney_fibrosis_OM_mean"	-0.000487839404265224	0.000788041314500991	-0.619053081720895	0.54459567483504	22	0.116798374320547	20	1	5	"HYP"	"mixed"	0.618189684947883
"Tanycyte"	"Tanycyte-2"	"kidney_fibrosis_OM_mean"	-0.00937510902668451	0.0060010890940353	-1.56223460104979	0.137793009915015	22	0.947835021192092	20	1	5	"HYP"	"mixed"	0.214344682090023
"Tanycyte"	"Tanycyte-3"	"kidney_fibrosis_OM_mean"	0.00423891139685813	0.00352474074087326	1.20261650671304	0.24662030526437	22	0.941079056636862	20	1	5	"HYP"	"mixed"	0.351120434613679
"Tanycyte"	"Tanycyte-4"	"kidney_fibrosis_OM_mean"	0.00217828800372609	0.00411678295818109	0.529123839136888	0.603983633080054	22	0.9485361423587	20	1	5	"HYP"	"mixed"	0.660638636105183
"Tanycyte"	"Tanycyte-5"	"kidney_fibrosis_OM_mean"	0.00273678682992772	0.00323310812069466	0.846487877225615	0.409763169091942	22	0.584601605593548	20	1	5	"HYP"	"mixed"	0.513732928413777
"Tanycyte"	"Tanycyte-6"	"kidney_fibrosis_OM_mean"	-0.000506108795001574	0.00318903826751255	-0.158702640905071	0.875889044129841	22	0.430649078515704	20	1	5	"HYP"	"mixed"	0.908329379097613
"Tanycyte"	"Tanycyte-7"	"kidney_fibrosis_OM_mean"	-0.000585085736011545	0.00321123522015306	-0.182199588600569	0.857714534843855	22	0.156731470372565	20	1	5	"HYP"	"mixed"	0.900600261586048
"Tanycyte"	"Tanycyte-8"	"kidney_fibrosis_OM_mean"	0.00122220810841847	0.00231667578791753	0.527569768196663	0.605037484850088	22	0.823622364017962	20	1	5	"HYP"	"mixed"	0.660638636105183
"Tanycyte"	"Tanycyte-9"	"kidney_fibrosis_OM_mean"	-0.00292767521009057	0.00599626776455951	-0.488249578745361	0.631996834923355	22	0.227791019497567	20	1	5	"HYP"	"mixed"	0.680611976071305
"TL"	"TL-1"	"kidney_fibrosis_OM_mean"	0.00671947885086135	0.00405595476848258	1.65669472033468	0.114908622830534	24	0.988714743114662	24	1	5	"LK"	"mixed"	0.196986210566629
"TL"	"TL-2"	"kidney_fibrosis_OM_mean"	0.0145440004632119	0.0235376509018286	0.617903652487343	0.54437825769286	24	0.648596009521975	24	1	5	"LK"	"mixed"	0.687635693927823
"TL"	"TL-3"	"kidney_fibrosis_OM_mean"	-0.0130783083458649	0.0111283361867395	-1.1752258492558	0.25521655891118	24	0.788590925876448	24	1	5	"LK"	"mixed"	0.360305730227549
"TL"	"TL-4"	"kidney_fibrosis_OM_mean"	0.00425638049040122	0.0216900138762841	0.196236872630827	0.846623256646317	24	0.129675948071099	24	1	5	"LK"	"mixed"	0.903064807089405
"TL"	"TL-5"	"kidney_fibrosis_OM_mean"	-0.00976353415442475	0.00626840673942008	-1.5575782747193	0.136741152439934	24	0.512649064418453	24	1	5	"LK"	"mixed"	0.226330183348857
"TL"	"TL-6"	"kidney_fibrosis_OM_mean"	-0.00474567876151226	0.00371500210774904	-1.27743635773809	0.217679675790414	24	0.411965831849719	24	1	5	"LK"	"mixed"	0.326519513685621
"TL"	"TL-7"	"kidney_fibrosis_OM_mean"	0.00120546308011606	0.0060139382193459	0.200444872585867	0.843380013009959	24	0.327273098234983	24	1	5	"LK"	"mixed"	0.903064807089405
"TL"	"TL-8"	"kidney_fibrosis_OM_mean"	0.00086219837721137	0.00178769615764992	0.48229581605456	0.635408501412065	24	0.595203844284919	24	1	5	"LK"	"mixed"	0.762490201694478
"VSMC"	"VSMC-1"	"kidney_fibrosis_OM_mean"	-0.00835313809460678	0.0123715011020526	-0.67519196140401	0.506285591093671	31	0.926693021841754	28	3	5	"mixed"	"mixed"	0.688090773529558
"VSMC"	"VSMC-10"	"kidney_fibrosis_OM_mean"	0.027096224845374	0.0226044007599242	1.19871458364043	0.242844403945838	31	0.316268699547626	28	3	5	"mixed"	"mixed"	0.454687394621994
"VSMC"	"VSMC-11"	"kidney_fibrosis_OM_mean"	-0.00181584805378522	0.00294334004604621	-0.616934511601694	0.543337373071345	31	0.951623694363287	28	3	5	"mixed"	"mixed"	0.706310398530672
"VSMC"	"VSMC-2"	"kidney_fibrosis_OM_mean"	0.00119296385868902	0.00699268247402159	0.170601748773948	0.86602880676108	31	0.430761271688235	28	3	5	"mixed"	"mixed"	0.952631687437189
"VSMC"	"VSMC-3"	"kidney_fibrosis_OM_mean"	0.00770192538155293	0.00310882030529024	2.47744308940812	0.0210122280107124	31	0.704453881222547	28	3	5	"mixed"	"mixed"	0.0803946115192474
"VSMC"	"VSMC-4"	"kidney_fibrosis_OM_mean"	-0.00244820756841606	0.00136781496087598	-1.78986751749533	0.0866512055793315	31	0.0808750276555684	28	3	5	"mixed"	"mixed"	0.262941589344178
"VSMC"	"VSMC-5"	"kidney_fibrosis_OM_mean"	-0.0100252681608543	0.00735327041364156	-1.36337542303023	0.185962002558645	31	0.514215375318029	28	3	5	"mixed"	"mixed"	0.380573400585134
"VSMC"	"VSMC-6"	"kidney_fibrosis_OM_mean"	-0.00626226545720956	0.00421124154957509	-1.48703544631426	0.150587026208173	31	0.258581785709631	28	3	5	"mixed"	"mixed"	0.356730208584617
"VSMC"	"VSMC-7"	"kidney_fibrosis_OM_mean"	-0.00291670247951147	0.00803944535387889	-0.362798968227853	0.720067848323339	31	0.226987371448189	28	3	5	"mixed"	"mixed"	0.833762771742814
"VSMC"	"VSMC-8"	"kidney_fibrosis_OM_mean"	-0.00450898870911644	0.00316410480157	-1.42504404622727	0.1675741323466	31	0.392160990382486	28	3	5	"mixed"	"mixed"	0.368663091162519
"VSMC"	"VSMC-9"	"kidney_fibrosis_OM_mean"	0.00033930443788382	0.00398068917428736	0.0852376116365738	0.932810130278999	31	-0.025684809667383	28	3	5	"mixed"	"mixed"	0.970545109408102
"Activated_microglia"	"Activated_microglia-1"	"mesentery_artery_wall_thickness_ratio_mean"	-0.0854332004068084	0.146007536924705	-0.585128700930456	0.58987874232858	7	-0.280642409388816	7	1	2	"HYP"	"mixed"	0.807447295224088
"Activated_microglia"	"Activated_microglia-2"	"mesentery_artery_wall_thickness_ratio_mean"	0.0926346277992298	0.121411293411675	0.762981969767252	0.487989643111204	7	-0.114615250761227	7	1	2	"HYP"	"mixed"	0.774310485243533
"Activated_microglia"	"Activated_microglia-3"	"mesentery_artery_wall_thickness_ratio_mean"	-0.00501351559383599	0.0704675165258696	-0.0711464777106976	0.946696337480679	7	-0.359408508985882	7	1	2	"HYP"	"mixed"	0.946696337480679
"Activated_microglia"	"Activated_microglia-4"	"mesentery_artery_wall_thickness_ratio_mean"	0.0152775014572957	0.0108566868890223	1.40719739027783	0.232117113394677	7	-0.00315191528727343	7	1	2	"HYP"	"mixed"	0.69635134018403
"Activated_microglia"	"Activated_microglia-5"	"mesentery_artery_wall_thickness_ratio_mean"	-0.0119673745102425	0.00793803533163929	-1.50759904816034	0.20614095100458	7	0.468491635951351	7	1	2	"HYP"	"mixed"	0.69635134018403
"Activated_microglia"	"Activated_microglia-6"	"mesentery_artery_wall_thickness_ratio_mean"	-0.00549803874563844	0.00730937331106881	-0.752190168931801	0.493778322807775	7	-0.216261100414974	7	1	2	"HYP"	"mixed"	0.774310485243533
"Adipocyte"	"Adipocyte-1"	"mesentery_artery_wall_thickness_ratio_mean"	-0.00562818881427862	0.0346462863542507	-0.162447102027952	0.875543693363051	12	0.785462003621488	12	1	4	"MSA"	"mixed"	0.895442413666757
"Adipocyte"	"Adipocyte-2"	"mesentery_artery_wall_thickness_ratio_mean"	0.033911263349927	0.0420310583801621	0.806814404795778	0.446315591638117	12	0.483853638540914	12	1	4	"MSA"	"mixed"	0.641064087688488
"Adipocyte"	"Adipocyte-3"	"mesentery_artery_wall_thickness_ratio_mean"	0.00767746067718723	0.0269557090397643	0.28481761195232	0.784025979693722	12	0.234988861168763	12	1	4	"MSA"	"mixed"	0.820492304330639
"Adipocyte"	"Adipocyte-4"	"mesentery_artery_wall_thickness_ratio_mean"	-0.0326256011490097	0.00974091178449947	-3.34933750256584	0.0122618750193987	12	0.63551494890401	12	1	4	"MSA"	"mixed"	0.0788263394104204
"Adipocyte"	"Adipocyte-5"	"mesentery_artery_wall_thickness_ratio_mean"	-0.00845034513995356	0.00593183292333037	-1.42457571701281	0.197299232933032	12	0.229390137788708	12	1	4	"MSA"	"mixed"	0.341479441614863
"Adipocyte"	"Adipocyte-6"	"mesentery_artery_wall_thickness_ratio_mean"	0.00191833578815513	0.0145480037067677	0.131862475898513	0.898803167638477	12	0.310628045589803	12	1	4	"MSA"	"mixed"	0.898803167638477
"Adipocyte"	"Adipocyte-7"	"mesentery_artery_wall_thickness_ratio_mean"	0.00334951094832445	0.00408532211197819	0.819889070314348	0.439300411030679	12	0.178458148340649	12	1	4	"MSA"	"mixed"	0.641064087688488
"Adipocyte"	"Adipocyte-8"	"mesentery_artery_wall_thickness_ratio_mean"	0.00568096475025585	0.00794721503763836	0.714837175457131	0.497850411438601	12	0.500548447571568	12	1	4	"MSA"	"mixed"	0.641064087688488
"Adipocyte"	"Adipocyte-9"	"mesentery_artery_wall_thickness_ratio_mean"	-0.00583340041060781	0.00392384742776518	-1.48665321932005	0.180698200586704	12	-0.109093010160135	12	1	4	"MSA"	"mixed"	0.325256761056067
"Astrocyte"	"Astrocyte-1"	"mesentery_artery_wall_thickness_ratio_mean"	-0.014992414711184	0.00428995222171996	-3.49477428566166	0.00577672768880401	15	0.503467698092785	14	1	4	"HYP"	"mixed"	0.0317720022884221
"Astrocyte"	"Astrocyte-10"	"mesentery_artery_wall_thickness_ratio_mean"	0.00101022526056181	0.000443554411854402	2.27756783285794	0.045975418512633	15	0.217521284342386	14	1	4	"HYP"	"mixed"	0.140480445455268
"Astrocyte"	"Astrocyte-11"	"mesentery_artery_wall_thickness_ratio_mean"	0.00082988904473026	0.000351736548469224	2.3594052092169	0.0399938184604391	15	0.32963704280142	14	1	4	"HYP"	"mixed"	0.132744866345028
"Astrocyte"	"Astrocyte-2"	"mesentery_artery_wall_thickness_ratio_mean"	0.04336897291033	0.0282649498792301	1.53437289277484	0.155946695287819	15	0.698687141589566	14	1	4	"HYP"	"mixed"	0.259911158813032
"Astrocyte"	"Astrocyte-3"	"mesentery_artery_wall_thickness_ratio_mean"	-0.0531380805585552	0.0267137307880967	-1.98916733046635	0.0747241093188637	15	0.575041915524204	14	1	4	"HYP"	"mixed"	0.193997410848461
"Astrocyte"	"Astrocyte-4"	"mesentery_artery_wall_thickness_ratio_mean"	0.0168036628691996	0.00824593249027131	2.03781232614078	0.0688989584777222	15	0.653331086975187	14	1	4	"HYP"	"mixed"	0.189472135813736
"Astrocyte"	"Astrocyte-5"	"mesentery_artery_wall_thickness_ratio_mean"	0.00262048134439766	0.00462877646376823	0.566128298678817	0.583786783621959	15	0.0356630047191588	14	1	4	"HYP"	"mixed"	0.729733479527449
"Astrocyte"	"Astrocyte-6"	"mesentery_artery_wall_thickness_ratio_mean"	0.00267816979380721	0.000633208141265828	4.22952520549302	0.00174510369496474	15	0.532402810806975	14	1	4	"HYP"	"mixed"	0.0159967838705101
"Astrocyte"	"Astrocyte-7"	"mesentery_artery_wall_thickness_ratio_mean"	-0.000998937977430891	0.00265529917201607	-0.376205434008566	0.714622711197999	15	0.355318453268805	14	1	4	"HYP"	"mixed"	0.818838523247707
"Astrocyte"	"Astrocyte-8"	"mesentery_artery_wall_thickness_ratio_mean"	-0.000285601601383353	0.0023439492541571	-0.121846324478581	0.905434496790505	15	-0.0207298089916244	14	1	4	"HYP"	"mixed"	0.920744459139618
"Astrocyte"	"Astrocyte-9"	"mesentery_artery_wall_thickness_ratio_mean"	0.00210363362552689	0.000976380429359119	2.1545225224431	0.0566306823906386	15	0.382718298486182	14	1	4	"HYP"	"mixed"	0.163930922709743
"B_cells"	"B_cells-1"	"mesentery_artery_wall_thickness_ratio_mean"	-0.160583411775073	0.284295950049876	-0.564845935184448	0.579556599586462	22	0.697128687521775	16	3	2	"mixed"	"mixed"	0.865579465794516
"B_cells"	"B_cells-2"	"mesentery_artery_wall_thickness_ratio_mean"	-0.0655277008823194	0.0911937074001932	-0.718555070853284	0.482175288168033	22	0.967173706577335	16	3	2	"mixed"	"mixed"	0.865579465794516
"B_cells"	"B_cells-3"	"mesentery_artery_wall_thickness_ratio_mean"	0.152259954125036	0.198528411942704	0.766942890617484	0.453635555257075	22	0.0136399880784118	16	3	2	"mixed"	"mixed"	0.865579465794516
"B_cells"	"B_cells-4"	"mesentery_artery_wall_thickness_ratio_mean"	-0.015249466857877	0.0445965666831719	-0.341942620072393	0.736584811753455	22	0.434833236360134	16	3	2	"mixed"	"mixed"	0.879373413368114
"B_cells"	"B_cells-5"	"mesentery_artery_wall_thickness_ratio_mean"	0.0563684013747325	0.0661668339154212	0.851913232644414	0.40610396167278	22	0.429321907135567	16	3	2	"mixed"	"mixed"	0.865579465794516
"B_cells"	"B_cells-6"	"mesentery_artery_wall_thickness_ratio_mean"	0.0327322240155011	0.0622673437306224	0.525672399919699	0.605905626056161	22	0.173338994195321	16	3	2	"mixed"	"mixed"	0.865579465794516
"CD"	"CD-1"	"mesentery_artery_wall_thickness_ratio_mean"	0.0540729460201153	0.0438804713544409	1.23227814905053	0.236812339266708	20	0.0737932283519045	20	1	4	"LK"	"mixed"	0.571615991333432
"CD"	"CD-10"	"mesentery_artery_wall_thickness_ratio_mean"	-0.00281753319039507	0.0034126374150679	-0.825617505673104	0.421958558897012	20	0.164245904188975	20	1	4	"LK"	"mixed"	0.686624346172642
"CD"	"CD-11"	"mesentery_artery_wall_thickness_ratio_mean"	0.000788865954811486	0.00251570616664145	0.313576348967911	0.758161140582641	20	-0.192462504498562	20	1	4	"LK"	"mixed"	0.894355957978578
"CD"	"CD-12"	"mesentery_artery_wall_thickness_ratio_mean"	0.000996618167143776	0.00080788396220504	1.23361548658994	0.236327536890893	20	-0.0158147087752643	20	1	4	"LK"	"mixed"	0.571615991333432
"CD"	"CD-13"	"mesentery_artery_wall_thickness_ratio_mean"	-0.000985732673735386	0.00326135784534922	-0.302246095178137	0.766614972898782	20	0.0804239741081451	20	1	4	"LK"	"mixed"	0.894355957978578
"CD"	"CD-14"	"mesentery_artery_wall_thickness_ratio_mean"	-0.00304250727779516	0.0296262991801958	-0.102696163948448	0.919564478198874	20	-0.13481012320555	20	1	4	"LK"	"mixed"	0.97288976536122
"CD"	"CD-2"	"mesentery_artery_wall_thickness_ratio_mean"	-0.0661731820181317	0.0313177760927651	-2.1129591648565	0.0517760446960089	20	0.187834166228645	20	1	4	"LK"	"mixed"	0.258880223480044
"CD"	"CD-3"	"mesentery_artery_wall_thickness_ratio_mean"	0.00116232203420118	0.00171329921615142	0.678411583478161	0.507842612399804	20	0.254758116797951	20	1	4	"LK"	"mixed"	0.75636133761673
"CD"	"CD-4"	"mesentery_artery_wall_thickness_ratio_mean"	0.00181215109993004	0.00184635482133722	0.981475000898035	0.341924861704726	20	-0.0399805660652484	20	1	4	"LK"	"mixed"	0.664853897759189
"CD"	"CD-5"	"mesentery_artery_wall_thickness_ratio_mean"	-0.0122215222418327	0.0137232767605391	-0.890568809118191	0.387222018452662	20	-0.124997297105035	20	1	4	"LK"	"mixed"	0.686551889314766
"CD"	"CD-6"	"mesentery_artery_wall_thickness_ratio_mean"	0.0136021716427986	0.00839545184583263	1.62018339126684	0.126020739058573	20	0.311770082640726	20	1	4	"LK"	"mixed"	0.400975078822731
"CD"	"CD-7"	"mesentery_artery_wall_thickness_ratio_mean"	0.0114578413772198	0.0108846167174187	1.05266374321511	0.309157984762204	20	-0.0946695169829346	20	1	4	"LK"	"mixed"	0.630384905043389
"CD"	"CD-8"	"mesentery_artery_wall_thickness_ratio_mean"	0.00287037169980177	0.00844178154800654	0.3400196609541	0.738556348222568	20	0.099342616226482	20	1	4	"LK"	"mixed"	0.894355957978578
"CD"	"CD-9"	"mesentery_artery_wall_thickness_ratio_mean"	-0.00152281059413198	0.00447328946169144	-0.340422994571019	0.738258726988245	20	-0.0794297224526881	20	1	4	"LK"	"mixed"	0.894355957978578
"CM"	"CM-1"	"mesentery_artery_wall_thickness_ratio_mean"	0.0189554571258897	0.0216603347982196	0.875122997980981	0.39868459259932	17	0.278926516243046	17	1	4	"LV"	"mixed"	0.548788621595859
"CM"	"CM-2"	"mesentery_artery_wall_thickness_ratio_mean"	0.00846390820323073	0.00316170147673217	2.67701054812384	0.0201479764497977	17	0.688389192394838	17	1	4	"LV"	"mixed"	0.0619937736916851
"CM"	"CM-3"	"mesentery_artery_wall_thickness_ratio_mean"	-0.0155636441194967	0.012391373424325	-1.25600638335573	0.233017203710988	17	0.429683382586247	17	1	4	"LV"	"mixed"	0.368588642982415
"CM"	"CM-4"	"mesentery_artery_wall_thickness_ratio_mean"	-0.0135100496502368	0.00820013427409363	-1.64754005223043	0.125363228259357	17	0.373778957376331	17	1	4	"LV"	"mixed"	0.227933142289739
"CM"	"CM-5"	"mesentery_artery_wall_thickness_ratio_mean"	0.000153800802017012	0.000702030778176417	0.219079856322714	0.83026984398711	17	0.575292529526378	17	1	4	"LV"	"mixed"	0.873968256828536
"CM"	"CM-6"	"mesentery_artery_wall_thickness_ratio_mean"	4.77821546548759e-06	0.000539053258273027	0.00886408790254906	0.993073233636684	17	0.113424316024679	17	1	4	"LV"	"mixed"	0.993073233636684
"CM"	"CM-7"	"mesentery_artery_wall_thickness_ratio_mean"	0.00119880241101627	0.000567034595898194	2.11416096952134	0.0561148694592889	17	0.520131030683023	17	1	4	"LV"	"mixed"	0.132034986963033
"CM"	"CM-8"	"mesentery_artery_wall_thickness_ratio_mean"	0.000296947012114329	0.000394175766482349	0.753336550250931	0.465771717698855	17	0.632509544513629	17	1	4	"LV"	"mixed"	0.566066981063852
"CT"	"CT-1"	"mesentery_artery_wall_thickness_ratio_mean"	-0.0178273896726031	0.0130976279384366	-1.36111590254343	0.194984452541983	19	0.407013252789731	19	1	4	"LK"	"mixed"	0.352606583675152
"CT"	"CT-10"	"mesentery_artery_wall_thickness_ratio_mean"	-0.00583062742686071	0.00364269324537168	-1.60063640666668	0.131774205760968	19	0.0478891611291818	19	1	4	"LK"	"mixed"	0.285445359917752
"CT"	"CT-11"	"mesentery_artery_wall_thickness_ratio_mean"	-0.00830315340310781	0.00268963830077635	-3.0870892196587	0.00803582211365469	19	0.535706464919641	19	1	4	"LK"	"mixed"	0.0290182465215308
"CT"	"CT-12"	"mesentery_artery_wall_thickness_ratio_mean"	-0.00277214584823232	0.0017667500998086	-1.56906505822903	0.138952513869037	19	0.00398959236691376	19	1	4	"LK"	"mixed"	0.285445359917752
"CT"	"CT-13"	"mesentery_artery_wall_thickness_ratio_mean"	-0.000790394135708941	0.00262974738309803	-0.300558958928519	0.768167879489135	19	-0.137251399456726	19	1	4	"LK"	"mixed"	0.860877795979203
"CT"	"CT-2"	"mesentery_artery_wall_thickness_ratio_mean"	0.0243612194852066	0.0237085127297078	1.02753048084205	0.321597557492334	19	-0.157923173844438	19	1	4	"LK"	"mixed"	0.475087300840948
"CT"	"CT-3"	"mesentery_artery_wall_thickness_ratio_mean"	0.00233213239254984	0.00246471932457724	0.94620607275429	0.36008962649282	19	0.0878134864596524	19	1	4	"LK"	"mixed"	0.508822298305071
"CT"	"CT-4"	"mesentery_artery_wall_thickness_ratio_mean"	0.00473711380119711	0.00180800978579303	2.62007088591024	0.0201731712940999	19	0.296243287433839	19	1	4	"LK"	"mixed"	0.0690134807429733
"CT"	"CT-5"	"mesentery_artery_wall_thickness_ratio_mean"	0.00141224593569311	0.00900546148063614	0.156821051173199	0.877624965692836	19	0.20935661924296	19	1	4	"LK"	"mixed"	0.920090689839263
"CT"	"CT-6"	"mesentery_artery_wall_thickness_ratio_mean"	0.000707049817211127	0.00260541017827296	0.271377544736471	0.790061218564549	19	0.612460877403941	19	1	4	"LK"	"mixed"	0.87040642723213
"CT"	"CT-7"	"mesentery_artery_wall_thickness_ratio_mean"	0.00011179606634491	0.00771346611010185	0.0144936225490765	0.988640688373959	19	0.260322172961867	19	1	4	"LK"	"mixed"	0.988640688373959
"CT"	"CT-8"	"mesentery_artery_wall_thickness_ratio_mean"	0.000786819253997939	0.00399757473616191	0.19682415112353	0.846793867007398	19	0.542125929540778	19	1	4	"LK"	"mixed"	0.902321333696408
"CT"	"CT-9"	"mesentery_artery_wall_thickness_ratio_mean"	0.00107533373431227	0.000634538576519963	1.69467038585705	0.112256096563356	19	0.0162176792306755	19	1	4	"LK"	"mixed"	0.260594509879218
"DC"	"DC-1"	"mesentery_artery_wall_thickness_ratio_mean"	-0.00710931708505269	0.0307104524038325	-0.231495029495739	0.818613675215287	36	0.108537007759564	22	4	4	"mixed"	"mixed"	0.980519353984144
"DC"	"DC-10"	"mesentery_artery_wall_thickness_ratio_mean"	7.44732318423615e-05	0.00268326277719898	0.0277547292330806	0.978054650372507	36	-0.0275034120545421	22	4	4	"mixed"	"mixed"	0.991635273997953
"DC"	"DC-11"	"mesentery_artery_wall_thickness_ratio_mean"	0.00180064266957855	0.00289953094237493	0.621011710295352	0.53961488164976	36	0.0166689579399328	22	4	4	"mixed"	"mixed"	0.830370410897301
"DC"	"DC-12"	"mesentery_artery_wall_thickness_ratio_mean"	-0.00508366288857582	0.00139446269275182	-3.64560695312957	0.00107729647049762	36	0.301419970893928	22	4	4	"mixed"	"mixed"	0.0184679394942449
"DC"	"DC-13"	"mesentery_artery_wall_thickness_ratio_mean"	-0.000731735653582651	0.00196366449497181	-0.372637818454398	0.712223942372506	36	0.0750039320177902	22	4	4	"mixed"	"mixed"	0.980519353984144
"DC"	"DC-14"	"mesentery_artery_wall_thickness_ratio_mean"	0.0062526057651201	0.00522339434544502	1.19703881262049	0.24132824801487	36	0.0353324065505181	22	4	4	"mixed"	"mixed"	0.567831171799694
"DC"	"DC-15"	"mesentery_artery_wall_thickness_ratio_mean"	-0.00129278229579361	0.00089298710890494	-1.44770544042784	0.15880462133951	36	0.173510132639197	22	4	4	"mixed"	"mixed"	0.455542886047744
"DC"	"DC-2"	"mesentery_artery_wall_thickness_ratio_mean"	0.00874369907395152	0.00934039691356468	0.936116436471066	0.357217562528983	36	0.303591502552443	22	4	4	"mixed"	"mixed"	0.700079958257418
"DC"	"DC-3"	"mesentery_artery_wall_thickness_ratio_mean"	0.0235639629231904	0.0121646517022433	1.93708488331359	0.0628837891781854	36	0.175050271830293	22	4	4	"mixed"	"mixed"	0.269501953620794
"DC"	"DC-4"	"mesentery_artery_wall_thickness_ratio_mean"	0.000715379922498717	0.00704894381358231	0.101487533652954	0.919886732834908	36	-0.13829456728127	22	4	4	"mixed"	"mixed"	0.986228275377385
"DC"	"DC-5"	"mesentery_artery_wall_thickness_ratio_mean"	-0.0294317100133275	0.020503695030657	-1.43543444092986	0.16224100670875	36	0.335523467434375	22	4	4	"mixed"	"mixed"	0.455542886047744
"DC"	"DC-6"	"mesentery_artery_wall_thickness_ratio_mean"	0.00133105019259058	0.0128601392174262	0.10350200492285	0.918302342952582	36	0.0520425104050857	22	4	4	"mixed"	"mixed"	0.986228275377385
"DC"	"DC-7"	"mesentery_artery_wall_thickness_ratio_mean"	-0.0069078089240423	0.0111269539139872	-0.620817608973719	0.539740767083245	36	0.121684916411618	22	4	4	"mixed"	"mixed"	0.830370410897301
"DC"	"DC-8"	"mesentery_artery_wall_thickness_ratio_mean"	0.000385543070104405	0.00205702799245349	0.187427235564526	0.85267725978876	36	0.120285574917667	22	4	4	"mixed"	"mixed"	0.980519353984144
"DC"	"DC-9"	"mesentery_artery_wall_thickness_ratio_mean"	0.00768966001149793	0.00338527934399082	2.27149940377824	0.0309981903387171	36	0.512469049886886	22	4	4	"mixed"	"mixed"	0.185277449014949
"DCT"	"DCT-1"	"mesentery_artery_wall_thickness_ratio_mean"	0.0192226425127141	0.0610330291779589	0.314954751085106	0.757134821940572	20	0.0458310457296821	20	1	4	"LK"	"mixed"	0.973459056780736
"DCT"	"DCT-2"	"mesentery_artery_wall_thickness_ratio_mean"	0.0049637929899781	0.00459143678409534	1.08109797072075	0.296729037699105	20	0.128397642685042	20	1	4	"LK"	"mixed"	0.635847937926653
"DCT"	"DCT-3"	"mesentery_artery_wall_thickness_ratio_mean"	-0.000334702563181778	0.0190892305884641	-0.0175335806035076	0.986242040309991	20	-0.0314453665136829	20	1	4	"LK"	"mixed"	0.995731339579027
"DCT"	"DCT-4"	"mesentery_artery_wall_thickness_ratio_mean"	-0.0158833888096227	0.0137858677506319	-1.15215009290182	0.267291914428183	20	-0.0434555349656085	20	1	4	"LK"	"mixed"	0.601406807463411
"DCT"	"DCT-5"	"mesentery_artery_wall_thickness_ratio_mean"	0.000562790363934365	0.0239437264036875	0.0235047107724924	0.981557516139388	20	-0.140731568945882	20	1	4	"LK"	"mixed"	0.995731339579027
"DCT"	"DCT-6"	"mesentery_artery_wall_thickness_ratio_mean"	-0.00191179353354361	0.028241335955208	-0.0676948688467074	0.94692264900364	20	0.121144706995759	20	1	4	"LK"	"mixed"	0.995731339579027
"DCT"	"DCT-7"	"mesentery_artery_wall_thickness_ratio_mean"	0.00245162980284087	0.00119310020605839	2.05483981177092	0.0577434600554943	20	0.198632628872066	20	1	4	"LK"	"mixed"	0.237540048370221
"DCT"	"DCT-8"	"mesentery_artery_wall_thickness_ratio_mean"	-0.00244474567790897	0.00431328814836966	-0.566793961779028	0.579237486111726	20	0.119787717637778	20	1	4	"LK"	"mixed"	0.868856229167589
"DCT"	"DCT-9"	"mesentery_artery_wall_thickness_ratio_mean"	-0.00662622508521031	0.00129532870372897	-5.11547769005262	0.000126720431661611	20	0.71414930647777	20	1	4	"LK"	"mixed"	0.00142560485619312
"EC"	"EC-1"	"mesentery_artery_wall_thickness_ratio_mean"	0.00461000609905339	0.0121873762068035	0.378260752833729	0.706692982501692	64	0.902206628804451	40	5	4	"mixed"	"mixed"	0.80688675250131
"EC"	"EC-2"	"mesentery_artery_wall_thickness_ratio_mean"	0.0119374813151853	0.0047705611469796	2.50232225253906	0.0153404762787552	64	0.803637265512332	40	5	4	"mixed"	"mixed"	0.0460214288362656
"EC"	"EC-3"	"mesentery_artery_wall_thickness_ratio_mean"	-0.0172623975087471	0.014552430178006	-1.18622094712654	0.240634183984223	64	0.825089385536797	40	5	4	"mixed"	"mixed"	0.400618803288292
"EC"	"EC-4"	"mesentery_artery_wall_thickness_ratio_mean"	-0.00419673942949129	0.0036558014395748	-1.14796700500764	0.255950902100853	64	0.282913640591561	40	5	4	"mixed"	"mixed"	0.400618803288292
"EC"	"EC-5"	"mesentery_artery_wall_thickness_ratio_mean"	0.00217602833393469	0.00201586748002102	1.07945009059425	0.285098253531623	64	0.918853710406501	40	5	4	"mixed"	"mixed"	0.436746260729295
"EC"	"EC-6"	"mesentery_artery_wall_thickness_ratio_mean"	0.00141579683494955	0.00970619365075323	0.145865298580735	0.884561021499811	64	0.927264293355887	40	5	4	"mixed"	"mixed"	0.909834193542663
"EC"	"EC-7"	"mesentery_artery_wall_thickness_ratio_mean"	0.000904882213990173	0.00167113262143227	0.541478397576028	0.590364673927917	64	0.340123050182836	40	5	4	"mixed"	"mixed"	0.74572379864579
"EC"	"EC-8"	"mesentery_artery_wall_thickness_ratio_mean"	0.000414942141125326	0.00110163561288644	0.376660064608948	0.707875513901455	64	0.397613598492266	40	5	4	"mixed"	"mixed"	0.80688675250131
"Erythrocytes"	"Erythrocytes-1"	"mesentery_artery_wall_thickness_ratio_mean"	3.82746132449773	1.88216279331479	2.03354424925006	0.111761090668787	6	0.385394682498	6	1	1	"PBMC"	"SS"	0.191590441146492
"Erythrocytes"	"Erythrocytes-2"	"mesentery_artery_wall_thickness_ratio_mean"	-0.968906773623465	1.72421971571746	-0.561939273046935	0.604152614034125	6	-0.15854027029734	6	1	1	"PBMC"	"SS"	0.72498313684095
"Erythrocytes"	"Erythrocytes-3"	"mesentery_artery_wall_thickness_ratio_mean"	-0.95097726099358	0.240238854121858	-3.95846568811558	0.016699090207326	6	0.745798695618567	6	1	1	"PBMC"	"SS"	0.0839011693222795
"Erythrocytes"	"Erythrocytes-4"	"mesentery_artery_wall_thickness_ratio_mean"	-1.27446443434163	0.377847800504371	-3.37295713416992	0.0279670564407598	6	0.674835658326412	6	1	1	"PBMC"	"SS"	0.0839011693222795
"Erythrocytes"	"Erythrocytes-5"	"mesentery_artery_wall_thickness_ratio_mean"	0.307349045773137	1.2526088717848	0.24536713150946	0.818246929679286	6	-0.231464904853379	6	1	1	"PBMC"	"SS"	0.866941477476239
"Erythrocytes"	"Erythrocytes-6"	"mesentery_artery_wall_thickness_ratio_mean"	-0.940461901312196	0.425402332562344	-2.21075868495471	0.0915487532161898	6	0.43740918144183	6	1	1	"PBMC"	"SS"	0.18309750643238
"Excitatory_neuron"	"Excitatory_neuron-1"	"mesentery_artery_wall_thickness_ratio_mean"	-0.000455236745767902	0.00112183914275322	-0.405795027485543	0.693439850629576	15	0.0795009957268317	14	1	4	"HYP"	"mixed"	0.863175012853291
"Excitatory_neuron"	"Excitatory_neuron-10"	"mesentery_artery_wall_thickness_ratio_mean"	-0.00180648739963787	0.00529772568824476	-0.340993004535196	0.740164774342925	15	0.149529901893249	14	1	4	"HYP"	"mixed"	0.883778835036328
"Excitatory_neuron"	"Excitatory_neuron-11"	"mesentery_artery_wall_thickness_ratio_mean"	0.00632952451924959	0.00637718955284982	0.992525699102213	0.344349596873884	15	0.214897449375205	14	1	4	"HYP"	"mixed"	0.545746811148858
"Excitatory_neuron"	"Excitatory_neuron-12"	"mesentery_artery_wall_thickness_ratio_mean"	0.00078502017839842	0.00690657226846391	0.113662776249066	0.911754701210532	15	0.770372443472202	14	1	4	"HYP"	"mixed"	0.968924352971356
"Excitatory_neuron"	"Excitatory_neuron-13"	"mesentery_artery_wall_thickness_ratio_mean"	-0.000336115428972455	0.00384021288855361	-0.0875252072546038	0.931981935831501	15	-0.000165531057798596	14	1	4	"HYP"	"mixed"	0.968924352971356
"Excitatory_neuron"	"Excitatory_neuron-14"	"mesentery_artery_wall_thickness_ratio_mean"	-0.00416810369397034	0.00235337397853199	-1.77111828888767	0.106958228036733	15	0.365042359276326	14	1	4	"HYP"	"mixed"	0.23768495119274
"Excitatory_neuron"	"Excitatory_neuron-15"	"mesentery_artery_wall_thickness_ratio_mean"	-0.00120147306434292	0.00178794047920054	-0.67198717089293	0.516815764864924	15	0.818918364849635	14	1	4	"HYP"	"mixed"	0.702534947887423
"Excitatory_neuron"	"Excitatory_neuron-16"	"mesentery_artery_wall_thickness_ratio_mean"	0.000148618374464299	0.000318333526130927	0.46686372079821	0.65060313202295	15	0.731550622027559	14	1	4	"HYP"	"mixed"	0.839487912287677
"Excitatory_neuron"	"Excitatory_neuron-2"	"mesentery_artery_wall_thickness_ratio_mean"	-0.00682096164635292	0.0038898700143736	-1.75351917188712	0.110052494854723	15	0.616066621258754	14	1	4	"HYP"	"mixed"	0.237951340226428
"Excitatory_neuron"	"Excitatory_neuron-3"	"mesentery_artery_wall_thickness_ratio_mean"	0.0201194724090834	0.0122794096072825	1.63847229244241	0.132362253316273	15	0.631991894751643	14	1	4	"HYP"	"mixed"	0.271512314494918
"Excitatory_neuron"	"Excitatory_neuron-4"	"mesentery_artery_wall_thickness_ratio_mean"	0.000842187805233739	0.0021812913241944	0.386095977136286	0.707512738537766	15	-0.259591311797229	14	1	4	"HYP"	"mixed"	0.863175012853291
"Excitatory_neuron"	"Excitatory_neuron-5"	"mesentery_artery_wall_thickness_ratio_mean"	-0.0177126316605009	0.0153733474873411	-1.15216491886924	0.276053013193379	15	0.384493876578045	14	1	4	"HYP"	"mixed"	0.469877469265325
"Excitatory_neuron"	"Excitatory_neuron-6"	"mesentery_artery_wall_thickness_ratio_mean"	0.00571203826059793	0.0082960899274497	0.688521738620289	0.506782554034072	15	0.593907329106578	14	1	4	"HYP"	"mixed"	0.702534947887423
"Excitatory_neuron"	"Excitatory_neuron-7"	"mesentery_artery_wall_thickness_ratio_mean"	0.000377975843911431	0.0060569042396507	0.0624041307169864	0.951470705027145	15	0.322801555619912	14	1	4	"HYP"	"mixed"	0.968924352971356
"Excitatory_neuron"	"Excitatory_neuron-8"	"mesentery_artery_wall_thickness_ratio_mean"	-0.000760425420881912	0.00333505644228437	-0.228009760566767	0.824233222317344	15	-0.109123908523011	14	1	4	"HYP"	"mixed"	0.955632721527356
"Excitatory_neuron"	"Excitatory_neuron-9"	"mesentery_artery_wall_thickness_ratio_mean"	-0.00105340233051155	0.00268826857176002	-0.391851596070956	0.703388699135858	15	0.793461321459574	14	1	4	"HYP"	"mixed"	0.863175012853291
"Fibroblast"	"Fibroblast-1"	"mesentery_artery_wall_thickness_ratio_mean"	0.0106302419986251	0.00989555523083551	1.07424411775302	0.287672910372158	61	0.917810077870361	38	5	4	"mixed"	"mixed"	0.499095169802299
"Fibroblast"	"Fibroblast-10"	"mesentery_artery_wall_thickness_ratio_mean"	-0.00183812282269148	0.00237167234236867	-0.775032364232775	0.441830761421632	61	0.921361955357995	38	5	4	"mixed"	"mixed"	0.684125049943172
"Fibroblast"	"Fibroblast-11"	"mesentery_artery_wall_thickness_ratio_mean"	0.00561731210477975	0.0079143668810291	0.709761398381033	0.481022844571005	61	0.58969150699374	38	5	4	"mixed"	"mixed"	0.714095769260048
"Fibroblast"	"Fibroblast-12"	"mesentery_artery_wall_thickness_ratio_mean"	0.000847625033389556	0.00567830870509962	0.149274207763363	0.881914707580176	61	0.636428086206481	38	5	4	"mixed"	"mixed"	0.954855021740942
"Fibroblast"	"Fibroblast-13"	"mesentery_artery_wall_thickness_ratio_mean"	-0.00302825165090941	0.00563413560357296	-0.537482919117	0.593226877178539	61	0.187773937659463	38	5	4	"mixed"	"mixed"	0.790969169571386
"Fibroblast"	"Fibroblast-14"	"mesentery_artery_wall_thickness_ratio_mean"	0.000368175421741131	0.000577876872334744	0.637117419587368	0.526843555203502	61	0.455809702423974	38	5	4	"mixed"	"mixed"	0.743779136757886
"Fibroblast"	"Fibroblast-15"	"mesentery_artery_wall_thickness_ratio_mean"	-0.00104250453120689	0.00129674004690605	-0.803942574068142	0.425090209796182	61	0.22096920892139	38	5	4	"mixed"	"mixed"	0.684125049943172
"Fibroblast"	"Fibroblast-16"	"mesentery_artery_wall_thickness_ratio_mean"	-0.00107965124488669	0.00307972928065831	-0.35056693186224	0.727329471463967	61	0.162064936999512	38	5	4	"mixed"	"mixed"	0.880129780595052
"Fibroblast"	"Fibroblast-2"	"mesentery_artery_wall_thickness_ratio_mean"	-0.0010701597352036	0.00670657007773976	-0.159568859014183	0.873838908493707	61	0.928797499160881	38	5	4	"mixed"	"mixed"	0.954855021740942
"Fibroblast"	"Fibroblast-3"	"mesentery_artery_wall_thickness_ratio_mean"	0.00194216074231252	0.0016071064216809	1.20848297045642	0.232328461793836	61	0.590740612078517	38	5	4	"mixed"	"mixed"	0.458291760250855
"Fibroblast"	"Fibroblast-4"	"mesentery_artery_wall_thickness_ratio_mean"	-0.00942293371593571	0.00481239282700135	-1.95805580605672	0.0555986485275709	61	0.94294705377085	38	5	4	"mixed"	"mixed"	0.160124107759404
"Fibroblast"	"Fibroblast-5"	"mesentery_artery_wall_thickness_ratio_mean"	0.0056022444173	0.0156024810383937	0.359061126465356	0.721003256703342	61	0.740953260074524	38	5	4	"mixed"	"mixed"	0.880129780595052
"Fibroblast"	"Fibroblast-6"	"mesentery_artery_wall_thickness_ratio_mean"	0.00437542457486385	0.00543656371654162	0.804814364917847	0.424591386670483	61	0.137472453218338	38	5	4	"mixed"	"mixed"	0.684125049943172
"Fibroblast"	"Fibroblast-7"	"mesentery_artery_wall_thickness_ratio_mean"	-0.00862054938207215	0.00364839099687082	-2.36283594315025	0.0219110583633349	61	0.275661510064688	38	5	4	"mixed"	"mixed"	0.0685911392243528
"Fibroblast"	"Fibroblast-8"	"mesentery_artery_wall_thickness_ratio_mean"	0.00487921003668598	0.00287722000471454	1.69580707373473	0.0959025729396093	61	0.924075582618482	38	5	4	"mixed"	"mixed"	0.238102939712134
"Fibroblast"	"Fibroblast-9"	"mesentery_artery_wall_thickness_ratio_mean"	-0.00816022124679196	0.00283752528155498	-2.87582327454017	0.00582875492882806	61	0.250162473571517	38	5	4	"mixed"	"mixed"	0.0215215566602882
"IC"	"IC-1"	"mesentery_artery_wall_thickness_ratio_mean"	-0.0318606800760682	0.0341730765528815	-0.932332797919585	0.365929495020412	20	-0.157062228616187	20	1	4	"LK"	"mixed"	0.79874663568657
"IC"	"IC-10"	"mesentery_artery_wall_thickness_ratio_mean"	0.00121823131020457	0.00223538170447647	0.544976863577703	0.593780417217602	20	-0.121962392922174	20	1	4	"LK"	"mixed"	0.89101331927882
"IC"	"IC-11"	"mesentery_artery_wall_thickness_ratio_mean"	-0.00219717568965515	0.0153934733496655	-0.142734238059593	0.888399724127147	20	-0.126437595188461	20	1	4	"LK"	"mixed"	0.938905994255113
"IC"	"IC-2"	"mesentery_artery_wall_thickness_ratio_mean"	0.0259111069562122	0.0255342835921977	1.01475754597359	0.326310877452238	20	0.222216529956436	20	1	4	"LK"	"mixed"	0.79874663568657
"IC"	"IC-3"	"mesentery_artery_wall_thickness_ratio_mean"	-0.0086559527461009	0.0231603333805414	-0.37374042091179	0.71382714043545	20	-0.160728228898733	20	1	4	"LK"	"mixed"	0.937522638146887
"IC"	"IC-4"	"mesentery_artery_wall_thickness_ratio_mean"	0.00274831605366756	0.00235801112530152	1.16552293760536	0.262007107587181	20	-0.0584124547403717	20	1	4	"LK"	"mixed"	0.75844162722605
"IC"	"IC-5"	"mesentery_artery_wall_thickness_ratio_mean"	-0.000125045287936119	0.000659502112797701	-0.189605591111239	0.852160081841181	20	-0.0336707035860742	20	1	4	"LK"	"mixed"	0.938905994255113
"IC"	"IC-6"	"mesentery_artery_wall_thickness_ratio_mean"	-0.00277108021654787	0.0271880619517946	-0.101922682884168	0.920168055943314	20	-0.169523845424338	20	1	4	"LK"	"mixed"	0.938905994255113
"IC"	"IC-7"	"mesentery_artery_wall_thickness_ratio_mean"	0.0116539532198033	0.00963521129455334	1.20951714119556	0.245182708992441	20	0.249696292802121	20	1	4	"LK"	"mixed"	0.75844162722605
"IC"	"IC-8"	"mesentery_artery_wall_thickness_ratio_mean"	0.00154677727289849	0.00782735354833871	0.197611780705469	0.846001787863843	20	0.134968361417699	20	1	4	"LK"	"mixed"	0.938905994255113
"IC"	"IC-9"	"mesentery_artery_wall_thickness_ratio_mean"	0.00253154920352204	0.00974578360350016	0.259758404918086	0.798581637179841	20	0.119566589996179	20	1	4	"LK"	"mixed"	0.938905994255113
"Inhibitory_neuron"	"Inhibitory_neuron-1"	"mesentery_artery_wall_thickness_ratio_mean"	-0.0299228298515675	0.0153919235652826	-1.94406044992714	0.0805373459132284	15	0.0597744865550096	14	1	4	"HYP"	"mixed"	0.21194038398218
"Inhibitory_neuron"	"Inhibitory_neuron-10"	"mesentery_artery_wall_thickness_ratio_mean"	-0.00210280509317367	0.0015128125313542	-1.38999714081647	0.194692863588939	15	0.641924314642388	14	1	4	"HYP"	"mixed"	0.423245355628128
"Inhibitory_neuron"	"Inhibitory_neuron-2"	"mesentery_artery_wall_thickness_ratio_mean"	0.00220852757161689	0.00466855552702508	0.473064432634951	0.646323965175541	15	-0.0139684397368518	14	1	4	"HYP"	"mixed"	0.923319950250772
"Inhibitory_neuron"	"Inhibitory_neuron-3"	"mesentery_artery_wall_thickness_ratio_mean"	-0.00142733150680318	0.00519118563602193	-0.274952892629932	0.788949542218889	15	0.559456426490331	14	1	4	"HYP"	"mixed"	0.962133588071816
"Inhibitory_neuron"	"Inhibitory_neuron-4"	"mesentery_artery_wall_thickness_ratio_mean"	0.0106161971034907	0.00786724704915918	1.34941702442474	0.20695983355814	15	0.279831221766347	14	1	4	"HYP"	"mixed"	0.431166319912792
"Inhibitory_neuron"	"Inhibitory_neuron-5"	"mesentery_artery_wall_thickness_ratio_mean"	0.00254534251228267	0.00623370095410553	0.408319637246361	0.691644948926023	15	-0.161170090192697	14	1	4	"HYP"	"mixed"	0.960617640401872
"Inhibitory_neuron"	"Inhibitory_neuron-6"	"mesentery_artery_wall_thickness_ratio_mean"	0.00252708642355858	0.00393940112035058	0.641489999711855	0.535630116713958	15	-0.046044584984996	14	1	4	"HYP"	"mixed"	0.819749665230879
"Inhibitory_neuron"	"Inhibitory_neuron-7"	"mesentery_artery_wall_thickness_ratio_mean"	0.0115515546622405	0.00570475992881628	2.02489759540809	0.070402165388717	15	0.31240036400082	14	1	4	"HYP"	"mixed"	0.207065192319756
"Inhibitory_neuron"	"Inhibitory_neuron-8"	"mesentery_artery_wall_thickness_ratio_mean"	0.00384867672387967	0.0198350649157498	0.194033986791929	0.850034155706601	15	0.0170721723884382	14	1	4	"HYP"	"mixed"	0.968561683502509
"Inhibitory_neuron"	"Inhibitory_neuron-9"	"mesentery_artery_wall_thickness_ratio_mean"	0.000155581454475415	0.00128546319424734	0.121031434561229	0.906063538607481	15	0.726865974639696	14	1	4	"HYP"	"mixed"	0.993836942905233
"Macrophages"	"Macrophages-1"	"mesentery_artery_wall_thickness_ratio_mean"	0.00271652813400027	0.0329802092084076	0.0823684324388018	0.934719033919849	53	0.243250618607377	31	4	4	"mixed"	"mixed"	0.949555843982069
"Macrophages"	"Macrophages-2"	"mesentery_artery_wall_thickness_ratio_mean"	0.00746401958849231	0.00473340500878133	1.57688166861809	0.121827634663477	53	0.136636451616338	31	4	4	"mixed"	"mixed"	0.222770531956072
"Macrophages"	"Macrophages-3"	"mesentery_artery_wall_thickness_ratio_mean"	-0.00438810539309234	0.00855816875528729	-0.512738825158284	0.610641897121098	53	0.167698178070129	31	4	4	"mixed"	"mixed"	0.737378894636798
"Macrophages"	"Macrophages-4"	"mesentery_artery_wall_thickness_ratio_mean"	-0.0107559565122229	0.00591097410824292	-1.8196588777514	0.0754672346792764	53	0.411392175547382	31	4	4	"mixed"	"mixed"	0.16099676731579
"Macrophages"	"Macrophages-5"	"mesentery_artery_wall_thickness_ratio_mean"	0.00106321600382814	0.010843576377278	0.0980503080197824	0.922327792540581	53	0.544194198672786	31	4	4	"mixed"	"mixed"	0.949555843982069
"Macrophages"	"Macrophages-6"	"mesentery_artery_wall_thickness_ratio_mean"	0.0107872391091592	0.0121970505874645	0.88441373853494	0.381174076911693	53	0.530889197252541	31	4	4	"mixed"	"mixed"	0.554435020962463
"Macrophages"	"Macrophages-7"	"mesentery_artery_wall_thickness_ratio_mean"	-0.00632105582679233	0.00342806398420141	-1.84391419061125	0.0717859227868839	53	0.387912936608157	31	4	4	"mixed"	"mixed"	0.158424105460709
"Macrophages"	"Macrophages-8"	"mesentery_artery_wall_thickness_ratio_mean"	-0.00056588510337243	0.0177607885448245	-0.0318614853132367	0.974723413484048	53	0.550432115279379	31	4	4	"mixed"	"mixed"	0.974723413484048
"Mast_cells"	"Mast_cells-1"	"mesentery_artery_wall_thickness_ratio_mean"	-0.557809639175061	0.526951802907715	-1.05855912456713	0.34949009390879	6	0.0235419009554871	6	1	1	"PBMC"	"SS"	0.973920271985979
"Mast_cells"	"Mast_cells-10"	"mesentery_artery_wall_thickness_ratio_mean"	-0.186578791515565	0.158073177093785	-1.18033176118721	0.303264706799031	6	0.0729037122644619	6	1	1	"PBMC"	"SS"	0.973920271985979
"Mast_cells"	"Mast_cells-11"	"mesentery_artery_wall_thickness_ratio_mean"	-0.0989531795971104	0.166223998314955	-0.59530020093499	0.583687421733361	6	-0.148268484931236	6	1	1	"PBMC"	"SS"	0.973920271985979
"Mast_cells"	"Mast_cells-12"	"mesentery_artery_wall_thickness_ratio_mean"	0.0170964517693474	0.322548042514262	0.0530043575402924	0.960269982467459	6	-0.24912265936432	6	1	1	"PBMC"	"SS"	0.973920271985979
"Mast_cells"	"Mast_cells-13"	"mesentery_artery_wall_thickness_ratio_mean"	0.547907577943231	1.21586839027243	0.450630662271322	0.675602381586814	6	-0.189607212493455	6	1	1	"PBMC"	"SS"	0.973920271985979
"Mast_cells"	"Mast_cells-14"	"mesentery_artery_wall_thickness_ratio_mean"	-0.108698706899257	0.156249786516052	-0.695672674650919	0.52493543179477	6	-0.115085655452841	6	1	1	"PBMC"	"SS"	0.973920271985979
"Mast_cells"	"Mast_cells-15"	"mesentery_artery_wall_thickness_ratio_mean"	0.139680320685471	0.253064495505701	0.551955423088281	0.610365124363187	6	-0.161533327292106	6	1	1	"PBMC"	"SS"	0.973920271985979
"Mast_cells"	"Mast_cells-16"	"mesentery_artery_wall_thickness_ratio_mean"	0.266808844685267	0.843253363519201	0.316404127428294	0.767519566783644	6	-0.219479009869846	6	1	1	"PBMC"	"SS"	0.973920271985979
"Mast_cells"	"Mast_cells-17"	"mesentery_artery_wall_thickness_ratio_mean"	-0.116678038787316	0.126793023318867	-0.920224439272864	0.409530006945666	6	-0.0316057130275023	6	1	1	"PBMC"	"SS"	0.973920271985979
"Mast_cells"	"Mast_cells-18"	"mesentery_artery_wall_thickness_ratio_mean"	-0.0666914252857475	0.142609118506415	-0.467651900412998	0.66437485616223	6	-0.185199709599414	6	1	1	"PBMC"	"SS"	0.973920271985979
"Mast_cells"	"Mast_cells-2"	"mesentery_artery_wall_thickness_ratio_mean"	0.0552024524163627	0.317716331485573	0.173747607364872	0.870502404122698	6	-0.240636842085835	6	1	1	"PBMC"	"SS"	0.973920271985979
"Mast_cells"	"Mast_cells-3"	"mesentery_artery_wall_thickness_ratio_mean"	-0.464653013317285	0.841021999129123	-0.55248615826748	0.610033864064392	6	-0.161375182521088	6	1	1	"PBMC"	"SS"	0.973920271985979
"Mast_cells"	"Mast_cells-4"	"mesentery_artery_wall_thickness_ratio_mean"	0.109796555347863	0.452558684397346	0.242612856925008	0.820237734289445	6	-0.231872685967409	6	1	1	"PBMC"	"SS"	0.973920271985979
"Mast_cells"	"Mast_cells-5"	"mesentery_artery_wall_thickness_ratio_mean"	0.220884081074879	0.505282166263561	0.437149964559927	0.684567655656977	6	-0.193004197185112	6	1	1	"PBMC"	"SS"	0.973920271985979
"Mast_cells"	"Mast_cells-6"	"mesentery_artery_wall_thickness_ratio_mean"	0.283360632734418	0.317863440144609	0.891453992335532	0.423063831511477	6	-0.0428202386617862	6	1	1	"PBMC"	"SS"	0.973920271985979
"Mast_cells"	"Mast_cells-7"	"mesentery_artery_wall_thickness_ratio_mean"	-0.326388303729127	0.1771068902536	-1.84288879592302	0.139131582619844	6	0.323980752536511	6	1	1	"PBMC"	"SS"	0.973920271985979
"Mast_cells"	"Mast_cells-8"	"mesentery_artery_wall_thickness_ratio_mean"	0.34072883153456	1.22147174624494	0.278949417030751	0.794111612420435	6	-0.226147514147877	6	1	1	"PBMC"	"SS"	0.973920271985979
"Mast_cells"	"Mast_cells-9"	"mesentery_artery_wall_thickness_ratio_mean"	-0.0550146498849305	0.367678563173331	-0.149627025873128	0.888300092650177	6	-0.243042613772723	6	1	1	"PBMC"	"SS"	0.973920271985979
"Megakaryocytes"	"Megakaryocytes-1"	"mesentery_artery_wall_thickness_ratio_mean"	0.34473561073167	1.20113821466701	0.287007445539679	0.788360286804069	6	-0.224777761527845	6	1	1	"PBMC"	"SS"	0.951262076424298
"Megakaryocytes"	"Megakaryocytes-2"	"mesentery_artery_wall_thickness_ratio_mean"	-0.36718541495456	1.15712817891023	-0.317324754203436	0.766870591059402	6	-0.219305508078707	6	1	1	"PBMC"	"SS"	0.951262076424298
"Megakaryocytes"	"Megakaryocytes-3"	"mesentery_artery_wall_thickness_ratio_mean"	-0.0378615540510877	0.353230698223991	-0.107186476830728	0.919801979344216	6	-0.24641998862988	6	1	1	"PBMC"	"SS"	0.951262076424298
"Megakaryocytes"	"Megakaryocytes-4"	"mesentery_artery_wall_thickness_ratio_mean"	0.363398961214094	0.75457836504133	0.481592075853102	0.655258070861986	6	-0.181493763870288	6	1	1	"PBMC"	"SS"	0.951262076424298
"Megakaryocytes"	"Megakaryocytes-5"	"mesentery_artery_wall_thickness_ratio_mean"	-0.0801775714909707	0.0862929434443534	-0.929132421385924	0.405413668426145	6	-0.0281112222951423	6	1	1	"PBMC"	"SS"	0.951262076424298
"Megakaryocytes"	"Megakaryocytes-6"	"mesentery_artery_wall_thickness_ratio_mean"	-0.211686891186831	0.23985848771823	-0.882549094679137	0.427327010868212	6	-0.0462674305322797	6	1	1	"PBMC"	"SS"	0.951262076424298
"Megakaryocytes"	"Megakaryocytes-7"	"mesentery_artery_wall_thickness_ratio_mean"	-0.0112231402623149	0.159867471001937	-0.0702027760367765	0.947401908977108	6	-0.248461760974727	6	1	1	"PBMC"	"SS"	0.951262076424298
"Microglia"	"Microglia-1"	"mesentery_artery_wall_thickness_ratio_mean"	0.124246634436996	0.0482376705477091	2.57571796121686	0.027618440322789	15	0.425004787465916	14	1	4	"HYP"	"mixed"	0.121899090875864
"Microglia"	"Microglia-10"	"mesentery_artery_wall_thickness_ratio_mean"	-0.00483331422568898	0.00257578369518014	-1.87644414192588	0.0900488959471204	15	0.186472266786796	14	1	4	"HYP"	"mixed"	0.17570516282365
"Microglia"	"Microglia-11"	"mesentery_artery_wall_thickness_ratio_mean"	-0.0143348623190882	0.00542621920959334	-2.64177722377023	0.0246586381972514	15	0.331547295917874	14	1	4	"HYP"	"mixed"	0.121899090875864
"Microglia"	"Microglia-12"	"mesentery_artery_wall_thickness_ratio_mean"	-0.00763020944756728	0.0025846330709534	-2.95214416828332	0.0144814366965348	15	0.435837811084296	14	1	4	"HYP"	"mixed"	0.0922402501494568
"Microglia"	"Microglia-13"	"mesentery_artery_wall_thickness_ratio_mean"	-0.0042838864863248	0.00245765464964397	-1.74307911282222	0.111926412738282	15	0.119676792441722	14	1	4	"HYP"	"mixed"	0.203502568615057
"Microglia"	"Microglia-14"	"mesentery_artery_wall_thickness_ratio_mean"	-0.0144364974920516	0.00643996683158875	-2.24170370276428	0.048862796033235	15	0.257471889818088	14	1	4	"HYP"	"mixed"	0.133302566361197
"Microglia"	"Microglia-15"	"mesentery_artery_wall_thickness_ratio_mean"	-0.012855291512592	0.00438446015924619	-2.93201239050652	0.0149890406492867	15	0.395233680663472	14	1	4	"HYP"	"mixed"	0.0922402501494568
"Microglia"	"Microglia-16"	"mesentery_artery_wall_thickness_ratio_mean"	-0.0166787227810847	0.00661284351749842	-2.52217109583051	0.0302744684821811	15	0.309259643823106	14	1	4	"HYP"	"mixed"	0.121899090875864
"Microglia"	"Microglia-2"	"mesentery_artery_wall_thickness_ratio_mean"	0.00906073130580059	0.00659513613033498	1.37385053571902	0.199498260959001	15	0.488696561642476	14	1	4	"HYP"	"mixed"	0.290179288667637
"Microglia"	"Microglia-3"	"mesentery_artery_wall_thickness_ratio_mean"	-0.00919187254611246	0.00825872796639802	-1.11298889895769	0.291751423061622	15	0.050610790913826	14	1	4	"HYP"	"mixed"	0.389001897415496
"Microglia"	"Microglia-4"	"mesentery_artery_wall_thickness_ratio_mean"	-0.00438306792824332	0.00263280060813087	-1.66479296408057	0.126926539717112	15	0.276621549613059	14	1	4	"HYP"	"mixed"	0.211544232861853
"Microglia"	"Microglia-5"	"mesentery_artery_wall_thickness_ratio_mean"	-0.0185753036643829	0.00604161188483016	-3.07456089839593	0.0117491010175196	15	0.427689868167766	14	1	4	"HYP"	"mixed"	0.0922402501494568
"Microglia"	"Microglia-6"	"mesentery_artery_wall_thickness_ratio_mean"	-0.00183187802435786	0.000818757521407191	-2.23738772037102	0.0492218848203062	15	0.651798677821454	14	1	4	"HYP"	"mixed"	0.133302566361197
"Microglia"	"Microglia-7"	"mesentery_artery_wall_thickness_ratio_mean"	-0.0232660504694454	0.00632626665889142	-3.67769044903371	0.0042626085406489	15	0.546699077707497	14	1	4	"HYP"	"mixed"	0.0682017366503823
"Microglia"	"Microglia-8"	"mesentery_artery_wall_thickness_ratio_mean"	-0.000290097113939338	0.00109707123305013	-0.264428694509467	0.796819589013854	15	0.518009249552597	14	1	4	"HYP"	"mixed"	0.86142658271768
"Microglia"	"Microglia-9"	"mesentery_artery_wall_thickness_ratio_mean"	-0.000716311731917537	0.00255264827719538	-0.280615131476145	0.78472550814209	15	0.0970257236282033	14	1	4	"HYP"	"mixed"	0.86142658271768
"Monocytes"	"Monocytes-1"	"mesentery_artery_wall_thickness_ratio_mean"	0.00722816454146077	0.0533363915265397	0.135520314265432	0.893205823641304	35	0.657104007583755	24	4	4	"mixed"	"mixed"	0.961305263697776
"Monocytes"	"Monocytes-2"	"mesentery_artery_wall_thickness_ratio_mean"	0.0277351547451894	0.0153778899479079	1.80357349669827	0.0824685964186895	35	0.95924230894438	24	4	4	"mixed"	"mixed"	0.24306533681298
"Monocytes"	"Monocytes-3"	"mesentery_artery_wall_thickness_ratio_mean"	-0.00816924611091764	0.0515251610905602	-0.158548676763173	0.875204409411933	35	0.404557718238069	24	4	4	"mixed"	"mixed"	0.961305263697776
"Monocytes"	"Monocytes-4"	"mesentery_artery_wall_thickness_ratio_mean"	-0.00702756271930642	0.00852271288491229	-0.824568751077756	0.416841880913568	35	0.382755199253344	24	4	4	"mixed"	"mixed"	0.704245882405047
"Monocytes"	"Monocytes-5"	"mesentery_artery_wall_thickness_ratio_mean"	-0.00355668658239274	0.00682590860846495	-0.521056871166136	0.606574761639296	35	0.737158308589715	24	4	4	"mixed"	"mixed"	0.861010753874585
"Monocytes"	"Monocytes-6"	"mesentery_artery_wall_thickness_ratio_mean"	-0.00565278824386035	0.00701788270632379	-0.80548343145813	0.427577857174493	35	0.251973665051985	24	4	4	"mixed"	"mixed"	0.704245882405047
"Monocytes"	"Monocytes-7"	"mesentery_artery_wall_thickness_ratio_mean"	-0.0105570356301731	0.00667727576909018	-1.58103933329259	0.125514212938285	35	-0.00408153711493253	24	4	4	"mixed"	"mixed"	0.292866496855998
"Myelinating_OL"	"Myelinating_OL-1"	"mesentery_artery_wall_thickness_ratio_mean"	-0.0522160930876878	0.0317434711377856	-1.64493961170909	0.131007660323152	15	0.799638637788213	14	1	4	"HYP"	"mixed"	0.277895037049111
"Myelinating_OL"	"Myelinating_OL-10"	"mesentery_artery_wall_thickness_ratio_mean"	-1.38723694717223e-05	0.000284506163806234	-0.0487594689905215	0.962071095339958	15	0.187296398810121	14	1	4	"HYP"	"mixed"	0.991396212498122
"Myelinating_OL"	"Myelinating_OL-11"	"mesentery_artery_wall_thickness_ratio_mean"	0.000580976915716568	0.000357491339947463	1.62514962125222	0.135192223103224	15	0.357314958053977	14	1	4	"HYP"	"mixed"	0.278336929918403
"Myelinating_OL"	"Myelinating_OL-12"	"mesentery_artery_wall_thickness_ratio_mean"	0.00032469062233234	0.000255136684898762	1.27261441239302	0.231947044765483	15	0.207403641721926	14	1	4	"HYP"	"mixed"	0.427270871936416
"Myelinating_OL"	"Myelinating_OL-13"	"mesentery_artery_wall_thickness_ratio_mean"	-0.00019669622361621	0.00014617529015557	-1.34561883480355	0.208140505719496	15	0.253780604685083	14	1	4	"HYP"	"mixed"	0.393779335144992
"Myelinating_OL"	"Myelinating_OL-14"	"mesentery_artery_wall_thickness_ratio_mean"	0.000179965370980737	0.000261815432823815	0.687374953568308	0.507474590980343	15	0.318361391910574	14	1	4	"HYP"	"mixed"	0.694743379382767
"Myelinating_OL"	"Myelinating_OL-2"	"mesentery_artery_wall_thickness_ratio_mean"	0.0529436763112591	0.0255079563810207	2.07557499003142	0.0646762094679172	15	0.752737736302235	14	1	4	"HYP"	"mixed"	0.165808481179757
"Myelinating_OL"	"Myelinating_OL-3"	"mesentery_artery_wall_thickness_ratio_mean"	0.00978549158439743	0.00930382048655407	1.05177132324721	0.317656075836624	15	0.497869342279662	14	1	4	"HYP"	"mixed"	0.550958251181573
"Myelinating_OL"	"Myelinating_OL-4"	"mesentery_artery_wall_thickness_ratio_mean"	-0.000154334934329271	0.00240039745445687	-0.0642955749026954	0.950001996439694	15	-0.0254321720651287	14	1	4	"HYP"	"mixed"	0.991396212498122
"Myelinating_OL"	"Myelinating_OL-5"	"mesentery_artery_wall_thickness_ratio_mean"	0.000725881002874759	0.017564602814129	0.0413263545185808	0.967849204460704	15	-0.00956786168827084	14	1	4	"HYP"	"mixed"	0.991396212498122
"Myelinating_OL"	"Myelinating_OL-6"	"mesentery_artery_wall_thickness_ratio_mean"	-0.00851588484877106	0.00250860221750909	-3.39467325243254	0.00683195635192102	15	0.876555620796728	14	1	4	"HYP"	"mixed"	0.0281315849784983
"Myelinating_OL"	"Myelinating_OL-7"	"mesentery_artery_wall_thickness_ratio_mean"	-0.000565874268867388	0.000577648707260145	-0.979616610848825	0.350380071613889	15	-0.122916309384987	14	1	4	"HYP"	"mixed"	0.570386163092378
"Myelinating_OL"	"Myelinating_OL-8"	"mesentery_artery_wall_thickness_ratio_mean"	-0.000423741989524898	0.000548616317073759	-0.772383132505203	0.457753486422439	15	0.241500011457532	14	1	4	"HYP"	"mixed"	0.66755716769939
"Myelinating_OL"	"Myelinating_OL-9"	"mesentery_artery_wall_thickness_ratio_mean"	-0.00245418408529265	0.000840903400874632	-2.91850893068101	0.0153395853354847	15	0.383741189990617	14	1	4	"HYP"	"mixed"	0.0581902316360769
"Neuronal"	"Neuronal-1"	"mesentery_artery_wall_thickness_ratio_mean"	0.0384862811419903	0.0476995303434849	0.806848219780155	0.435454288764531	17	-0.16936950898543	17	1	4	"LV"	"mixed"	0.669018541753933
"Neuronal"	"Neuronal-10"	"mesentery_artery_wall_thickness_ratio_mean"	-0.0046431915899622	0.00355901816803683	-1.30462711083136	0.216485987161696	17	0.291036298670223	17	1	4	"LV"	"mixed"	0.421606158510603
"Neuronal"	"Neuronal-11"	"mesentery_artery_wall_thickness_ratio_mean"	-0.00370990868018946	0.006606266693112	-0.561574161705822	0.584741958266052	17	-0.0492068388371349	17	1	4	"LV"	"mixed"	0.779655944354736
"Neuronal"	"Neuronal-12"	"mesentery_artery_wall_thickness_ratio_mean"	0.00313475776690292	0.00328270710837555	0.954930690863297	0.358454628105695	17	-0.125682053596692	17	1	4	"LV"	"mixed"	0.597424380176159
"Neuronal"	"Neuronal-2"	"mesentery_artery_wall_thickness_ratio_mean"	-0.035525698871588	0.0189293238358501	-1.87675477368643	0.0850723123736395	17	0.215347777477791	17	1	4	"LV"	"mixed"	0.283574374578798
"Neuronal"	"Neuronal-3"	"mesentery_artery_wall_thickness_ratio_mean"	0.0321108070986726	0.0144067419901987	2.22887361490325	0.0457032976554773	17	0.21485314820822	17	1	4	"LV"	"mixed"	0.202451045112547
"Neuronal"	"Neuronal-4"	"mesentery_artery_wall_thickness_ratio_mean"	-0.0212329691452046	0.014099861150114	-1.50589916589589	0.157954979511464	17	-0.101691317653888	17	1	4	"LV"	"mixed"	0.364511491180302
"Neuronal"	"Neuronal-5"	"mesentery_artery_wall_thickness_ratio_mean"	-0.00182763050834741	0.00347065444979137	-0.526595353927348	0.60807112677445	17	0.587939146082645	17	1	4	"LV"	"mixed"	0.7931362523145
"Neuronal"	"Neuronal-6"	"mesentery_artery_wall_thickness_ratio_mean"	-0.0113402102753514	0.00323805201685365	-3.50217050755424	0.00436438579847661	17	0.410880839284025	17	1	4	"LV"	"mixed"	0.0261863147908597
"Neuronal"	"Neuronal-7"	"mesentery_artery_wall_thickness_ratio_mean"	0.00355675229846488	0.00306294421039939	1.16122007263107	0.268130816407349	17	0.0525106698501141	17	1	4	"LV"	"mixed"	0.502745280763779
"Neuronal"	"Neuronal-8"	"mesentery_artery_wall_thickness_ratio_mean"	-0.00403530059864257	0.0044551743375721	-0.905755935208061	0.3828912697448	17	0.0950615045368339	17	1	4	"LV"	"mixed"	0.620904761748325
"Neuronal"	"Neuronal-9"	"mesentery_artery_wall_thickness_ratio_mean"	0.00502631136325491	0.0137546258052324	0.365426979579687	0.721152725205157	17	-0.151475611635506	17	1	4	"LV"	"mixed"	0.904523877625857
"Neutrophils"	"Neutrophils-1"	"mesentery_artery_wall_thickness_ratio_mean"	0.256696392602788	0.281722376266686	0.911167923558164	0.403995200910054	9	0.929070315581677	9	2	2	"mixed"	"mixed"	0.646392321456087
"Neutrophils"	"Neutrophils-2"	"mesentery_artery_wall_thickness_ratio_mean"	0.0234523154338777	0.0549661384947976	0.4266684194324	0.687367869432191	9	0.996045225950925	9	2	2	"mixed"	"mixed"	0.872838061958095
"Neutrophils"	"Neutrophils-3"	"mesentery_artery_wall_thickness_ratio_mean"	-0.0584553814129351	0.319192616357105	-0.183135130380136	0.861886540090648	9	-0.374065227894518	9	2	2	"mixed"	"mixed"	0.95084738491434
"Neutrophils"	"Neutrophils-4"	"mesentery_artery_wall_thickness_ratio_mean"	-0.0892365090547723	0.0586221878446754	-1.52223095615626	0.188443234283095	9	0.253159718206808	9	2	2	"mixed"	"mixed"	0.430727392647074
"Neutrophils"	"Neutrophils-5"	"mesentery_artery_wall_thickness_ratio_mean"	-0.0745319842284262	0.0295036409515141	-2.52619615154995	0.0527741902203078	9	0.911000292310929	9	2	2	"mixed"	"mixed"	0.168877408704985
"Neutrophils"	"Neutrophils-6"	"mesentery_artery_wall_thickness_ratio_mean"	-0.120208284835757	0.0491163944655856	-2.44741671581744	0.0581207874084168	9	0.661637017011851	9	2	2	"mixed"	"mixed"	0.169078654279031
"Neutrophils"	"Neutrophils-7"	"mesentery_artery_wall_thickness_ratio_mean"	0.0644955801064185	0.0539971866204797	1.19442482364363	0.285878194200713	9	0.59628360277247	9	2	2	"mixed"	"mixed"	0.508227900801267
"Neutrophils"	"Neutrophils-8"	"mesentery_artery_wall_thickness_ratio_mean"	-0.0022121286111941	0.024187465782683	-0.0914576430234319	0.930680060289043	9	0.890539758631581	9	2	2	"mixed"	"mixed"	0.95084738491434
"NFO"	"NFO-1"	"mesentery_artery_wall_thickness_ratio_mean"	-0.0255709166728287	0.0120887181176212	-2.11527114984632	0.0605032234146566	15	0.87980416536027	14	1	4	"HYP"	"mixed"	0.151258058536642
"NFO"	"NFO-2"	"mesentery_artery_wall_thickness_ratio_mean"	0.0768472065053803	0.0265509076564559	2.89433444233666	0.0159880111998847	15	0.313007362408102	14	1	4	"HYP"	"mixed"	0.0581382225450351
"NFO"	"NFO-3"	"mesentery_artery_wall_thickness_ratio_mean"	-0.02857106226045	0.0128700105838999	-2.21997193197275	0.0506969585297195	15	0.291398694067211	14	1	4	"HYP"	"mixed"	0.135191889412585
"NFO"	"NFO-4"	"mesentery_artery_wall_thickness_ratio_mean"	-0.0326065190288152	0.0184848137072114	-1.76396254489135	0.1082066360423	15	0.762732377794113	14	1	4	"HYP"	"mixed"	0.216413272084601
"NFO"	"NFO-5"	"mesentery_artery_wall_thickness_ratio_mean"	-0.0120774232464958	0.00497602926819575	-2.42712062079067	0.0356251914523729	15	0.587287544810455	14	1	4	"HYP"	"mixed"	0.101786261292494
"NFO"	"NFO-6"	"mesentery_artery_wall_thickness_ratio_mean"	0.011915302172416	0.00889255302564005	1.33991915910543	0.209922832149076	15	0.358981874797021	14	1	4	"HYP"	"mixed"	0.382282375100192
"NFO"	"NFO-7"	"mesentery_artery_wall_thickness_ratio_mean"	0.0179333946301992	0.00573912680821836	3.12476012980211	0.0107862377284627	15	0.713505835083354	14	1	4	"HYP"	"mixed"	0.0501948603784633
"NFO"	"NFO-8"	"mesentery_artery_wall_thickness_ratio_mean"	-0.00786998209940575	0.00623986535822489	-1.26124229411972	0.235849817922976	15	-0.146051141818521	14	1	4	"HYP"	"mixed"	0.410173596387784
"NK_cells"	"NK_cells-1"	"mesentery_artery_wall_thickness_ratio_mean"	-0.0298356939558678	0.0198320857568291	-1.50441533592068	0.144083504205373	34	0.453284736558616	27	3	4	"mixed"	"mixed"	0.315182665449252
"NK_cells"	"NK_cells-10"	"mesentery_artery_wall_thickness_ratio_mean"	0.00923264547240555	0.00768864050711448	1.20081638149974	0.24025157229338	34	0.768607687221917	27	3	4	"mixed"	"mixed"	0.442568685803594
"NK_cells"	"NK_cells-2"	"mesentery_artery_wall_thickness_ratio_mean"	-0.00605693215315686	0.00689374673543416	-0.878612514443556	0.387363783779503	34	0.870866609252319	27	3	4	"mixed"	"mixed"	0.576924784352451
"NK_cells"	"NK_cells-3"	"mesentery_artery_wall_thickness_ratio_mean"	0.0144429618360993	0.00643841639179598	2.24324755610758	0.0332868568209772	34	0.833343994908719	27	3	4	"mixed"	"mixed"	0.0943862682724053
"NK_cells"	"NK_cells-4"	"mesentery_artery_wall_thickness_ratio_mean"	-0.00774227611900391	0.00625078797175014	-1.23860802093983	0.226151556648655	34	0.621701897888281	27	3	4	"mixed"	"mixed"	0.427854296362321
"NK_cells"	"NK_cells-5"	"mesentery_artery_wall_thickness_ratio_mean"	0.0524722441821376	0.0159441002689747	3.29101318336804	0.00278322356999526	34	0.939133027213415	27	3	4	"mixed"	"mixed"	0.0139161178499763
"NK_cells"	"NK_cells-6"	"mesentery_artery_wall_thickness_ratio_mean"	-0.000141394417073831	0.00113881622369318	-0.124159117276437	0.902109027256199	34	0.969608839588662	27	3	4	"mixed"	"mixed"	0.928641645704911
"NK_cells"	"NK_cells-7"	"mesentery_artery_wall_thickness_ratio_mean"	-0.00149621389563109	0.00418331091250887	-0.357662609096813	0.723376651934671	34	0.165132087247855	27	3	4	"mixed"	"mixed"	0.844906642070248
"NK_cells"	"NK_cells-8"	"mesentery_artery_wall_thickness_ratio_mean"	-0.00727757455991278	0.00450010483197671	-1.61720111678288	0.117460151168629	34	0.228821912870562	27	3	4	"mixed"	"mixed"	0.274073686060134
"NK_cells"	"NK_cells-9"	"mesentery_artery_wall_thickness_ratio_mean"	-0.0235977663899962	0.00925142234135104	-2.55071766473371	0.0167335465179509	34	0.194572669034877	27	3	4	"mixed"	"mixed"	0.0585674128128283
"NKT"	"NKT-1"	"mesentery_artery_wall_thickness_ratio_mean"	-0.147593197987296	0.201373560579293	-0.732932354985991	0.475693481062388	18	0.27903111172384	14	2	2	"mixed"	"mixed"	0.594616851327985
"NKT"	"NKT-2"	"mesentery_artery_wall_thickness_ratio_mean"	-0.0817266390216759	0.050715084323491	-1.61148581554897	0.129382055502134	18	0.141070165211553	14	2	2	"mixed"	"mixed"	0.258764111004267
"NKT"	"NKT-3"	"mesentery_artery_wall_thickness_ratio_mean"	0.0985011584298502	0.0981513972521898	1.0035634864857	0.332620184808415	18	0.326162477808119	14	2	2	"mixed"	"mixed"	0.475866577222869
"NKT"	"NKT-4"	"mesentery_artery_wall_thickness_ratio_mean"	0.0192061099574643	0.0428045661039414	0.44869301818938	0.660519731446711	18	-0.0747969318594721	14	2	2	"mixed"	"mixed"	0.733910812718568
"NKT"	"NKT-5"	"mesentery_artery_wall_thickness_ratio_mean"	0.111612568621657	0.0559657273728324	1.99430211776069	0.0659693244118431	18	0.511003291457347	14	2	2	"mixed"	"mixed"	0.206760049149925
"OPC"	"OPC-1"	"mesentery_artery_wall_thickness_ratio_mean"	0.0534876176075316	0.0301311523103352	1.77516004222596	0.106258925191194	15	0.247834108627617	14	1	4	"HYP"	"mixed"	0.17001428030591
"OPC"	"OPC-2"	"mesentery_artery_wall_thickness_ratio_mean"	0.00830190422307766	0.00282509057891354	2.93863293624743	0.0148201496899197	15	0.598161495867571	14	1	4	"HYP"	"mixed"	0.0494004989663989
"OPC"	"OPC-3"	"mesentery_artery_wall_thickness_ratio_mean"	-0.0149365360015964	0.0122691072347797	-1.21741017628856	0.251396152022243	15	0.0985809400045033	14	1	4	"HYP"	"mixed"	0.314245190027804
"OPC"	"OPC-4"	"mesentery_artery_wall_thickness_ratio_mean"	-0.00853457098851061	0.00407802520095109	-2.0928195800556	0.0628307720642105	15	0.265425927793143	14	1	4	"HYP"	"mixed"	0.114237767389474
"OPC"	"OPC-5"	"mesentery_artery_wall_thickness_ratio_mean"	-0.0198487406570963	0.00923725808682549	-2.14876973995187	0.0571830199098641	15	0.370486148237307	14	1	4	"HYP"	"mixed"	0.114237767389474
"OPC"	"OPC-6"	"mesentery_artery_wall_thickness_ratio_mean"	-0.00769419177906464	0.00212038656240934	-3.62867408965369	0.00462271529156607	15	0.506226444470049	14	1	4	"HYP"	"mixed"	0.0231135764578304
"OPC"	"OPC-7"	"mesentery_artery_wall_thickness_ratio_mean"	-0.00768160903838173	0.00271013483665777	-2.83440105432354	0.0177176826274572	15	0.59730260089668	14	1	4	"HYP"	"mixed"	0.052311379970207
"OPC"	"OPC-8"	"mesentery_artery_wall_thickness_ratio_mean"	-0.00309387336595949	0.00564353954189479	-0.548215059537039	0.595569523142695	15	-0.0178224912088376	14	1	4	"HYP"	"mixed"	0.626915287518627
"Pars_tuberalis_cell"	"Pars_tuberalis_cell-1"	"mesentery_artery_wall_thickness_ratio_mean"	0.0355333723865465	0.0230536171676066	1.54133610045697	0.154260747525505	15	0.732444961409191	14	1	4	"HYP"	"mixed"	0.295981680013978
"Pars_tuberalis_cell"	"Pars_tuberalis_cell-2"	"mesentery_artery_wall_thickness_ratio_mean"	0.0173144024040409	0.0454230946750856	0.381180598281381	0.711042603441494	15	0.597052562142306	14	1	4	"HYP"	"mixed"	0.820433773201723
"Pars_tuberalis_cell"	"Pars_tuberalis_cell-3"	"mesentery_artery_wall_thickness_ratio_mean"	0.00956924051596283	0.0188120885675419	0.508675072499577	0.622013617244284	15	0.838270890124538	14	1	4	"HYP"	"mixed"	0.758783598719997
"Pars_tuberalis_cell"	"Pars_tuberalis_cell-4"	"mesentery_artery_wall_thickness_ratio_mean"	-0.0416562118437693	0.0668842083910998	-0.622810867405174	0.547348270439345	15	-0.0866007982158754	14	1	4	"HYP"	"mixed"	0.713932526660015
"Pars_tuberalis_cell"	"Pars_tuberalis_cell-5"	"mesentery_artery_wall_thickness_ratio_mean"	-0.00590498785999223	0.00636404380180585	-0.927867256085925	0.375329229034248	15	0.302488130925369	14	1	4	"HYP"	"mixed"	0.536184612906068
"Pars_tuberalis_cell"	"Pars_tuberalis_cell-6"	"mesentery_artery_wall_thickness_ratio_mean"	-0.0148558156027887	0.00711382898157276	-2.0883009194163	0.0633094301783445	15	0.380779398154947	14	1	4	"HYP"	"mixed"	0.146098685026949
"Pericyte"	"Pericyte-1"	"mesentery_artery_wall_thickness_ratio_mean"	0.0323391994798969	0.0245541026374535	1.31705890283966	0.198131661455952	36	0.800684103112557	32	3	4	"mixed"	"mixed"	0.367958799846769
"Pericyte"	"Pericyte-10"	"mesentery_artery_wall_thickness_ratio_mean"	0.000824377910370973	0.00400411669362207	0.205882588707786	0.838321142228922	36	0.187254659027183	32	3	4	"mixed"	"mixed"	0.968880948548092
"Pericyte"	"Pericyte-11"	"mesentery_artery_wall_thickness_ratio_mean"	-0.00247677029930838	0.00292047795169182	-0.848070192714036	0.403344595581453	36	0.683358761080432	32	3	4	"mixed"	"mixed"	0.601710790129709
"Pericyte"	"Pericyte-12"	"mesentery_artery_wall_thickness_ratio_mean"	-0.00601363371279067	0.00504579444396465	-1.1918110774377	0.242997601990111	36	0.0728923246009879	32	3	4	"mixed"	"mixed"	0.442255635622002
"Pericyte"	"Pericyte-13"	"mesentery_artery_wall_thickness_ratio_mean"	-0.00211037751233217	0.00398097848675023	-0.530115276773305	0.60006784506823	36	0.571678435181251	32	3	4	"mixed"	"mixed"	0.791393824655202
"Pericyte"	"Pericyte-2"	"mesentery_artery_wall_thickness_ratio_mean"	0.000455529742899061	0.00203799982256122	0.223518048361056	0.824699434990123	36	0.402811984179303	32	3	4	"mixed"	"mixed"	0.968880948548092
"Pericyte"	"Pericyte-3"	"mesentery_artery_wall_thickness_ratio_mean"	-0.0193176047450564	0.0076724955859929	-2.51777332792776	0.0175868439979619	36	0.452561579522691	32	3	4	"mixed"	"mixed"	0.0536723792828568
"Pericyte"	"Pericyte-4"	"mesentery_artery_wall_thickness_ratio_mean"	0.00630085933555485	0.00538334740540135	1.17043520714136	0.251354616362527	36	0.542597421951956	32	3	4	"mixed"	"mixed"	0.448495491940979
"Pericyte"	"Pericyte-5"	"mesentery_artery_wall_thickness_ratio_mean"	0.00499427161875647	0.00832089127133444	0.600208734365006	0.553028950672665	36	0.20722064805008	32	3	4	"mixed"	"mixed"	0.76250961380625
"Pericyte"	"Pericyte-6"	"mesentery_artery_wall_thickness_ratio_mean"	-0.0049292452524056	0.0176758136591211	-0.278869496333596	0.782324023834314	36	0.632729939136986	32	3	4	"mixed"	"mixed"	0.962047110390845
"Pericyte"	"Pericyte-7"	"mesentery_artery_wall_thickness_ratio_mean"	0.00290304402900892	0.00836918501971374	0.346872965787081	0.731191311521817	36	0.692132872557897	32	3	4	"mixed"	"mixed"	0.924144574284519
"Pericyte"	"Pericyte-8"	"mesentery_artery_wall_thickness_ratio_mean"	-0.00262759955191667	0.0108310242900237	-0.242599359170206	0.810023399721335	36	0.443635038435077	32	3	4	"mixed"	"mixed"	0.968880948548092
"Pericyte"	"Pericyte-9"	"mesentery_artery_wall_thickness_ratio_mean"	-0.0103420510426773	0.00324973335817608	-3.18243064978162	0.00347061854305415	36	0.914203162944606	32	3	4	"mixed"	"mixed"	0.0144562811257793
"Plasma_cells"	"Plasma_cells-1"	"mesentery_artery_wall_thickness_ratio_mean"	-2.65705002539848	1.04273080176231	-2.54816489635468	0.0840774825280408	5	0.578643296977896	5	1	1	"PBMC"	"SS"	0.718577032893083
"Plasma_cells"	"Plasma_cells-10"	"mesentery_artery_wall_thickness_ratio_mean"	0.263102458731993	0.107712749831834	2.44263059983855	0.0922834544434333	5	0.553892279961599	5	1	1	"PBMC"	"SS"	0.718577032893083
"Plasma_cells"	"Plasma_cells-11"	"mesentery_artery_wall_thickness_ratio_mean"	0.0151578871719754	0.0719387170566728	0.210705553172906	0.846617329081478	5	-0.313889162017953	5	1	1	"PBMC"	"SS"	0.88807235523277
"Plasma_cells"	"Plasma_cells-12"	"mesentery_artery_wall_thickness_ratio_mean"	0.0652881502930169	0.101058233759887	0.646044838346773	0.564265434387991	5	-0.170489410360686	5	1	1	"PBMC"	"SS"	0.827616563611647
"Plasma_cells"	"Plasma_cells-13"	"mesentery_artery_wall_thickness_ratio_mean"	0.141120460944294	0.112634524335049	1.25290590764612	0.299007371074125	5	0.124683039355649	5	1	1	"PBMC"	"SS"	0.718577032893083
"Plasma_cells"	"Plasma_cells-14"	"mesentery_artery_wall_thickness_ratio_mean"	0.0990869226931725	0.0883950017730288	1.1209561706622	0.343946065690301	5	0.0602702128051111	5	1	1	"PBMC"	"SS"	0.718577032893083
"Plasma_cells"	"Plasma_cells-15"	"mesentery_artery_wall_thickness_ratio_mean"	0.102684242946531	0.0855799535927264	1.19986326979334	0.316308005181095	5	0.0990325139897252	5	1	1	"PBMC"	"SS"	0.718577032893083
"Plasma_cells"	"Plasma_cells-2"	"mesentery_artery_wall_thickness_ratio_mean"	2.02943866725237	1.68475448953725	1.20459015236682	0.314725462534861	5	0.101333103068133	5	1	1	"PBMC"	"SS"	0.718577032893083
"Plasma_cells"	"Plasma_cells-3"	"mesentery_artery_wall_thickness_ratio_mean"	-0.15769933134107	0.406163454458157	-0.388265683704726	0.723732647943617	5	-0.269538901486936	5	1	1	"PBMC"	"SS"	0.86847917753234
"Plasma_cells"	"Plasma_cells-4"	"mesentery_artery_wall_thickness_ratio_mean"	0.4658796636026	0.260067718448836	1.79137828555316	0.171152168807439	5	0.35577762865809	5	1	1	"PBMC"	"SS"	0.718577032893083
"Plasma_cells"	"Plasma_cells-5"	"mesentery_artery_wall_thickness_ratio_mean"	-0.101911557171831	0.161847210738031	-0.62967756260432	0.573594893164826	5	-0.17768504724378	5	1	1	"PBMC"	"SS"	0.827616563611647
"Plasma_cells"	"Plasma_cells-6"	"mesentery_artery_wall_thickness_ratio_mean"	-0.085711289429108	0.160961605134497	-0.532495245418861	0.631299986948989	5	-0.218193283106142	5	1	1	"PBMC"	"SS"	0.827616563611647
"Plasma_cells"	"Plasma_cells-7"	"mesentery_artery_wall_thickness_ratio_mean"	-0.0377044307827574	0.149958351830448	-0.251432683291881	0.817718834299412	5	-0.305816133625344	5	1	1	"PBMC"	"SS"	0.88807235523277
"Plasma_cells"	"Plasma_cells-8"	"mesentery_artery_wall_thickness_ratio_mean"	-0.0290178259208495	0.14946996226107	-0.194138176539884	0.858469943391677	5	-0.316790220568386	5	1	1	"PBMC"	"SS"	0.88807235523277
"Plasma_cells"	"Plasma_cells-9"	"mesentery_artery_wall_thickness_ratio_mean"	-0.112663993591856	0.0737548532129395	-1.52754684856577	0.224074760307606	5	0.250009286932953	5	1	1	"PBMC"	"SS"	0.718577032893083
"Plasmablasts"	"Plasmablasts-1"	"mesentery_artery_wall_thickness_ratio_mean"	0.929843576049541	0.996105174747407	0.933479314857823	0.403417656152037	6	-0.0264024306989563	6	1	1	"PBMC"	"SS"	0.787672548674572
"Plasmablasts"	"Plasmablasts-10"	"mesentery_artery_wall_thickness_ratio_mean"	0.0112006827259123	0.0792802032266459	0.141279692408102	0.894478549344372	6	-0.243793485591957	6	1	1	"PBMC"	"SS"	0.941556367730918
"Plasmablasts"	"Plasmablasts-2"	"mesentery_artery_wall_thickness_ratio_mean"	-0.318868785528463	0.226631724603723	-1.40699095012413	0.232173772285719	6	0.163826958035925	6	1	1	"PBMC"	"SS"	0.692094874406964
"Plasmablasts"	"Plasmablasts-3"	"mesentery_artery_wall_thickness_ratio_mean"	0.0620226400949957	0.404754640283997	0.153235155133681	0.885632395728659	6	-0.242705006965882	6	1	1	"PBMC"	"SS"	0.941556367730918
"Plasmablasts"	"Plasmablasts-4"	"mesentery_artery_wall_thickness_ratio_mean"	-0.479759015727265	0.169528505317032	-2.82996074807642	0.0473469357338425	6	0.583634429332828	6	1	1	"PBMC"	"SS"	0.473469357338425
"Plasmablasts"	"Plasmablasts-5"	"mesentery_artery_wall_thickness_ratio_mean"	-0.133402999875196	0.0838129984873592	-1.59167434983627	0.186671259352872	6	0.234704877019912	6	1	1	"PBMC"	"SS"	0.692094874406964
"Plasmablasts"	"Plasmablasts-6"	"mesentery_artery_wall_thickness_ratio_mean"	-0.0482441846801092	0.282013642974111	-0.171070392805564	0.872473491060509	6	-0.240921086501284	6	1	1	"PBMC"	"SS"	0.941556367730918
"Plasmablasts"	"Plasmablasts-7"	"mesentery_artery_wall_thickness_ratio_mean"	0.0757235736988589	0.148183755843278	0.511011299908915	0.636256001932192	6	-0.17339696499283	6	1	1	"PBMC"	"SS"	0.941556367730918
"Plasmablasts"	"Plasmablasts-8"	"mesentery_artery_wall_thickness_ratio_mean"	-0.155426862961693	0.130885566853499	-1.18750192781502	0.300727106227382	6	0.0758130564989579	6	1	1	"PBMC"	"SS"	0.692094874406964
"Plasmablasts"	"Plasmablasts-9"	"mesentery_artery_wall_thickness_ratio_mean"	0.0569113762034191	0.0491632906381752	1.15759900252136	0.311442693483134	6	0.063676627951559	6	1	1	"PBMC"	"SS"	0.692094874406964
"POD"	"POD-1"	"mesentery_artery_wall_thickness_ratio_mean"	-0.00457281363800245	0.015048445573985	-0.303872822978322	0.765399309413597	20	-0.0763775941478551	20	1	4	"LK"	"mixed"	0.883153049323381
"POD"	"POD-2"	"mesentery_artery_wall_thickness_ratio_mean"	-0.0302959965637579	0.0451635300208919	-0.670806656382781	0.512541096767172	20	0.743878468091265	20	1	4	"LK"	"mixed"	0.768811645150757
"POD"	"POD-3"	"mesentery_artery_wall_thickness_ratio_mean"	0.00248104766784935	0.0747805567797282	0.0331777105532587	0.973970334409611	20	0.310001006900435	20	1	4	"LK"	"mixed"	0.973970334409611
"POD"	"POD-4"	"mesentery_artery_wall_thickness_ratio_mean"	0.0484632452976459	0.034085209881991	1.42182622508221	0.175535753219738	20	0.0733310331068935	20	1	4	"LK"	"mixed"	0.478733872417467
"POD"	"POD-5"	"mesentery_artery_wall_thickness_ratio_mean"	-0.00726648921776397	0.0172640529725617	-0.420902856896513	0.679794568275403	20	-0.0991660863356707	20	1	4	"LK"	"mixed"	0.876497555393143
"POD"	"POD-6"	"mesentery_artery_wall_thickness_ratio_mean"	-0.00880899354597096	0.0260344951406012	-0.338358531571184	0.739782556121877	20	0.0773529626672277	20	1	4	"LK"	"mixed"	0.883153049323381
"Premyelinating_OL"	"Premyelinating_OL-1"	"mesentery_artery_wall_thickness_ratio_mean"	0.0661872865744469	0.0280981481015209	2.35557469251379	0.0402560288710139	15	0.378890343692363	14	1	4	"HYP"	"mixed"	0.170899449471439
"Premyelinating_OL"	"Premyelinating_OL-10"	"mesentery_artery_wall_thickness_ratio_mean"	0.000469420034433804	0.00017873614823451	2.62632958733061	0.0253211590852948	15	0.351501426813904	14	1	4	"HYP"	"mixed"	0.126605795426474
"Premyelinating_OL"	"Premyelinating_OL-11"	"mesentery_artery_wall_thickness_ratio_mean"	0.000194039755467025	0.000663750998680214	0.292338174786704	0.776003521882392	15	-0.152328165162406	14	1	4	"HYP"	"mixed"	0.86222613542488
"Premyelinating_OL"	"Premyelinating_OL-12"	"mesentery_artery_wall_thickness_ratio_mean"	-0.000175194441883727	0.000303282107658134	-0.577661647225197	0.576267408547047	15	-0.151496735111416	14	1	4	"HYP"	"mixed"	0.750911197234818
"Premyelinating_OL"	"Premyelinating_OL-2"	"mesentery_artery_wall_thickness_ratio_mean"	-0.129328191926162	0.0332277803629003	-3.89217066303231	0.00299894598975637	15	0.616199030027273	14	1	4	"HYP"	"mixed"	0.0257052513407689
"Premyelinating_OL"	"Premyelinating_OL-3"	"mesentery_artery_wall_thickness_ratio_mean"	0.0575180679335866	0.0190437419840666	3.02031333871833	0.0128885647460916	15	0.506480874235295	14	1	4	"HYP"	"mixed"	0.0859237649739438
"Premyelinating_OL"	"Premyelinating_OL-4"	"mesentery_artery_wall_thickness_ratio_mean"	0.00444841961874235	0.0296757830999587	0.149900664921242	0.88382325738082	15	0.540016351448493	14	1	4	"HYP"	"mixed"	0.911058355867271
"Premyelinating_OL"	"Premyelinating_OL-5"	"mesentery_artery_wall_thickness_ratio_mean"	0.000337080629465336	0.00142622905300731	0.236343965055667	0.817936392993436	15	-0.200375849616425	14	1	4	"HYP"	"mixed"	0.876360421064396
"Premyelinating_OL"	"Premyelinating_OL-6"	"mesentery_artery_wall_thickness_ratio_mean"	0.0015367290793137	0.00090892499492184	1.69071055136496	0.121770812452458	15	0.378179277502046	14	1	4	"HYP"	"mixed"	0.384539407744604
"Premyelinating_OL"	"Premyelinating_OL-7"	"mesentery_artery_wall_thickness_ratio_mean"	0.000320529290084114	0.00156812633033882	0.204402721823349	0.842138955296557	15	0.0383084031015338	14	1	4	"HYP"	"mixed"	0.886462058206902
"Premyelinating_OL"	"Premyelinating_OL-8"	"mesentery_artery_wall_thickness_ratio_mean"	-0.00157139458722753	0.000767034332200788	-2.04866264945254	0.0676595870034604	15	0.378312151214622	14	1	4	"HYP"	"mixed"	0.238798542365154
"Premyelinating_OL"	"Premyelinating_OL-9"	"mesentery_artery_wall_thickness_ratio_mean"	6.32080397332017e-05	0.000470849100157495	0.134242668642797	0.89587404993615	15	-0.0080423695434293	14	1	4	"HYP"	"mixed"	0.911058355867271
"PT"	"PT-1"	"mesentery_artery_wall_thickness_ratio_mean"	0.0021585152341173	0.0213023723266951	0.101327457853713	0.920632568037553	20	0.499027406058094	20	1	4	"LK"	"mixed"	0.987290291572583
"PT"	"PT-10"	"mesentery_artery_wall_thickness_ratio_mean"	-0.00051167023030052	0.000646203761046321	-0.791809427837487	0.440814401723496	20	-0.0638679242406064	20	1	4	"LK"	"mixed"	0.823570453484925
"PT"	"PT-11"	"mesentery_artery_wall_thickness_ratio_mean"	-0.00173507393333905	0.0194922426048853	-0.0890135613694954	0.930248745670283	20	0.135412312949011	20	1	4	"LK"	"mixed"	0.987290291572583
"PT"	"PT-12"	"mesentery_artery_wall_thickness_ratio_mean"	-0.00716291331547124	0.0186820947163104	-0.383410609154961	0.706794765680045	20	-0.145454611428433	20	1	4	"LK"	"mixed"	0.911862503668778
"PT"	"PT-13"	"mesentery_artery_wall_thickness_ratio_mean"	-0.0150311240216492	0.0271256861436633	-0.554128804043565	0.587657450184915	20	-0.161020495983943	20	1	4	"LK"	"mixed"	0.8654807776906
"PT"	"PT-14"	"mesentery_artery_wall_thickness_ratio_mean"	-0.00695563711534772	0.0210952861466534	-0.329724710392287	0.74616753059572	20	-0.140610453861564	20	1	4	"LK"	"mixed"	0.911862503668778
"PT"	"PT-2"	"mesentery_artery_wall_thickness_ratio_mean"	0.0790728160973086	0.0200055236400081	3.95254918192566	0.00127687045295692	20	0.692632845420331	20	1	4	"LK"	"mixed"	0.012961726479984
"PT"	"PT-3"	"mesentery_artery_wall_thickness_ratio_mean"	0.000831809573078957	0.00122456413152655	0.67926991462833	0.507313886199958	20	-0.137963306696896	20	1	4	"LK"	"mixed"	0.842858530601987
"PT"	"PT-4"	"mesentery_artery_wall_thickness_ratio_mean"	0.0174507807276825	0.0244681503367146	0.713203919688915	0.486668153745633	20	-0.0768049416038941	20	1	4	"LK"	"mixed"	0.842858530601987
"PT"	"PT-5"	"mesentery_artery_wall_thickness_ratio_mean"	0.00332584471927008	0.00170071360643858	1.95555836484113	0.0694086396351235	20	0.0101301967743634	20	1	4	"LK"	"mixed"	0.282115087956898
"PT"	"PT-6"	"mesentery_artery_wall_thickness_ratio_mean"	-0.0474802492932006	0.0277123034421251	-1.71332741763453	0.107237494464312	20	0.241487916224543	20	1	4	"LK"	"mixed"	0.39508550592115
"PT"	"PT-7"	"mesentery_artery_wall_thickness_ratio_mean"	0.00425751124202321	0.0230836041729982	0.184438756188836	0.856139678956459	20	0.0488370028564106	20	1	4	"LK"	"mixed"	0.966609314950841
"PT"	"PT-8"	"mesentery_artery_wall_thickness_ratio_mean"	-0.0310471258537349	0.0194272749116912	-1.59812047726009	0.130863700940344	20	0.727915810252989	20	1	4	"LK"	"mixed"	0.436212336467815
"PT"	"PT-9"	"mesentery_artery_wall_thickness_ratio_mean"	0.0028265161695627	0.00192992652180546	1.46457190863333	0.163681089370265	20	0.0414296742774116	20	1	4	"LK"	"mixed"	0.480059369330897
"T_cells"	"T_cells-1"	"mesentery_artery_wall_thickness_ratio_mean"	-0.0134234367927608	0.0225941477330743	-0.594111225231609	0.557572268416518	34	0.779759331464682	24	4	4	"mixed"	"mixed"	0.829836707067229
"T_cells"	"T_cells-2"	"mesentery_artery_wall_thickness_ratio_mean"	0.000637578706503868	0.0035175185670533	0.181258092700839	0.85757062306142	34	0.982759297947965	24	4	4	"mixed"	"mixed"	0.941646174341952
"T_cells"	"T_cells-3"	"mesentery_artery_wall_thickness_ratio_mean"	-0.0031148447917019	0.0101135199707958	-0.307988198045433	0.760545202674065	34	0.609778210737833	24	4	4	"mixed"	"mixed"	0.913307319039991
"T_cells"	"T_cells-4"	"mesentery_artery_wall_thickness_ratio_mean"	-0.0107538399971139	0.0106809763702542	-1.00682181331874	0.323299191287676	34	0.48944754557582	24	4	4	"mixed"	"mixed"	0.586653224475122
"T_cells"	"T_cells-5"	"mesentery_artery_wall_thickness_ratio_mean"	-0.0205979231220593	0.0162067064727225	-1.27095058806227	0.215000286647824	34	0.11787348604015	24	4	4	"mixed"	"mixed"	0.459376362099633
"T_cells"	"T_cells-6"	"mesentery_artery_wall_thickness_ratio_mean"	0.0502129508339046	0.0224169865685077	2.23995097112855	0.0338618768985059	34	0.801088198991402	24	4	4	"mixed"	"mixed"	0.135447507594024
"T_cells"	"T_cells-7"	"mesentery_artery_wall_thickness_ratio_mean"	-0.00296048483677259	0.00199025161130799	-1.48749274712405	0.148913161818881	34	0.0723928939562258	24	4	4	"mixed"	"mixed"	0.399013511240505
"TAL"	"TAL-1"	"mesentery_artery_wall_thickness_ratio_mean"	0.0595203841399364	0.0446652211905221	1.33258903803585	0.202557096712573	20	0.161535517889226	20	1	4	"LK"	"mixed"	0.506392741781432
"TAL"	"TAL-10"	"mesentery_artery_wall_thickness_ratio_mean"	0.000189547788416786	0.00925025808701624	0.0204910810740337	0.983921719241274	20	0.133970087824596	20	1	4	"LK"	"mixed"	0.986714085309463
"TAL"	"TAL-11"	"mesentery_artery_wall_thickness_ratio_mean"	0.000380659549482911	0.00165245389362481	0.230360163724689	0.820924092972025	20	0.353854127318099	20	1	4	"LK"	"mixed"	0.957498251010635
"TAL"	"TAL-12"	"mesentery_artery_wall_thickness_ratio_mean"	-0.00178700759041555	0.00667952640836381	-0.26753507377079	0.792700831760578	20	-0.111793235495177	20	1	4	"LK"	"mixed"	0.957498251010635
"TAL"	"TAL-13"	"mesentery_artery_wall_thickness_ratio_mean"	-0.000494450910531368	0.00533623457557843	-0.0926591407346013	0.927400596057423	20	-0.163074977981049	20	1	4	"LK"	"mixed"	0.985545702980066
"TAL"	"TAL-14"	"mesentery_artery_wall_thickness_ratio_mean"	-0.00162842201060698	0.00738417283884913	-0.220528696462741	0.828432906581016	20	-0.114153856888043	20	1	4	"LK"	"mixed"	0.957498251010635
"TAL"	"TAL-15"	"mesentery_artery_wall_thickness_ratio_mean"	-0.00281662105963001	0.0195858411104552	-0.143809042652065	0.88756549488282	20	-0.135218420832937	20	1	4	"LK"	"mixed"	0.978932531120757
"TAL"	"TAL-2"	"mesentery_artery_wall_thickness_ratio_mean"	-0.0660594515650093	0.0348903427978168	-1.89334487046493	0.0777663966792871	20	0.194326862502496	20	1	4	"LK"	"mixed"	0.347280876667262
"TAL"	"TAL-3"	"mesentery_artery_wall_thickness_ratio_mean"	0.00244793011499275	0.00260804213874727	0.938608344790228	0.3628008527777	20	0.0142316586132861	20	1	4	"LK"	"mixed"	0.663660096544574
"TAL"	"TAL-4"	"mesentery_artery_wall_thickness_ratio_mean"	0.00442623398820246	0.0131447518267865	0.336730129752821	0.740985313665867	20	0.0810657335574828	20	1	4	"LK"	"mixed"	0.957498251010635
"TAL"	"TAL-5"	"mesentery_artery_wall_thickness_ratio_mean"	0.00247779303896614	0.0016590348684985	1.49351474523779	0.15603779010206	20	0.516610106294731	20	1	4	"LK"	"mixed"	0.447952939505846
"TAL"	"TAL-6"	"mesentery_artery_wall_thickness_ratio_mean"	0.00322366860563344	0.0179812697573465	0.179279252752235	0.860117658802682	20	0.557469583541181	20	1	4	"LK"	"mixed"	0.974176045284963
"TAL"	"TAL-7"	"mesentery_artery_wall_thickness_ratio_mean"	0.00835347181782261	0.00862813373337604	0.968166706261059	0.348313588447434	20	0.343381567976286	20	1	4	"LK"	"mixed"	0.653087978338938
"TAL"	"TAL-8"	"mesentery_artery_wall_thickness_ratio_mean"	-0.00950766065293624	0.00667698640820169	-1.42394488646217	0.174931967475917	20	-0.0825486919094867	20	1	4	"LK"	"mixed"	0.45241026071358
"TAL"	"TAL-9"	"mesentery_artery_wall_thickness_ratio_mean"	0.00127392474567589	0.000734363555503191	1.73473307073768	0.103282418425233	20	0.0104924240733913	20	1	4	"LK"	"mixed"	0.402269668615429
"Tanycyte"	"Tanycyte-1"	"mesentery_artery_wall_thickness_ratio_mean"	0.0198372811499695	0.0156612303291035	1.26664896263645	0.233987668319634	15	0.957098716377488	14	1	4	"HYP"	"mixed"	0.321159544752439
"Tanycyte"	"Tanycyte-10"	"mesentery_artery_wall_thickness_ratio_mean"	0.00227432369258245	0.00391177353558761	0.581404744393213	0.573838420238631	15	0.157032902120891	14	1	4	"HYP"	"mixed"	0.658503105191872
"Tanycyte"	"Tanycyte-11"	"mesentery_artery_wall_thickness_ratio_mean"	-3.5096699236826e-05	0.000663982121160323	-0.0528578980040814	0.958886156328567	15	0.374524285975414	14	1	4	"HYP"	"mixed"	0.99179247458535
"Tanycyte"	"Tanycyte-12"	"mesentery_artery_wall_thickness_ratio_mean"	0.000265341006758204	0.00100964788520871	0.262805489562685	0.798035584156344	15	0.160202097369251	14	1	4	"HYP"	"mixed"	0.886706204618161
"Tanycyte"	"Tanycyte-13"	"mesentery_artery_wall_thickness_ratio_mean"	-2.55089090090782e-05	0.0011082579423809	-0.023017122669364	0.982089428792566	15	0.281118496855599	14	1	4	"HYP"	"mixed"	0.99179247458535
"Tanycyte"	"Tanycyte-14"	"mesentery_artery_wall_thickness_ratio_mean"	-0.000359622748652038	0.0010122937504228	-0.355255328309432	0.729777210226197	15	0.262462633139086	14	1	4	"HYP"	"mixed"	0.823942011545707
"Tanycyte"	"Tanycyte-2"	"mesentery_artery_wall_thickness_ratio_mean"	0.0260150277521569	0.0150450929975541	1.72913705195349	0.114474187563167	15	0.955220221741637	14	1	4	"HYP"	"mixed"	0.200329828235542
"Tanycyte"	"Tanycyte-3"	"mesentery_artery_wall_thickness_ratio_mean"	-0.0151393560918701	0.00621068535330623	-2.43763050784898	0.0349905190078654	15	0.166184578167535	14	1	4	"HYP"	"mixed"	0.0874762975196634
"Tanycyte"	"Tanycyte-4"	"mesentery_artery_wall_thickness_ratio_mean"	-0.00274896950886218	0.00167162549492939	-1.64448886260753	0.131101667024142	15	0.0703205833792848	14	1	4	"HYP"	"mixed"	0.203935926481998
"Tanycyte"	"Tanycyte-5"	"mesentery_artery_wall_thickness_ratio_mean"	0.00931802880041224	0.0102997926274211	0.904681204513275	0.386910699196858	15	0.0914451573699941	14	1	4	"HYP"	"mixed"	0.483638373996073
"Tanycyte"	"Tanycyte-6"	"mesentery_artery_wall_thickness_ratio_mean"	-0.020418151948641	0.00785904552986574	-2.5980447461525	0.0265805244322075	15	0.550255903496326	14	1	4	"HYP"	"mixed"	0.0779060133567455
"Tanycyte"	"Tanycyte-7"	"mesentery_artery_wall_thickness_ratio_mean"	-0.0184982784833714	0.00757334495787289	-2.44255062806052	0.0346972349586859	15	0.520755557686998	14	1	4	"HYP"	"mixed"	0.0874762975196634
"Tanycyte"	"Tanycyte-8"	"mesentery_artery_wall_thickness_ratio_mean"	0.000649384549570997	0.00097074820649481	0.668952613279404	0.518669995525924	15	0.078099953986301	14	1	4	"HYP"	"mixed"	0.607299558596987
"Tanycyte"	"Tanycyte-9"	"mesentery_artery_wall_thickness_ratio_mean"	-0.00113440256180771	0.00170357636629901	-0.665894751916629	0.520542478797417	15	0.351330860901131	14	1	4	"HYP"	"mixed"	0.607299558596987
"TL"	"TL-1"	"mesentery_artery_wall_thickness_ratio_mean"	0.00250322972992912	0.00811191274280276	0.308586865921369	0.761880084589591	20	0.0640563878372243	20	1	4	"LK"	"mixed"	0.880573646464539
"TL"	"TL-2"	"mesentery_artery_wall_thickness_ratio_mean"	0.0110972617821814	0.0596738553197642	0.185965222503496	0.854963539653722	20	0.387634271604508	20	1	4	"LK"	"mixed"	0.949959488504136
"TL"	"TL-3"	"mesentery_artery_wall_thickness_ratio_mean"	-0.0702396451671745	0.021073772316344	-3.33303616043623	0.00454062244142171	20	0.866740410328549	20	1	4	"LK"	"mixed"	0.0363249795313737
"TL"	"TL-4"	"mesentery_artery_wall_thickness_ratio_mean"	0.0423378326745211	0.054515271855606	0.776623343026901	0.449455062009097	20	-0.003343583474122	20	1	4	"LK"	"mixed"	0.599273416012129
"TL"	"TL-5"	"mesentery_artery_wall_thickness_ratio_mean"	-0.000808885932312168	0.0162517199183178	-0.0497723278753069	0.9609605325991	20	0.369965654053549	20	1	4	"LK"	"mixed"	0.986706223308797
"TL"	"TL-6"	"mesentery_artery_wall_thickness_ratio_mean"	-0.000922577074780531	0.00602220704032358	-0.153195841425432	0.880285706296661	20	-0.0557005585141586	20	1	4	"LK"	"mixed"	0.951660223023418
"TL"	"TL-7"	"mesentery_artery_wall_thickness_ratio_mean"	0.00775027540319699	0.0106202616911241	0.72976312906435	0.476777602032298	20	-0.0901779182009401	20	1	4	"LK"	"mixed"	0.615196905848127
"TL"	"TL-8"	"mesentery_artery_wall_thickness_ratio_mean"	0.00828250858443861	0.00436007322566537	1.89962602822448	0.0768833180134319	20	0.510941726487473	20	1	4	"LK"	"mixed"	0.219217522077028
"VSMC"	"VSMC-1"	"mesentery_artery_wall_thickness_ratio_mean"	-0.0267578854956464	0.0246484877565077	-1.08557919495819	0.289970394227559	28	0.923775877901286	25	3	4	"mixed"	"mixed"	0.637934867300629
"VSMC"	"VSMC-10"	"mesentery_artery_wall_thickness_ratio_mean"	0.0130720448936235	0.0499387131910329	0.261761748718243	0.796055461115395	28	0.242008968868059	25	3	4	"mixed"	"mixed"	0.937297128061746
"VSMC"	"VSMC-11"	"mesentery_artery_wall_thickness_ratio_mean"	-0.000508731596065716	0.00285612184565675	-0.178119710417584	0.86033601767332	28	0.354493385308415	25	3	4	"mixed"	"mixed"	0.959157850281095
"VSMC"	"VSMC-2"	"mesentery_artery_wall_thickness_ratio_mean"	0.00685213987921885	0.0131027463359512	0.522954478666662	0.606480256199586	28	0.461518927140257	25	3	4	"mixed"	"mixed"	0.903136045401214
"VSMC"	"VSMC-3"	"mesentery_artery_wall_thickness_ratio_mean"	0.0119314134563964	0.0074806981950986	1.59495987476329	0.125661663214474	28	0.597336547358312	25	3	4	"mixed"	"mixed"	0.403164502813103
"VSMC"	"VSMC-4"	"mesentery_artery_wall_thickness_ratio_mean"	-0.00116419927512508	0.00304329888163084	-0.382545165758155	0.705901393207626	28	-0.100751119444876	25	3	4	"mixed"	"mixed"	0.937297128061746
"VSMC"	"VSMC-5"	"mesentery_artery_wall_thickness_ratio_mean"	-0.00150490587887472	0.0142107766568164	-0.10589891849105	0.916667622674597	28	0.400613638276346	25	3	4	"mixed"	"mixed"	0.960750709304483
"VSMC"	"VSMC-6"	"mesentery_artery_wall_thickness_ratio_mean"	1.09540712299174e-05	0.00653838309799243	0.00167534863983127	0.998679079067897	28	0.271842323575316	25	3	4	"mixed"	"mixed"	0.998679079067897
"VSMC"	"VSMC-7"	"mesentery_artery_wall_thickness_ratio_mean"	-0.00221971680367641	0.0169200540347319	-0.131188517431445	0.896874872990115	28	0.239875688717615	25	3	4	"mixed"	"mixed"	0.959157850281095
"VSMC"	"VSMC-8"	"mesentery_artery_wall_thickness_ratio_mean"	0.000378523980805926	0.00737363311529537	0.0513347999401736	0.959543908197034	28	0.291958534791621	25	3	4	"mixed"	"mixed"	0.985131745748955
"VSMC"	"VSMC-9"	"mesentery_artery_wall_thickness_ratio_mean"	-8.96372318863121e-05	0.00844780562474124	-0.0106107119254484	0.991634193324488	28	-0.0209629928329897	25	3	4	"mixed"	"mixed"	0.998679079067897
"Activated_microglia"	"Activated_microglia-1"	"lv_fibrosis_mean"	-0.0780242540074911	0.0622474313832067	-1.25345339195057	0.250282562489863	10	-0.0486356633243392	10	1	2	"HYP"	"mixed"	0.515683707013742
"Activated_microglia"	"Activated_microglia-2"	"lv_fibrosis_mean"	0.0441715938265452	0.0590091655789329	0.748554794720145	0.47851722609501	10	-0.170064139231136	10	1	2	"HYP"	"mixed"	0.717775839142515
"Activated_microglia"	"Activated_microglia-3"	"lv_fibrosis_mean"	0.0358826574063123	0.0178804210885346	2.00681277183797	0.0847633248623817	10	0.317788147120341	10	1	2	"HYP"	"mixed"	0.254289974587145
"Activated_microglia"	"Activated_microglia-4"	"lv_fibrosis_mean"	0.00264250837479128	0.00435311558504333	0.607038412641868	0.562989275799475	10	-0.155871341278642	10	1	2	"HYP"	"mixed"	0.751729434672141
"Activated_microglia"	"Activated_microglia-5"	"lv_fibrosis_mean"	-0.00423210271318968	0.00281801683294423	-1.501801786176	0.176844020376396	10	0.440737607594417	10	1	2	"HYP"	"mixed"	0.454741766682161
"Activated_microglia"	"Activated_microglia-6"	"lv_fibrosis_mean"	-0.000440402886967969	0.00252390239414155	-0.17449283616919	0.866417657238651	10	-0.227858253921245	10	1	2	"HYP"	"mixed"	0.917383401782101
"Adipocyte"	"Adipocyte-1"	"lv_fibrosis_mean"	0.0126557556994773	0.0193101090307926	0.655395351693561	0.533152524366286	12	0.797103614944385	12	1	4	"MSA"	"mixed"	0.736730685086021
"Adipocyte"	"Adipocyte-2"	"lv_fibrosis_mean"	-0.00841834565438119	0.0249820286714914	-0.336976062475979	0.74601275032851	12	0.4448611247047	12	1	4	"MSA"	"mixed"	0.818794482067876
"Adipocyte"	"Adipocyte-3"	"lv_fibrosis_mean"	0.00251869602876521	0.0155088321942315	0.162403977115829	0.875576402901941	12	0.22902827480327	12	1	4	"MSA"	"mixed"	0.916300886757845
"Adipocyte"	"Adipocyte-4"	"lv_fibrosis_mean"	-0.00631295169275144	0.00868443730718976	-0.726926969410557	0.490860109728461	12	0.117981108183262	12	1	4	"MSA"	"mixed"	0.732159143459243
"Adipocyte"	"Adipocyte-5"	"lv_fibrosis_mean"	-0.00262560349284083	0.00373140451073791	-0.703650189971389	0.504376298827478	12	0.0716421262732639	12	1	4	"MSA"	"mixed"	0.732159143459243
"Adipocyte"	"Adipocyte-6"	"lv_fibrosis_mean"	0.00521766080844031	0.00811177046801679	0.643220962552205	0.540571240336106	12	0.347482550639307	12	1	4	"MSA"	"mixed"	0.736730685086021
"Adipocyte"	"Adipocyte-7"	"lv_fibrosis_mean"	-0.00146049038541927	0.0023882457628443	-0.611532702430044	0.560174948988366	12	0.145230271603384	12	1	4	"MSA"	"mixed"	0.736730685086021
"Adipocyte"	"Adipocyte-8"	"lv_fibrosis_mean"	-8.65600770451572e-05	0.00471788280254104	-0.018347229184781	0.985873852971382	12	0.464114811689762	12	1	4	"MSA"	"mixed"	0.985873852971382
"Adipocyte"	"Adipocyte-9"	"lv_fibrosis_mean"	-0.00148816123424495	0.002517450332708	-0.591138269903481	0.573012755066905	12	-0.389887292058865	12	1	4	"MSA"	"mixed"	0.736730685086021
"Astrocyte"	"Astrocyte-1"	"lv_fibrosis_mean"	0.0124447952644477	0.00638858256633965	1.94797439576303	0.0671857594238915	24	0.936581185876409	24	1	5	"HYP"	"mixed"	0.10620750587722
"Astrocyte"	"Astrocyte-10"	"lv_fibrosis_mean"	-0.00190425018862859	0.00147622857620758	-1.28994264121387	0.213397783089101	24	0.100754915552929	24	1	5	"HYP"	"mixed"	0.276161836938836
"Astrocyte"	"Astrocyte-11"	"lv_fibrosis_mean"	-0.000398191625821515	0.000220063421947724	-1.80944030724064	0.0871142341734085	24	0.212820381850157	24	1	5	"HYP"	"mixed"	0.130671351260113
"Astrocyte"	"Astrocyte-2"	"lv_fibrosis_mean"	-0.00282890478337838	0.0063226862770233	-0.447421342674971	0.659908477540378	24	0.822417623183261	24	1	5	"HYP"	"mixed"	0.750930336511464
"Astrocyte"	"Astrocyte-3"	"lv_fibrosis_mean"	-0.000217621471214002	0.00658146805625597	-0.0330657946454884	0.973986024816738	24	0.823261988223255	24	1	5	"HYP"	"mixed"	0.983758518179684
"Astrocyte"	"Astrocyte-4"	"lv_fibrosis_mean"	0.000477890572728971	0.00180590550641725	0.264626566025075	0.794303529550332	24	0.773830748320592	24	1	5	"HYP"	"mixed"	0.859410376234786
"Astrocyte"	"Astrocyte-5"	"lv_fibrosis_mean"	-0.00111326205112236	0.00165106408494361	-0.674269437070569	0.508707750761563	24	-0.193385573730988	24	1	5	"HYP"	"mixed"	0.599548420540413
"Astrocyte"	"Astrocyte-6"	"lv_fibrosis_mean"	-0.00456796011240177	0.00260992999770782	-1.75022323066657	0.0971061660794529	24	0.180953340580597	24	1	5	"HYP"	"mixed"	0.142422376916531
"Astrocyte"	"Astrocyte-7"	"lv_fibrosis_mean"	-0.00014571320794976	0.000511051330043559	-0.285124408026373	0.778803590317737	24	0.398683050163394	24	1	5	"HYP"	"mixed"	0.856683949349511
"Astrocyte"	"Astrocyte-8"	"lv_fibrosis_mean"	-0.000998946160443082	0.000744895983099024	-1.34105456749427	0.196581069235719	24	-0.0268999098051024	24	1	5	"HYP"	"mixed"	0.259487011391148
"Astrocyte"	"Astrocyte-9"	"lv_fibrosis_mean"	-0.000747836236217225	0.000455020313022787	-1.64352275011462	0.117627465241592	24	0.29262046768051	24	1	5	"HYP"	"mixed"	0.168769841433589
"Avp+_neuron"	"Avp+_neuron-1"	"lv_fibrosis_mean"	-0.00455927800292106	0.00657684388017508	-0.693231903628476	0.526312624374452	6	-0.115929328868613	6	1	1	"HYP"	"C57BL/6"	0.765545635453748
"Avp+_neuron"	"Avp+_neuron-2"	"lv_fibrosis_mean"	0.0011914084928662	0.00313033304189002	0.380601193841937	0.722848281358116	6	-0.206314156507295	6	1	1	"HYP"	"C57BL/6"	0.889659423209989
"Avp+_neuron"	"Avp+_neuron-3"	"lv_fibrosis_mean"	0.00224762851376778	0.00426823275607483	0.526594645188646	0.626324524394432	6	-0.1689612033749	6	1	1	"HYP"	"C57BL/6"	0.835099365859243
"Avp+_neuron"	"Avp+_neuron-4"	"lv_fibrosis_mean"	-0.000250746035983776	0.00286792993174041	-0.0874310188713747	0.934530954653755	6	-0.247615749205856	6	1	1	"HYP"	"C57BL/6"	0.934530954653755
"Avp+_neuron"	"Avp+_neuron-5"	"lv_fibrosis_mean"	0.000444275493496907	0.00149526111287371	0.297122348512804	0.781163963985391	6	-0.223007703272377	6	1	1	"HYP"	"C57BL/6"	0.892758815983304
"Avp+_neuron"	"Avp+_neuron-6"	"lv_fibrosis_mean"	-0.000764867463292419	0.00106590932200098	-0.717572731099276	0.512695241512336	6	-0.107441634161991	6	1	1	"HYP"	"C57BL/6"	0.765545635453748
"Avp+_neuron"	"Avp+_neuron-7"	"lv_fibrosis_mean"	0.00037043341814838	0.00215846107465197	0.171619225613373	0.872069323567573	6	-0.240863165099316	6	1	1	"HYP"	"C57BL/6"	0.930207278472078
"Avp+_neuron"	"Avp+_neuron-8"	"lv_fibrosis_mean"	0.00132114558391798	0.00070750725647658	1.86732442928903	0.135249082642068	6	0.33216689819434	6	1	1	"HYP"	"C57BL/6"	0.240442813585898
"B_cells"	"B_cells-1"	"lv_fibrosis_mean"	0.00201574087312945	0.0111265761697617	0.181164523782936	0.857643316736559	32	0.725588220722029	23	3	3	"mixed"	"mixed"	0.928567699068322
"B_cells"	"B_cells-2"	"lv_fibrosis_mean"	0.000685403282881378	0.00461402373900062	0.148547844929344	0.883056568515838	32	0.962620577324555	23	3	3	"mixed"	"mixed"	0.928567699068322
"B_cells"	"B_cells-3"	"lv_fibrosis_mean"	-0.000835015222998731	0.00718935642657369	-0.116146032197305	0.908429270086848	32	0.151087714309957	23	3	3	"mixed"	"mixed"	0.928567699068322
"B_cells"	"B_cells-4"	"lv_fibrosis_mean"	-0.000687929516203747	0.00165719523269616	-0.415116760313464	0.681462116281173	32	0.425539141215063	23	3	3	"mixed"	"mixed"	0.811840994662252
"B_cells"	"B_cells-5"	"lv_fibrosis_mean"	0.000218544870160349	0.00241432460805903	0.0905200855886754	0.928567699068322	32	0.629287096710454	23	3	3	"mixed"	"mixed"	0.928567699068322
"B_cells"	"B_cells-6"	"lv_fibrosis_mean"	-0.00139674428696868	0.00230290633685842	-0.606513719039955	0.549433357862777	32	0.192634361277461	23	3	3	"mixed"	"mixed"	0.732577810483703
"CD"	"CD-1"	"lv_fibrosis_mean"	0.00447868347960105	0.0134568012234311	0.332819323495894	0.742734081548673	26	0.578699299309577	26	1	5	"LK"	"mixed"	0.866523095140119
"CD"	"CD-10"	"lv_fibrosis_mean"	8.87295180517897e-05	0.00103950321366102	0.085357617836787	0.932825796840782	26	0.366302650163535	26	1	5	"LK"	"mixed"	0.988333204255291
"CD"	"CD-11"	"lv_fibrosis_mean"	-0.00147561084308975	0.00120348828352143	-1.22611151541259	0.234397969717627	26	0.441901086532149	26	1	5	"LK"	"mixed"	0.410196447005847
"CD"	"CD-12"	"lv_fibrosis_mean"	0.00525061382228713	0.00144127413568985	3.64303618046542	0.00161811810378206	26	0.602716673406352	26	1	5	"LK"	"mixed"	0.00566341336323722
"CD"	"CD-13"	"lv_fibrosis_mean"	2.6325775923095e-05	0.000959384185361498	0.0274402854714302	0.97838053026589	26	0.185048359606836	26	1	5	"LK"	"mixed"	0.988333204255291
"CD"	"CD-14"	"lv_fibrosis_mean"	-0.00333568317581348	0.00864914768322798	-0.385666113931883	0.703815533807623	26	-0.0948524210409258	26	1	5	"LK"	"mixed"	0.836334958253387
"CD"	"CD-2"	"lv_fibrosis_mean"	-0.00094270551527127	0.0104645393037066	-0.0900857159509507	0.929115185083801	26	0.543272755896173	26	1	5	"LK"	"mixed"	0.988333204255291
"CD"	"CD-3"	"lv_fibrosis_mean"	-0.00464075673621134	0.00393628630264861	-1.17896829127716	0.252246877975176	26	0.976933519794202	26	1	5	"LK"	"mixed"	0.415048869100135
"CD"	"CD-4"	"lv_fibrosis_mean"	-8.69183603318698e-05	0.00587025415008226	-0.0148065753389318	0.988333204255291	26	0.531396483002942	26	1	5	"LK"	"mixed"	0.988333204255291
"CD"	"CD-5"	"lv_fibrosis_mean"	0.00454224405792014	0.00400788156663821	1.13332791460955	0.27048006706321	26	0.21628030419659	26	1	5	"LK"	"mixed"	0.42277127694833
"CD"	"CD-6"	"lv_fibrosis_mean"	-0.000706516238739325	0.00267033959988719	-0.264579171416689	0.794041117647477	26	0.463935571652975	26	1	5	"LK"	"mixed"	0.906262025682482
"CD"	"CD-7"	"lv_fibrosis_mean"	-0.00334246560737083	0.00350758429791478	-0.952925239560996	0.352003834616729	26	-0.103092848285961	26	1	5	"LK"	"mixed"	0.511624532783865
"CD"	"CD-8"	"lv_fibrosis_mean"	-0.000955532811577307	0.00247569984644647	-0.385964725468979	0.703597859785631	26	0.263154535340467	26	1	5	"LK"	"mixed"	0.836334958253387
"CD"	"CD-9"	"lv_fibrosis_mean"	0.00109959263462194	0.00131874069386508	0.833820204182187	0.414230495136261	26	0.06365426795554	26	1	5	"LK"	"mixed"	0.548236257452212
"CM"	"CM-1"	"lv_fibrosis_mean"	-0.0007572989998329	0.00725965653273294	-0.104316092148207	0.918139353824245	23	0.961803048134694	22	1	5	"LV"	"mixed"	0.937674233692846
"CM"	"CM-2"	"lv_fibrosis_mean"	-0.0166720022712279	0.00390113418440292	-4.27362953519621	0.00051330990862335	23	0.989279306385294	22	1	5	"LV"	"mixed"	0.00153992972587005
"CM"	"CM-3"	"lv_fibrosis_mean"	0.0150917059846519	0.0050493320867134	2.98885193635086	0.00824837118682789	23	0.425040778279867	22	1	5	"LV"	"mixed"	0.0164967423736558
"CM"	"CM-4"	"lv_fibrosis_mean"	0.00186913441911776	0.00289897495734879	0.644757007776001	0.527690302604922	23	0.426953637959988	22	1	5	"LV"	"mixed"	0.622784753096961
"CM"	"CM-5"	"lv_fibrosis_mean"	0.000290957835433841	0.000456032830439412	0.638019493362984	0.531961976603654	23	0.600231909208185	22	1	5	"LV"	"mixed"	0.622784753096961
"CM"	"CM-6"	"lv_fibrosis_mean"	0.000132737689693052	0.000243415655841224	0.545312869192088	0.592621785751735	23	0.438821257413113	22	1	5	"LV"	"mixed"	0.677282040859126
"CM"	"CM-7"	"lv_fibrosis_mean"	2.4428351347704e-05	0.000308711929773548	0.0791299233742705	0.937853286027014	23	0.362254385371401	22	1	5	"LV"	"mixed"	0.937853286027014
"CM"	"CM-8"	"lv_fibrosis_mean"	2.03369908165247e-05	0.000145662054221007	0.13961763017339	0.890602872089571	23	0.601421215097755	22	1	5	"LV"	"mixed"	0.929324736093466
"CT"	"CT-1"	"lv_fibrosis_mean"	0.00433376268406387	0.0039543421070241	1.09595036715862	0.286798206645895	25	0.947290818809493	25	1	5	"LK"	"mixed"	0.37915695115898
"CT"	"CT-10"	"lv_fibrosis_mean"	-0.000247979486492506	0.00115908183748811	-0.213944760820264	0.832869336668895	25	0.111343480556254	25	1	5	"LK"	"mixed"	0.843685821560698
"CT"	"CT-11"	"lv_fibrosis_mean"	-0.000312814440229999	0.00101813405690171	-0.307242880354997	0.762000678788062	25	0.332388656991558	25	1	5	"LK"	"mixed"	0.792480705939585
"CT"	"CT-12"	"lv_fibrosis_mean"	-0.000278016405876083	0.000567150575554216	-0.490198578401172	0.629606105357531	25	0.152050222935616	25	1	5	"LK"	"mixed"	0.672729811203937
"CT"	"CT-13"	"lv_fibrosis_mean"	0.000492958866358089	0.000761644033330731	0.64722999824779	0.525226514257455	25	0.036651749235685	25	1	5	"LK"	"mixed"	0.60293775632675
"CT"	"CT-2"	"lv_fibrosis_mean"	-0.00545364013896368	0.00707680518818526	-0.77063590051462	0.450399948867649	25	0.808768277087743	25	1	5	"LK"	"mixed"	0.540479938641178
"CT"	"CT-3"	"lv_fibrosis_mean"	0.00280758216091805	0.0020370259094889	1.37827513525466	0.184133546604618	25	0.988616123983056	25	1	5	"LK"	"mixed"	0.261134847912003
"CT"	"CT-4"	"lv_fibrosis_mean"	-0.00485718454813462	0.00229698904475064	-2.11458759859341	0.0479081722418195	25	0.984479043627542	25	1	5	"LK"	"mixed"	0.0911423764600469
"CT"	"CT-5"	"lv_fibrosis_mean"	0.00033316176859046	0.0026303785678815	0.126659246945883	0.900540891977315	25	0.451750788473516	25	1	5	"LK"	"mixed"	0.900540891977315
"CT"	"CT-6"	"lv_fibrosis_mean"	-0.000377354435992037	0.000768789173953396	-0.490842546665352	0.629158968678726	25	0.812414886166043	25	1	5	"LK"	"mixed"	0.672729811203937
"CT"	"CT-7"	"lv_fibrosis_mean"	0.00218766857418084	0.00219778993093199	0.995394756974404	0.332053086640458	25	0.487591209467386	25	1	5	"LK"	"mixed"	0.431669012632596
"CT"	"CT-8"	"lv_fibrosis_mean"	-0.000279842027830084	0.00116769539604749	-0.239653276682701	0.813165448897714	25	0.656643978826562	25	1	5	"LK"	"mixed"	0.83456453965818
"CT"	"CT-9"	"lv_fibrosis_mean"	0.0016516974294077	0.000971541432454542	1.70007924956405	0.105428121324429	25	0.638876316113176	25	1	5	"LK"	"mixed"	0.171320697152196
"DC"	"DC-1"	"lv_fibrosis_mean"	-0.00368023045490048	0.00939754081507288	-0.391616331050959	0.697588153199476	46	0.618085510272042	27	4	5	"mixed"	"mixed"	0.79138151833554
"DC"	"DC-10"	"lv_fibrosis_mean"	0.00367462298570653	0.00122471563436663	3.00038872910029	0.00480481380027577	46	0.825145878339166	27	4	5	"mixed"	"mixed"	0.0129729972607446
"DC"	"DC-11"	"lv_fibrosis_mean"	0.00292759249982109	0.00148864078115625	1.96662118684347	0.0567615291444148	46	0.544237227819687	27	4	5	"mixed"	"mixed"	0.107602105691737
"DC"	"DC-12"	"lv_fibrosis_mean"	-0.00171091025113976	0.00127929429107827	-1.33738598153024	0.189260470863433	46	0.660947905393431	27	4	5	"mixed"	"mixed"	0.315434118105721
"DC"	"DC-13"	"lv_fibrosis_mean"	-0.00464851684571566	0.00281063500754668	-1.65390270641125	0.106608006965347	46	0.517738237468987	27	4	5	"mixed"	"mixed"	0.191894412537624
"DC"	"DC-14"	"lv_fibrosis_mean"	0.00165772789245275	0.00186710202479199	0.887861440050358	0.380350805076426	46	0.413725662234573	27	4	5	"mixed"	"mixed"	0.567768322082869
"DC"	"DC-15"	"lv_fibrosis_mean"	2.05333342476912e-05	0.000793628003461745	0.0258727441044499	0.979497881957231	46	0.0518142320021826	27	4	5	"mixed"	"mixed"	0.986807567643479
"DC"	"DC-2"	"lv_fibrosis_mean"	0.00182056864522452	0.00318883944175513	0.570918880827214	0.571506191789823	46	0.423558452317927	27	4	5	"mixed"	"mixed"	0.721059213940431
"DC"	"DC-3"	"lv_fibrosis_mean"	0.0026018260186579	0.00522408747179859	0.498044114441699	0.621400479062087	46	0.452818327058485	27	4	5	"mixed"	"mixed"	0.755669469415612
"DC"	"DC-4"	"lv_fibrosis_mean"	0.000936240024920324	0.00261460615645569	0.35808070848784	0.722317790380473	46	-0.108362968122782	27	4	5	"mixed"	"mixed"	0.812607514178033
"DC"	"DC-5"	"lv_fibrosis_mean"	-0.00445684468116078	0.00607455670708469	-0.733690521970568	0.467761200543448	46	0.366879035963642	27	4	5	"mixed"	"mixed"	0.631477620733655
"DC"	"DC-6"	"lv_fibrosis_mean"	-0.000783748760540473	0.00373314284890698	-0.209943415578095	0.834863635669899	46	0.18625290461434	27	4	5	"mixed"	"mixed"	0.906675806890759
"DC"	"DC-7"	"lv_fibrosis_mean"	0.00249110300181484	0.00326466980387403	0.763048991618929	0.450272114115143	46	0.18176524716661	27	4	5	"mixed"	"mixed"	0.625125076117724
"DC"	"DC-8"	"lv_fibrosis_mean"	0.00252856779845054	0.00124121660868612	2.03716883963318	0.04883387657799	46	0.860789419927154	27	4	5	"mixed"	"mixed"	0.0981962592866778
"DC"	"DC-9"	"lv_fibrosis_mean"	-0.00337853120783903	0.00205766714161764	-1.6419230980104	0.109079849130019	46	0.333610084082743	27	4	5	"mixed"	"mixed"	0.19376025832306
"DCT"	"DCT-1"	"lv_fibrosis_mean"	0.0017106293116913	0.0179328930835473	0.0953905933483053	0.924953895337312	26	0.752075090343808	26	1	5	"LK"	"mixed"	0.941787257147404
"DCT"	"DCT-2"	"lv_fibrosis_mean"	-0.00404586525407791	0.00168270448417604	-2.40438252356534	0.0260077390558075	26	0.998095927553352	26	1	5	"LK"	"mixed"	0.0702208954506802
"DCT"	"DCT-3"	"lv_fibrosis_mean"	-0.00178217774683282	0.00558159764840818	-0.319295273341868	0.752813642941916	26	0.169847882317476	26	1	5	"LK"	"mixed"	0.904082753461019
"DCT"	"DCT-4"	"lv_fibrosis_mean"	0.00235717806538101	0.004185642669486	0.563157978717395	0.57958677366222	26	0.0731112913835338	26	1	5	"LK"	"mixed"	0.851886217212642
"DCT"	"DCT-5"	"lv_fibrosis_mean"	-0.00332383642154877	0.00697465296378702	-0.47655939855451	0.638841172811965	26	-0.0421937533195329	26	1	5	"LK"	"mixed"	0.851886217212642
"DCT"	"DCT-6"	"lv_fibrosis_mean"	0.00236882338103057	0.00826295000798258	0.28668010562113	0.777306077984554	26	0.187094109888175	26	1	5	"LK"	"mixed"	0.904082753461019
"DCT"	"DCT-7"	"lv_fibrosis_mean"	0.00329502200255091	0.00111124126601336	2.96517246373686	0.00765210839105607	26	0.658799123558286	26	1	5	"LK"	"mixed"	0.0258258658198142
"DCT"	"DCT-8"	"lv_fibrosis_mean"	-0.000664622242637314	0.00126960028592991	-0.523489361181512	0.606386224164784	26	0.259522166503442	26	1	5	"LK"	"mixed"	0.851886217212642
"DCT"	"DCT-9"	"lv_fibrosis_mean"	8.48489044430244e-05	0.000630126395067096	0.134653785505985	0.894231513097352	26	0.261132929213576	26	1	5	"LK"	"mixed"	0.941787257147404
"E_P_transition_cell"	"E_P_transition_cell-1"	"lv_fibrosis_mean"	0.00653892410737501	0.0171856732935925	0.380486932089707	0.722926687405804	6	-0.206339466719289	6	1	1	"HYP"	"C57BL/6"	0.801877981255944
"E_P_transition_cell"	"E_P_transition_cell-2"	"lv_fibrosis_mean"	0.00160232597439799	0.00382390304739481	0.419028922684021	0.696718380556963	6	-0.197436937568089	6	1	1	"HYP"	"C57BL/6"	0.801877981255944
"E_P_transition_cell"	"E_P_transition_cell-3"	"lv_fibrosis_mean"	-0.00617745694408867	0.00732658688810987	-0.843156170592054	0.446609046812418	6	-0.0613655385335556	6	1	1	"HYP"	"C57BL/6"	0.649613158999881
"E_P_transition_cell"	"E_P_transition_cell-4"	"lv_fibrosis_mean"	-0.000889965775733497	0.00390819918463795	-0.227717609489226	0.831032079367404	6	-0.234002603218669	6	1	1	"HYP"	"C57BL/6"	0.831032079367404
"E_P_transition_cell"	"E_P_transition_cell-5"	"lv_fibrosis_mean"	-0.00196799150366648	0.00274546150457045	-0.716816280392314	0.513114517012183	6	-0.107707843727149	6	1	1	"HYP"	"C57BL/6"	0.684152689349578
"E_P_transition_cell"	"E_P_transition_cell-6"	"lv_fibrosis_mean"	-0.000662717585762895	0.00195575744013135	-0.338854692388841	0.751760607427447	6	-0.215119241934898	6	1	1	"HYP"	"C57BL/6"	0.801877981255944
"E_P_transition_cell"	"E_P_transition_cell-7"	"lv_fibrosis_mean"	0.000855460595391301	0.000633657320104492	1.35003663376008	0.248340234281014	6	0.141276932321252	6	1	1	"HYP"	"C57BL/6"	0.397344374849622
"E_P_transition_cell"	"E_P_transition_cell-8"	"lv_fibrosis_mean"	0.000701421132087237	0.000435016428928764	1.61240147599598	0.182169093136856	6	0.242405706593551	6	1	1	"HYP"	"C57BL/6"	0.323856165576633
"EC"	"EC-1"	"lv_fibrosis_mean"	0.00163296884564791	0.00574013039647563	0.284482883289643	0.776856955921867	82	0.83928660112036	52	5	5	"mixed"	"mixed"	0.900953297552583
"EC"	"EC-2"	"lv_fibrosis_mean"	-0.0011650385592859	0.00409934957167226	-0.284200832087282	0.777072219139103	82	0.906100916685801	52	5	5	"mixed"	"mixed"	0.900953297552583
"EC"	"EC-3"	"lv_fibrosis_mean"	0.00232622369272446	0.00459345467355295	0.506421388267487	0.614108143054873	82	0.847412578617882	52	5	5	"mixed"	"mixed"	0.767635178818592
"EC"	"EC-4"	"lv_fibrosis_mean"	-4.03831781172422e-05	0.00115483150421202	-0.0349688919725107	0.972201313097818	82	0.358514958453143	52	5	5	"mixed"	"mixed"	0.984507658833233
"EC"	"EC-5"	"lv_fibrosis_mean"	-0.000113179814878604	0.0007491780284412	-0.151071989009201	0.88034139892563	82	0.898404669604842	52	5	5	"mixed"	"mixed"	0.939030825520672
"EC"	"EC-6"	"lv_fibrosis_mean"	-0.0013589727195997	0.00304910196822814	-0.445696055350162	0.657154147035946	82	0.943797336099737	52	5	5	"mixed"	"mixed"	0.796550481255693
"EC"	"EC-7"	"lv_fibrosis_mean"	-0.00120497201863694	0.000805171939091884	-1.49654000609605	0.138883928588282	82	0.250173320813546	52	5	5	"mixed"	"mixed"	0.202012987037501
"EC"	"EC-8"	"lv_fibrosis_mean"	-7.66462478540032e-05	0.000352748140351555	-0.217283208857221	0.828602199800872	82	0.462650034286408	52	5	5	"mixed"	"mixed"	0.90805720526123
"Ependymal_cell"	"Ependymal_cell-1"	"lv_fibrosis_mean"	0.0229518346843072	0.00826367269756846	2.77743752981173	0.0499492557924801	6	0.573166123067676	6	1	1	"HYP"	"C57BL/6"	0.0998985115849601
"Ependymal_cell"	"Ependymal_cell-10"	"lv_fibrosis_mean"	-0.000443231836568681	0.0012792563218714	-0.346476174470091	0.746443360434465	6	-0.213578760083525	6	1	1	"HYP"	"C57BL/6"	0.746443360434465
"Ependymal_cell"	"Ependymal_cell-2"	"lv_fibrosis_mean"	-0.00214005192306612	0.00318470294296003	-0.671978505184238	0.538414496218818	6	-0.123202987459863	6	1	1	"HYP"	"C57BL/6"	0.598238329132019
"Ependymal_cell"	"Ependymal_cell-3"	"lv_fibrosis_mean"	-0.00135612981366877	0.00358463332190229	-0.378317582828556	0.72441606701745	6	-0.206818759590115	6	1	1	"HYP"	"C57BL/6"	0.746443360434465
"Ependymal_cell"	"Ependymal_cell-4"	"lv_fibrosis_mean"	-0.00463602408843683	0.00520238317072495	-0.891134685066036	0.423216090562455	6	-0.0429440499970424	6	1	1	"HYP"	"C57BL/6"	0.529020113203069
"Ependymal_cell"	"Ependymal_cell-5"	"lv_fibrosis_mean"	-0.0030568783110445	0.00119180911359656	-2.56490597040299	0.0623136314975951	6	0.527354037094363	6	1	1	"HYP"	"C57BL/6"	0.113297511813809
"Ependymal_cell"	"Ependymal_cell-6"	"lv_fibrosis_mean"	-0.00114666429663098	0.00158955383915724	-0.721374934515541	0.510591623610409	6	-0.106101259911602	6	1	1	"HYP"	"C57BL/6"	0.598238329132019
"Ependymal_cell"	"Ependymal_cell-7"	"lv_fibrosis_mean"	-0.00407844812413298	0.00362337867560351	-1.12559257236719	0.323303321030309	6	0.0506855392774614	6	1	1	"HYP"	"C57BL/6"	0.431071094707079
"Ependymal_cell"	"Ependymal_cell-8"	"lv_fibrosis_mean"	-0.00296732552694311	0.00229050504753716	-1.29548962580707	0.264856873485022	6	0.11945373835188	6	1	1	"HYP"	"C57BL/6"	0.396641064333097
"Ependymal_cell"	"Ependymal_cell-9"	"lv_fibrosis_mean"	-0.00312708076381523	0.00249078049764683	-1.25546220020975	0.277648745033168	6	0.103329660228396	6	1	1	"HYP"	"C57BL/6"	0.396641064333097
"Erythrocytes"	"Erythrocytes-1"	"lv_fibrosis_mean"	0.17363489237978	0.149200988966056	1.16376502316136	0.309204466422267	6	0.066179665764353	6	1	1	"PBMC"	"SS"	0.74209071941344
"Erythrocytes"	"Erythrocytes-2"	"lv_fibrosis_mean"	-0.142649950962984	0.0904374638605413	-1.57733249997984	0.189853699275428	6	0.229343850704839	6	1	1	"PBMC"	"SS"	0.657687638947346
"Erythrocytes"	"Erythrocytes-3"	"lv_fibrosis_mean"	-0.0285895343251302	0.0311355673305901	-0.91822750559106	0.410457574904085	6	-0.0323877053382688	6	1	1	"PBMC"	"SS"	0.820915149808169
"Erythrocytes"	"Erythrocytes-4"	"lv_fibrosis_mean"	-0.0337944264138	0.0445462040189316	-0.758637624867828	0.490313711103772	6	-0.0927693310088	6	1	1	"PBMC"	"SS"	0.840537790463609
"Erythrocytes"	"Erythrocytes-5"	"lv_fibrosis_mean"	0.0169469579437877	0.0807161602296787	0.20995743473878	0.843961536535848	6	-0.236374496410416	6	1	1	"PBMC"	"SS"	0.920685312584561
"Erythrocytes"	"Erythrocytes-6"	"lv_fibrosis_mean"	0.0144520613783464	0.0401339537216949	0.360095630711163	0.736984089005142	6	-0.210750829076464	6	1	1	"PBMC"	"SS"	0.886024313055915
"Excitatory_neuron"	"Excitatory_neuron-1"	"lv_fibrosis_mean"	8.08247434959091e-05	0.000746849890395562	0.108220868122644	0.915017717997794	24	0.995545918494959	24	1	5	"HYP"	"mixed"	0.924649483450402
"Excitatory_neuron"	"Excitatory_neuron-10"	"lv_fibrosis_mean"	0.000272134241757161	0.00109240259341938	0.249115338426048	0.806091985482302	24	0.237139427452458	24	1	5	"HYP"	"mixed"	0.864721742084487
"Excitatory_neuron"	"Excitatory_neuron-11"	"lv_fibrosis_mean"	-0.000335982523144741	0.00135327608220137	-0.248273451044963	0.806733214437756	24	0.527444631797396	24	1	5	"HYP"	"mixed"	0.864721742084487
"Excitatory_neuron"	"Excitatory_neuron-12"	"lv_fibrosis_mean"	0.000513594951828842	0.00130142675188639	0.394639921981316	0.697745568050585	24	0.81568271919803	24	1	5	"HYP"	"mixed"	0.807031018468146
"Excitatory_neuron"	"Excitatory_neuron-13"	"lv_fibrosis_mean"	-0.000818741741005136	0.00091569520799048	-0.894120373089959	0.383057323244456	24	0.188138710876768	24	1	5	"HYP"	"mixed"	0.517936662415039
"Excitatory_neuron"	"Excitatory_neuron-14"	"lv_fibrosis_mean"	-0.000123082854608871	0.000775298806086491	-0.158755377465575	0.875629229589858	24	0.256518303047365	24	1	5	"HYP"	"mixed"	0.903875333770176
"Excitatory_neuron"	"Excitatory_neuron-15"	"lv_fibrosis_mean"	0.000581931677503695	0.000764573170457372	0.761119667795275	0.456441847517946	24	0.341984628390634	24	1	5	"HYP"	"mixed"	0.576574363787873
"Excitatory_neuron"	"Excitatory_neuron-16"	"lv_fibrosis_mean"	0.000398273252064078	9.88002712926184e-05	4.03109472123316	0.00078364316781647	24	0.546997769944493	24	1	5	"HYP"	"mixed"	0.00208971511417725
"Excitatory_neuron"	"Excitatory_neuron-2"	"lv_fibrosis_mean"	0.000397712567851952	0.000981238124944894	0.405317076193189	0.690021301930361	24	0.871755424891659	24	1	5	"HYP"	"mixed"	0.807031018468146
"Excitatory_neuron"	"Excitatory_neuron-3"	"lv_fibrosis_mean"	0.000505516366143387	0.00262067652745431	0.192895369133725	0.84920067613554	24	0.790745566661637	24	1	5	"HYP"	"mixed"	0.886122444663172
"Excitatory_neuron"	"Excitatory_neuron-4"	"lv_fibrosis_mean"	0.00046561333887234	0.00191531553739112	0.243100068778514	0.810676633204207	24	0.946486618021586	24	1	5	"HYP"	"mixed"	0.864721742084487
"Excitatory_neuron"	"Excitatory_neuron-5"	"lv_fibrosis_mean"	-0.000516924083835116	0.00409452072544922	-0.12624776341275	0.900935305188406	24	0.417792130729223	24	1	5	"HYP"	"mixed"	0.92010414146901
"Excitatory_neuron"	"Excitatory_neuron-6"	"lv_fibrosis_mean"	0.000576435094362053	0.00156891417015466	0.367410216140268	0.717597334362472	24	0.805964702810473	24	1	5	"HYP"	"mixed"	0.808214629890589
"Excitatory_neuron"	"Excitatory_neuron-7"	"lv_fibrosis_mean"	-0.000424956401015361	0.00112245911426886	-0.378594102549711	0.709417690472791	24	0.776519730941574	24	1	5	"HYP"	"mixed"	0.808214629890589
"Excitatory_neuron"	"Excitatory_neuron-8"	"lv_fibrosis_mean"	-0.00129569666581658	0.00086630224327257	-1.49566352376269	0.152068407028286	24	0.223695928171143	24	1	5	"HYP"	"mixed"	0.228509464565375
"Excitatory_neuron"	"Excitatory_neuron-9"	"lv_fibrosis_mean"	-0.000276651964453635	0.000640547780198402	-0.431899029246414	0.670944019880807	24	0.839219595433388	24	1	5	"HYP"	"mixed"	0.795192912451327
"Fibroblast"	"Fibroblast-1"	"lv_fibrosis_mean"	0.00175789427045837	0.00549415790428754	0.319956998157359	0.749967769578433	79	0.776378913749099	50	5	5	"mixed"	"mixed"	0.821882487209242
"Fibroblast"	"Fibroblast-10"	"lv_fibrosis_mean"	0.00118778067277696	0.00159207883295524	0.746056444059487	0.458167590047075	79	0.885661357802408	50	5	5	"mixed"	"mixed"	0.58023615666227
"Fibroblast"	"Fibroblast-11"	"lv_fibrosis_mean"	0.0015566352934153	0.0026310023897432	0.591651037446315	0.556017851556564	79	0.56462714911071	50	5	5	"mixed"	"mixed"	0.666892864840353
"Fibroblast"	"Fibroblast-12"	"lv_fibrosis_mean"	-0.000502833554541179	0.00186122698854029	-0.270162402349183	0.787841726422967	79	0.624473749889821	50	5	5	"mixed"	"mixed"	0.84600453844077
"Fibroblast"	"Fibroblast-13"	"lv_fibrosis_mean"	-0.00285822722758104	0.00229754398219146	-1.24403591388696	0.217695978239905	79	0.306557715124149	50	5	5	"mixed"	"mixed"	0.348313565183849
"Fibroblast"	"Fibroblast-14"	"lv_fibrosis_mean"	0.000228270449756503	0.00143836037487507	0.158701848120871	0.87436736895538	79	0.387873892012367	50	5	5	"mixed"	"mixed"	0.92557741950344
"Fibroblast"	"Fibroblast-15"	"lv_fibrosis_mean"	-0.000352272057591115	0.000446680667861227	-0.788644064848039	0.433021393484782	79	0.193239019885882	50	5	5	"mixed"	"mixed"	0.563279861443619
"Fibroblast"	"Fibroblast-16"	"lv_fibrosis_mean"	1.70597032929319e-05	0.000969507335709789	0.0175962601463373	0.986011722994643	79	0.190775421633479	50	5	5	"mixed"	"mixed"	0.991933870352297
"Fibroblast"	"Fibroblast-2"	"lv_fibrosis_mean"	0.000342902374503818	0.00224968354355535	0.152422493148482	0.879298548528268	79	0.929897065930324	50	5	5	"mixed"	"mixed"	0.92557741950344
"Fibroblast"	"Fibroblast-3"	"lv_fibrosis_mean"	-0.00541676559776014	0.00359039781942584	-1.50868117411746	0.135945838935051	79	0.786515526702014	50	5	5	"mixed"	"mixed"	0.236427545974001
"Fibroblast"	"Fibroblast-4"	"lv_fibrosis_mean"	-0.00118500925477037	0.00196654808553445	-0.602583411759451	0.548761200560915	79	0.905569572256465	50	5	5	"mixed"	"mixed"	0.665165091588989
"Fibroblast"	"Fibroblast-5"	"lv_fibrosis_mean"	0.00135530898044432	0.00481123385643017	0.281696758230316	0.779019171776103	79	0.795258102309939	50	5	5	"mixed"	"mixed"	0.844070664439196
"Fibroblast"	"Fibroblast-6"	"lv_fibrosis_mean"	0.00331926640813636	0.0025812758662449	1.28590146118905	0.20277609315233	79	0.354838254822317	50	5	5	"mixed"	"mixed"	0.330687833146064
"Fibroblast"	"Fibroblast-7"	"lv_fibrosis_mean"	0.00107656051023391	0.00138298401163937	0.778433084673025	0.438975074818728	79	0.222461288113255	50	5	5	"mixed"	"mixed"	0.566419451379004
"Fibroblast"	"Fibroblast-8"	"lv_fibrosis_mean"	-0.000597004476183838	0.00113777016904399	-0.52471447435247	0.601463516461694	79	0.886835497646318	50	5	5	"mixed"	"mixed"	0.707604137013757
"Fibroblast"	"Fibroblast-9"	"lv_fibrosis_mean"	7.04335054092058e-05	0.000960028161598658	0.0733660826073253	0.941727074905738	79	0.232438935526156	50	5	5	"mixed"	"mixed"	0.959721859776548
"IC"	"IC-1"	"lv_fibrosis_mean"	0.00101556160631913	0.0102980051287036	0.098617314094014	0.922423840957774	26	0.591796035956907	26	1	5	"LK"	"mixed"	0.95073233283038
"IC"	"IC-10"	"lv_fibrosis_mean"	0.002008073865946	0.00264018095253178	0.760581907850056	0.455780781500717	26	0.473229224665974	26	1	5	"LK"	"mixed"	0.649651589810319
"IC"	"IC-11"	"lv_fibrosis_mean"	-0.00259354311291082	0.00451280280127474	-0.574707831722277	0.571897633696236	26	-0.0941070114806324	26	1	5	"LK"	"mixed"	0.740102820077483
"IC"	"IC-2"	"lv_fibrosis_mean"	0.00343721246860437	0.00769658634767293	0.446589216743292	0.659969764829686	26	0.597839514077013	26	1	5	"LK"	"mixed"	0.764067069019551
"IC"	"IC-3"	"lv_fibrosis_mean"	0.00282342260472003	0.00681413721450185	0.414347776665139	0.683029652608387	26	0.583022758890571	26	1	5	"LK"	"mixed"	0.764067069019551
"IC"	"IC-4"	"lv_fibrosis_mean"	-0.00847370298905473	0.00211991946085141	-3.99718156540319	0.000708174750810942	26	0.990096574088999	26	1	5	"LK"	"mixed"	0.00212452425243283
"IC"	"IC-5"	"lv_fibrosis_mean"	0.00777313032893375	0.00266607274472225	2.91557323194628	0.00855131312849904	26	0.952933972707124	26	1	5	"LK"	"mixed"	0.018206021499385
"IC"	"IC-6"	"lv_fibrosis_mean"	-0.00357251711924592	0.00794169668300365	-0.449843057704736	0.657661249677661	26	-0.0794501740750557	26	1	5	"LK"	"mixed"	0.764067069019551
"IC"	"IC-7"	"lv_fibrosis_mean"	-0.000666355822393476	0.00296036810540827	-0.225092217814439	0.824191482681048	26	0.408090011851601	26	1	5	"LK"	"mixed"	0.863438696142051
"IC"	"IC-8"	"lv_fibrosis_mean"	-0.00056359428800961	0.00229477824852146	-0.245598583816426	0.808495672508076	26	0.304027532129693	26	1	5	"LK"	"mixed"	0.86065668363763
"IC"	"IC-9"	"lv_fibrosis_mean"	-0.00118768754290872	0.00284992055963096	-0.416744087443096	0.681304393980296	26	0.20370746620582	26	1	5	"LK"	"mixed"	0.764067069019551
"Inhibitory_neuron"	"Inhibitory_neuron-1"	"lv_fibrosis_mean"	-0.00182882729145301	0.00338608411130713	-0.540100963631123	0.595747273893249	24	0.775170722525301	24	1	5	"HYP"	"mixed"	0.674430876105565
"Inhibitory_neuron"	"Inhibitory_neuron-10"	"lv_fibrosis_mean"	0.00115000713094671	0.000436417922029128	2.63510518908057	0.016809372053269	24	0.469829262314639	24	1	5	"HYP"	"mixed"	0.0280156200887817
"Inhibitory_neuron"	"Inhibitory_neuron-2"	"lv_fibrosis_mean"	-0.00135855437761333	0.00191053173534186	-0.711087051045625	0.486143572745103	24	0.988605835144444	24	1	5	"HYP"	"mixed"	0.595277844177677
"Inhibitory_neuron"	"Inhibitory_neuron-3"	"lv_fibrosis_mean"	0.000185330272761929	0.0010263654019067	0.180569485699379	0.858722977818071	24	0.944299130815475	24	1	5	"HYP"	"mixed"	0.903918924019023
"Inhibitory_neuron"	"Inhibitory_neuron-4"	"lv_fibrosis_mean"	0.000393352871663931	0.00151190910905301	0.260169655244889	0.797685681962375	24	0.782000776081603	24	1	5	"HYP"	"mixed"	0.886317424402638
"Inhibitory_neuron"	"Inhibitory_neuron-5"	"lv_fibrosis_mean"	0.000727889158578555	0.001094992894929	0.664743270891956	0.514641726377794	24	0.769865776202639	24	1	5	"HYP"	"mixed"	0.617570071653353
"Inhibitory_neuron"	"Inhibitory_neuron-6"	"lv_fibrosis_mean"	0.000845744066643532	0.000704369360835096	1.20071103836888	0.245426581668635	24	0.892632267698024	24	1	5	"HYP"	"mixed"	0.334672611366321
"Inhibitory_neuron"	"Inhibitory_neuron-7"	"lv_fibrosis_mean"	0.00085803278978019	0.00135839875997902	0.6316501568313	0.535555866589865	24	0.110433452410831	24	1	5	"HYP"	"mixed"	0.630065725399841
"Inhibitory_neuron"	"Inhibitory_neuron-8"	"lv_fibrosis_mean"	-0.000731195993508446	0.00337302270866188	-0.216777666996058	0.830819596566739	24	0.128724458144356	24	1	5	"HYP"	"mixed"	0.903918924019023
"Inhibitory_neuron"	"Inhibitory_neuron-9"	"lv_fibrosis_mean"	-0.000241778627800085	0.000328486972363128	-0.736037189118138	0.471191893141265	24	0.612780395616631	24	1	5	"HYP"	"mixed"	0.588989866426581
"Macrophages"	"Macrophages-1"	"lv_fibrosis_mean"	0.00138313772650898	0.013438121219625	0.102926421328083	0.918389070062518	65	0.602151326020737	37	4	5	"mixed"	"mixed"	0.9327362989197
"Macrophages"	"Macrophages-2"	"lv_fibrosis_mean"	-0.0080476933487616	0.00384669679271456	-2.09210493637125	0.0409748521990331	65	0.95765386120171	37	4	5	"mixed"	"mixed"	0.0867702752450113
"Macrophages"	"Macrophages-3"	"lv_fibrosis_mean"	0.0078354369255093	0.00401506471249279	1.951509498995	0.056004972145425	65	0.297987143024518	37	4	5	"mixed"	"mixed"	0.103393794730015
"Macrophages"	"Macrophages-4"	"lv_fibrosis_mean"	0.00129843477880823	0.0025944367389686	0.500468852952035	0.618706237555023	65	0.385167203553607	37	4	5	"mixed"	"mixed"	0.755031340745113
"Macrophages"	"Macrophages-5"	"lv_fibrosis_mean"	-0.00222528279837703	0.00442085963105265	-0.503359749933333	0.616685645773852	65	0.566874253367707	37	4	5	"mixed"	"mixed"	0.755031340745113
"Macrophages"	"Macrophages-6"	"lv_fibrosis_mean"	0.000918991070828611	0.00517221687833719	0.177678371275888	0.859616717353202	65	0.540313229163632	37	4	5	"mixed"	"mixed"	0.910182406609272
"Macrophages"	"Macrophages-7"	"lv_fibrosis_mean"	0.00089232043404263	0.00151900669037716	0.587436803073639	0.559271646920966	65	0.324247305804423	37	4	5	"mixed"	"mixed"	0.732137428696537
"Macrophages"	"Macrophages-8"	"lv_fibrosis_mean"	-0.00205534478855913	0.00706657450767721	-0.290854470766024	0.772237133635967	65	0.582035222610885	37	4	5	"mixed"	"mixed"	0.842440509421054
"Mast_cells"	"Mast_cells-1"	"lv_fibrosis_mean"	0.0146673862716589	0.0376345863063172	0.389731566391549	0.716596423755645	6	-0.20427062480616	6	1	1	"PBMC"	"SS"	0.83217649210333
"Mast_cells"	"Mast_cells-10"	"lv_fibrosis_mean"	-0.0112049661896349	0.0103898148887627	-1.07845676844097	0.341523953185777	6	0.0315837346647986	6	1	1	"PBMC"	"SS"	0.68466777526616
"Mast_cells"	"Mast_cells-11"	"lv_fibrosis_mean"	-0.0115375703202711	0.00954567306424249	-1.20867017366121	0.293351093927559	6	0.084397255721044	6	1	1	"PBMC"	"SS"	0.68466777526616
"Mast_cells"	"Mast_cells-12"	"lv_fibrosis_mean"	-0.00857809443751642	0.0203023637573905	-0.422517030037638	0.694370766285163	6	-0.196595740447532	6	1	1	"PBMC"	"SS"	0.83217649210333
"Mast_cells"	"Mast_cells-13"	"lv_fibrosis_mean"	-0.0700570007104549	0.0720939486860218	-0.971745923025551	0.386203138983756	6	-0.0112675145507191	6	1	1	"PBMC"	"SS"	0.68466777526616
"Mast_cells"	"Mast_cells-14"	"lv_fibrosis_mean"	0.00324113554456432	0.0105148635639875	0.308243233479977	0.773282427649142	6	-0.220997079156638	6	1	1	"PBMC"	"SS"	0.8435808301627
"Mast_cells"	"Mast_cells-15"	"lv_fibrosis_mean"	-0.00919906848518657	0.016244454685319	-0.566289768624875	0.60145806206359	6	-0.157224152913332	6	1	1	"PBMC"	"SS"	0.781234888547072
"Mast_cells"	"Mast_cells-16"	"lv_fibrosis_mean"	0.0999976609540394	0.0226849533609051	4.40810520361808	0.0116177125362758	6	0.786611051121216	6	1	1	"PBMC"	"SS"	0.418237651305928
"Mast_cells"	"Mast_cells-17"	"lv_fibrosis_mean"	-0.00613534313159575	0.00843533482257569	-0.727338423505797	0.507305084296385	6	-0.103991303801344	6	1	1	"PBMC"	"SS"	0.710981288490716
"Mast_cells"	"Mast_cells-18"	"lv_fibrosis_mean"	-0.00760440995278145	0.00861706157321308	-0.88248295409893	0.427358806997825	6	-0.0462929896944404	6	1	1	"PBMC"	"SS"	0.68466777526616
"Mast_cells"	"Mast_cells-2"	"lv_fibrosis_mean"	0.00206402988726006	0.0204834310220888	0.100765828001875	0.924585071431021	6	-0.246834986661171	6	1	1	"PBMC"	"SS"	0.978972428574023
"Mast_cells"	"Mast_cells-3"	"lv_fibrosis_mean"	0.0857958604132569	0.0361710349435876	2.37194928337174	0.0766580154203111	6	0.480581184932268	6	1	1	"PBMC"	"SS"	0.68466777526616
"Mast_cells"	"Mast_cells-4"	"lv_fibrosis_mean"	-0.000276062861717271	0.0293172475785824	-0.00941639766752687	0.992937832205425	6	-0.249972291693891	6	1	1	"PBMC"	"SS"	0.992937832205425
"Mast_cells"	"Mast_cells-5"	"lv_fibrosis_mean"	0.013639410512539	0.0325554225915677	0.418959713214466	0.69676500255899	6	-0.197453569587347	6	1	1	"PBMC"	"SS"	0.83217649210333
"Mast_cells"	"Mast_cells-6"	"lv_fibrosis_mean"	0.000738861614550514	0.0223775582742885	0.033017972984097	0.975242142988753	6	-0.249659409533042	6	1	1	"PBMC"	"SS"	0.992937832205425
"Mast_cells"	"Mast_cells-7"	"lv_fibrosis_mean"	-0.0149521398591758	0.0135640249069804	-1.10233798313663	0.33217912101779	6	0.0412546272151845	6	1	1	"PBMC"	"SS"	0.68466777526616
"Mast_cells"	"Mast_cells-8"	"lv_fibrosis_mean"	-0.0725930116687697	0.070521081749189	-1.02938029122908	0.361471820416362	6	0.0117842326853925	6	1	1	"PBMC"	"SS"	0.68466777526616
"Mast_cells"	"Mast_cells-9"	"lv_fibrosis_mean"	-0.00800667758076528	0.0233712310578091	-0.342586899293437	0.749154667631666	6	-0.214368667451195	6	1	1	"PBMC"	"SS"	0.842799001085624
"Megakaryocytes"	"Megakaryocytes-1"	"lv_fibrosis_mean"	0.0243664807916951	0.0770800632683641	0.316119107308723	0.767720532255239	6	-0.219532632702509	6	1	1	"PBMC"	"SS"	0.807470930170323
"Megakaryocytes"	"Megakaryocytes-2"	"lv_fibrosis_mean"	-0.0239732097162983	0.0743866093247247	-0.322278565106342	0.76338249211193	6	-0.218364117679292	6	1	1	"PBMC"	"SS"	0.807470930170323
"Megakaryocytes"	"Megakaryocytes-3"	"lv_fibrosis_mean"	-0.00587240027538645	0.0225587144336133	-0.260316264593357	0.807470930170323	6	-0.229176352068781	6	1	1	"PBMC"	"SS"	0.807470930170323
"Megakaryocytes"	"Megakaryocytes-4"	"lv_fibrosis_mean"	-0.0189200639270886	0.0490096041309128	-0.38604808715757	0.719115428890519	6	-0.205100043465989	6	1	1	"PBMC"	"SS"	0.807470930170323
"Megakaryocytes"	"Megakaryocytes-5"	"lv_fibrosis_mean"	0.00258565242182988	0.00598102192355921	0.432309470668384	0.687802305554475	6	-0.19420339069199	6	1	1	"PBMC"	"SS"	0.807470930170323
"Megakaryocytes"	"Megakaryocytes-6"	"lv_fibrosis_mean"	0.0251433754369299	0.0112351332840735	2.23792409054659	0.0888262338712629	6	0.444956579003359	6	1	1	"PBMC"	"SS"	0.41790888212524
"Megakaryocytes"	"Megakaryocytes-7"	"lv_fibrosis_mean"	-0.00332983473168147	0.0101518495525803	-0.328002765844292	0.759360389717084	6	-0.217260022290861	6	1	1	"PBMC"	"SS"	0.807470930170323
"Microglia"	"Microglia-1"	"lv_fibrosis_mean"	-0.000377159925418586	0.0108040333193151	-0.0349091782921766	0.972536378066504	24	0.861111196012109	24	1	5	"HYP"	"mixed"	0.972536378066504
"Microglia"	"Microglia-10"	"lv_fibrosis_mean"	-0.00103400605374727	0.000903705517186546	-1.14418473062595	0.267535125866459	24	0.189020313553468	24	1	5	"HYP"	"mixed"	0.458631644342501
"Microglia"	"Microglia-11"	"lv_fibrosis_mean"	-0.000427537767690816	0.00123074310327354	-0.347381810674906	0.732333246144618	24	-0.0160932954896362	24	1	5	"HYP"	"mixed"	0.817488274766086
"Microglia"	"Microglia-12"	"lv_fibrosis_mean"	-0.000440334134525808	0.000787491987139144	-0.559160146029529	0.582943366524868	24	0.00857251590006991	24	1	5	"HYP"	"mixed"	0.737237314533943
"Microglia"	"Microglia-13"	"lv_fibrosis_mean"	-0.000722746586320948	0.000986890448362804	-0.732347331479339	0.473385613095592	24	0.121635659585341	24	1	5	"HYP"	"mixed"	0.678283863539952
"Microglia"	"Microglia-14"	"lv_fibrosis_mean"	-9.08386759835634e-05	0.00136869426375471	-0.0663688585457846	0.947815777438683	24	-0.00220404230060089	24	1	5	"HYP"	"mixed"	0.957792785622248
"Microglia"	"Microglia-15"	"lv_fibrosis_mean"	-0.000405590592850452	0.00106342486695899	-0.381400327801526	0.707370924635067	24	-0.0157898905839953	24	1	5	"HYP"	"mixed"	0.808423913868648
"Microglia"	"Microglia-16"	"lv_fibrosis_mean"	-0.000197306179460354	0.00147438372840171	-0.133822814006664	0.895027559389612	24	-0.0130926451464088	24	1	5	"HYP"	"mixed"	0.923899416144115
"Microglia"	"Microglia-2"	"lv_fibrosis_mean"	0.0146433048204133	0.0123565122968107	1.18506779815149	0.251401436191697	24	0.682184133571154	24	1	5	"HYP"	"mixed"	0.458631644342501
"Microglia"	"Microglia-3"	"lv_fibrosis_mean"	-0.00123551364286348	0.00205251359589514	-0.601951502457479	0.554713670004065	24	-0.180979774337831	24	1	5	"HYP"	"mixed"	0.737237314533943
"Microglia"	"Microglia-4"	"lv_fibrosis_mean"	-0.00212600841970912	0.00261390988897326	-0.813344189360794	0.426649043585689	24	0.451682046294438	24	1	5	"HYP"	"mixed"	0.633486176276928
"Microglia"	"Microglia-5"	"lv_fibrosis_mean"	-0.00493158513919968	0.0050596395714415	-0.974690997168137	0.342631434930366	24	0.187611690383033	24	1	5	"HYP"	"mixed"	0.5575019958189
"Microglia"	"Microglia-6"	"lv_fibrosis_mean"	0.000251973690010444	0.00022464937035495	1.12163096478891	0.276760018178469	24	0.449643702612542	24	1	5	"HYP"	"mixed"	0.466122135879527
"Microglia"	"Microglia-7"	"lv_fibrosis_mean"	-0.00106431260601441	0.00180634989007051	-0.589206228463782	0.563045588314254	24	0.0716974479887873	24	1	5	"HYP"	"mixed"	0.737237314533943
"Microglia"	"Microglia-8"	"lv_fibrosis_mean"	-0.00128569167490899	0.00120119554991654	-1.07034335500021	0.298607953234745	24	0.188465651666511	24	1	5	"HYP"	"mixed"	0.494247646733371
"Microglia"	"Microglia-9"	"lv_fibrosis_mean"	-0.000556647111730297	0.000481506682480076	-1.15605272363656	0.262773901466363	24	0.232962101049605	24	1	5	"HYP"	"mixed"	0.458631644342501
"Monocytes"	"Monocytes-1"	"lv_fibrosis_mean"	0.0102915749507544	0.0187008180576797	0.550327526796511	0.586619360282073	35	0.660676969079758	26	4	4	"mixed"	"mixed"	0.831542643018259
"Monocytes"	"Monocytes-2"	"lv_fibrosis_mean"	-0.00205462520409506	0.00572368653865478	-0.358968855163399	0.722410376185242	35	0.954548864539069	26	4	4	"mixed"	"mixed"	0.898999579252746
"Monocytes"	"Monocytes-3"	"lv_fibrosis_mean"	-0.00316364622194458	0.0181588762896403	-0.174220374184137	0.862992027047232	35	0.404672598898385	26	4	4	"mixed"	"mixed"	0.929376029127788
"Monocytes"	"Monocytes-4"	"lv_fibrosis_mean"	0.00208733276419874	0.00301486980858423	0.692345904375533	0.494632030810096	35	0.378249950781018	26	4	4	"mixed"	"mixed"	0.758614802389262
"Monocytes"	"Monocytes-5"	"lv_fibrosis_mean"	0.000645599724065425	0.00241474065356674	0.26735778979487	0.791225385228992	35	0.735216279024888	26	4	4	"mixed"	"mixed"	0.915278846096236
"Monocytes"	"Monocytes-6"	"lv_fibrosis_mean"	-0.00280212492607851	0.00244429425930725	-1.14639426714223	0.261690662757038	35	0.269553131746257	26	4	4	"mixed"	"mixed"	0.515729448921326
"Monocytes"	"Monocytes-7"	"lv_fibrosis_mean"	-0.00500411108690042	0.0022636742762988	-2.21061445955128	0.0357212218479408	35	0.0710866470362013	26	4	4	"mixed"	"mixed"	0.105283601236036
"Myelinating_OL"	"Myelinating_OL-1"	"lv_fibrosis_mean"	0.00363669619736174	0.00645028645089246	0.563803828721214	0.579844965926496	24	0.869518496479702	24	1	5	"HYP"	"mixed"	0.6582023937544
"Myelinating_OL"	"Myelinating_OL-10"	"lv_fibrosis_mean"	-0.0034613434954025	0.00280550412782641	-1.23376881219712	0.233156828506965	24	0.0749829219874826	24	1	5	"HYP"	"mixed"	0.288017258743898
"Myelinating_OL"	"Myelinating_OL-11"	"lv_fibrosis_mean"	-0.00137044268632833	0.00082617779973544	-1.65877452379763	0.11448426568859	24	0.230551447374503	24	1	5	"HYP"	"mixed"	0.147948897197562
"Myelinating_OL"	"Myelinating_OL-12"	"lv_fibrosis_mean"	-0.000461677823266467	0.000275155203303439	-1.67788149278548	0.110647976182417	24	0.388637975473638	24	1	5	"HYP"	"mixed"	0.146841751691561
"Myelinating_OL"	"Myelinating_OL-13"	"lv_fibrosis_mean"	-0.000766016077981023	0.000448943996107521	-1.70626199397388	0.10515326583786	24	0.262337189419763	24	1	5	"HYP"	"mixed"	0.142465715006132
"Myelinating_OL"	"Myelinating_OL-14"	"lv_fibrosis_mean"	-0.00102742475411789	0.000614603465623078	-1.67168721230086	0.111879429860237	24	0.20075928078007	24	1	5	"HYP"	"mixed"	0.146841751691561
"Myelinating_OL"	"Myelinating_OL-2"	"lv_fibrosis_mean"	-0.00212619429715908	0.00610728690324462	-0.348140562387777	0.731772994181199	24	0.799323811856291	24	1	5	"HYP"	"mixed"	0.778087740648363
"Myelinating_OL"	"Myelinating_OL-3"	"lv_fibrosis_mean"	0.00151140951299012	0.00199075997610882	0.759212326512789	0.457553505407426	24	0.890174168834014	24	1	5	"HYP"	"mixed"	0.533812422975331
"Myelinating_OL"	"Myelinating_OL-4"	"lv_fibrosis_mean"	0.0165119880963532	0.00914648658788166	1.80528205422946	0.0877853366804968	24	0.843213838593883	24	1	5	"HYP"	"mixed"	0.122899471352696
"Myelinating_OL"	"Myelinating_OL-5"	"lv_fibrosis_mean"	-0.00271214898952882	0.00686183794098667	-0.395251099319731	0.697302490478535	24	0.10260745790812	24	1	5	"HYP"	"mixed"	0.750941143592269
"Myelinating_OL"	"Myelinating_OL-6"	"lv_fibrosis_mean"	-0.000373783148027445	0.000880342206743371	-0.424588467035078	0.67616844297202	24	0.784053292197001	24	1	5	"HYP"	"mixed"	0.737638301424022
"Myelinating_OL"	"Myelinating_OL-7"	"lv_fibrosis_mean"	-0.00833865105628733	0.00519834029912585	-1.60409872698976	0.126094083204852	24	0.175558658081357	24	1	5	"HYP"	"mixed"	0.160483378624357
"Myelinating_OL"	"Myelinating_OL-8"	"lv_fibrosis_mean"	-0.000674556716921913	0.000393713569314279	-1.71331843628547	0.103824083846848	24	0.825293053651402	24	1	5	"HYP"	"mixed"	0.142465715006132
"Myelinating_OL"	"Myelinating_OL-9"	"lv_fibrosis_mean"	-0.0003478547616843	0.000296045200336964	-1.17500557782516	0.255302441765744	24	-0.0990300568594502	24	1	5	"HYP"	"mixed"	0.310802972584383
"Neuronal"	"Neuronal-1"	"lv_fibrosis_mean"	-0.0110931174233651	0.015560724512967	-0.712892090218613	0.485583780684302	23	0.523110012488052	22	1	5	"LV"	"mixed"	0.573148069004422
"Neuronal"	"Neuronal-10"	"lv_fibrosis_mean"	0.00107930415969133	0.00127496249569012	0.846537967461636	0.409011748023271	23	0.197985639796559	22	1	5	"LV"	"mixed"	0.555638601088218
"Neuronal"	"Neuronal-11"	"lv_fibrosis_mean"	-7.2303491936497e-05	0.0023022997470944	-0.0314048993958094	0.975312400046303	23	-0.0734270920543472	22	1	5	"LV"	"mixed"	0.975312400046303
"Neuronal"	"Neuronal-12"	"lv_fibrosis_mean"	0.000555299229718412	0.00116637228994819	0.476090896966594	0.640070692814126	23	0.136496329813246	22	1	5	"LV"	"mixed"	0.69825893761541
"Neuronal"	"Neuronal-2"	"lv_fibrosis_mean"	0.0157592838305974	0.00647535736975869	2.4337319055465	0.0262677080641652	23	0.269186933718256	22	1	5	"LV"	"mixed"	0.0833021138611875
"Neuronal"	"Neuronal-3"	"lv_fibrosis_mean"	-0.00944861227611465	0.00929249187044366	-1.01680070403586	0.323501872515355	23	0.877755445116748	22	1	5	"LV"	"mixed"	0.466195853259173
"Neuronal"	"Neuronal-4"	"lv_fibrosis_mean"	0.00289596165224572	0.00489419530215863	0.591713545016977	0.561829526558241	23	-0.0376164665726004	22	1	5	"LV"	"mixed"	0.636587941845649
"Neuronal"	"Neuronal-5"	"lv_fibrosis_mean"	-0.00224112228419978	0.00152233023528185	-1.47216565253652	0.159247697225222	23	0.501021132179223	22	1	5	"LV"	"mixed"	0.301732478953053
"Neuronal"	"Neuronal-6"	"lv_fibrosis_mean"	-0.00126932591600759	0.00160776424569877	-0.789497539457914	0.440694578139673	23	-0.0228851556023588	22	1	5	"LV"	"mixed"	0.565759901317562
"Neuronal"	"Neuronal-7"	"lv_fibrosis_mean"	-0.00104164790877613	0.00105360382531734	-0.988652360352229	0.336697005131625	23	0.433670869305912	22	1	5	"LV"	"mixed"	0.466195853259173
"Neuronal"	"Neuronal-8"	"lv_fibrosis_mean"	0.00222791802460384	0.00155722841955005	1.43069442904695	0.170642813303091	23	0.281102541536687	22	1	5	"LV"	"mixed"	0.307157063945564
"Neuronal"	"Neuronal-9"	"lv_fibrosis_mean"	0.00264836240354302	0.00452268774669482	0.58557268418065	0.565855948307244	23	-0.110848246212822	22	1	5	"LV"	"mixed"	0.636587941845649
"Neutrophils"	"Neutrophils-1"	"lv_fibrosis_mean"	0.0539004503535805	0.0404005116719537	1.33415266596731	0.239689407881788	9	0.939006136224172	9	2	2	"mixed"	"mixed"	0.451180061895131
"Neutrophils"	"Neutrophils-2"	"lv_fibrosis_mean"	0.00586032271940631	0.00824719889323971	0.710583410836624	0.50910364254975	9	0.996277186933706	9	2	2	"mixed"	"mixed"	0.626589098522769
"Neutrophils"	"Neutrophils-3"	"lv_fibrosis_mean"	-0.0367349331550098	0.0467228108666195	-0.786231232103688	0.467340073690675	9	-0.231081127395115	9	2	2	"mixed"	"mixed"	0.622402068194809
"Neutrophils"	"Neutrophils-4"	"lv_fibrosis_mean"	0.00243834942400775	0.0109125944083552	0.223443604037994	0.83203250559576	9	-0.0821483193407555	9	2	2	"mixed"	"mixed"	0.949557412905183
"Neutrophils"	"Neutrophils-5"	"lv_fibrosis_mean"	-0.00990688984284549	0.00526856671577729	-1.88037665218858	0.118819195440746	9	0.881327691031955	9	2	2	"mixed"	"mixed"	0.356073696243821
"Neutrophils"	"Neutrophils-6"	"lv_fibrosis_mean"	-0.012388779278822	0.00980366782755577	-1.26368819269866	0.262055716822337	9	0.436318039620668	9	2	2	"mixed"	"mixed"	0.465876829906377
"Neutrophils"	"Neutrophils-7"	"lv_fibrosis_mean"	-5.00858220067046e-05	0.00946702938383766	-0.0052905531372082	0.995983363757575	9	0.481094054745131	9	2	2	"mixed"	"mixed"	0.995983363757575
"Neutrophils"	"Neutrophils-8"	"lv_fibrosis_mean"	-0.00311843439831066	0.00347413834786735	-0.897613763776838	0.410527153629388	9	0.905572833847498	9	2	2	"mixed"	"mixed"	0.59713040527911
"NFO"	"NFO-1"	"lv_fibrosis_mean"	0.0207149950221356	0.0165101955243531	1.2546789643757	0.231684216400293	18	0.872049923723221	18	1	4	"HYP"	"mixed"	0.514853814222872
"NFO"	"NFO-2"	"lv_fibrosis_mean"	-0.00043829370687979	0.0439753242483619	-0.00996681012297747	0.992199097230422	18	-0.168568138428995	18	1	4	"HYP"	"mixed"	0.992199097230422
"NFO"	"NFO-3"	"lv_fibrosis_mean"	-0.0112498327906492	0.0193870258660717	-0.580276359476932	0.571649843459838	18	0.0776107440024898	18	1	4	"HYP"	"mixed"	0.816642633514055
"NFO"	"NFO-4"	"lv_fibrosis_mean"	0.00180438416628176	0.0253129614876747	0.0712830131377692	0.944257482716905	18	0.745380630005594	18	1	4	"HYP"	"mixed"	0.992199097230422
"NFO"	"NFO-5"	"lv_fibrosis_mean"	0.00695852318903393	0.00933198374782151	0.745663877807155	0.46913935930838	18	0.134621847927961	18	1	4	"HYP"	"mixed"	0.76266432697175
"NFO"	"NFO-6"	"lv_fibrosis_mean"	-0.00716850426581984	0.0113709499919699	-0.630422635829213	0.539342613041295	18	0.365953732880784	18	1	4	"HYP"	"mixed"	0.816642633514055
"NFO"	"NFO-7"	"lv_fibrosis_mean"	-0.0069640813206872	0.00950291513043029	-0.732836316551621	0.476665204357344	18	0.530458386168273	18	1	4	"HYP"	"mixed"	0.76266432697175
"NFO"	"NFO-8"	"lv_fibrosis_mean"	-0.00365719029341523	0.00795538902942333	-0.459712313236846	0.653316344376977	18	-0.204551574288898	18	1	4	"HYP"	"mixed"	0.87381186645382
"NK_cells"	"NK_cells-1"	"lv_fibrosis_mean"	-0.0109453362953291	0.00834891732363412	-1.31098870321125	0.199192003913423	40	0.489989330797071	34	3	5	"mixed"	"mixed"	0.405687712098668
"NK_cells"	"NK_cells-10"	"lv_fibrosis_mean"	-0.00848332131162517	0.0040722287723086	-2.08321334236236	0.0453048624614053	40	0.806801111635835	34	3	5	"mixed"	"mixed"	0.106599676379777
"NK_cells"	"NK_cells-2"	"lv_fibrosis_mean"	0.000493206854872355	0.00279719981074044	0.176321638868479	0.861152429270731	40	0.874977660888842	34	3	5	"mixed"	"mixed"	0.94372868961176
"NK_cells"	"NK_cells-3"	"lv_fibrosis_mean"	-0.00916046925315183	0.00348054231763069	-2.63190859848175	0.0129580866019793	40	0.767099028657711	34	3	5	"mixed"	"mixed"	0.0357464457985637
"NK_cells"	"NK_cells-4"	"lv_fibrosis_mean"	0.00980408600639928	0.00306943948829945	3.19409652601785	0.00314475591214735	40	0.558895102426782	34	3	5	"mixed"	"mixed"	0.0100632189188715
"NK_cells"	"NK_cells-5"	"lv_fibrosis_mean"	0.0265187616609084	0.00802151586506936	3.30595390035784	0.00234204406493117	40	0.907540825325218	34	3	5	"mixed"	"mixed"	0.00828872870776541
"NK_cells"	"NK_cells-6"	"lv_fibrosis_mean"	-0.000344829331086803	0.000459430851096636	-0.750557630737497	0.458402709733334	40	0.970506329874373	34	3	5	"mixed"	"mixed"	0.655456391454484
"NK_cells"	"NK_cells-7"	"lv_fibrosis_mean"	-0.00104656493682615	0.00167140162571594	-0.626160056759462	0.535651249909015	40	0.236483136538179	34	3	5	"mixed"	"mixed"	0.738829310219331
"NK_cells"	"NK_cells-8"	"lv_fibrosis_mean"	-0.00147249724446846	0.00196370741253373	-0.749855724467896	0.458819474018138	40	0.177042840058364	34	3	5	"mixed"	"mixed"	0.655456391454484
"NK_cells"	"NK_cells-9"	"lv_fibrosis_mean"	-0.00536303614969254	0.00413025343073039	-1.2984762895637	0.203403897827837	40	0.0446748339260851	34	3	5	"mixed"	"mixed"	0.405687712098668
"NKT"	"NKT-1"	"lv_fibrosis_mean"	-0.00894804819120618	0.0118898634037382	-0.75257787977555	0.46092672724308	24	0.935205418137843	19	2	3	"mixed"	"mixed"	0.5106780127135
"NKT"	"NKT-2"	"lv_fibrosis_mean"	-0.00207735222208406	0.00688952513025435	-0.301523281040324	0.766290779148437	24	0.847086322872084	19	2	3	"mixed"	"mixed"	0.766290779148437
"NKT"	"NKT-3"	"lv_fibrosis_mean"	-0.0336453071826874	0.00935682153351897	-3.59580516334096	0.00192674745590778	24	0.762545968437882	19	2	3	"mixed"	"mixed"	0.00481686863976944
"NKT"	"NKT-4"	"lv_fibrosis_mean"	-0.00108377663168721	0.00246932980738265	-0.438895050975775	0.665687943809927	24	0.409982399049892	19	2	3	"mixed"	"mixed"	0.693424941468674
"NKT"	"NKT-5"	"lv_fibrosis_mean"	0.0457544842276648	0.0118584279710417	3.85839373814111	0.00105878207883001	24	0.687506225352465	19	2	3	"mixed"	"mixed"	0.00294106133008337
"OPC"	"OPC-1"	"lv_fibrosis_mean"	2.85201031498673e-05	0.00605151058097982	0.00471288990876217	0.996291511957614	24	0.942216565932741	24	1	5	"HYP"	"mixed"	0.996291511957614
"OPC"	"OPC-2"	"lv_fibrosis_mean"	0.00845339395255432	0.00493070591447859	1.71443888546094	0.103614368560762	24	0.952567775053269	24	1	5	"HYP"	"mixed"	0.165782989697219
"OPC"	"OPC-3"	"lv_fibrosis_mean"	-0.00598736936042274	0.00399504869988727	-1.49869746533795	0.151285533070869	24	-0.0120225734894959	24	1	5	"HYP"	"mixed"	0.213579576100051
"OPC"	"OPC-4"	"lv_fibrosis_mean"	-0.000203827990415756	0.000939296262711757	-0.217000746737034	0.830648357369448	24	0.528576083375669	24	1	5	"HYP"	"mixed"	0.886024914527411
"OPC"	"OPC-5"	"lv_fibrosis_mean"	-0.0019467356513625	0.00280215537858472	-0.694727946294591	0.496096405662342	24	0.104106918162627	24	1	5	"HYP"	"mixed"	0.599627423463648
"OPC"	"OPC-6"	"lv_fibrosis_mean"	0.000521530857572124	0.000614952822463621	0.848082712235989	0.407528538804156	24	0.422245986274032	24	1	5	"HYP"	"mixed"	0.543371385072208
"OPC"	"OPC-7"	"lv_fibrosis_mean"	-0.000498040633338663	0.000986649198372069	-0.504779848968011	0.619837307591377	24	0.349964485617273	24	1	5	"HYP"	"mixed"	0.708385494390145
"OPC"	"OPC-8"	"lv_fibrosis_mean"	-0.000367471277736688	0.00100551574703655	-0.365455517548776	0.719030605620945	24	0.150785070489165	24	1	5	"HYP"	"mixed"	0.802504135754347
"Pars_tuberalis_cell"	"Pars_tuberalis_cell-1"	"lv_fibrosis_mean"	-0.0126407923372872	0.0334793913756339	-0.377569358876908	0.71184299817627	18	0.719059917343315	18	1	4	"HYP"	"mixed"	0.7909366646403
"Pars_tuberalis_cell"	"Pars_tuberalis_cell-2"	"lv_fibrosis_mean"	0.101116433881687	0.046625171398244	2.16870910817703	0.0492429615308702	18	0.755271179872735	18	1	4	"HYP"	"mixed"	0.113637603532777
"Pars_tuberalis_cell"	"Pars_tuberalis_cell-3"	"lv_fibrosis_mean"	0.0347501749935614	0.0237538218184001	1.46292985016177	0.167240764296881	18	0.854206911164016	18	1	4	"HYP"	"mixed"	0.250861146445321
"Pars_tuberalis_cell"	"Pars_tuberalis_cell-4"	"lv_fibrosis_mean"	-0.140318315817219	0.0710029057779097	-1.97623342706736	0.0697412649350681	18	0.203907330486071	18	1	4	"HYP"	"mixed"	0.12307282047365
"Pars_tuberalis_cell"	"Pars_tuberalis_cell-5"	"lv_fibrosis_mean"	0.00603969947658257	0.00845424259425255	0.714398647690633	0.487611124013455	18	0.206364483931741	18	1	4	"HYP"	"mixed"	0.585133348816146
"Pars_tuberalis_cell"	"Pars_tuberalis_cell-6"	"lv_fibrosis_mean"	0.0110527998026754	0.00985795080748935	1.12120662990916	0.282484433633821	18	0.31966909733584	18	1	4	"HYP"	"mixed"	0.403549190905459
"Pericyte"	"Pericyte-1"	"lv_fibrosis_mean"	0.00393944905434928	0.00982492257646816	0.400964895518334	0.690431512323654	51	0.739787701254592	47	3	5	"mixed"	"mixed"	0.865119003393494
"Pericyte"	"Pericyte-10"	"lv_fibrosis_mean"	-0.00122238319198496	0.00195369287888973	-0.625678275840176	0.53483296586346	51	0.202245026874819	47	3	5	"mixed"	"mixed"	0.731876690128946
"Pericyte"	"Pericyte-11"	"lv_fibrosis_mean"	0.00156960505440583	0.00189065615145573	0.830190647409524	0.411016652542032	51	0.586376706047199	47	3	5	"mixed"	"mixed"	0.602052561470018
"Pericyte"	"Pericyte-12"	"lv_fibrosis_mean"	0.000249600806800361	0.00142801403951349	0.174788762500821	0.86206603233529	51	0.0686437031891125	47	3	5	"mixed"	"mixed"	0.953775184711384
"Pericyte"	"Pericyte-13"	"lv_fibrosis_mean"	-0.000436584149941021	0.00128389833585508	-0.340045732398473	0.735477636388874	51	0.532984384419924	47	3	5	"mixed"	"mixed"	0.888116842017853
"Pericyte"	"Pericyte-2"	"lv_fibrosis_mean"	-0.00481208689189866	0.00471940531695676	-1.01963840117925	0.313602713674939	51	0.867822138456697	47	3	5	"mixed"	"mixed"	0.494161851851419
"Pericyte"	"Pericyte-3"	"lv_fibrosis_mean"	0.00180543578898097	0.00260809771580129	0.692242387255143	0.492506587924595	51	0.334616326956559	47	3	5	"mixed"	"mixed"	0.69138697474055
"Pericyte"	"Pericyte-4"	"lv_fibrosis_mean"	-0.000597779972460029	0.00160093915377102	-0.373393311702044	0.710690331048269	51	0.606708931477644	47	3	5	"mixed"	"mixed"	0.87990231463119
"Pericyte"	"Pericyte-5"	"lv_fibrosis_mean"	0.00202886480721733	0.00344325679166911	0.589228434000663	0.558791224929657	51	0.360554295517151	47	3	5	"mixed"	"mixed"	0.745054966572876
"Pericyte"	"Pericyte-6"	"lv_fibrosis_mean"	-0.00173080092253184	0.00617915773790172	-0.280103048982785	0.780741579529486	51	0.618879233658576	47	3	5	"mixed"	"mixed"	0.904249774181785
"Pericyte"	"Pericyte-7"	"lv_fibrosis_mean"	0.000298090945171722	0.00290448648522652	0.102631204065828	0.918732815063209	51	0.717544130936477	47	3	5	"mixed"	"mixed"	0.983908826550935
"Pericyte"	"Pericyte-8"	"lv_fibrosis_mean"	-0.00103496795650473	0.00372605426118529	-0.277765132753459	0.782523843041929	51	0.483639857016958	47	3	5	"mixed"	"mixed"	0.904249774181785
"Pericyte"	"Pericyte-9"	"lv_fibrosis_mean"	-5.64433716042612e-05	0.00106957508300845	-0.0527717712397523	0.958158160168148	51	0.888185328207303	47	3	5	"mixed"	"mixed"	0.988028180667343
"Plasma_cells"	"Plasma_cells-1"	"lv_fibrosis_mean"	-0.0587727138920425	0.113420999371157	-0.51818194353689	0.64012360987456	5	-0.223798277484813	5	1	1	"PBMC"	"SS"	0.958447971853685
"Plasma_cells"	"Plasma_cells-10"	"lv_fibrosis_mean"	-0.0078172667743301	0.0109949541126898	-0.71098675758072	0.528385569854295	5	-0.141063336047433	5	1	1	"PBMC"	"SS"	0.958447971853685
"Plasma_cells"	"Plasma_cells-11"	"lv_fibrosis_mean"	0.0068974179855762	0.00235280211014299	2.9315759093556	0.0609230449161057	5	0.654998048388507	5	1	1	"PBMC"	"SS"	0.784708611323822
"Plasma_cells"	"Plasma_cells-12"	"lv_fibrosis_mean"	-0.00201527764949372	0.00678508436741144	-0.29701585719008	0.78583222078049	5	-0.295245172699989	5	1	1	"PBMC"	"SS"	0.958447971853685
"Plasma_cells"	"Plasma_cells-13"	"lv_fibrosis_mean"	-0.00204494976716471	0.00879366774129891	-0.232547991045958	0.831074348867188	5	-0.309724000465622	5	1	1	"PBMC"	"SS"	0.958931941000601
"Plasma_cells"	"Plasma_cells-14"	"lv_fibrosis_mean"	-0.00109023923763971	0.00669072903539275	-0.162947749321866	0.880917456758275	5	-0.321635987407036	5	1	1	"PBMC"	"SS"	0.970053341990622
"Plasma_cells"	"Plasma_cells-15"	"lv_fibrosis_mean"	-0.00182723092120105	0.00656046332150355	-0.278521627460648	0.798706643211404	5	-0.299724917753192	5	1	1	"PBMC"	"SS"	0.958447971853685
"Plasma_cells"	"Plasma_cells-2"	"lv_fibrosis_mean"	-0.0111015290910373	0.13082094960439	-0.0848604839256171	0.937718230590934	5	-0.330140419165181	5	1	1	"PBMC"	"SS"	0.970053341990622
"Plasma_cells"	"Plasma_cells-3"	"lv_fibrosis_mean"	0.0384201201854933	0.0146204394497749	2.62783620953917	0.0784708611323822	5	0.596184881728717	5	1	1	"PBMC"	"SS"	0.784708611323822
"Plasma_cells"	"Plasma_cells-4"	"lv_fibrosis_mean"	0.0112708365390706	0.0229760108184621	0.490548016717246	0.657385485534953	5	-0.234325090934218	5	1	1	"PBMC"	"SS"	0.958447971853685
"Plasma_cells"	"Plasma_cells-5"	"lv_fibrosis_mean"	0.00371933223063556	0.0107795538750029	0.345035821868329	0.752841553635483	5	-0.282441884923643	5	1	1	"PBMC"	"SS"	0.958447971853685
"Plasma_cells"	"Plasma_cells-6"	"lv_fibrosis_mean"	0.0011227092295781	0.0107283670305203	0.1046486596128	0.923258827698021	5	-0.328483773303963	5	1	1	"PBMC"	"SS"	0.970053341990622
"Plasma_cells"	"Plasma_cells-7"	"lv_fibrosis_mean"	0.00349742573027335	0.00945828028619653	0.369773957257062	0.736111880070457	5	-0.275212229165897	5	1	1	"PBMC"	"SS"	0.958447971853685
"Plasma_cells"	"Plasma_cells-8"	"lv_fibrosis_mean"	0.0152546466097182	0.00381910733683584	3.99429637983329	0.0281132361854254	5	0.788967245250509	5	1	1	"PBMC"	"SS"	0.784708611323822
"Plasma_cells"	"Plasma_cells-9"	"lv_fibrosis_mean"	0.00448671882256366	0.00571710492335223	0.784788609395132	0.48984528423913	5	-0.106227374929152	5	1	1	"PBMC"	"SS"	0.958447971853685
"Plasmablasts"	"Plasmablasts-1"	"lv_fibrosis_mean"	0.0135229120464162	0.0703698817907594	0.192169031726183	0.856971425974028	6	-0.23856527532032	6	1	1	"PBMC"	"SS"	0.966969914908701
"Plasmablasts"	"Plasmablasts-10"	"lv_fibrosis_mean"	0.00725366705124151	0.00360151304130521	2.01406102603275	0.114268564859054	6	0.379378624728903	6	1	1	"PBMC"	"SS"	0.326481613883012
"Plasmablasts"	"Plasmablasts-2"	"lv_fibrosis_mean"	-0.0123979713408283	0.0167070749200867	-0.74207911319787	0.499248754398811	6	-0.0987365515731231	6	1	1	"PBMC"	"SS"	0.713212506284015
"Plasmablasts"	"Plasmablasts-3"	"lv_fibrosis_mean"	0.0217616305224031	0.0237306145897642	0.917027683378652	0.411015732864674	6	-0.0328573036240742	6	1	1	"PBMC"	"SS"	0.632331896714883
"Plasmablasts"	"Plasmablasts-4"	"lv_fibrosis_mean"	-0.00292540580537103	0.018833693925721	-0.155328307707912	0.884085645111705	6	-0.24250555341698	6	1	1	"PBMC"	"SS"	0.966969914908701
"Plasmablasts"	"Plasmablasts-5"	"lv_fibrosis_mean"	-0.00295203225559444	0.00672864129995613	-0.438726352616491	0.683515995085683	6	-0.192611301908886	6	1	1	"PBMC"	"SS"	0.854394993857104
"Plasmablasts"	"Plasmablasts-6"	"lv_fibrosis_mean"	-0.0221862131522193	0.01443186032281	-1.53730791844994	0.19903386759568	6	0.214246112260785	6	1	1	"PBMC"	"SS"	0.442297483545956
"Plasmablasts"	"Plasmablasts-7"	"lv_fibrosis_mean"	-0.00569629097151826	0.00941451060169411	-0.605054390240236	0.577790404747224	6	-0.145189189068525	6	1	1	"PBMC"	"SS"	0.770387206329633
"Plasmablasts"	"Plasmablasts-8"	"lv_fibrosis_mean"	-0.000448696117141394	0.00978664374965655	-0.0458478032529937	0.965629197544831	6	-0.249343463431198	6	1	1	"PBMC"	"SS"	0.966969914908701
"Plasmablasts"	"Plasmablasts-9"	"lv_fibrosis_mean"	0.00406840002261195	0.00303435687398751	1.34077835652389	0.251070972040301	6	0.13758705086627	6	1	1	"PBMC"	"SS"	0.461745691066307
"POD"	"POD-1"	"lv_fibrosis_mean"	-0.00292061572571128	0.0159769687751827	-0.182801616927982	0.85679401587686	26	0.740909257325644	26	1	5	"LK"	"mixed"	0.934684380956575
"POD"	"POD-2"	"lv_fibrosis_mean"	-0.00706675285553641	0.0133804069465732	-0.528141848282594	0.603212339723429	26	0.811605003175109	26	1	5	"LK"	"mixed"	0.74881531827736
"POD"	"POD-3"	"lv_fibrosis_mean"	0.0169643647929096	0.0215782700509625	0.786178166870839	0.440979061818239	26	0.463838952077302	26	1	5	"LK"	"mixed"	0.640660627851683
"POD"	"POD-4"	"lv_fibrosis_mean"	-0.000747432072306034	0.0174945527304458	-0.0427237028475312	0.966345447802951	26	-0.0508909571969973	26	1	5	"LK"	"mixed"	0.966345447802951
"POD"	"POD-5"	"lv_fibrosis_mean"	-0.00345539397700156	0.0050463656039996	-0.684729218640622	0.501373697142834	26	0.141864085181983	26	1	5	"LK"	"mixed"	0.689608522338337
"POD"	"POD-6"	"lv_fibrosis_mean"	-0.00277417016235433	0.00765256666591845	-0.362514994440938	0.720769856017656	26	0.136249267823102	26	1	5	"LK"	"mixed"	0.837454364271612
"Premyelinating_OL"	"Premyelinating_OL-1"	"lv_fibrosis_mean"	-0.078131758200365	0.039040479071366	-2.00130121501686	0.0666847821676259	18	0.384636222793441	18	1	4	"HYP"	"mixed"	0.384561448452856
"Premyelinating_OL"	"Premyelinating_OL-10"	"lv_fibrosis_mean"	0.000109784490693226	0.000521098411443365	0.210678997061495	0.836404140804749	18	-0.207941047200048	18	1	4	"HYP"	"mixed"	0.912440880877908
"Premyelinating_OL"	"Premyelinating_OL-11"	"lv_fibrosis_mean"	0.000969321981772534	0.000773993228246098	1.25236493860425	0.23249906410176	18	-0.0213545652232798	18	1	4	"HYP"	"mixed"	0.559009084370076
"Premyelinating_OL"	"Premyelinating_OL-12"	"lv_fibrosis_mean"	-3.56631645336719e-05	0.000374552857455886	-0.0952153049262805	0.92559586026384	18	-0.145300440363634	18	1	4	"HYP"	"mixed"	0.957512958893627
"Premyelinating_OL"	"Premyelinating_OL-2"	"lv_fibrosis_mean"	0.0890181979084882	0.0595044442211984	1.49599242667618	0.158533232056629	18	0.318895969005477	18	1	4	"HYP"	"mixed"	0.536542185317951
"Premyelinating_OL"	"Premyelinating_OL-3"	"lv_fibrosis_mean"	0.0265858293803603	0.0361170202726102	0.736102512878726	0.474741953235073	18	0.0501869962739746	18	1	4	"HYP"	"mixed"	0.730372235746266
"Premyelinating_OL"	"Premyelinating_OL-4"	"lv_fibrosis_mean"	-0.0379928389908464	0.0559207360146392	-0.679405202765938	0.5087980829971	18	0.510494297345919	18	1	4	"HYP"	"mixed"	0.733097008199114
"Premyelinating_OL"	"Premyelinating_OL-5"	"lv_fibrosis_mean"	0.000509184455668527	0.00201592955139333	0.252580480958077	0.804542130890982	18	-0.228500194765229	18	1	4	"HYP"	"mixed"	0.910802412329414
"Premyelinating_OL"	"Premyelinating_OL-6"	"lv_fibrosis_mean"	-0.00118655245759352	0.00132575661238194	-0.895000218374683	0.387058294780769	18	0.19767927683359	18	1	4	"HYP"	"mixed"	0.658097413031974
"Premyelinating_OL"	"Premyelinating_OL-7"	"lv_fibrosis_mean"	-0.000257472602906635	0.00234751621885374	-0.109678732286823	0.914339181949125	18	0.153282338135101	18	1	4	"HYP"	"mixed"	0.957512958893627
"Premyelinating_OL"	"Premyelinating_OL-8"	"lv_fibrosis_mean"	0.00114759258551303	0.00105202499524251	1.09084155861571	0.295148700858742	18	0.247331025103164	18	1	4	"HYP"	"mixed"	0.578454192410247
"Premyelinating_OL"	"Premyelinating_OL-9"	"lv_fibrosis_mean"	-0.000735625386250581	0.00052384298474463	-1.40428603164208	0.183672314241603	18	0.218489049746234	18	1	4	"HYP"	"mixed"	0.536542185317951
"PT"	"PT-1"	"lv_fibrosis_mean"	-0.00144060920568765	0.00624024207852237	-0.230857903837726	0.81977039219434	26	0.685089707391692	26	1	5	"LK"	"mixed"	0.953340737729569
"PT"	"PT-10"	"lv_fibrosis_mean"	0.00113380533648725	0.000469098446706995	2.41698804258765	0.025325593458021	26	0.993683503875459	26	1	5	"LK"	"mixed"	0.059093051402049
"PT"	"PT-11"	"lv_fibrosis_mean"	0.00658169381351982	0.00551902582139726	1.19254629829826	0.247004371429755	26	0.268742942698849	26	1	5	"LK"	"mixed"	0.423436065308152
"PT"	"PT-12"	"lv_fibrosis_mean"	-0.00200182732946441	0.00548838704158399	-0.36473873185275	0.719134740329921	26	-0.120050573937703	26	1	5	"LK"	"mixed"	0.876055339417933
"PT"	"PT-13"	"lv_fibrosis_mean"	-0.00356950493281606	0.00798753615287725	-0.446884353885554	0.659760228514651	26	-0.111616078071873	26	1	5	"LK"	"mixed"	0.868799256762068
"PT"	"PT-14"	"lv_fibrosis_mean"	-0.00254420764696055	0.00617529827129347	-0.411997531971463	0.684723478505699	26	-0.0989921795268331	26	1	5	"LK"	"mixed"	0.87146624537089
"PT"	"PT-2"	"lv_fibrosis_mean"	0.00549823410966046	0.00828378201241774	0.663734765282135	0.514439203745597	26	0.532474238927231	26	1	5	"LK"	"mixed"	0.745049881286726
"PT"	"PT-3"	"lv_fibrosis_mean"	0.00716889892673426	0.00312358738444138	2.29508511989855	0.032678492419647	26	0.957555316736735	26	1	5	"LK"	"mixed"	0.074189009817577
"PT"	"PT-4"	"lv_fibrosis_mean"	0.00270392737442455	0.0072626966613898	0.372303498340949	0.713582757663235	26	0.377148906653244	26	1	5	"LK"	"mixed"	0.876055339417933
"PT"	"PT-5"	"lv_fibrosis_mean"	-0.00374514835465324	0.00226756857355018	-1.65161415550477	0.114228203079799	26	0.97605223551261	26	1	5	"LK"	"mixed"	0.228456406159597
"PT"	"PT-6"	"lv_fibrosis_mean"	0.00234766356331677	0.00886085345085847	0.264947792708311	0.793761129955757	26	0.460026808526614	26	1	5	"LK"	"mixed"	0.952513355946909
"PT"	"PT-7"	"lv_fibrosis_mean"	-0.00167502938419079	0.00675918621041964	-0.247815244623479	0.806803843278843	26	0.440477265094917	26	1	5	"LK"	"mixed"	0.953340737729569
"PT"	"PT-8"	"lv_fibrosis_mean"	-0.00588924090563329	0.0060151401384347	-0.979069609368375	0.339241100814477	26	0.737927044077153	26	1	5	"LK"	"mixed"	0.548004855161847
"PT"	"PT-9"	"lv_fibrosis_mean"	-0.00456865536473714	0.00449790034151445	-1.01573067828329	0.32188863978941	26	0.584735340360593	26	1	5	"LK"	"mixed"	0.530169524359029
"T_cells"	"T_cells-1"	"lv_fibrosis_mean"	-0.0151246125259236	0.009582767140404	-1.57831368584064	0.123490168434221	44	0.666107171303552	31	4	5	"mixed"	"mixed"	0.2509638906889
"T_cells"	"T_cells-2"	"lv_fibrosis_mean"	0.00242314568027454	0.00108392788438777	2.23552296714203	0.0318610825664312	44	0.984551082876611	31	4	5	"mixed"	"mixed"	0.0872716609428332
"T_cells"	"T_cells-3"	"lv_fibrosis_mean"	-7.14953312273462e-05	0.00328179058701989	-0.0217854641640219	0.982742818617305	44	0.613823711446193	31	4	5	"mixed"	"mixed"	0.982742818617305
"T_cells"	"T_cells-4"	"lv_fibrosis_mean"	-0.0047032696165306	0.00432095088737118	-1.08848023019119	0.283821726738477	44	0.270345030251311	31	4	5	"mixed"	"mixed"	0.458481250885232
"T_cells"	"T_cells-5"	"lv_fibrosis_mean"	-0.00718186886908541	0.00588793288657842	-1.21976065410945	0.230711498500715	44	0.0432108138066264	31	4	5	"mixed"	"mixed"	0.411911667284476
"T_cells"	"T_cells-6"	"lv_fibrosis_mean"	0.0275598690731301	0.00883351415677205	3.11992131149774	0.00361223470878457	44	0.754964441817107	31	4	5	"mixed"	"mixed"	0.0162550561895306
"T_cells"	"T_cells-7"	"lv_fibrosis_mean"	-0.0029017684106377	0.00115354181336378	-2.51552945634109	0.0166273361114354	44	0.275908041149232	31	4	5	"mixed"	"mixed"	0.0581956763900239
"TAL"	"TAL-1"	"lv_fibrosis_mean"	-0.00226146306295699	0.0138302316746674	-0.163515920496059	0.87175329919612	26	0.479094701313301	26	1	5	"LK"	"mixed"	0.999773622083124
"TAL"	"TAL-10"	"lv_fibrosis_mean"	-0.000729793342590131	0.00270595520609636	-0.269698973931996	0.790154926194275	26	0.207729451761968	26	1	5	"LK"	"mixed"	0.987693657742843
"TAL"	"TAL-11"	"lv_fibrosis_mean"	0.000102301560118681	0.000489760675371757	0.20888071513914	0.836654110973306	26	0.454954660292548	26	1	5	"LK"	"mixed"	0.999773622083124
"TAL"	"TAL-12"	"lv_fibrosis_mean"	-0.000997042695007841	0.00194878163249163	-0.511623610559724	0.614517112617743	26	-0.0298176509968977	26	1	5	"LK"	"mixed"	0.892040969928982
"TAL"	"TAL-13"	"lv_fibrosis_mean"	-0.000308223777506239	0.00156239181695411	-0.197276876492558	0.845601976094365	26	-0.0863169254555001	26	1	5	"LK"	"mixed"	0.999773622083124
"TAL"	"TAL-14"	"lv_fibrosis_mean"	-0.00070535188854798	0.00216082523252929	-0.326427088100203	0.747492468265542	26	-0.0730828921466531	26	1	5	"LK"	"mixed"	0.965638557729882
"TAL"	"TAL-15"	"lv_fibrosis_mean"	-0.00176028675159686	0.00572797552123376	-0.307313944529168	0.761781528875796	26	-0.0959692875216254	26	1	5	"LK"	"mixed"	0.965638557729882
"TAL"	"TAL-2"	"lv_fibrosis_mean"	0.00150196271037314	0.0113745148267776	0.13204630995225	0.89626706005049	26	0.425058532537341	26	1	5	"LK"	"mixed"	0.999773622083124
"TAL"	"TAL-3"	"lv_fibrosis_mean"	-0.00660384998260249	0.00196768744920203	-3.35614784008537	0.00314340631508379	26	0.992300469306991	26	1	5	"LK"	"mixed"	0.0113162627343017
"TAL"	"TAL-4"	"lv_fibrosis_mean"	-7.9705520249672e-06	0.00387087898278213	-0.00205910648729155	0.998377472298378	26	0.692044977063245	26	1	5	"LK"	"mixed"	0.999773622083124
"TAL"	"TAL-5"	"lv_fibrosis_mean"	-0.000990309565107593	0.00166925077153103	-0.593265902282187	0.559653186140352	26	0.984535160713264	26	1	5	"LK"	"mixed"	0.839479779210528
"TAL"	"TAL-6"	"lv_fibrosis_mean"	0.00698858662129052	0.00503883935388308	1.38694372463073	0.180723723330281	26	0.647931647380398	26	1	5	"LK"	"mixed"	0.353589893472289
"TAL"	"TAL-7"	"lv_fibrosis_mean"	0.000238988548376189	0.00261804488331926	0.0912851226878853	0.92817415089235	26	0.515539152377668	26	1	5	"LK"	"mixed"	0.999773622083124
"TAL"	"TAL-8"	"lv_fibrosis_mean"	-0.000327315185109531	0.0020866432060071	-0.156862075973144	0.876926251850565	26	0.198189844355076	26	1	5	"LK"	"mixed"	0.999773622083124
"TAL"	"TAL-9"	"lv_fibrosis_mean"	0.00585976736289212	0.00138333224315841	4.23597974519349	0.000405164558037565	26	0.653724512996289	26	1	5	"LK"	"mixed"	0.00202582279018782
"Tanycyte"	"Tanycyte-1"	"lv_fibrosis_mean"	-0.000100107694956169	0.00359208087423962	-0.0278689980713087	0.978073298550636	24	0.967065232799403	24	1	5	"HYP"	"mixed"	0.989857314195825
"Tanycyte"	"Tanycyte-10"	"lv_fibrosis_mean"	-0.000541233183484345	0.000804863014199717	-0.672453788950034	0.509835733445442	24	0.297185050852468	24	1	5	"HYP"	"mixed"	0.603185938160804
"Tanycyte"	"Tanycyte-11"	"lv_fibrosis_mean"	0.000116335122008687	0.000188553702574033	0.616986674992549	0.544969544826091	24	0.502565937652447	24	1	5	"HYP"	"mixed"	0.618614077910697
"Tanycyte"	"Tanycyte-12"	"lv_fibrosis_mean"	-0.00083403533879043	0.000621627453919531	-1.34169643494928	0.196376766371995	24	0.224836235850611	24	1	5	"HYP"	"mixed"	0.266058844762058
"Tanycyte"	"Tanycyte-13"	"lv_fibrosis_mean"	-0.000237694634191932	0.000461871725582511	-0.514633438304006	0.613070545471501	24	0.28395222025119	24	1	5	"HYP"	"mixed"	0.686639010928081
"Tanycyte"	"Tanycyte-14"	"lv_fibrosis_mean"	-0.000631516778831798	0.000433738095531575	-1.4559864243832	0.162617611758276	24	0.221794567001269	24	1	5	"HYP"	"mixed"	0.227664656461587
"Tanycyte"	"Tanycyte-2"	"lv_fibrosis_mean"	-0.000285828518201869	0.00424549818482453	-0.0673250831253582	0.947065110887669	24	0.922911979583845	24	1	5	"HYP"	"mixed"	0.977593013326187
"Tanycyte"	"Tanycyte-3"	"lv_fibrosis_mean"	0.00357806884747886	0.00197153310835289	1.81486622381307	0.0862452980080416	24	0.947693301481812	24	1	5	"HYP"	"mixed"	0.129367947012062
"Tanycyte"	"Tanycyte-4"	"lv_fibrosis_mean"	0.000626406180773743	0.00236629815003912	0.264719887797481	0.794232756362366	24	0.950773483490552	24	1	5	"HYP"	"mixed"	0.833944394180484
"Tanycyte"	"Tanycyte-5"	"lv_fibrosis_mean"	-0.000111751945503614	0.00192377339566869	-0.0580899734632052	0.954316989199373	24	0.565922923937342	24	1	5	"HYP"	"mixed"	0.977593013326187
"Tanycyte"	"Tanycyte-6"	"lv_fibrosis_mean"	0.000590345203667758	0.00183815565813227	0.321161704154915	0.751786939094203	24	0.439619115049823	24	1	5	"HYP"	"mixed"	0.809616703639911
"Tanycyte"	"Tanycyte-7"	"lv_fibrosis_mean"	-0.00131295182432621	0.00202692126333406	-0.647756697843581	0.525319083701068	24	0.0921643321442474	24	1	5	"HYP"	"mixed"	0.611513366341289
"Tanycyte"	"Tanycyte-8"	"lv_fibrosis_mean"	0.00154185003760035	0.00128726241004067	1.19777445963922	0.246539883565876	24	0.839418796481286	24	1	5	"HYP"	"mixed"	0.313778033629296
"Tanycyte"	"Tanycyte-9"	"lv_fibrosis_mean"	-0.00239788547324305	0.00340383179839979	-0.704466499892957	0.49015732952355	24	0.261846923425584	24	1	5	"HYP"	"mixed"	0.588188795428259
"TL"	"TL-1"	"lv_fibrosis_mean"	0.00276730572885741	0.00325531935459648	0.850087327054412	0.405338636892728	26	0.98631471357588	26	1	5	"LK"	"mixed"	0.525844718131106
"TL"	"TL-2"	"lv_fibrosis_mean"	0.0150159114699887	0.0172056347793803	0.872732198639033	0.393166711382241	26	0.667279744374781	26	1	5	"LK"	"mixed"	0.524222281842987
"TL"	"TL-3"	"lv_fibrosis_mean"	-0.00816520306454455	0.00805915153951895	-1.01315914268463	0.32308511655931	26	0.795741001185489	26	1	5	"LK"	"mixed"	0.469941987722633
"TL"	"TL-4"	"lv_fibrosis_mean"	-0.00349495630085105	0.0162713948917152	-0.214791437618576	0.832104927636325	26	0.0722751159612941	26	1	5	"LK"	"mixed"	0.872421824636229
"TL"	"TL-5"	"lv_fibrosis_mean"	-0.00102863544124877	0.00476370701092454	-0.215931718489364	0.831228002131215	26	0.474821410863215	26	1	5	"LK"	"mixed"	0.872421824636229
"TL"	"TL-6"	"lv_fibrosis_mean"	-0.00366643412067756	0.00268959778666995	-1.36319048849942	0.187973287559856	26	0.409103714107862	26	1	5	"LK"	"mixed"	0.300757260095769
"TL"	"TL-7"	"lv_fibrosis_mean"	-0.0016323591784354	0.00441187892168149	-0.369991835091716	0.715277634004906	26	0.322610419605353	26	1	5	"LK"	"mixed"	0.83739820566428
"TL"	"TL-8"	"lv_fibrosis_mean"	0.000204370906911191	0.00143294303700321	0.142623189920099	0.888014839937668	26	0.501787873994961	26	1	5	"LK"	"mixed"	0.906908772702299
"VSMC"	"VSMC-1"	"lv_fibrosis_mean"	-0.00296742292770285	0.0109548690437963	-0.270877079026636	0.788624476042023	34	0.921557095112958	31	3	5	"mixed"	"mixed"	0.878467770780987
"VSMC"	"VSMC-10"	"lv_fibrosis_mean"	0.00564963725363448	0.0199941722144254	0.282564198859825	0.779748251515854	34	0.233708673390498	31	3	5	"mixed"	"mixed"	0.878467770780987
"VSMC"	"VSMC-11"	"lv_fibrosis_mean"	-0.00408756424382596	0.00233365634775568	-1.7515707690882	0.091637532661461	34	0.9566180247331	31	3	5	"mixed"	"mixed"	0.257718365531517
"VSMC"	"VSMC-2"	"lv_fibrosis_mean"	0.00821736272199053	0.00561498231215519	1.46347081168925	0.155324326954604	34	0.495816844824916	31	3	5	"mixed"	"mixed"	0.333379043219638
"VSMC"	"VSMC-3"	"lv_fibrosis_mean"	0.00225609009430921	0.00307166434383672	0.734484579617575	0.469226420066063	34	0.596293801872418	31	3	5	"mixed"	"mixed"	0.619566566080787
"VSMC"	"VSMC-4"	"lv_fibrosis_mean"	-0.00148237721994534	0.00117430043668106	-1.26234920267508	0.218029061958173	34	0.0390191429579912	31	3	5	"mixed"	"mixed"	0.417099075050418
"VSMC"	"VSMC-5"	"lv_fibrosis_mean"	-0.00121909761652166	0.00652458032685664	-0.186846901325374	0.853231020328282	34	0.484034315229539	31	3	5	"mixed"	"mixed"	0.904630479384203
"VSMC"	"VSMC-6"	"lv_fibrosis_mean"	-0.00739831154758291	0.00337133026488285	-2.19447843026438	0.0373315637676011	34	0.325412484495093	31	3	5	"mixed"	"mixed"	0.156437029121376
"VSMC"	"VSMC-7"	"lv_fibrosis_mean"	-0.000130340447343365	0.00666933238676034	-0.0195432525753419	0.984556941466691	34	0.238290057354882	31	3	5	"mixed"	"mixed"	0.984556941466691
"VSMC"	"VSMC-8"	"lv_fibrosis_mean"	-0.00184031434883522	0.00296804338106834	-0.620042941613882	0.540626294916377	34	0.325329884633745	31	3	5	"mixed"	"mixed"	0.689494405110742
"VSMC"	"VSMC-9"	"lv_fibrosis_mean"	0.0030023382818231	0.00322182047518882	0.931876342876351	0.359973615266138	34	0.0324214397261192	31	3	5	"mixed"	"mixed"	0.53690979904102
"Activated_microglia"	"Activated_microglia-1"	"cardiomyocyte_cross_sectional_area_mean"	-0.0989417046872761	0.0972887526705948	-1.01699016557729	0.343013203760135	10	-0.118708964255718	10	1	2	"HYP"	"mixed"	0.561294333425676
"Activated_microglia"	"Activated_microglia-2"	"cardiomyocyte_cross_sectional_area_mean"	0.0624547363631813	0.0897448248102983	0.695914627893	0.508921028852261	10	-0.181951467495546	10	1	2	"HYP"	"mixed"	0.70465988610313
"Activated_microglia"	"Activated_microglia-3"	"cardiomyocyte_cross_sectional_area_mean"	0.050554853603765	0.0280734400828428	1.80080722043971	0.114748803418971	10	0.265545091725363	10	1	2	"HYP"	"mixed"	0.295068351648782
"Activated_microglia"	"Activated_microglia-4"	"cardiomyocyte_cross_sectional_area_mean"	-0.00806004091631504	0.00603271139133184	-1.33605611034139	0.22332892391605	10	0.0305078652918461	10	1	2	"HYP"	"mixed"	0.401992063048891
"Activated_microglia"	"Activated_microglia-5"	"cardiomyocyte_cross_sectional_area_mean"	-0.00672319843479304	0.0041934330755159	-1.60326832781656	0.152909907539884	10	0.459148576721674	10	1	2	"HYP"	"mixed"	0.344047291964738
"Activated_microglia"	"Activated_microglia-6"	"cardiomyocyte_cross_sectional_area_mean"	0.000715354071437917	0.00381789205076562	0.187368857454852	0.856686725610766	10	-0.227045045590988	10	1	2	"HYP"	"mixed"	0.856686725610766
"Adipocyte"	"Adipocyte-1"	"cardiomyocyte_cross_sectional_area_mean"	0.0261592407225052	0.158954085454237	0.164571049858523	0.873933037928689	12	0.785483208940149	12	1	4	"MSA"	"mixed"	0.900424661286507
"Adipocyte"	"Adipocyte-2"	"cardiomyocyte_cross_sectional_area_mean"	0.101373182466581	0.197937234298346	0.512148120215642	0.624305648354809	12	0.456231210831483	12	1	4	"MSA"	"mixed"	0.792374389165365
"Adipocyte"	"Adipocyte-3"	"cardiomyocyte_cross_sectional_area_mean"	0.0259822145449341	0.124002822519506	0.20952921890828	0.84000264003453	12	0.230946694606777	12	1	4	"MSA"	"mixed"	0.900002828608425
"Adipocyte"	"Adipocyte-4"	"cardiomyocyte_cross_sectional_area_mean"	-0.0893400511196463	0.0637043479311553	-1.40241685255448	0.203548828055343	12	0.259464789524939	12	1	4	"MSA"	"mixed"	0.436176060118593
"Adipocyte"	"Adipocyte-5"	"cardiomyocyte_cross_sectional_area_mean"	-0.0146561325960963	0.0304100917018438	-0.481949635002506	0.644545137400371	12	0.0379021033365179	12	1	4	"MSA"	"mixed"	0.792374389165365
"Adipocyte"	"Adipocyte-6"	"cardiomyocyte_cross_sectional_area_mean"	-0.027754478145617	0.0660026593369599	-0.420505452726132	0.686724470609983	12	0.325942823887507	12	1	4	"MSA"	"mixed"	0.792374389165365
"Adipocyte"	"Adipocyte-7"	"cardiomyocyte_cross_sectional_area_mean"	0.000291419912387512	0.0196230893471094	0.014850868139702	0.988565565806432	12	0.0995929041716965	12	1	4	"MSA"	"mixed"	0.988565565806432
"Adipocyte"	"Adipocyte-8"	"cardiomyocyte_cross_sectional_area_mean"	0.0132323862034038	0.0374377617404153	0.353450248846449	0.734156301027357	12	0.473485599642113	12	1	4	"MSA"	"mixed"	0.821963634759552
"Adipocyte"	"Adipocyte-9"	"cardiomyocyte_cross_sectional_area_mean"	-0.0352877819884524	0.0157657074395216	-2.23826188097292	0.0602321410900073	12	0.149454143200141	12	1	4	"MSA"	"mixed"	0.347326383398388
"Astrocyte"	"Astrocyte-1"	"cardiomyocyte_cross_sectional_area_mean"	0.0947564263486275	0.0582368591902956	1.62708682552746	0.121096629134918	24	0.933057567381833	24	1	5	"HYP"	"mixed"	0.199809438072615
"Astrocyte"	"Astrocyte-10"	"cardiomyocyte_cross_sectional_area_mean"	-0.0154795627185768	0.0131948839991948	-1.17314882946461	0.256027246070411	24	0.0874040911280851	24	1	5	"HYP"	"mixed"	0.352037463346815
"Astrocyte"	"Astrocyte-11"	"cardiomyocyte_cross_sectional_area_mean"	-0.0020389735526775	0.00206758055643249	-0.986164019744726	0.33712406163799	24	0.117327688165711	24	1	5	"HYP"	"mixed"	0.445003761362147
"Astrocyte"	"Astrocyte-2"	"cardiomyocyte_cross_sectional_area_mean"	-0.0054971336790578	0.0563949797488728	-0.0974755856556128	0.923425919647559	24	0.82053738328184	24	1	5	"HYP"	"mixed"	0.933784969226548
"Astrocyte"	"Astrocyte-3"	"cardiomyocyte_cross_sectional_area_mean"	-0.0346532063827369	0.0578225878901183	-0.599302238920701	0.556440166143198	24	0.826709016209635	24	1	5	"HYP"	"mixed"	0.644299139744755
"Astrocyte"	"Astrocyte-4"	"cardiomyocyte_cross_sectional_area_mean"	0.0271034752718112	0.0147284690563821	1.84020994769085	0.0822864626206765	24	0.808902397773066	24	1	5	"HYP"	"mixed"	0.150858514804574
"Astrocyte"	"Astrocyte-5"	"cardiomyocyte_cross_sectional_area_mean"	-0.0124247526775118	0.0145411409119309	-0.85445514576627	0.404082080019152	24	-0.175835035991388	24	1	5	"HYP"	"mixed"	0.503196552476679
"Astrocyte"	"Astrocyte-6"	"cardiomyocyte_cross_sectional_area_mean"	-0.0337187674722248	0.0237557838936752	-1.41939190990882	0.172871054852196	24	0.138041880951089	24	1	5	"HYP"	"mixed"	0.248032383048803
"Astrocyte"	"Astrocyte-7"	"cardiomyocyte_cross_sectional_area_mean"	-0.00271476975858232	0.0044993180932633	-0.603373600690084	0.553788077744669	24	0.407941931524017	24	1	5	"HYP"	"mixed"	0.644299139744755
"Astrocyte"	"Astrocyte-8"	"cardiomyocyte_cross_sectional_area_mean"	-0.00997525837985146	0.0065205388138576	-1.52982117960127	0.143445310172153	24	0.000459656651666029	24	1	5	"HYP"	"mixed"	0.210386454919157
"Astrocyte"	"Astrocyte-9"	"cardiomyocyte_cross_sectional_area_mean"	-0.00535747699921957	0.00414131587137008	-1.29366538695034	0.21213600544337	24	0.255672368921209	24	1	5	"HYP"	"mixed"	0.29789311402686
"Avp+_neuron"	"Avp+_neuron-1"	"cardiomyocyte_cross_sectional_area_mean"	-0.0597227276762768	0.0913173062916852	-0.654013243508419	0.548796760568631	6	-0.129245967543648	6	1	1	"HYP"	"C57BL/6"	0.87807481690981
"Avp+_neuron"	"Avp+_neuron-2"	"cardiomyocyte_cross_sectional_area_mean"	0.0467310714971396	0.0372621528040473	1.25411625417584	0.278089020915598	6	0.102786175705722	6	1	1	"HYP"	"C57BL/6"	0.565081005130563
"Avp+_neuron"	"Avp+_neuron-3"	"cardiomyocyte_cross_sectional_area_mean"	0.0179781154129925	0.0602535550740573	0.298374351370566	0.780275037981685	6	-0.222784708918732	6	1	1	"HYP"	"C57BL/6"	0.91395053048153
"Avp+_neuron"	"Avp+_neuron-4"	"cardiomyocyte_cross_sectional_area_mean"	-0.00428934849308435	0.039564494317268	-0.108414086091637	0.918887925770228	6	-0.246337756753717	6	1	1	"HYP"	"C57BL/6"	0.918887925770228
"Avp+_neuron"	"Avp+_neuron-5"	"cardiomyocyte_cross_sectional_area_mean"	-0.00399522268291744	0.020769091207195	-0.192363866240492	0.856828622326435	6	-0.238542289546458	6	1	1	"HYP"	"C57BL/6"	0.91395053048153
"Avp+_neuron"	"Avp+_neuron-6"	"cardiomyocyte_cross_sectional_area_mean"	-0.0061029043857772	0.0153298067219901	-0.398107066609182	0.710884949263271	6	-0.2023597310612	6	1	1	"HYP"	"C57BL/6"	0.91395053048153
"Avp+_neuron"	"Avp+_neuron-7"	"cardiomyocyte_cross_sectional_area_mean"	-0.00799392320757942	0.0296334306327374	-0.269760302364322	0.800689586452874	6	-0.227665504791362	6	1	1	"HYP"	"C57BL/6"	0.91395053048153
"Avp+_neuron"	"Avp+_neuron-8"	"cardiomyocyte_cross_sectional_area_mean"	0.017394939535503	0.0101413913059599	1.71524192398337	0.161446740975764	6	0.279752162374641	6	1	1	"HYP"	"C57BL/6"	0.516629571122444
"B_cells"	"B_cells-1"	"cardiomyocyte_cross_sectional_area_mean"	0.0753847151637203	0.0538713591032212	1.39934682210779	0.173527022671145	32	0.744485700398098	22	3	3	"mixed"	"mixed"	0.297474896007678
"B_cells"	"B_cells-2"	"cardiomyocyte_cross_sectional_area_mean"	0.00562507420671181	0.0231345469707847	0.243146071276667	0.809800335141965	32	0.96267372725045	22	3	3	"mixed"	"mixed"	0.809800335141965
"B_cells"	"B_cells-3"	"cardiomyocyte_cross_sectional_area_mean"	-0.0408520170185907	0.0351814720603699	-1.16117986616621	0.25611894559274	32	0.192522389474257	22	3	3	"mixed"	"mixed"	0.38417841838911
"B_cells"	"B_cells-4"	"cardiomyocyte_cross_sectional_area_mean"	-0.0152493342813647	0.00778807029842624	-1.95803757503912	0.0610375813508849	32	0.49604413393712	22	3	3	"mixed"	"mixed"	0.146490195242124
"B_cells"	"B_cells-5"	"cardiomyocyte_cross_sectional_area_mean"	-0.00882102272779762	0.0119917200825877	-0.735592781272973	0.468562983357875	32	0.636730420025285	22	3	3	"mixed"	"mixed"	0.544137658093017
"B_cells"	"B_cells-6"	"cardiomyocyte_cross_sectional_area_mean"	-0.0160874153426792	0.0112004850035294	-1.43631417189611	0.162837173750253	32	0.24140311267337	22	3	3	"mixed"	"mixed"	0.297474896007678
"CD"	"CD-1"	"cardiomyocyte_cross_sectional_area_mean"	0.0796836780318107	0.0789920995762392	1.00875503321575	0.325141489959629	26	0.596876603404422	25	1	5	"LK"	"mixed"	0.505775651048312
"CD"	"CD-10"	"cardiomyocyte_cross_sectional_area_mean"	-0.00130867517464065	0.00623226090864722	-0.209984016045424	0.835804504485263	26	0.367466321113016	25	1	5	"LK"	"mixed"	0.903929229849385
"CD"	"CD-11"	"cardiomyocyte_cross_sectional_area_mean"	-0.00463382380752034	0.00741653887886842	-0.624795997594412	0.539168390648811	26	0.411438049419857	25	1	5	"LK"	"mixed"	0.703361517048405
"CD"	"CD-12"	"cardiomyocyte_cross_sectional_area_mean"	0.020329654152556	0.0101872414761599	1.99559951534784	0.0597787317673093	26	0.448833850506926	25	1	5	"LK"	"mixed"	0.132142459696157
"CD"	"CD-13"	"cardiomyocyte_cross_sectional_area_mean"	-0.00341503370461096	0.00570644367212245	-0.598452188583642	0.556255936957538	26	0.199355028477706	25	1	5	"LK"	"mixed"	0.706638217374837
"CD"	"CD-14"	"cardiomyocyte_cross_sectional_area_mean"	-0.0582493846379539	0.0504410878577061	-1.15480032473278	0.261783944567222	26	-0.034046406035851	25	1	5	"LK"	"mixed"	0.446145677890007
"CD"	"CD-2"	"cardiomyocyte_cross_sectional_area_mean"	0.0080974998620126	0.0627836535712034	0.128974651862673	0.898665917195088	26	0.54346713775581	25	1	5	"LK"	"mixed"	0.928982074156465
"CD"	"CD-3"	"cardiomyocyte_cross_sectional_area_mean"	-0.0114054120119288	0.0242949428755362	-0.469456218537296	0.643821249722173	26	0.975599320604275	25	1	5	"LK"	"mixed"	0.777504110151038
"CD"	"CD-4"	"cardiomyocyte_cross_sectional_area_mean"	-0.0095417567551426	0.0351625333549792	-0.271361470426915	0.788894208346023	26	0.533110365010532	25	1	5	"LK"	"mixed"	0.897280782570152
"CD"	"CD-5"	"cardiomyocyte_cross_sectional_area_mean"	0.0151622376808241	0.0245785841376812	0.616888165562758	0.54426784057317	26	0.181522192792281	25	1	5	"LK"	"mixed"	0.703361517048405
"CD"	"CD-6"	"cardiomyocyte_cross_sectional_area_mean"	-0.00409060932049781	0.0160264721006278	-0.255240785046983	0.801143555866207	26	0.46380588376654	25	1	5	"LK"	"mixed"	0.897280782570152
"CD"	"CD-7"	"cardiomyocyte_cross_sectional_area_mean"	-0.0188015398193154	0.0211066919737272	-0.890785720600788	0.38363523025271	26	-0.109170631610551	25	1	5	"LK"	"mixed"	0.565357181425047
"CD"	"CD-8"	"cardiomyocyte_cross_sectional_area_mean"	-0.0133870622057995	0.0146081931571597	-0.916407803605626	0.370371560161924	26	0.28758078623808	25	1	5	"LK"	"mixed"	0.555557340242886
"CD"	"CD-9"	"cardiomyocyte_cross_sectional_area_mean"	0.00156022771020677	0.00804248918727392	0.193998111017122	0.848134219675189	26	0.0329240703643314	25	1	5	"LK"	"mixed"	0.903929229849385
"CM"	"CM-1"	"cardiomyocyte_cross_sectional_area_mean"	-0.0790740435751872	0.0471646261029636	-1.67655402170608	0.111920802076282	23	0.967201590039982	22	1	5	"LV"	"mixed"	0.162793893929138
"CM"	"CM-2"	"cardiomyocyte_cross_sectional_area_mean"	-0.0482620786392592	0.0376138447990439	-1.28309346989399	0.216676558941929	23	0.979725040174451	22	1	5	"LV"	"mixed"	0.288902078589239
"CM"	"CM-3"	"cardiomyocyte_cross_sectional_area_mean"	0.101481238016797	0.0361393454345651	2.8080541248469	0.0120985240454767	23	0.400825698769572	22	1	5	"LV"	"mixed"	0.0252490936601252
"CM"	"CM-4"	"cardiomyocyte_cross_sectional_area_mean"	0.023349339519189	0.0197773032923472	1.18061290632197	0.254012193292183	23	0.457426700138126	22	1	5	"LV"	"mixed"	0.329529331838507
"CM"	"CM-5"	"cardiomyocyte_cross_sectional_area_mean"	0.00031671189326873	0.00323444906603536	0.097918343063272	0.923142386212219	23	0.590890109200504	22	1	5	"LV"	"mixed"	0.942783713578437
"CM"	"CM-6"	"cardiomyocyte_cross_sectional_area_mean"	0.000616431840976686	0.00171497688442019	0.359440320494519	0.72369168791574	23	0.433311790545385	22	1	5	"LV"	"mixed"	0.789481841362625
"CM"	"CM-7"	"cardiomyocyte_cross_sectional_area_mean"	0.00159768143650125	0.00212985695922206	0.750135557030463	0.463429360130037	23	0.382460176953083	22	1	5	"LV"	"mixed"	0.542551446005897
"CM"	"CM-8"	"cardiomyocyte_cross_sectional_area_mean"	-2.52804922866026e-05	0.00102182316098342	-0.024740574741203	0.980549985843892	23	0.600978550994784	22	1	5	"LV"	"mixed"	0.980549985843892
"CT"	"CT-1"	"cardiomyocyte_cross_sectional_area_mean"	0.0198113003655996	0.0247699323460244	0.799812453616948	0.433705919915846	25	0.945784109627251	24	1	5	"LK"	"mixed"	0.554574782843213
"CT"	"CT-10"	"cardiomyocyte_cross_sectional_area_mean"	-0.00229302237955072	0.00714815774577905	-0.320785083527953	0.751874767289617	25	0.114001169649095	24	1	5	"LK"	"mixed"	0.792516646602569
"CT"	"CT-11"	"cardiomyocyte_cross_sectional_area_mean"	-0.00444717988371899	0.00622082403870465	-0.714885979100129	0.483371764717812	25	0.346645669927462	24	1	5	"LK"	"mixed"	0.589109338249833
"CT"	"CT-12"	"cardiomyocyte_cross_sectional_area_mean"	-0.00170767941736074	0.00350315143018607	-0.487469483233285	0.631502668265055	25	0.151932617132994	24	1	5	"LK"	"mixed"	0.71527674090073
"CT"	"CT-13"	"cardiomyocyte_cross_sectional_area_mean"	0.00192141009845261	0.00473526675206268	0.405765968224631	0.689447694486225	25	0.0238708425691793	24	1	5	"LK"	"mixed"	0.746901669026743
"CT"	"CT-2"	"cardiomyocyte_cross_sectional_area_mean"	-0.0204916173818278	0.0441368626555361	-0.464274444283762	0.647726743137209	25	0.805003175878189	24	1	5	"LK"	"mixed"	0.720406198969143
"CT"	"CT-3"	"cardiomyocyte_cross_sectional_area_mean"	0.00721658860000943	0.0130910350465259	0.551261880696329	0.587879056150195	25	0.987675077848549	24	1	5	"LK"	"mixed"	0.684396513130078
"CT"	"CT-4"	"cardiomyocyte_cross_sectional_area_mean"	-0.0162835365829571	0.0153193160300689	-1.06294148844476	0.301132433744882	25	0.981902501721862	24	1	5	"LK"	"mixed"	0.427060542401833
"CT"	"CT-5"	"cardiomyocyte_cross_sectional_area_mean"	-0.00732144362635587	0.0161659158955759	-0.452893833770317	0.655754360600117	25	0.45714818560528	24	1	5	"LK"	"mixed"	0.720406198969143
"CT"	"CT-6"	"cardiomyocyte_cross_sectional_area_mean"	0.00328390474020202	0.00471853982037087	0.695957831281776	0.494881185511207	25	0.814758510432003	24	1	5	"LK"	"mixed"	0.593857422613448
"CT"	"CT-7"	"cardiomyocyte_cross_sectional_area_mean"	0.0120093130238373	0.0136484069729768	0.879905841583943	0.389904172975006	25	0.481979074704926	24	1	5	"LK"	"mixed"	0.506875424867507
"CT"	"CT-8"	"cardiomyocyte_cross_sectional_area_mean"	3.37965060409414e-05	0.00722295891669364	0.00467903894106766	0.996315459950966	25	0.655606470175451	24	1	5	"LK"	"mixed"	0.996315459950966
"CT"	"CT-9"	"cardiomyocyte_cross_sectional_area_mean"	0.00826816593762917	0.00615516088738654	1.34328997875144	0.195003999133448	25	0.620028257478375	24	1	5	"LK"	"mixed"	0.319945342171108
"DC"	"DC-1"	"cardiomyocyte_cross_sectional_area_mean"	-0.0736106869426059	0.0581099864575694	-1.26674761826618	0.213161869365502	46	0.632443035252913	27	4	5	"mixed"	"mixed"	0.373725355381074
"DC"	"DC-10"	"cardiomyocyte_cross_sectional_area_mean"	0.014581342632904	0.00826705845151946	1.76378850088135	0.0860240562834018	46	0.799463800457698	27	4	5	"mixed"	"mixed"	0.170783052915577
"DC"	"DC-11"	"cardiomyocyte_cross_sectional_area_mean"	0.0208776604617139	0.00924475864878273	2.2583240141659	0.0299110230466804	46	0.557579143418085	27	4	5	"mixed"	"mixed"	0.0747775576167011
"DC"	"DC-12"	"cardiomyocyte_cross_sectional_area_mean"	-0.0167304679140703	0.0077845583814406	-2.14918651698443	0.0382290814842686	46	0.684005967060632	27	4	5	"mixed"	"mixed"	0.0913721943406741
"DC"	"DC-13"	"cardiomyocyte_cross_sectional_area_mean"	-0.0171521474310757	0.0181411852126323	-0.945481082411972	0.350547204953126	46	0.494302676986644	27	4	5	"mixed"	"mixed"	0.562348633088124
"DC"	"DC-14"	"cardiomyocyte_cross_sectional_area_mean"	0.0190561723302559	0.0114732975084451	1.66091503477787	0.105182665586655	46	0.44277998334123	27	4	5	"mixed"	"mixed"	0.205792171799976
"DC"	"DC-15"	"cardiomyocyte_cross_sectional_area_mean"	0.00147512365608704	0.00499651588590158	0.295230454535194	0.769468238467998	46	0.0540255127567637	27	4	5	"mixed"	"mixed"	0.858497621431237
"DC"	"DC-2"	"cardiomyocyte_cross_sectional_area_mean"	0.0168461229902612	0.0199971890927886	0.842424548374967	0.404963056318355	46	0.429424276511874	27	4	5	"mixed"	"mixed"	0.602919481378187
"DC"	"DC-3"	"cardiomyocyte_cross_sectional_area_mean"	0.0646541582514837	0.0312818905800649	2.06682387325675	0.0458014183672504	46	0.506164778780088	27	4	5	"mixed"	"mixed"	0.103053191326313
"DC"	"DC-4"	"cardiomyocyte_cross_sectional_area_mean"	-0.0038180250888962	0.016496835800661	-0.231439843072404	0.818248291146605	46	-0.110596153805371	27	4	5	"mixed"	"mixed"	0.883708154438334
"DC"	"DC-5"	"cardiomyocyte_cross_sectional_area_mean"	-0.0219502521351284	0.03839713472032	-0.57166380499512	0.571006559389365	46	0.363291626201619	27	4	5	"mixed"	"mixed"	0.748406655510333
"DC"	"DC-6"	"cardiomyocyte_cross_sectional_area_mean"	-0.00857836331393347	0.0235022772949224	-0.365001365879842	0.717188549516857	46	0.188206555442595	27	4	5	"mixed"	"mixed"	0.820512323599794
"DC"	"DC-7"	"cardiomyocyte_cross_sectional_area_mean"	0.00943065577082511	0.0206809307020994	0.456007319335381	0.651050039042479	46	0.173534043384068	27	4	5	"mixed"	"mixed"	0.770980309392409
"DC"	"DC-8"	"cardiomyocyte_cross_sectional_area_mean"	0.00396527075837951	0.00822487709863255	0.482106992095817	0.632569698951231	46	0.846141556522795	27	4	5	"mixed"	"mixed"	0.770980309392409
"DC"	"DC-9"	"cardiomyocyte_cross_sectional_area_mean"	-0.00904656402620049	0.0133513934285828	-0.677574522434005	0.502256712824981	46	0.293817790822342	27	4	5	"mixed"	"mixed"	0.684895517488611
"DCT"	"DCT-1"	"cardiomyocyte_cross_sectional_area_mean"	0.104188759051785	0.105087122547148	0.991451250414057	0.333309622415335	26	0.76358195085012	25	1	5	"LK"	"mixed"	0.553222274621691
"DCT"	"DCT-2"	"cardiomyocyte_cross_sectional_area_mean"	-0.00819964049216058	0.0113171235598383	-0.72453397268358	0.477129247026625	26	0.99760832555845	25	1	5	"LK"	"mixed"	0.696350792957777
"DCT"	"DCT-3"	"cardiomyocyte_cross_sectional_area_mean"	-0.0436668195569753	0.0321291328245957	-1.35910358350995	0.189243614136189	26	0.236162779278816	25	1	5	"LK"	"mixed"	0.356844898185005
"DCT"	"DCT-4"	"cardiomyocyte_cross_sectional_area_mean"	0.0146807172725014	0.0251024016960029	0.584833174541983	0.565200036431815	26	0.0742450872663466	25	1	5	"LK"	"mixed"	0.744409804080927
"DCT"	"DCT-5"	"cardiomyocyte_cross_sectional_area_mean"	-0.0504121850313324	0.0405538769150802	-1.24309163182833	0.228210258159156	26	0.0215690105703145	25	1	5	"LK"	"mixed"	0.397527546470787
"DCT"	"DCT-6"	"cardiomyocyte_cross_sectional_area_mean"	-0.0199081084567587	0.0494873841847764	-0.402286537967447	0.691740237298987	26	0.190305480440646	25	1	5	"LK"	"mixed"	0.830088284758784
"DCT"	"DCT-7"	"cardiomyocyte_cross_sectional_area_mean"	0.013339384785316	0.00742433481565355	1.79671110160484	0.0875018094606357	26	0.577067851986862	25	1	5	"LK"	"mixed"	0.214777168676106
"DCT"	"DCT-8"	"cardiomyocyte_cross_sectional_area_mean"	-0.00695766985788183	0.00751137996938333	-0.9262838368238	0.365341852209106	26	0.280253294594116	25	1	5	"LK"	"mixed"	0.580248824096815
"DCT"	"DCT-9"	"cardiomyocyte_cross_sectional_area_mean"	-0.00306443771449409	0.00372048547786578	-0.82366608678499	0.419843393222868	26	0.284726099759602	25	1	5	"LK"	"mixed"	0.647758378115282
"E_P_transition_cell"	"E_P_transition_cell-1"	"cardiomyocyte_cross_sectional_area_mean"	0.143974734298929	0.230480106112082	0.624673151742278	0.566050189999874	6	-0.138895985433211	6	1	1	"HYP"	"C57BL/6"	0.697791155687328
"E_P_transition_cell"	"E_P_transition_cell-2"	"cardiomyocyte_cross_sectional_area_mean"	0.0601962856243304	0.0447445504469466	1.34533222533333	0.249724145994747	6	0.139402773926103	6	1	1	"HYP"	"C57BL/6"	0.697791155687328
"E_P_transition_cell"	"E_P_transition_cell-3"	"cardiomyocyte_cross_sectional_area_mean"	-0.129512532710818	0.0886032815981136	-1.46171259545736	0.217628474080202	6	0.185217062256797	6	1	1	"HYP"	"C57BL/6"	0.697791155687328
"E_P_transition_cell"	"E_P_transition_cell-4"	"cardiomyocyte_cross_sectional_area_mean"	-0.0413790818337687	0.0501949153983936	-0.824367996346757	0.456049009100353	6	-0.0684713647433193	6	1	1	"HYP"	"C57BL/6"	0.697791155687328
"E_P_transition_cell"	"E_P_transition_cell-5"	"cardiomyocyte_cross_sectional_area_mean"	-0.0226985746606299	0.0386217609194282	-0.587714648950967	0.588300644843843	6	-0.150639805236771	6	1	1	"HYP"	"C57BL/6"	0.697791155687328
"E_P_transition_cell"	"E_P_transition_cell-6"	"cardiomyocyte_cross_sectional_area_mean"	-0.0163048437796735	0.0261372650811996	-0.623815985682507	0.566559748124096	6	-0.139173671271186	6	1	1	"HYP"	"C57BL/6"	0.697791155687328
"E_P_transition_cell"	"E_P_transition_cell-7"	"cardiomyocyte_cross_sectional_area_mean"	0.00277328871094992	0.0104606832290779	0.26511544707146	0.804022244650015	6	-0.228414847010286	6	1	1	"HYP"	"C57BL/6"	0.804022244650015
"E_P_transition_cell"	"E_P_transition_cell-8"	"cardiomyocyte_cross_sectional_area_mean"	0.00295072435068061	0.00757019271756807	0.389781933005866	0.716562009840138	6	-0.204259236989316	6	1	1	"HYP"	"C57BL/6"	0.764332810496148
"EC"	"EC-1"	"cardiomyocyte_cross_sectional_area_mean"	0.00744870813250049	0.0441097848779687	0.168867478114156	0.866374391160069	82	0.839169651911222	52	5	5	"mixed"	"mixed"	0.905677100593268
"EC"	"EC-2"	"cardiomyocyte_cross_sectional_area_mean"	0.0323682408738106	0.0312757050325715	1.03493241287771	0.304164073900911	82	0.907373508563647	52	5	5	"mixed"	"mixed"	0.392469772775368
"EC"	"EC-3"	"cardiomyocyte_cross_sectional_area_mean"	-0.0310007106757588	0.0351588434783521	-0.881732947070528	0.380855378948574	82	0.848504902867617	52	5	5	"mixed"	"mixed"	0.46874508178286
"EC"	"EC-4"	"cardiomyocyte_cross_sectional_area_mean"	-0.0014143727690649	0.00886953509498564	-0.159464138076923	0.87374970201519	82	0.358730545912006	52	5	5	"mixed"	"mixed"	0.905677100593268
"EC"	"EC-5"	"cardiomyocyte_cross_sectional_area_mean"	0.00203087613692326	0.00575086649558584	0.35314263311139	0.72501335285364	82	0.898548188251525	52	5	5	"mixed"	"mixed"	0.828586688975588
"EC"	"EC-6"	"cardiomyocyte_cross_sectional_area_mean"	-0.00621305840222078	0.0234430282886956	-0.265027978711128	0.791745194669552	82	0.94369720168666	52	5	5	"mixed"	"mixed"	0.85594075099411
"EC"	"EC-7"	"cardiomyocyte_cross_sectional_area_mean"	-0.00449270622270738	0.00625816073952867	-0.717895626158964	0.475144606434254	82	0.232344073421855	52	5	5	"mixed"	"mixed"	0.575932856283944
"EC"	"EC-8"	"cardiomyocyte_cross_sectional_area_mean"	0.00127302292651748	0.00270642533511972	0.470370606570294	0.639512024789619	82	0.463944923493194	52	5	5	"mixed"	"mixed"	0.752367087987788
"Ependymal_cell"	"Ependymal_cell-1"	"cardiomyocyte_cross_sectional_area_mean"	0.38721100835724	0.0248228676973473	15.5989635475767	9.86193761707476e-05	6	0.979783903167097	6	1	1	"HYP"	"C57BL/6"	0.00197238752341495
"Ependymal_cell"	"Ependymal_cell-10"	"cardiomyocyte_cross_sectional_area_mean"	-0.0226031312103208	0.0139068810699529	-1.62531994748679	0.179420154803574	6	0.247176716769215	6	1	1	"HYP"	"C57BL/6"	0.256314506862248
"Ependymal_cell"	"Ependymal_cell-2"	"cardiomyocyte_cross_sectional_area_mean"	-0.0384899776707192	0.0421897981634543	-0.912305328449285	0.413218741502202	6	-0.034703754434088	6	1	1	"HYP"	"C57BL/6"	0.493146815041262
"Ependymal_cell"	"Ependymal_cell-3"	"cardiomyocyte_cross_sectional_area_mean"	0.0185260164963258	0.0494951821798117	0.374299389969359	0.727178674944238	6	-0.207700287371227	6	1	1	"HYP"	"C57BL/6"	0.727178674944238
"Ependymal_cell"	"Ependymal_cell-4"	"cardiomyocyte_cross_sectional_area_mean"	-0.132108728970403	0.0426215886733309	-3.0995730821518	0.0362361084322466	6	0.632551614347622	6	1	1	"HYP"	"C57BL/6"	0.0884928013957549
"Ependymal_cell"	"Ependymal_cell-5"	"cardiomyocyte_cross_sectional_area_mean"	-0.0209012367485179	0.0246260948282166	-0.848743452598469	0.443832133537135	6	-0.0592400217170121	6	1	1	"HYP"	"C57BL/6"	0.493146815041262
"Ependymal_cell"	"Ependymal_cell-6"	"cardiomyocyte_cross_sectional_area_mean"	0.0147982170756144	0.0221186713596606	0.66903734112181	0.540104675130946	6	-0.124199045437822	6	1	1	"HYP"	"C57BL/6"	0.568531236979943
"Ependymal_cell"	"Ependymal_cell-7"	"cardiomyocyte_cross_sectional_area_mean"	-0.086120217186484	0.0379373604549148	-2.27006349819277	0.0857216303119536	6	0.453742254188957	6	1	1	"HYP"	"C57BL/6"	0.142869383853256
"Ependymal_cell"	"Ependymal_cell-8"	"cardiomyocyte_cross_sectional_area_mean"	-0.0636174862958111	0.0201758283535764	-3.15315362427408	0.0344095595111583	6	0.641381113070125	6	1	1	"HYP"	"C57BL/6"	0.0884928013957549
"Ependymal_cell"	"Ependymal_cell-9"	"cardiomyocyte_cross_sectional_area_mean"	-0.0566944638469244	0.0290532894524498	-1.95139569100131	0.122760376806688	6	0.359626648430895	6	1	1	"HYP"	"C57BL/6"	0.188862118164136
"Erythrocytes"	"Erythrocytes-1"	"cardiomyocyte_cross_sectional_area_mean"	0.0151107657498192	0.436181931498552	0.034643263873642	0.974024046503732	6	-0.249625063829255	6	1	1	"PBMC"	"SS"	0.974024046503732
"Erythrocytes"	"Erythrocytes-2"	"cardiomyocyte_cross_sectional_area_mean"	-0.208771239380705	0.271717883121678	-0.768338237374002	0.485135783568257	6	-0.089243068600269	6	1	1	"PBMC"	"SS"	0.77391245450628
"Erythrocytes"	"Erythrocytes-3"	"cardiomyocyte_cross_sectional_area_mean"	-0.0511671435763833	0.0827160323092251	-0.61858798286045	0.569674346328286	6	-0.140861979296404	6	1	1	"PBMC"	"SS"	0.77391245450628
"Erythrocytes"	"Erythrocytes-4"	"cardiomyocyte_cross_sectional_area_mean"	-0.0763232496297933	0.114195888749764	-0.668353742550569	0.540498050378858	6	-0.124430180202155	6	1	1	"PBMC"	"SS"	0.77391245450628
"Erythrocytes"	"Erythrocytes-5"	"cardiomyocyte_cross_sectional_area_mean"	0.344013084790167	0.111723759344124	3.07913989656006	0.0369625171132303	6	0.629110453018202	6	1	1	"PBMC"	"SS"	0.395068002225682
"Erythrocytes"	"Erythrocytes-6"	"cardiomyocyte_cross_sectional_area_mean"	-0.0228622179531037	0.10242102839277	-0.223218008175336	0.834301895132779	6	-0.23462085910018	6	1	1	"PBMC"	"SS"	0.910147521963031
"Excitatory_neuron"	"Excitatory_neuron-1"	"cardiomyocyte_cross_sectional_area_mean"	-0.00376283610972488	0.00656906692972027	-0.572811352050741	0.573858879839363	24	0.995622810003073	24	1	5	"HYP"	"mixed"	0.69734749955163
"Excitatory_neuron"	"Excitatory_neuron-10"	"cardiomyocyte_cross_sectional_area_mean"	0.00295291738835866	0.00968418488948966	0.304921624489376	0.763923464580374	24	0.238443065402196	24	1	5	"HYP"	"mixed"	0.842950029881792
"Excitatory_neuron"	"Excitatory_neuron-11"	"cardiomyocyte_cross_sectional_area_mean"	0.00423980931216397	0.0119860544980272	0.3537285194942	0.727651720250088	24	0.529099780769536	24	1	5	"HYP"	"mixed"	0.821818413458922
"Excitatory_neuron"	"Excitatory_neuron-12"	"cardiomyocyte_cross_sectional_area_mean"	0.00465170281846037	0.0115449618119054	0.402920589452572	0.691752003188605	24	0.815749742083602	24	1	5	"HYP"	"mixed"	0.790573717929834
"Excitatory_neuron"	"Excitatory_neuron-13"	"cardiomyocyte_cross_sectional_area_mean"	-0.00505056190888754	0.00821729595023847	-0.614625777077065	0.546493494455012	24	0.169510174506201	24	1	5	"HYP"	"mixed"	0.681342538541314
"Excitatory_neuron"	"Excitatory_neuron-14"	"cardiomyocyte_cross_sectional_area_mean"	-0.0105665222557489	0.00641740388742849	-1.6465415674473	0.116999555635454	24	0.352935900276076	24	1	5	"HYP"	"mixed"	0.204217406200065
"Excitatory_neuron"	"Excitatory_neuron-15"	"cardiomyocyte_cross_sectional_area_mean"	-0.00217974103369075	0.00687288710553246	-0.31715071122529	0.754778384890298	24	0.324581644537141	24	1	5	"HYP"	"mixed"	0.842543313365914
"Excitatory_neuron"	"Excitatory_neuron-16"	"cardiomyocyte_cross_sectional_area_mean"	0.000546629584089003	0.00120232757121324	0.454642808812418	0.65480143991774	24	0.147830107889105	24	1	5	"HYP"	"mixed"	0.760039650477417
"Excitatory_neuron"	"Excitatory_neuron-2"	"cardiomyocyte_cross_sectional_area_mean"	-0.01197115352154	0.0082781188210133	-1.44612004011736	0.165331908839449	24	0.884055542013974	24	1	5	"HYP"	"mixed"	0.260194479485035
"Excitatory_neuron"	"Excitatory_neuron-3"	"cardiomyocyte_cross_sectional_area_mean"	0.0309268996962311	0.0221053799844127	1.39906663979713	0.178788895708197	24	0.810878759728608	24	1	5	"HYP"	"mixed"	0.272440222031538
"Excitatory_neuron"	"Excitatory_neuron-4"	"cardiomyocyte_cross_sectional_area_mean"	0.0263454736366442	0.0158486362955637	1.66231801558969	0.113764342678016	24	0.953456178197753	24	1	5	"HYP"	"mixed"	0.202247720316472
"Excitatory_neuron"	"Excitatory_neuron-5"	"cardiomyocyte_cross_sectional_area_mean"	-0.0484042048440853	0.0345080920961452	-1.40269142406434	0.177721689107549	24	0.474696458934505	24	1	5	"HYP"	"mixed"	0.272440222031538
"Excitatory_neuron"	"Excitatory_neuron-6"	"cardiomyocyte_cross_sectional_area_mean"	0.0170466176953975	0.0133823139540418	1.2738169014671	0.218931330059153	24	0.820674807484326	24	1	5	"HYP"	"mixed"	0.318445570995132
"Excitatory_neuron"	"Excitatory_neuron-7"	"cardiomyocyte_cross_sectional_area_mean"	0.00145537196979831	0.00999283755014407	0.145641511982483	0.885822949677414	24	0.775005300714035	24	1	5	"HYP"	"mixed"	0.924336990967736
"Excitatory_neuron"	"Excitatory_neuron-8"	"cardiomyocyte_cross_sectional_area_mean"	-0.00726781400721336	0.00796794473275947	-0.91213157859045	0.37375454558901	24	0.165777075502414	24	1	5	"HYP"	"mixed"	0.505358258824577
"Excitatory_neuron"	"Excitatory_neuron-9"	"cardiomyocyte_cross_sectional_area_mean"	0.0010374115797474	0.00570747252394239	0.181763744879286	0.857799357058512	24	0.837851019322288	24	1	5	"HYP"	"mixed"	0.904931189863925
"Fibroblast"	"Fibroblast-1"	"cardiomyocyte_cross_sectional_area_mean"	0.00453889641654793	0.0434081050443697	0.104563339309755	0.917025661316533	79	0.776082617423958	50	5	5	"mixed"	"mixed"	0.928633581080033
"Fibroblast"	"Fibroblast-10"	"cardiomyocyte_cross_sectional_area_mean"	-0.0100071585371551	0.012563300654659	-0.79653896792194	0.428451037838566	79	0.88578922578807	50	5	5	"mixed"	"mixed"	0.552840048823956
"Fibroblast"	"Fibroblast-11"	"cardiomyocyte_cross_sectional_area_mean"	0.00434696442065331	0.0208192508096726	0.20879542978721	0.835223103446224	79	0.562694712535758	50	5	5	"mixed"	"mixed"	0.873435925172522
"Fibroblast"	"Fibroblast-12"	"cardiomyocyte_cross_sectional_area_mean"	-0.00947421764032317	0.0146588685393284	-0.646313023062096	0.52022063039765	79	0.626338637050455	50	5	5	"mixed"	"mixed"	0.612024271056059
"Fibroblast"	"Fibroblast-13"	"cardiomyocyte_cross_sectional_area_mean"	-0.0388620081416329	0.0177360066248917	-2.19113631177223	0.0318214632663883	79	0.337127483482946	50	5	5	"mixed"	"mixed"	0.068803163819218
"Fibroblast"	"Fibroblast-14"	"cardiomyocyte_cross_sectional_area_mean"	0.0164868752698211	0.0111839608397343	1.4741535227168	0.144988289547955	79	0.406347318789273	50	5	5	"mixed"	"mixed"	0.25415735664685
"Fibroblast"	"Fibroblast-15"	"cardiomyocyte_cross_sectional_area_mean"	-0.00504928356763042	0.00349010773808703	-1.44674146088052	0.152497123258114	79	0.209933014881868	50	5	5	"mixed"	"mixed"	0.259569571503172
"Fibroblast"	"Fibroblast-16"	"cardiomyocyte_cross_sectional_area_mean"	-0.00995368233869824	0.00756043561436619	-1.31654878718687	0.192346318058215	79	0.210601712256313	50	5	5	"mixed"	"mixed"	0.314034804993003
"Fibroblast"	"Fibroblast-2"	"cardiomyocyte_cross_sectional_area_mean"	0.0117409519574936	0.0177091527351204	0.662987785644269	0.509547187891202	79	0.930317363375763	50	5	5	"mixed"	"mixed"	0.612024271056059
"Fibroblast"	"Fibroblast-3"	"cardiomyocyte_cross_sectional_area_mean"	-0.0187858524714014	0.0287230249019027	-0.654034612843195	0.515263473401062	79	0.780831983927995	50	5	5	"mixed"	"mixed"	0.612024271056059
"Fibroblast"	"Fibroblast-4"	"cardiomyocyte_cross_sectional_area_mean"	-0.0199154196932798	0.0153820461635656	-1.29471849723427	0.199733266740798	79	0.907324121188635	50	5	5	"mixed"	"mixed"	0.318674038314005
"Fibroblast"	"Fibroblast-5"	"cardiomyocyte_cross_sectional_area_mean"	0.0432317125246766	0.0376511511432522	1.14821755011399	0.254843985015089	79	0.798865771619564	50	5	5	"mixed"	"mixed"	0.371051981169968
"Fibroblast"	"Fibroblast-6"	"cardiomyocyte_cross_sectional_area_mean"	0.0273656410554815	0.0203585082495755	1.34418694729522	0.183290888611846	79	0.356235022492066	50	5	5	"mixed"	"mixed"	0.302335486370055
"Fibroblast"	"Fibroblast-7"	"cardiomyocyte_cross_sectional_area_mean"	0.00694722717820859	0.0109353202093373	0.635301668832393	0.527332991830706	79	0.220194333251175	50	5	5	"mixed"	"mixed"	0.615863348123452
"Fibroblast"	"Fibroblast-8"	"cardiomyocyte_cross_sectional_area_mean"	0.00256314893810583	0.00899593097689139	0.284923144107042	0.776556473667826	79	0.886517462864744	50	5	5	"mixed"	"mixed"	0.833886146220485
"Fibroblast"	"Fibroblast-9"	"cardiomyocyte_cross_sectional_area_mean"	-0.00517379537086767	0.00755460953670001	-0.684852783685718	0.495730991194245	79	0.237561687696952	50	5	5	"mixed"	"mixed"	0.600886049932419
"IC"	"IC-1"	"cardiomyocyte_cross_sectional_area_mean"	0.0574291000154097	0.0604640588955746	0.949805571514699	0.353548339191406	26	0.609224085123282	25	1	5	"LK"	"mixed"	0.476207967074138
"IC"	"IC-10"	"cardiomyocyte_cross_sectional_area_mean"	0.0122058303640684	0.0158376005829464	0.770686841112243	0.449901661766535	26	0.473625016395159	25	1	5	"LK"	"mixed"	0.560254899558326
"IC"	"IC-11"	"cardiomyocyte_cross_sectional_area_mean"	-0.0318563513899001	0.026358158762809	-1.20859547423506	0.240914163127003	26	-0.0364763828906307	25	1	5	"LK"	"mixed"	0.378579399199577
"IC"	"IC-2"	"cardiomyocyte_cross_sectional_area_mean"	0.0015760962276604	0.0464150928388654	0.0339565458402072	0.973248415094175	26	0.593852546288098	25	1	5	"LK"	"mixed"	0.973248415094175
"IC"	"IC-3"	"cardiomyocyte_cross_sectional_area_mean"	0.0568987154703937	0.0390457430008497	1.45723223833019	0.160575231187439	26	0.619810456361413	25	1	5	"LK"	"mixed"	0.284753362135886
"IC"	"IC-4"	"cardiomyocyte_cross_sectional_area_mean"	-0.0344852679654062	0.0152204359606593	-2.26572143232568	0.0347222950097848	26	0.98582369328581	25	1	5	"LK"	"mixed"	0.0694445900195695
"IC"	"IC-5"	"cardiomyocyte_cross_sectional_area_mean"	0.0260071927964212	0.0181917483393768	1.42961480728752	0.168263350353024	26	0.939148033983286	25	1	5	"LK"	"mixed"	0.284753362135886
"IC"	"IC-6"	"cardiomyocyte_cross_sectional_area_mean"	-0.0483527273293895	0.0466618500480008	-1.03623682472189	0.312459017777949	26	-0.0348135315993798	25	1	5	"LK"	"mixed"	0.448310764637926
"IC"	"IC-7"	"cardiomyocyte_cross_sectional_area_mean"	-0.0127841284965334	0.0175562575245305	-0.728180734343339	0.4749430659721	26	0.421916859105162	25	1	5	"LK"	"mixed"	0.580485969521456
"IC"	"IC-8"	"cardiomyocyte_cross_sectional_area_mean"	-0.0118086579188621	0.0135364339385659	-0.872361064402548	0.393364262109414	26	0.32751696985228	25	1	5	"LK"	"mixed"	0.509059633318065
"IC"	"IC-9"	"cardiomyocyte_cross_sectional_area_mean"	-0.0148298017738622	0.0168531462839909	-0.879942624597597	0.389341526155684	26	0.226729755386214	25	1	5	"LK"	"mixed"	0.509059633318065
"Inhibitory_neuron"	"Inhibitory_neuron-1"	"cardiomyocyte_cross_sectional_area_mean"	-0.0789098134715185	0.0239019717496338	-3.30139347071764	0.00396907941960781	24	0.857694611146337	24	1	5	"HYP"	"mixed"	0.00821188845436098
"Inhibitory_neuron"	"Inhibitory_neuron-10"	"cardiomyocyte_cross_sectional_area_mean"	0.00222478841487988	0.00452799755882439	0.49134046252832	0.629123069750434	24	0.275030935028033	24	1	5	"HYP"	"mixed"	0.712214795943887
"Inhibitory_neuron"	"Inhibitory_neuron-2"	"cardiomyocyte_cross_sectional_area_mean"	0.0106912362376616	0.0170021311219219	0.628817420651268	0.537367481571924	24	0.988537556266166	24	1	5	"HYP"	"mixed"	0.658000997843172
"Inhibitory_neuron"	"Inhibitory_neuron-3"	"cardiomyocyte_cross_sectional_area_mean"	0.00476285063047499	0.00904539438079186	0.526549803133961	0.604934816227015	24	0.945044712250036	24	1	5	"HYP"	"mixed"	0.711688019090606
"Inhibitory_neuron"	"Inhibitory_neuron-4"	"cardiomyocyte_cross_sectional_area_mean"	0.0269691022762972	0.0118414773495596	2.2775116212421	0.0351913884221269	24	0.830131885851268	24	1	5	"HYP"	"mixed"	0.0586523140368782
"Inhibitory_neuron"	"Inhibitory_neuron-5"	"cardiomyocyte_cross_sectional_area_mean"	0.0217858888380538	0.00838684444910949	2.59762643390472	0.0181899034870073	24	0.828504673111181	24	1	5	"HYP"	"mixed"	0.0320998296829541
"Inhibitory_neuron"	"Inhibitory_neuron-6"	"cardiomyocyte_cross_sectional_area_mean"	0.0127923237806199	0.00575278125845079	2.22367637598389	0.0392105356471556	24	0.909024364649537	24	1	5	"HYP"	"mixed"	0.0614749594733144
"Inhibitory_neuron"	"Inhibitory_neuron-7"	"cardiomyocyte_cross_sectional_area_mean"	0.0117133303357073	0.0118685108283415	0.986925024134987	0.33676095310935	24	0.137393237655291	24	1	5	"HYP"	"mixed"	0.449014604145801
"Inhibitory_neuron"	"Inhibitory_neuron-8"	"cardiomyocyte_cross_sectional_area_mean"	-0.0135156267048812	0.029796769148772	-0.453593697940848	0.65554229406634	24	0.136322008145344	24	1	5	"HYP"	"mixed"	0.728380326740377
"Inhibitory_neuron"	"Inhibitory_neuron-9"	"cardiomyocyte_cross_sectional_area_mean"	0.00148591966270498	0.00293726686701637	0.505885140839911	0.619076511948573	24	0.606717740010911	24	1	5	"HYP"	"mixed"	0.712214795943887
"Macrophages"	"Macrophages-1"	"cardiomyocyte_cross_sectional_area_mean"	0.0655130676517365	0.085350342398659	0.767578264018374	0.445962230624564	65	0.606219034940938	37	4	5	"mixed"	"mixed"	0.612141509753539
"Macrophages"	"Macrophages-2"	"cardiomyocyte_cross_sectional_area_mean"	-0.0196851363373629	0.0253632177041897	-0.776129297431811	0.440938370308777	65	0.954830011263294	37	4	5	"mixed"	"mixed"	0.612141509753539
"Macrophages"	"Macrophages-3"	"cardiomyocyte_cross_sectional_area_mean"	0.0385859497370933	0.0259830699607129	1.48504198293105	0.143140511855028	65	0.27865293338569	37	4	5	"mixed"	"mixed"	0.245408000812216
"Macrophages"	"Macrophages-4"	"cardiomyocyte_cross_sectional_area_mean"	-0.00863452867077985	0.0165599416117449	-0.521410574579318	0.604136848112122	65	0.385401021436636	37	4	5	"mixed"	"mixed"	0.763120229194259
"Macrophages"	"Macrophages-5"	"cardiomyocyte_cross_sectional_area_mean"	-0.0235960068341367	0.028110605817027	-0.839398730419542	0.404814795980232	65	0.570320793552762	37	4	5	"mixed"	"mixed"	0.594829904297483
"Macrophages"	"Macrophages-6"	"cardiomyocyte_cross_sectional_area_mean"	-0.00604279471676923	0.0330192792084282	-0.183008074725835	0.855452652978427	65	0.540328999726174	37	4	5	"mixed"	"mixed"	0.919292403200697
"Macrophages"	"Macrophages-7"	"cardiomyocyte_cross_sectional_area_mean"	0.000705492434325271	0.00972683601433738	0.0725305159134351	0.94243815765743	65	0.320147062880351	37	4	5	"mixed"	"mixed"	0.955711934525844
"Macrophages"	"Macrophages-8"	"cardiomyocyte_cross_sectional_area_mean"	-0.0468460432641063	0.0447115291759098	-1.04773967984407	0.299259681234157	65	0.589451732275104	37	4	5	"mixed"	"mixed"	0.489697660201348
"Mast_cells"	"Mast_cells-1"	"cardiomyocyte_cross_sectional_area_mean"	0.13267735247949	0.0706295607786356	1.87849607185471	0.133513077562068	6	0.335878908765299	6	1	1	"PBMC"	"SS"	0.576302216709079
"Mast_cells"	"Mast_cells-10"	"cardiomyocyte_cross_sectional_area_mean"	-0.0331930114455039	0.0247881357257037	-1.33906848876436	0.251578507342711	6	0.136904906321371	6	1	1	"PBMC"	"SS"	0.576302216709079
"Mast_cells"	"Mast_cells-11"	"cardiomyocyte_cross_sectional_area_mean"	-0.0250823078601284	0.0252431219561983	-0.993629389568017	0.376644748312744	6	-0.00254659591498374	6	1	1	"PBMC"	"SS"	0.576302216709079
"Mast_cells"	"Mast_cells-12"	"cardiomyocyte_cross_sectional_area_mean"	-0.0323520666688601	0.0498831351441697	-0.648557204260674	0.551977355858517	6	-0.131061413969678	6	1	1	"PBMC"	"SS"	0.66237282703022
"Mast_cells"	"Mast_cells-13"	"cardiomyocyte_cross_sectional_area_mean"	-0.196314498832505	0.177190938276285	-1.10792628981061	0.330026132782073	6	0.0435199683924103	6	1	1	"PBMC"	"SS"	0.576302216709079
"Mast_cells"	"Mast_cells-14"	"cardiomyocyte_cross_sectional_area_mean"	0.0320940483417341	0.0215729689792199	1.48769732959096	0.211045915404745	6	0.195267314864064	6	1	1	"PBMC"	"SS"	0.576302216709079
"Mast_cells"	"Mast_cells-15"	"cardiomyocyte_cross_sectional_area_mean"	-0.0276117260987621	0.0403713560247921	-0.683943489086809	0.531577344621407	6	-0.11912436580191	6	1	1	"PBMC"	"SS"	0.659889117461057
"Mast_cells"	"Mast_cells-16"	"cardiomyocyte_cross_sectional_area_mean"	0.0715249254111425	0.134065831508911	0.533505999299967	0.621950082982347	6	-0.166962275364452	6	1	1	"PBMC"	"SS"	0.69969384335514
"Mast_cells"	"Mast_cells-17"	"cardiomyocyte_cross_sectional_area_mean"	-0.0192277890865025	0.0205455454765096	-0.935861698512037	0.402327229972134	6	-0.0254649362221118	6	1	1	"PBMC"	"SS"	0.576302216709079
"Mast_cells"	"Mast_cells-18"	"cardiomyocyte_cross_sectional_area_mean"	-0.0207462566957126	0.0214234536004805	-0.968389928281555	0.387687325440372	6	-0.0126009985729429	6	1	1	"PBMC"	"SS"	0.576302216709079
"Mast_cells"	"Mast_cells-2"	"cardiomyocyte_cross_sectional_area_mean"	0.0480944670012469	0.0459151441009538	1.04746414158042	0.354003814190673	6	0.0190656610896047	6	1	1	"PBMC"	"SS"	0.576302216709079
"Mast_cells"	"Mast_cells-3"	"cardiomyocyte_cross_sectional_area_mean"	0.025825081443371	0.141216969615382	0.182875199161319	0.863790904169097	6	-0.239635611665431	6	1	1	"PBMC"	"SS"	0.863790904169097
"Mast_cells"	"Mast_cells-4"	"cardiomyocyte_cross_sectional_area_mean"	0.10371016702469	0.0529200784426574	1.95975081815247	0.121589376150004	6	0.36229559458495	6	1	1	"PBMC"	"SS"	0.576302216709079
"Mast_cells"	"Mast_cells-5"	"cardiomyocyte_cross_sectional_area_mean"	0.140847421604271	0.0458966173545851	3.06879743481141	0.0373367053454901	6	0.627352829836329	6	1	1	"PBMC"	"SS"	0.576302216709079
"Mast_cells"	"Mast_cells-6"	"cardiomyocyte_cross_sectional_area_mean"	-0.0325519827269528	0.0541676032110616	-0.600949290669469	0.580267368591632	6	-0.146489207575502	6	1	1	"PBMC"	"SS"	0.673858879654799
"Mast_cells"	"Mast_cells-7"	"cardiomyocyte_cross_sectional_area_mean"	-0.0390120606381633	0.033934011214857	-1.1496448324707	0.314352184882672	6	0.0604476490368164	6	1	1	"PBMC"	"SS"	0.576302216709079
"Mast_cells"	"Mast_cells-8"	"cardiomyocyte_cross_sectional_area_mean"	-0.200530010262198	0.173560917331243	-1.15538690014806	0.312249327808166	6	0.0627786281291339	6	1	1	"PBMC"	"SS"	0.576302216709079
"Mast_cells"	"Mast_cells-9"	"cardiomyocyte_cross_sectional_area_mean"	0.0718482470093429	0.0479615981143966	1.49803696778353	0.208483003395368	6	0.199245978860658	6	1	1	"PBMC"	"SS"	0.576302216709079
"Megakaryocytes"	"Megakaryocytes-1"	"cardiomyocyte_cross_sectional_area_mean"	0.0296104243673314	0.196657662344334	0.15056837356017	0.88760392596452	6	-0.242955291382952	6	1	1	"PBMC"	"SS"	0.912716348058562
"Megakaryocytes"	"Megakaryocytes-2"	"cardiomyocyte_cross_sectional_area_mean"	-0.0999711388876507	0.183736096176655	-0.544101790382726	0.61528014508961	6	-0.163860702945713	6	1	1	"PBMC"	"SS"	0.907247615755542
"Megakaryocytes"	"Megakaryocytes-3"	"cardiomyocyte_cross_sectional_area_mean"	-0.0458353993718205	0.0527256728391489	-0.86931843452527	0.433726143174088	6	-0.051366720459936	6	1	1	"PBMC"	"SS"	0.867452286348176
"Megakaryocytes"	"Megakaryocytes-4"	"cardiomyocyte_cross_sectional_area_mean"	0.121932998615127	0.110431374432294	1.10415177970898	0.331478929737068	6	0.0419898075808522	6	1	1	"PBMC"	"SS"	0.816948427164558
"Megakaryocytes"	"Megakaryocytes-5"	"cardiomyocyte_cross_sectional_area_mean"	0.00599613073295982	0.0151708538351357	0.395240162361381	0.712837412379354	6	-0.20301771143067	6	1	1	"PBMC"	"SS"	0.907247615755542
"Megakaryocytes"	"Megakaryocytes-6"	"cardiomyocyte_cross_sectional_area_mean"	0.0125629066398192	0.0421440615237234	0.298094350321394	0.780473804423939	6	-0.222834654267637	6	1	1	"PBMC"	"SS"	0.910552771827929
"Megakaryocytes"	"Megakaryocytes-7"	"cardiomyocyte_cross_sectional_area_mean"	-0.0242959220957654	0.0229857074870902	-1.0570012739182	0.350120754499096	6	0.0229130205230295	6	1	1	"PBMC"	"SS"	0.816948427164558
"Microglia"	"Microglia-1"	"cardiomyocyte_cross_sectional_area_mean"	0.0530762159786052	0.0950435006967556	0.558441298873759	0.58342375053703	24	0.863467273044492	24	1	5	"HYP"	"mixed"	0.71806000066096
"Microglia"	"Microglia-10"	"cardiomyocyte_cross_sectional_area_mean"	-0.0083205085205341	0.00806981611897174	-1.03106544162425	0.31616606690047	24	0.178552344722061	24	1	5	"HYP"	"mixed"	0.505865707040752
"Microglia"	"Microglia-11"	"cardiomyocyte_cross_sectional_area_mean"	-0.00943362588770226	0.0107284595902356	-0.87930851660085	0.390822036467176	24	0.0192235899938521	24	1	5	"HYP"	"mixed"	0.557806531099681
"Microglia"	"Microglia-12"	"cardiomyocyte_cross_sectional_area_mean"	-0.00894706760549597	0.0067246228185587	-1.33049359747044	0.199966864297056	24	0.081665215049935	24	1	5	"HYP"	"mixed"	0.399933728594113
"Microglia"	"Microglia-13"	"cardiomyocyte_cross_sectional_area_mean"	-0.00952488921800081	0.00859750999165691	-1.10786602484252	0.282504570614917	24	0.153204208308922	24	1	5	"HYP"	"mixed"	0.493098886891491
"Microglia"	"Microglia-14"	"cardiomyocyte_cross_sectional_area_mean"	-0.007574720794354	0.012013443548385	-0.630520363611504	0.536278000869927	24	0.0192128038679322	24	1	5	"HYP"	"mixed"	0.668606338746923
"Microglia"	"Microglia-15"	"cardiomyocyte_cross_sectional_area_mean"	-0.0098029363591533	0.00918731510976845	-1.06700774296185	0.300071079040875	24	0.0369163823461641	24	1	5	"HYP"	"mixed"	0.496669372205587
"Microglia"	"Microglia-16"	"cardiomyocyte_cross_sectional_area_mean"	-0.00979390422227074	0.0128829619875191	-0.760221463958289	0.456965143325723	24	0.0174468269286295	24	1	5	"HYP"	"mixed"	0.604937220791153
"Microglia"	"Microglia-2"	"cardiomyocyte_cross_sectional_area_mean"	0.140216589123451	0.108927881975226	1.28724240828754	0.214316664054195	24	0.686268309510362	24	1	5	"HYP"	"mixed"	0.411487994984054
"Microglia"	"Microglia-3"	"cardiomyocyte_cross_sectional_area_mean"	-0.0169494937643941	0.017954455565029	-0.944027163787001	0.357655778043559	24	-0.147919315397769	24	1	5	"HYP"	"mixed"	0.549439943925694
"Microglia"	"Microglia-4"	"cardiomyocyte_cross_sectional_area_mean"	-0.0205299437670635	0.02311345060075	-0.888224961373677	0.386135475577815	24	0.455400394187998	24	1	5	"HYP"	"mixed"	0.557806531099681
"Microglia"	"Microglia-5"	"cardiomyocyte_cross_sectional_area_mean"	-0.0589047492535548	0.0439194149701334	-1.3412006806924	0.196534547372485	24	0.222439653006742	24	1	5	"HYP"	"mixed"	0.399933728594113
"Microglia"	"Microglia-6"	"cardiomyocyte_cross_sectional_area_mean"	0.00213809169899692	0.00199916648208226	1.06949156969156	0.298981086375934	24	0.446359362168929	24	1	5	"HYP"	"mixed"	0.496669372205587
"Microglia"	"Microglia-7"	"cardiomyocyte_cross_sectional_area_mean"	-0.0221143111718349	0.0153183380087397	-1.44364951075096	0.166017325784553	24	0.151980976571306	24	1	5	"HYP"	"mixed"	0.346470940767762
"Microglia"	"Microglia-8"	"cardiomyocyte_cross_sectional_area_mean"	-0.00995235237317975	0.010738449583866	-0.926796023527706	0.366293295950462	24	0.176129125750983	24	1	5	"HYP"	"mixed"	0.549439943925694
"Microglia"	"Microglia-9"	"cardiomyocyte_cross_sectional_area_mean"	-0.00358239386351524	0.00434673306424631	-0.824157777937165	0.420637024786315	24	0.205974162619098	24	1	5	"HYP"	"mixed"	0.585234121441829
"Monocytes"	"Monocytes-1"	"cardiomyocyte_cross_sectional_area_mean"	0.0363518565105707	0.0811078966821063	0.448191335216692	0.65759109030826	35	0.65940473686471	25	4	4	"mixed"	"mixed"	0.876788120411013
"Monocytes"	"Monocytes-2"	"cardiomyocyte_cross_sectional_area_mean"	-0.0118919554678623	0.0247313610480614	-0.480845168397817	0.634500177673063	35	0.954719700854277	25	4	4	"mixed"	"mixed"	0.876788120411013
"Monocytes"	"Monocytes-3"	"cardiomyocyte_cross_sectional_area_mean"	-0.0370229766026867	0.0783309830628067	-0.472647924934138	0.640262772695474	35	0.40889411406227	25	4	4	"mixed"	"mixed"	0.876788120411013
"Monocytes"	"Monocytes-4"	"cardiomyocyte_cross_sectional_area_mean"	0.00166543354556552	0.0131628836545269	0.12652497653831	0.900253908596643	35	0.36758671340243	25	4	4	"mixed"	"mixed"	0.9660791396013
"Monocytes"	"Monocytes-5"	"cardiomyocyte_cross_sectional_area_mean"	0.0167100223598046	0.00996105561051916	1.67753529476919	0.104978714929611	35	0.759574116734412	25	4	4	"mixed"	"mixed"	0.34581223741519
"Monocytes"	"Monocytes-6"	"cardiomyocyte_cross_sectional_area_mean"	-0.00241741302924115	0.0108258786976283	-0.223299474967401	0.82498328969423	35	0.235410787299071	25	4	4	"mixed"	"mixed"	0.929928560263031
"Monocytes"	"Monocytes-7"	"cardiomyocyte_cross_sectional_area_mean"	-0.0033949673161508	0.0106293974228552	-0.319394146355935	0.751885810367786	35	-0.0929110634203065	25	4	4	"mixed"	"mixed"	0.906766142328313
"Myelinating_OL"	"Myelinating_OL-1"	"cardiomyocyte_cross_sectional_area_mean"	-0.00437418840912484	0.0577248453305503	-0.0757765288772433	0.940432757557474	24	0.867256576890977	24	1	5	"HYP"	"mixed"	0.975263600429973
"Myelinating_OL"	"Myelinating_OL-10"	"cardiomyocyte_cross_sectional_area_mean"	-0.0314793925306541	0.0248387928194791	-1.26734792465306	0.221182341622629	24	0.0789453386879911	24	1	5	"HYP"	"mixed"	0.277303234273147
"Myelinating_OL"	"Myelinating_OL-11"	"cardiomyocyte_cross_sectional_area_mean"	-0.00966974078782181	0.00753348997716056	-1.28356722012477	0.215572288954354	24	0.187316424202881	24	1	5	"HYP"	"mixed"	0.27436473139645
"Myelinating_OL"	"Myelinating_OL-12"	"cardiomyocyte_cross_sectional_area_mean"	-0.00227406127291115	0.002570034342355	-0.88483692043872	0.387911858127189	24	0.322487425756191	24	1	5	"HYP"	"mixed"	0.465494229752627
"Myelinating_OL"	"Myelinating_OL-13"	"cardiomyocyte_cross_sectional_area_mean"	-0.00603047476858543	0.00405125566224455	-1.4885446072402	0.153918500564994	24	0.236956384361527	24	1	5	"HYP"	"mixed"	0.20853474270096
"Myelinating_OL"	"Myelinating_OL-14"	"cardiomyocyte_cross_sectional_area_mean"	-0.00777759122353559	0.00556712102337309	-1.39705804685798	0.179382487408399	24	0.166999187174962	24	1	5	"HYP"	"mixed"	0.235241767667567
"Myelinating_OL"	"Myelinating_OL-2"	"cardiomyocyte_cross_sectional_area_mean"	0.0205247479693081	0.0541540931118316	0.379006401730766	0.709116830262364	24	0.799572051745829	24	1	5	"HYP"	"mixed"	0.804943428946468
"Myelinating_OL"	"Myelinating_OL-3"	"cardiomyocyte_cross_sectional_area_mean"	0.0170168511891959	0.0174898178735963	0.97295759808257	0.343468913886521	24	0.89232031430705	24	1	5	"HYP"	"mixed"	0.424285128918644
"Myelinating_OL"	"Myelinating_OL-4"	"cardiomyocyte_cross_sectional_area_mean"	0.134173736212675	0.0823294071005391	1.62971823723721	0.12053543910322	24	0.838636387810956	24	1	5	"HYP"	"mixed"	0.169022855257701
"Myelinating_OL"	"Myelinating_OL-5"	"cardiomyocyte_cross_sectional_area_mean"	-0.0242057166545214	0.0608793373177318	-0.397601513436172	0.695599584993164	24	0.102699555698935	24	1	5	"HYP"	"mixed"	0.800415960814051
"Myelinating_OL"	"Myelinating_OL-6"	"cardiomyocyte_cross_sectional_area_mean"	-0.0144115194672132	0.00707696102513481	-2.0363994398201	0.056696248256952	24	0.822730648889461	24	1	5	"HYP"	"mixed"	0.0865906337015267
"Myelinating_OL"	"Myelinating_OL-7"	"cardiomyocyte_cross_sectional_area_mean"	-0.0662617312129428	0.0467707339154307	-1.41673490377028	0.173635522447936	24	0.152235500543132	24	1	5	"HYP"	"mixed"	0.231514029930581
"Myelinating_OL"	"Myelinating_OL-8"	"cardiomyocyte_cross_sectional_area_mean"	-0.000160621220310875	0.00376716984642708	-0.0426371060660336	0.966460226067348	24	0.796822170189299	24	1	5	"HYP"	"mixed"	0.978104325176593
"Myelinating_OL"	"Myelinating_OL-9"	"cardiomyocyte_cross_sectional_area_mean"	-0.00507029782355816	0.00244959616159641	-2.06985049333757	0.0531295881332011	24	0.044173615482082	24	1	5	"HYP"	"mixed"	0.0836114649637912
"Neuronal"	"Neuronal-1"	"cardiomyocyte_cross_sectional_area_mean"	-0.0279257512269929	0.110509707589221	-0.252699530531712	0.803530603623237	23	0.510691371241827	22	1	5	"LV"	"mixed"	0.887133128314008
"Neuronal"	"Neuronal-10"	"cardiomyocyte_cross_sectional_area_mean"	-0.000168420855642896	0.00912530509995104	-0.0184564629673368	0.98548959896244	23	0.164193871655955	22	1	5	"LV"	"mixed"	0.98548959896244
"Neuronal"	"Neuronal-11"	"cardiomyocyte_cross_sectional_area_mean"	0.00344187389385399	0.0161206014895977	0.213507783569674	0.833470538957665	23	-0.0706184995847801	22	1	5	"LV"	"mixed"	0.88885477538344
"Neuronal"	"Neuronal-12"	"cardiomyocyte_cross_sectional_area_mean"	0.0113569062694295	0.00775742399450321	1.46400483942566	0.16143917368699	23	0.222951192962688	22	1	5	"LV"	"mixed"	0.415129303766546
"Neuronal"	"Neuronal-2"	"cardiomyocyte_cross_sectional_area_mean"	0.0248576997179289	0.0523727236534445	0.474630647098188	0.641090156570281	23	0.0274485655869903	22	1	5	"LV"	"mixed"	0.854786875427042
"Neuronal"	"Neuronal-3"	"cardiomyocyte_cross_sectional_area_mean"	0.0137854161427289	0.0670194529044891	0.205692758524526	0.839473954528805	23	0.870642879660441	22	1	5	"LV"	"mixed"	0.88885477538344
"Neuronal"	"Neuronal-4"	"cardiomyocyte_cross_sectional_area_mean"	-0.026798281785511	0.0340506547073572	-0.787012232681705	0.442109152075728	23	-0.0217593853708171	22	1	5	"LV"	"mixed"	0.712922372329877
"Neuronal"	"Neuronal-5"	"cardiomyocyte_cross_sectional_area_mean"	-0.00189993026095924	0.0113238357584764	-0.167781509859594	0.868734976143626	23	0.438338094294398	22	1	5	"LV"	"mixed"	0.906506062062915
"Neuronal"	"Neuronal-6"	"cardiomyocyte_cross_sectional_area_mean"	-0.0142945654469623	0.0109408754968167	-1.30652848130128	0.20877335345649	23	0.0363712830948926	22	1	5	"LV"	"mixed"	0.429476612824779
"Neuronal"	"Neuronal-7"	"cardiomyocyte_cross_sectional_area_mean"	0.0101847691313033	0.00718350935807668	1.41779854714774	0.174319148683801	23	0.464436481384807	22	1	5	"LV"	"mixed"	0.429476612824779
"Neuronal"	"Neuronal-8"	"cardiomyocyte_cross_sectional_area_mean"	-0.00366960016091217	0.0115222260374918	-0.318480139946203	0.754000130937937	23	0.199320837346644	22	1	5	"LV"	"mixed"	0.88692875602246
"Neuronal"	"Neuronal-9"	"cardiomyocyte_cross_sectional_area_mean"	0.0111298845817358	0.0319134057176457	0.348752642704686	0.731556998887802	23	-0.125204007919349	22	1	5	"LV"	"mixed"	0.88692875602246
"Neutrophils"	"Neutrophils-1"	"cardiomyocyte_cross_sectional_area_mean"	0.132560468673542	0.0931098011647688	1.42370048067185	0.213827426091281	9	0.941149752647753	9	2	2	"mixed"	"mixed"	0.458320129131741
"Neutrophils"	"Neutrophils-2"	"cardiomyocyte_cross_sectional_area_mean"	0.0151519667635003	0.0191395673382534	0.791656702354852	0.464443140913601	9	0.996357768009199	9	2	2	"mixed"	"mixed"	0.646181761271097
"Neutrophils"	"Neutrophils-3"	"cardiomyocyte_cross_sectional_area_mean"	-0.111973883632762	0.104859793887336	-1.06784382728303	0.334412484047506	9	-0.126397889692229	9	2	2	"mixed"	"mixed"	0.50958092807239
"Neutrophils"	"Neutrophils-4"	"cardiomyocyte_cross_sectional_area_mean"	0.0149334945665947	0.0248495854777884	0.600955479919087	0.574071631275883	9	-0.0193284320249698	9	2	2	"mixed"	"mixed"	0.706549700031856
"Neutrophils"	"Neutrophils-5"	"cardiomyocyte_cross_sectional_area_mean"	-0.0174493989011939	0.014141010377426	-1.23395701123657	0.272052851029638	9	0.84470038246247	9	2	2	"mixed"	"mixed"	0.458320129131741
"Neutrophils"	"Neutrophils-6"	"cardiomyocyte_cross_sectional_area_mean"	-0.0202309724487338	0.0248237231841372	-0.814985419337166	0.452137703931831	9	0.343498263044836	9	2	2	"mixed"	"mixed"	0.646181761271097
"Neutrophils"	"Neutrophils-7"	"cardiomyocyte_cross_sectional_area_mean"	-0.00350353032271856	0.0221569122356483	-0.158123581727319	0.880547201401401	9	0.483673101133978	9	2	2	"mixed"	"mixed"	0.880547201401401
"Neutrophils"	"Neutrophils-8"	"cardiomyocyte_cross_sectional_area_mean"	-0.00948814469822859	0.00769056365471211	-1.23373852999904	0.272127576671971	9	0.915944882382186	9	2	2	"mixed"	"mixed"	0.458320129131741
"NFO"	"NFO-1"	"cardiomyocyte_cross_sectional_area_mean"	-0.0197983723335071	0.0332901875655751	-0.594720960778854	0.562238798583435	18	0.8603552988213	18	1	4	"HYP"	"mixed"	0.681501574040527
"NFO"	"NFO-2"	"cardiomyocyte_cross_sectional_area_mean"	0.125872763744244	0.0773634235028957	1.62703197512365	0.127713299101284	18	0.0291253517276306	18	1	4	"HYP"	"mixed"	0.237020613499981
"NFO"	"NFO-3"	"cardiomyocyte_cross_sectional_area_mean"	-0.10045580274761	0.0256930028892859	-3.90985059942137	0.00179246481937609	18	0.565111975837007	18	1	4	"HYP"	"mixed"	0.0102426561107205
"NFO"	"NFO-4"	"cardiomyocyte_cross_sectional_area_mean"	-0.062882603686106	0.0456468961700689	-1.37758772144816	0.191584928854167	18	0.777728444952199	18	1	4	"HYP"	"mixed"	0.319308214756945
"NFO"	"NFO-5"	"cardiomyocyte_cross_sectional_area_mean"	0.00486326204311323	0.0183429585171028	0.265129642995091	0.795067131435641	18	0.102462490540989	18	1	4	"HYP"	"mixed"	0.859532033984477
"NFO"	"NFO-6"	"cardiomyocyte_cross_sectional_area_mean"	0.0227755977514999	0.0213653851138983	1.06600455035487	0.305819984059841	18	0.399096460030046	18	1	4	"HYP"	"mixed"	0.453066643051617
"NFO"	"NFO-7"	"cardiomyocyte_cross_sectional_area_mean"	0.0354899850453716	0.0159188898489889	2.2294258822091	0.0440475673549107	18	0.646294508131039	18	1	4	"HYP"	"mixed"	0.117460179613095
"NFO"	"NFO-8"	"cardiomyocyte_cross_sectional_area_mean"	-0.00586482981700572	0.0153930196287016	-0.381005803830084	0.709352714416451	18	-0.210615032687705	18	1	4	"HYP"	"mixed"	0.788169682684946
"NK_cells"	"NK_cells-1"	"cardiomyocyte_cross_sectional_area_mean"	-0.0367141803365392	0.0394021716593215	-0.931780630112898	0.358427094372805	40	0.476792631400986	33	3	5	"mixed"	"mixed"	0.531003102774525
"NK_cells"	"NK_cells-10"	"cardiomyocyte_cross_sectional_area_mean"	-0.0172242402760437	0.0199898948791543	-0.861647366340347	0.395292619644896	40	0.785574761734891	33	3	5	"mixed"	"mixed"	0.545231199510202
"NK_cells"	"NK_cells-2"	"cardiomyocyte_cross_sectional_area_mean"	0.0120346236575167	0.0128652702048711	0.935434970729192	0.356570220992622	40	0.878187163162781	33	3	5	"mixed"	"mixed"	0.531003102774525
"NK_cells"	"NK_cells-3"	"cardiomyocyte_cross_sectional_area_mean"	0.0156778326556237	0.0176710793054224	0.887202891495875	0.381589470773198	40	0.723485309918594	33	3	5	"mixed"	"mixed"	0.537711524156355
"NK_cells"	"NK_cells-4"	"cardiomyocyte_cross_sectional_area_mean"	-0.0101670237783243	0.0163259603369974	-0.622751958749044	0.537860606108229	40	0.425227745584973	33	3	5	"mixed"	"mixed"	0.661982284440897
"NK_cells"	"NK_cells-5"	"cardiomyocyte_cross_sectional_area_mean"	0.0949750531293339	0.0399031156649333	2.3801412883856	0.0234323222143114	40	0.894618269333323	33	3	5	"mixed"	"mixed"	0.0624861925714971
"NK_cells"	"NK_cells-6"	"cardiomyocyte_cross_sectional_area_mean"	-0.00549930408165561	0.00192830180793966	-2.85188970886848	0.00755163734703284	40	0.976069425816382	33	3	5	"mixed"	"mixed"	0.0262665646853316
"NK_cells"	"NK_cells-7"	"cardiomyocyte_cross_sectional_area_mean"	-0.0140072958372449	0.00743397725428819	-1.88422635126641	0.0686467327427207	40	0.304312752205092	33	3	5	"mixed"	"mixed"	0.148425368092369
"NK_cells"	"NK_cells-8"	"cardiomyocyte_cross_sectional_area_mean"	-0.017224931551611	0.00871327523751159	-1.97686071908481	0.0567279542823926	40	0.253721158763455	33	3	5	"mixed"	"mixed"	0.129663895502612
"NK_cells"	"NK_cells-9"	"cardiomyocyte_cross_sectional_area_mean"	-0.0218505335810556	0.0193640609623774	-1.12840656841089	0.267537445707204	40	0.0328244849900664	33	3	5	"mixed"	"mixed"	0.446283413618151
"NKT"	"NKT-1"	"cardiomyocyte_cross_sectional_area_mean"	-0.00708177107961833	0.0593517878575279	-0.119318580539105	0.906275538352503	24	0.933323909220146	19	2	3	"mixed"	"mixed"	0.934476525517629
"NKT"	"NKT-2"	"cardiomyocyte_cross_sectional_area_mean"	-0.0208288234865848	0.0336457906502315	-0.619061792992566	0.543227758041041	24	0.84939243462502	19	2	3	"mixed"	"mixed"	0.590464954392436
"NKT"	"NKT-3"	"cardiomyocyte_cross_sectional_area_mean"	-0.0600817028767071	0.0580752264846409	-1.03454960942076	0.313868329842525	24	0.622234549105911	19	2	3	"mixed"	"mixed"	0.418959896051686
"NKT"	"NKT-4"	"cardiomyocyte_cross_sectional_area_mean"	-0.00101725204839442	0.0122104436833207	-0.0833099987827613	0.934476525517629	24	0.404218221969733	19	2	3	"mixed"	"mixed"	0.934476525517629
"NKT"	"NKT-5"	"cardiomyocyte_cross_sectional_area_mean"	0.0890095494913045	0.075207930202744	1.18351281907844	0.251202795079889	24	0.480922792167215	19	2	3	"mixed"	"mixed"	0.403116468479044
"OPC"	"OPC-1"	"cardiomyocyte_cross_sectional_area_mean"	0.00465861124445485	0.0536815411869195	0.0867823676714783	0.931802611067817	24	0.942240661071238	24	1	5	"HYP"	"mixed"	0.934417022792161
"OPC"	"OPC-2"	"cardiomyocyte_cross_sectional_area_mean"	0.071579590056497	0.0440658068534278	1.62437942631088	0.1216763370513	24	0.95187671592991	24	1	5	"HYP"	"mixed"	0.208588006373658
"OPC"	"OPC-3"	"cardiomyocyte_cross_sectional_area_mean"	-0.0383703104467004	0.03648901428497	-1.05155787840795	0.306915583306981	24	-0.0724247171104437	24	1	5	"HYP"	"mixed"	0.446422666628337
"OPC"	"OPC-4"	"cardiomyocyte_cross_sectional_area_mean"	-0.00282237703403222	0.00831835214994617	-0.339295209334278	0.738313844580941	24	0.530346530914941	24	1	5	"HYP"	"mixed"	0.80543328499739
"OPC"	"OPC-5"	"cardiomyocyte_cross_sectional_area_mean"	-0.0245907084370745	0.0245177810621064	-1.00297446880626	0.329166619604663	24	0.128774477122063	24	1	5	"HYP"	"mixed"	0.453870920357044
"OPC"	"OPC-6"	"cardiomyocyte_cross_sectional_area_mean"	-0.000531304234955312	0.0055627741474005	-0.0955106608460083	0.924964511876017	24	0.399464429822988	24	1	5	"HYP"	"mixed"	0.934417022792161
"OPC"	"OPC-7"	"cardiomyocyte_cross_sectional_area_mean"	-0.0115825733273643	0.0083825440575188	-1.38174917398438	0.183959020030277	24	0.403981490212271	24	1	5	"HYP"	"mixed"	0.284839772950107
"OPC"	"OPC-8"	"cardiomyocyte_cross_sectional_area_mean"	0.00165907217917484	0.00894605099605411	0.185453020545782	0.854947470797213	24	0.146115530184334	24	1	5	"HYP"	"mixed"	0.91194396885036
"Pars_tuberalis_cell"	"Pars_tuberalis_cell-1"	"cardiomyocyte_cross_sectional_area_mean"	0.0411359692188415	0.0639611769315111	0.643139654276365	0.531314662073465	18	0.724737309251633	18	1	4	"HYP"	"mixed"	0.724519993736544
"Pars_tuberalis_cell"	"Pars_tuberalis_cell-2"	"cardiomyocyte_cross_sectional_area_mean"	0.051563191508414	0.104035847100963	0.495629083102228	0.628428856385768	18	0.672910871323782	18	1	4	"HYP"	"mixed"	0.785536070482211
"Pars_tuberalis_cell"	"Pars_tuberalis_cell-3"	"cardiomyocyte_cross_sectional_area_mean"	0.0646271954948637	0.0461155473690497	1.40141880953229	0.184508910642293	18	0.852490311877042	18	1	4	"HYP"	"mixed"	0.345954207454299
"Pars_tuberalis_cell"	"Pars_tuberalis_cell-4"	"cardiomyocyte_cross_sectional_area_mean"	-0.149770618486217	0.150653603423186	-0.994138972338494	0.338300003979401	18	0.0378865447373354	18	1	4	"HYP"	"mixed"	0.483285719970573
"Pars_tuberalis_cell"	"Pars_tuberalis_cell-5"	"cardiomyocyte_cross_sectional_area_mean"	-0.00190462514603531	0.0166260680056477	-0.114556559337321	0.910547043416532	18	0.176039013123	18	1	4	"HYP"	"mixed"	0.952024551194512
"Pars_tuberalis_cell"	"Pars_tuberalis_cell-6"	"cardiomyocyte_cross_sectional_area_mean"	-0.00565111258986682	0.0198634608523194	-0.284497884426165	0.780510191417504	18	0.258497527720553	18	1	4	"HYP"	"mixed"	0.936612229701004
"Pericyte"	"Pericyte-1"	"cardiomyocyte_cross_sectional_area_mean"	0.0102674606367185	0.0786098261775939	0.130612941612699	0.896690654763696	51	0.738918373640445	47	3	5	"mixed"	"mixed"	0.965208841584714
"Pericyte"	"Pericyte-10"	"cardiomyocyte_cross_sectional_area_mean"	-0.00857202288955657	0.0156218517889305	-0.548720024064664	0.586035665031538	51	0.200579923266205	47	3	5	"mixed"	"mixed"	0.801943541622104
"Pericyte"	"Pericyte-11"	"cardiomyocyte_cross_sectional_area_mean"	-0.00389666347995601	0.015210999659173	-0.256174056095394	0.799038066692986	51	0.580387430071522	47	3	5	"mixed"	"mixed"	0.933707403776074
"Pericyte"	"Pericyte-12"	"cardiomyocyte_cross_sectional_area_mean"	-0.00557140559524879	0.0113789684977921	-0.489623079308977	0.626889290400535	51	0.0731492997592421	47	3	5	"mixed"	"mixed"	0.838840717282089
"Pericyte"	"Pericyte-13"	"cardiomyocyte_cross_sectional_area_mean"	-0.00901141602098992	0.0101768496554582	-0.885481885463128	0.380821913298811	51	0.540114264335903	47	3	5	"mixed"	"mixed"	0.591126551986213
"Pericyte"	"Pericyte-2"	"cardiomyocyte_cross_sectional_area_mean"	7.4230009044707e-05	0.0381503455272893	0.00194572311256289	0.998456537514005	51	0.864626328005593	47	3	5	"mixed"	"mixed"	0.998456537514005
"Pericyte"	"Pericyte-3"	"cardiomyocyte_cross_sectional_area_mean"	0.00617700398976911	0.0209273549529225	0.295164104764538	0.769289047297204	51	0.328561569255612	47	3	5	"mixed"	"mixed"	0.919609895619647
"Pericyte"	"Pericyte-4"	"cardiomyocyte_cross_sectional_area_mean"	0.0110888797698881	0.0126964674540268	0.873383073680951	0.38730582459063	51	0.612311132421743	47	3	5	"mixed"	"mixed"	0.592350084668023
"Pericyte"	"Pericyte-5"	"cardiomyocyte_cross_sectional_area_mean"	0.0324002608681705	0.027168989188764	1.19254568666728	0.23958676919109	51	0.376028286618709	47	3	5	"mixed"	"mixed"	0.431832743221044
"Pericyte"	"Pericyte-6"	"cardiomyocyte_cross_sectional_area_mean"	-0.000626283757361246	0.0494023683904844	-0.012677201068803	0.989943964530136	51	0.61818526845769	47	3	5	"mixed"	"mixed"	0.998456537514005
"Pericyte"	"Pericyte-7"	"cardiomyocyte_cross_sectional_area_mean"	0.00996008133206916	0.0231533316772379	0.430179184184579	0.669213672423536	51	0.718685601573555	47	3	5	"mixed"	"mixed"	0.865155551209358
"Pericyte"	"Pericyte-8"	"cardiomyocyte_cross_sectional_area_mean"	-0.0356687910478558	0.029288588875633	-1.21783917959704	0.22992576815015	51	0.499960457126754	47	3	5	"mixed"	"mixed"	0.427004997993135
"Pericyte"	"Pericyte-9"	"cardiomyocyte_cross_sectional_area_mean"	-0.00662133381469186	0.00848387702560629	-0.780460842926784	0.439395048862216	51	0.889739981648467	47	3	5	"mixed"	"mixed"	0.634681737245423
"Plasma_cells"	"Plasma_cells-1"	"cardiomyocyte_cross_sectional_area_mean"	-0.111110474486646	0.585937776400387	-0.18962845367171	0.861705161245865	5	-0.317540871037715	5	1	1	"PBMC"	"SS"	0.958888751573249
"Plasma_cells"	"Plasma_cells-10"	"cardiomyocyte_cross_sectional_area_mean"	-0.0505552229068496	0.0514756828518387	-0.982118548137799	0.398462441138036	5	-0.00894000485070334	5	1	1	"PBMC"	"SS"	0.958888751573249
"Plasma_cells"	"Plasma_cells-11"	"cardiomyocyte_cross_sectional_area_mean"	0.0318727263502131	0.0138459677664527	2.30195006140613	0.104800834676743	5	0.518012713507601	5	1	1	"PBMC"	"SS"	0.753704177683438
"Plasma_cells"	"Plasma_cells-12"	"cardiomyocyte_cross_sectional_area_mean"	-0.00556281627871189	0.0341243582285555	-0.163015997002894	0.880868164304629	5	-0.321626272967989	5	1	1	"PBMC"	"SS"	0.958888751573249
"Plasma_cells"	"Plasma_cells-13"	"cardiomyocyte_cross_sectional_area_mean"	-0.00816025523592251	0.0439234425700609	-0.185783598881311	0.864466294626027	5	-0.318167575639023	5	1	1	"PBMC"	"SS"	0.958888751573249
"Plasma_cells"	"Plasma_cells-14"	"cardiomyocyte_cross_sectional_area_mean"	-0.00332790765102596	0.0334041599354557	-0.0996255453648953	0.926925793187474	5	-0.328936657461689	5	1	1	"PBMC"	"SS"	0.958888751573249
"Plasma_cells"	"Plasma_cells-15"	"cardiomyocyte_cross_sectional_area_mean"	-0.00762162548064901	0.0327893711485261	-0.232441953403904	0.831149562863389	5	-0.309745145588593	5	1	1	"PBMC"	"SS"	0.958888751573249
"Plasma_cells"	"Plasma_cells-2"	"cardiomyocyte_cross_sectional_area_mean"	-0.260713177237235	0.63451234834467	-0.410887475897655	0.708741677797228	5	-0.262296137979252	5	1	1	"PBMC"	"SS"	0.958888751573249
"Plasma_cells"	"Plasma_cells-3"	"cardiomyocyte_cross_sectional_area_mean"	0.193722672350314	0.0706152288037812	2.7433554437473	0.071137640888099	5	0.619988566831657	5	1	1	"PBMC"	"SS"	0.71137640888099
"Plasma_cells"	"Plasma_cells-4"	"cardiomyocyte_cross_sectional_area_mean"	0.0209060356305359	0.118279784321523	0.176750708081328	0.870963294359679	5	-0.319591628319221	5	1	1	"PBMC"	"SS"	0.958888751573249
"Plasma_cells"	"Plasma_cells-5"	"cardiomyocyte_cross_sectional_area_mean"	0.0357116037468783	0.0506919154240351	0.704483218835839	0.531896199151387	5	-0.144067695391989	5	1	1	"PBMC"	"SS"	0.958888751573249
"Plasma_cells"	"Plasma_cells-6"	"cardiomyocyte_cross_sectional_area_mean"	0.0221520458620128	0.0519617504238272	0.426314465569946	0.698618425398445	5	-0.257172157907214	5	1	1	"PBMC"	"SS"	0.958888751573249
"Plasma_cells"	"Plasma_cells-7"	"cardiomyocyte_cross_sectional_area_mean"	0.030915331122526	0.0447225077472372	0.691270071375544	0.53908548706865	5	-0.15013443394738	5	1	1	"PBMC"	"SS"	0.958888751573249
"Plasma_cells"	"Plasma_cells-8"	"cardiomyocyte_cross_sectional_area_mean"	0.0801426321967388	0.0119776727926616	6.6910019654102	0.00680976946433375	5	0.916264574914174	5	1	1	"PBMC"	"SS"	0.199365995823662
"Plasma_cells"	"Plasma_cells-9"	"cardiomyocyte_cross_sectional_area_mean"	0.0316284320178205	0.0253599853169596	1.24717864078056	0.30082755005317	5	0.121931753342532	5	1	1	"PBMC"	"SS"	0.958888751573249
"Plasmablasts"	"Plasmablasts-1"	"cardiomyocyte_cross_sectional_area_mean"	0.219979052402919	0.140785808804138	1.56250870930432	0.193201911572	6	0.223775262775646	6	1	1	"PBMC"	"SS"	0.42933758127111
"Plasmablasts"	"Plasmablasts-10"	"cardiomyocyte_cross_sectional_area_mean"	0.000926676036037229	0.0129087689031903	0.0717865540073469	0.946217809272158	6	-0.248391662897074	6	1	1	"PBMC"	"SS"	0.946217809272158
"Plasmablasts"	"Plasmablasts-2"	"cardiomyocyte_cross_sectional_area_mean"	-0.0685594315062817	0.0292064584987476	-2.34740653370286	0.0787381430884171	6	0.474255193430546	6	1	1	"PBMC"	"SS"	0.331947616679174
"Plasmablasts"	"Plasmablasts-3"	"cardiomyocyte_cross_sectional_area_mean"	-0.0421426779509302	0.0625199440447221	-0.674067749017569	0.537216160985441	6	-0.122493864847435	6	1	1	"PBMC"	"SS"	0.716288214647255
"Plasmablasts"	"Plasmablasts-4"	"cardiomyocyte_cross_sectional_area_mean"	0.0134141036908909	0.0472661445375038	0.283799404883707	0.790648061999413	6	-0.225327389046948	6	1	1	"PBMC"	"SS"	0.878497846666015
"Plasmablasts"	"Plasmablasts-5"	"cardiomyocyte_cross_sectional_area_mean"	-0.014216602900224	0.0158915373294033	-0.894602114668902	0.421565093863592	6	-0.041598757992936	6	1	1	"PBMC"	"SS"	0.648561682867064
"Plasmablasts"	"Plasmablasts-6"	"cardiomyocyte_cross_sectional_area_mean"	-0.0587857476377834	0.0353863718850809	-1.66125388125952	0.171998559871663	6	0.260329256874806	6	1	1	"PBMC"	"SS"	0.42933758127111
"Plasmablasts"	"Plasmablasts-7"	"cardiomyocyte_cross_sectional_area_mean"	-0.0314413923474065	0.0192545902192205	-1.63292970608228	0.177821080082181	6	0.249976684588381	6	1	1	"PBMC"	"SS"	0.42933758127111
"Plasmablasts"	"Plasmablasts-8"	"cardiomyocyte_cross_sectional_area_mean"	-0.0176566166787367	0.0231103641183245	-0.764012915951267	0.48743935571319	6	-0.0908180804088201	6	1	1	"PBMC"	"SS"	0.696341936733128
"Plasmablasts"	"Plasmablasts-9"	"cardiomyocyte_cross_sectional_area_mean"	-0.00151736310848475	0.00920090117202265	-0.164914618700462	0.877009874473538	6	-0.24155838645362	6	1	1	"PBMC"	"SS"	0.923168288919514
"POD"	"POD-1"	"cardiomyocyte_cross_sectional_area_mean"	-0.0441568549931486	0.0954474629790392	-0.4626299496598	0.648623464839147	26	0.743224203793727	25	1	5	"LK"	"mixed"	0.778348157806977
"POD"	"POD-2"	"cardiomyocyte_cross_sectional_area_mean"	0.13399589381357	0.0750962860567046	1.78432118084229	0.0895511294574383	26	0.835210391353578	25	1	5	"LK"	"mixed"	0.214922710697852
"POD"	"POD-3"	"cardiomyocyte_cross_sectional_area_mean"	-0.124714334395351	0.128483873493071	-0.970661383446513	0.343310420196028	26	0.47213673865139	25	1	5	"LK"	"mixed"	0.514965630294042
"POD"	"POD-4"	"cardiomyocyte_cross_sectional_area_mean"	0.118566217079001	0.101585823526416	1.16715318105551	0.256876277694976	26	0.0160333884610909	25	1	5	"LK"	"mixed"	0.486712947211533
"POD"	"POD-5"	"cardiomyocyte_cross_sectional_area_mean"	-0.0089666770404322	0.0305701304506021	-0.293314974724146	0.772303307462236	26	0.125508842334379	25	1	5	"LK"	"mixed"	0.862087663073648
"POD"	"POD-6"	"cardiomyocyte_cross_sectional_area_mean"	-0.0747242444636389	0.0429366096780483	-1.74033872315359	0.0971649504362894	26	0.244921913777413	25	1	5	"LK"	"mixed"	0.218621138481651
"Premyelinating_OL"	"Premyelinating_OL-1"	"cardiomyocyte_cross_sectional_area_mean"	0.121247581894412	0.0793482703506141	1.52804316160463	0.150461527298466	18	0.317610334320188	18	1	4	"HYP"	"mixed"	0.584069595974314
"Premyelinating_OL"	"Premyelinating_OL-10"	"cardiomyocyte_cross_sectional_area_mean"	0.00108161576487712	0.000961770911047675	1.12460852418472	0.28109163709773	18	-0.104600859458699	18	1	4	"HYP"	"mixed"	0.64867300868707
"Premyelinating_OL"	"Premyelinating_OL-11"	"cardiomyocyte_cross_sectional_area_mean"	0.000946929219566481	0.00155944675527985	0.607221257385317	0.554162582207619	18	-0.113010279224495	18	1	4	"HYP"	"mixed"	0.834363665670304
"Premyelinating_OL"	"Premyelinating_OL-12"	"cardiomyocyte_cross_sectional_area_mean"	-0.000337681220032957	0.000717073343496177	-0.470915873663009	0.645504834332988	18	-0.126876223951416	18	1	4	"HYP"	"mixed"	0.841962827390854
"Premyelinating_OL"	"Premyelinating_OL-2"	"cardiomyocyte_cross_sectional_area_mean"	-0.192874027841911	0.11224557056037	-1.71832195140544	0.109445663343854	18	0.349407685456136	18	1	4	"HYP"	"mixed"	0.584069595974314
"Premyelinating_OL"	"Premyelinating_OL-3"	"cardiomyocyte_cross_sectional_area_mean"	0.0839523587415838	0.0672281004631979	1.24876886544699	0.233769875445038	18	0.11657064370229	18	1	4	"HYP"	"mixed"	0.584424688612596
"Premyelinating_OL"	"Premyelinating_OL-4"	"cardiomyocyte_cross_sectional_area_mean"	-0.0224004570151439	0.109654264381387	-0.204282588930907	0.841296086087503	18	0.49473535518319	18	1	4	"HYP"	"mixed"	0.938929287225597
"Premyelinating_OL"	"Premyelinating_OL-5"	"cardiomyocyte_cross_sectional_area_mean"	0.00154166257838795	0.00387690428473552	0.397652989385865	0.697338608829133	18	-0.219693041232562	18	1	4	"HYP"	"mixed"	0.873321665210526
"Premyelinating_OL"	"Premyelinating_OL-6"	"cardiomyocyte_cross_sectional_area_mean"	0.00324323753511338	0.00247825684514072	1.30867692001844	0.21330743324233	18	0.247391887273567	18	1	4	"HYP"	"mixed"	0.584424688612596
"Premyelinating_OL"	"Premyelinating_OL-7"	"cardiomyocyte_cross_sectional_area_mean"	0.0035170113692269	0.00442675966177293	0.794488889830158	0.441174176185497	18	0.191743577276771	18	1	4	"HYP"	"mixed"	0.747362770352827
"Premyelinating_OL"	"Premyelinating_OL-8"	"cardiomyocyte_cross_sectional_area_mean"	-0.000485397141973823	0.00211709511083339	-0.229275075781904	0.822222826813886	18	0.181745321727147	18	1	4	"HYP"	"mixed"	0.938929287225597
"Premyelinating_OL"	"Premyelinating_OL-9"	"cardiomyocyte_cross_sectional_area_mean"	0.000567166115894663	0.00107356672475262	0.528300759345309	0.606192203153594	18	0.118856284923253	18	1	4	"HYP"	"mixed"	0.841962827390854
"PT"	"PT-1"	"cardiomyocyte_cross_sectional_area_mean"	0.0103477871339591	0.0374256888675185	0.276488888971122	0.78500970377102	26	0.685452839609769	25	1	5	"LK"	"mixed"	0.903298837215968
"PT"	"PT-10"	"cardiomyocyte_cross_sectional_area_mean"	0.00160260986873917	0.00317971990946554	0.504009760095046	0.619761511586918	26	0.991940870031633	25	1	5	"LK"	"mixed"	0.78878737838335
"PT"	"PT-11"	"cardiomyocyte_cross_sectional_area_mean"	0.0233252586993049	0.0338774782244744	0.688518151934159	0.499036019586149	26	0.234880005713048	25	1	5	"LK"	"mixed"	0.698650427420608
"PT"	"PT-12"	"cardiomyocyte_cross_sectional_area_mean"	-0.0381918039654458	0.0319222299996719	-1.19640150346133	0.245530935553877	26	-0.0521963724520809	25	1	5	"LK"	"mixed"	0.400444022719597
"PT"	"PT-13"	"cardiomyocyte_cross_sectional_area_mean"	-0.0587049820322497	0.0463483551521128	-1.26660335279608	0.219850152045042	26	-0.0393455987936489	25	1	5	"LK"	"mixed"	0.376885974934357
"PT"	"PT-14"	"cardiomyocyte_cross_sectional_area_mean"	-0.0441668122716303	0.0358801139520978	-1.230955183994	0.232619982688961	26	-0.0302640219828321	25	1	5	"LK"	"mixed"	0.390801570917454
"PT"	"PT-2"	"cardiomyocyte_cross_sectional_area_mean"	0.0554943809891717	0.0486988511973123	1.13954189112852	0.267941806995558	26	0.551308504679725	25	1	5	"LK"	"mixed"	0.416798366437534
"PT"	"PT-3"	"cardiomyocyte_cross_sectional_area_mean"	0.0409929953727071	0.0189702223414311	2.16091275236021	0.0430102634525551	26	0.956526660568865	25	1	5	"LK"	"mixed"	0.0926374905131957
"PT"	"PT-4"	"cardiomyocyte_cross_sectional_area_mean"	0.0385052937258053	0.0428778103664073	0.898023788919323	0.379856943291864	26	0.39714092670345	25	1	5	"LK"	"mixed"	0.55978917958801
"PT"	"PT-5"	"cardiomyocyte_cross_sectional_area_mean"	0.00194590845555768	0.0144993272055701	0.134206810286351	0.894580395088683	26	0.972810450992847	25	1	5	"LK"	"mixed"	0.951199407436068
"PT"	"PT-6"	"cardiomyocyte_cross_sectional_area_mean"	-0.00395406740103626	0.0532592994804729	-0.0742418214209894	0.941555514321986	26	0.458280868310646	25	1	5	"LK"	"mixed"	0.964520282963986
"PT"	"PT-7"	"cardiomyocyte_cross_sectional_area_mean"	0.00910064695938699	0.0405726614773987	0.224304904534216	0.824795659255402	26	0.440167517434364	25	1	5	"LK"	"mixed"	0.922467818164409
"PT"	"PT-8"	"cardiomyocyte_cross_sectional_area_mean"	-0.00525839712033487	0.0369326590183373	-0.142377972778078	0.88820601747092	26	0.725644264690625	25	1	5	"LK"	"mixed"	0.951199407436068
"PT"	"PT-9"	"cardiomyocyte_cross_sectional_area_mean"	-0.031038818413935	0.0267947537642991	-1.15839162721811	0.260350015127022	26	0.590770399902824	25	1	5	"LK"	"mixed"	0.412630212654148
"T_cells"	"T_cells-1"	"cardiomyocyte_cross_sectional_area_mean"	-0.0116239144630284	0.0515114930974283	-0.225656717832718	0.822780947780606	44	0.642862428767485	30	4	5	"mixed"	"mixed"	0.863117109289516
"T_cells"	"T_cells-2"	"cardiomyocyte_cross_sectional_area_mean"	0.00870240133565547	0.00584017349438295	1.49009294741421	0.145157281502486	44	0.98339836710737	30	4	5	"mixed"	"mixed"	0.294997055956664
"T_cells"	"T_cells-3"	"cardiomyocyte_cross_sectional_area_mean"	-0.0359102384601869	0.0159408495482487	-2.25271798416366	0.0306494895973914	44	0.662721356419066	30	4	5	"mixed"	"mixed"	0.0922383899925645
"T_cells"	"T_cells-4"	"cardiomyocyte_cross_sectional_area_mean"	-0.0301387995798455	0.0222598194343571	-1.35395525865441	0.184429169825047	44	0.283189758845675	30	4	5	"mixed"	"mixed"	0.363094928093061
"T_cells"	"T_cells-5"	"cardiomyocyte_cross_sectional_area_mean"	-0.0217781436242209	0.0310289272898375	-0.701865824132233	0.487404219462944	44	0.0163827826452634	30	4	5	"mixed"	"mixed"	0.670719314818425
"T_cells"	"T_cells-6"	"cardiomyocyte_cross_sectional_area_mean"	0.101931631684567	0.0489629014360454	2.0818135505656	0.0447372629136568	44	0.721324733179806	30	4	5	"mixed"	"mixed"	0.117435315148349
"T_cells"	"T_cells-7"	"cardiomyocyte_cross_sectional_area_mean"	-0.0111829368929408	0.00623483836561512	-1.79362097895179	0.0815178664553078	44	0.216968050339963	30	4	5	"mixed"	"mixed"	0.177090537471876
"TAL"	"TAL-1"	"cardiomyocyte_cross_sectional_area_mean"	0.050368915157421	0.0822825254546661	0.612145955403033	0.547338243089141	26	0.487991379074598	25	1	5	"LK"	"mixed"	0.767059725619075
"TAL"	"TAL-10"	"cardiomyocyte_cross_sectional_area_mean"	-0.0157767736054512	0.0158806410264122	-0.993459494438027	0.332354392569896	26	0.242241971505796	25	1	5	"LK"	"mixed"	0.506981276801536
"TAL"	"TAL-11"	"cardiomyocyte_cross_sectional_area_mean"	-0.00258772209558011	0.00288476659534451	-0.897029971075035	0.380374255564936	26	0.474892341580366	25	1	5	"LK"	"mixed"	0.552156177432972
"TAL"	"TAL-12"	"cardiomyocyte_cross_sectional_area_mean"	-0.014802818477031	0.0112958113954654	-1.3104696917101	0.204887682664963	26	0.0392043594712961	25	1	5	"LK"	"mixed"	0.361566498820523
"TAL"	"TAL-13"	"cardiomyocyte_cross_sectional_area_mean"	-0.00834509754830696	0.0091975466319203	-0.907317775301633	0.375041694454816	26	-0.045400767719848	25	1	5	"LK"	"mixed"	0.552156177432972
"TAL"	"TAL-14"	"cardiomyocyte_cross_sectional_area_mean"	-0.0142194068113886	0.0126066881727892	-1.1279256388748	0.272701146913237	26	-0.0142807668917273	25	1	5	"LK"	"mixed"	0.438269700396274
"TAL"	"TAL-15"	"cardiomyocyte_cross_sectional_area_mean"	-0.0367873188604674	0.0334579033787449	-1.0995105833152	0.284604810980338	26	-0.0383785440737328	25	1	5	"LK"	"mixed"	0.44426972137405
"TAL"	"TAL-2"	"cardiomyocyte_cross_sectional_area_mean"	0.00637715753072082	0.0682725791438001	0.0934073036451259	0.926509389499503	26	0.424808217252738	25	1	5	"LK"	"mixed"	0.952460685897078
"TAL"	"TAL-3"	"cardiomyocyte_cross_sectional_area_mean"	-0.0320544609244431	0.0129064928453451	-2.48359188731925	0.0219897976725609	26	0.9908012101654	25	1	5	"LK"	"mixed"	0.0582082879567789
"TAL"	"TAL-4"	"cardiomyocyte_cross_sectional_area_mean"	0.0135906557344585	0.0230292479417361	0.590147614409414	0.561701007889756	26	0.697315767330114	25	1	5	"LK"	"mixed"	0.767059725619075
"TAL"	"TAL-5"	"cardiomyocyte_cross_sectional_area_mean"	0.00577280183644262	0.0100220339130324	0.576011006003064	0.5710333512942	26	0.984519814559337	25	1	5	"LK"	"mixed"	0.767059725619075
"TAL"	"TAL-6"	"cardiomyocyte_cross_sectional_area_mean"	0.0565749079659905	0.0290211183950204	1.94943927370139	0.0654055279447878	26	0.675692915498702	25	1	5	"LK"	"mixed"	0.147162437875773
"TAL"	"TAL-7"	"cardiomyocyte_cross_sectional_area_mean"	-0.0131178895518829	0.0154377947446569	-0.849725609703619	0.405535013775396	26	0.532224774194049	25	1	5	"LK"	"mixed"	0.579335733964851
"TAL"	"TAL-8"	"cardiomyocyte_cross_sectional_area_mean"	-0.0176130468858453	0.011894437947849	-1.48078008923746	0.15424783397548	26	0.276522224704642	25	1	5	"LK"	"mixed"	0.283312348118228
"TAL"	"TAL-9"	"cardiomyocyte_cross_sectional_area_mean"	0.022620096535363	0.0102544406834498	2.20588301533312	0.03925493499297	26	0.471609638587787	25	1	5	"LK"	"mixed"	0.0929722144570341
"Tanycyte"	"Tanycyte-1"	"cardiomyocyte_cross_sectional_area_mean"	0.00400004127328733	0.0318578981684536	0.125558856775061	0.901472881191169	24	0.967092633116168	24	1	5	"HYP"	"mixed"	0.912334000241665
"Tanycyte"	"Tanycyte-10"	"cardiomyocyte_cross_sectional_area_mean"	-0.00663962253241602	0.00705898966997213	-0.940591053796263	0.359367022602288	24	0.313281654532765	24	1	5	"HYP"	"mixed"	0.431240427122746
"Tanycyte"	"Tanycyte-11"	"cardiomyocyte_cross_sectional_area_mean"	-0.000902385316085836	0.00167712941249369	-0.538053479572634	0.597131012491742	24	0.500086287462154	24	1	5	"HYP"	"mixed"	0.659986908543504
"Tanycyte"	"Tanycyte-12"	"cardiomyocyte_cross_sectional_area_mean"	-0.00767702569003584	0.00549439247488214	-1.39724741636709	0.179326455992048	24	0.230747431781594	24	1	5	"HYP"	"mixed"	0.246941349234951
"Tanycyte"	"Tanycyte-13"	"cardiomyocyte_cross_sectional_area_mean"	-0.0052127948625253	0.0039409603884352	-1.32272196336261	0.202487794109335	24	0.33778365486882	24	1	5	"HYP"	"mixed"	0.274338301696518
"Tanycyte"	"Tanycyte-14"	"cardiomyocyte_cross_sectional_area_mean"	-0.00776194891088099	0.00363417624231605	-2.13582071791167	0.0466854255057976	24	0.306018969012798	24	1	5	"HYP"	"mixed"	0.0754149181247499
"Tanycyte"	"Tanycyte-2"	"cardiomyocyte_cross_sectional_area_mean"	0.0288799571361125	0.0370533475888912	0.779415599814008	0.445862391478658	24	0.925409935436309	24	1	5	"HYP"	"mixed"	0.527499167383201
"Tanycyte"	"Tanycyte-3"	"cardiomyocyte_cross_sectional_area_mean"	0.018526971912396	0.0185179923990784	1.00048490749559	0.330336689856071	24	0.941381666055835	24	1	5	"HYP"	"mixed"	0.402149013737825
"Tanycyte"	"Tanycyte-4"	"cardiomyocyte_cross_sectional_area_mean"	0.0256153748323295	0.0201510375454445	1.27116902911633	0.219850544539296	24	0.954652692272005	24	1	5	"HYP"	"mixed"	0.284114549866167
"Tanycyte"	"Tanycyte-5"	"cardiomyocyte_cross_sectional_area_mean"	0.0086033774372375	0.0169496318181244	0.50758491568164	0.617907385128618	24	0.571968168332837	24	1	5	"HYP"	"mixed"	0.674080783776674
"Tanycyte"	"Tanycyte-6"	"cardiomyocyte_cross_sectional_area_mean"	-0.00722549256656096	0.0162670052605463	-0.444180871084215	0.662205768039651	24	0.442518494743612	24	1	5	"HYP"	"mixed"	0.704117525510515
"Tanycyte"	"Tanycyte-7"	"cardiomyocyte_cross_sectional_area_mean"	-0.0333367570915654	0.0164081049696763	-2.03172500134383	0.0572115077564783	24	0.244304486764814	24	1	5	"HYP"	"mixed"	0.0889956787322995
"Tanycyte"	"Tanycyte-8"	"cardiomyocyte_cross_sectional_area_mean"	0.0171000391144101	0.0111624446729581	1.53192599071387	0.142927519255431	24	0.846617546588818	24	1	5	"HYP"	"mixed"	0.200098526957603
"Tanycyte"	"Tanycyte-9"	"cardiomyocyte_cross_sectional_area_mean"	-0.0339697347357026	0.0295488293882686	-1.14961355285327	0.265349249998578	24	0.293377729741586	24	1	5	"HYP"	"mixed"	0.332676671640009
"TL"	"TL-1"	"cardiomyocyte_cross_sectional_area_mean"	0.0283191843475772	0.0188495220807262	1.5023820883254	0.148624000176955	26	0.987258235893608	25	1	5	"LK"	"mixed"	0.230127484144963
"TL"	"TL-2"	"cardiomyocyte_cross_sectional_area_mean"	0.0977879054273924	0.102899964743224	0.95032010624505	0.353293283041563	26	0.66953119039693	25	1	5	"LK"	"mixed"	0.458326421243108
"TL"	"TL-3"	"cardiomyocyte_cross_sectional_area_mean"	-0.0389931049854559	0.0488154396540053	-0.798786311499635	0.433798260777381	26	0.791896613295139	25	1	5	"LK"	"mixed"	0.533905551726007
"TL"	"TL-4"	"cardiomyocyte_cross_sectional_area_mean"	-0.0208398887447069	0.0976450049739868	-0.213425036439486	0.833156045766331	26	0.0722480363252584	25	1	5	"LK"	"mixed"	0.879869876101954
"TL"	"TL-5"	"cardiomyocyte_cross_sectional_area_mean"	-0.0365280356068461	0.0274297180093989	-1.33169563005823	0.197939456828819	26	0.516471813376124	25	1	5	"LK"	"mixed"	0.287911937205555
"TL"	"TL-6"	"cardiomyocyte_cross_sectional_area_mean"	-0.035835038271057	0.0148492367369619	-2.41325792738279	0.0255256937751693	26	0.49984222062983	25	1	5	"LK"	"mixed"	0.0556924227821876
"TL"	"TL-7"	"cardiomyocyte_cross_sectional_area_mean"	-0.00531787255819061	0.0265392250644016	-0.200377838662808	0.843208631264373	26	0.319340360294366	25	1	5	"LK"	"mixed"	0.879869876101954
"TL"	"TL-8"	"cardiomyocyte_cross_sectional_area_mean"	0.0114068503912867	0.00821657807442511	1.38827262249131	0.18032482752498	26	0.545116068019943	25	1	5	"LK"	"mixed"	0.27048724128747
"VSMC"	"VSMC-1"	"cardiomyocyte_cross_sectional_area_mean"	-0.0466110656098378	0.0611826647969243	-0.761834512513435	0.4530145118975	34	0.923053383072047	30	3	5	"mixed"	"mixed"	0.586254074220295
"VSMC"	"VSMC-10"	"cardiomyocyte_cross_sectional_area_mean"	0.0048326836653024	0.112916447538018	0.0427987575829046	0.966188948415158	34	0.231409643286106	30	3	5	"mixed"	"mixed"	0.969420772860128
"VSMC"	"VSMC-11"	"cardiomyocyte_cross_sectional_area_mean"	-0.0149390161451492	0.0136023476937276	-1.09826748157878	0.282154592738721	34	0.953649254223447	30	3	5	"mixed"	"mixed"	0.472720860557918
"VSMC"	"VSMC-2"	"cardiomyocyte_cross_sectional_area_mean"	0.0430482667757678	0.0318410585109001	1.3519734829491	0.1880284040448	34	0.490129358624879	30	3	5	"mixed"	"mixed"	0.398409471294809
"VSMC"	"VSMC-3"	"cardiomyocyte_cross_sectional_area_mean"	0.0410829215385201	0.0155348677814271	2.64456203403528	0.0136864319346597	34	0.675266949385162	30	3	5	"mixed"	"mixed"	0.0708474123676502
"VSMC"	"VSMC-4"	"cardiomyocyte_cross_sectional_area_mean"	-0.00550526287695865	0.0067358264501576	-0.817310677122603	0.421177616039918	34	0.00566772793138848	30	3	5	"mixed"	"mixed"	0.566945216144959
"VSMC"	"VSMC-5"	"cardiomyocyte_cross_sectional_area_mean"	-0.0257341990819332	0.0364693445179523	-0.705639199774083	0.486687315693546	34	0.493050107707669	30	3	5	"mixed"	"mixed"	0.620702663493218
"VSMC"	"VSMC-6"	"cardiomyocyte_cross_sectional_area_mean"	-0.0299536040100029	0.019845680196914	-1.50932614618373	0.143273172869544	34	0.264875082559979	30	3	5	"mixed"	"mixed"	0.34075781655459
"VSMC"	"VSMC-7"	"cardiomyocyte_cross_sectional_area_mean"	0.0440409557797357	0.0366035153490107	1.20318923906105	0.239744895299282	34	0.278454108649585	30	3	5	"mixed"	"mixed"	0.430562260945649
"VSMC"	"VSMC-8"	"cardiomyocyte_cross_sectional_area_mean"	-0.0109765057844562	0.0167221396440858	-0.656405580749846	0.517331088832749	34	0.326514667442404	30	3	5	"mixed"	"mixed"	0.641199096018056
"VSMC"	"VSMC-9"	"cardiomyocyte_cross_sectional_area_mean"	0.000714825749011846	0.0184682722889775	0.0387056102393769	0.969420772860128	34	0.000162167842257199	30	3	5	"mixed"	"mixed"	0.969420772860128
