"Regulon"	"Cell_ID"	"AUC"	"Sample_ID"	"Sample_ID_original"	"nCount_RNA"	"nFeature_RNA"	"Project"	"Strain"	"Treatment"	"SxT"	"Tissue"	"Cell_type_L1"	"Cell_type_L2"	"flag_Avp_neuron"
"Ep300(+),"	"muhypo1_2SN_TACCCACTCATTGTGG-1"	0.0684903638416266	"MHYP1SN"	"muhypo1_2SN"	8238	3366	"AngII"	"C57BL/6"	"Saline 3d"	"C57BL/6-Saline 3d"	"HYP"	"Avp+ neuron"	"Avp+ neuron"	"Avp+ neurons"
"Ep300(+),"	"muhypo1_2SN_TAGACTGCACTCCTGT-1"	0.0721432023488196	"MHYP1SN"	"muhypo1_2SN"	5842	2701	"AngII"	"C57BL/6"	"Saline 3d"	"C57BL/6-Saline 3d"	"HYP"	"Avp+ neuron"	"Avp+ neuron"	"Avp+ neurons"
"Ep300(+),"	"muhypo1_2SN_TATCCTATCACCCTTG-1"	0.073131269138123	"MHYP1SN"	"muhypo1_2SN"	5066	2453	"AngII"	"C57BL/6"	"Saline 3d"	"C57BL/6-Saline 3d"	"HYP"	"Avp+ neuron"	"Avp+ neuron"	"Avp+ neurons"
"Ep300(+),"	"muhypo1_2SN_TCAGGTACAAGTGCAG-1"	0.0752826663763116	"MHYP1SN"	"muhypo1_2SN"	4788	2429	"AngII"	"C57BL/6"	"Saline 3d"	"C57BL/6-Saline 3d"	"HYP"	"Avp+ neuron"	"Avp+ neuron"	"Avp+ neurons"
"Ep300(+),"	"muhypo1_2SN_TCCTGCAGTGAATGTA-1"	0.0697864553187506	"MHYP1SN"	"muhypo1_2SN"	4660	2537	"AngII"	"C57BL/6"	"Saline 3d"	"C57BL/6-Saline 3d"	"HYP"	"Avp+ neuron"	"Avp+ neuron"	"Avp+ neurons"
"Ep300(+),"	"muhypo1_2SN_GGAACCCAGTAAGAGG-1"	0.0768390267757026	"MHYP1SN"	"muhypo1_2SN"	4594	2449	"AngII"	"C57BL/6"	"Saline 3d"	"C57BL/6-Saline 3d"	"HYP"	"Avp+ neuron"	"Avp+ neuron"	"Avp+ neurons"
"Ep300(+),"	"muhypo1_2SN_TTGGGCGGTCCTGGGT-1"	0.0674626597669137	"MHYP1SN"	"muhypo1_2SN"	4215	2342	"AngII"	"C57BL/6"	"Saline 3d"	"C57BL/6-Saline 3d"	"HYP"	"Avp+ neuron"	"Avp+ neuron"	"Avp+ neurons"
"Ep300(+),"	"muhypo1_2SN_AAGGAATAGCACTCGC-1"	0.0709889454953897	"MHYP1SN"	"muhypo1_2SN"	4159	2143	"AngII"	"C57BL/6"	"Saline 3d"	"C57BL/6-Saline 3d"	"HYP"	"Avp+ neuron"	"Avp+ neuron"	"Avp+ neurons"
"Ep300(+),"	"muhypo1_2SN_TTCCTCTTCTCACCCA-1"	0.0574941212652604	"MHYP1SN"	"muhypo1_2SN"	3942	2140	"AngII"	"C57BL/6"	"Saline 3d"	"C57BL/6-Saline 3d"	"HYP"	"Avp+ neuron"	"Avp+ neuron"	"Avp+ neurons"
"Ep300(+),"	"muhypo1_2SN_AGTTAGCTCATGAGGG-1"	0.0581130359868347	"MHYP1SN"	"muhypo1_2SN"	3235	1939	"AngII"	"C57BL/6"	"Saline 3d"	"C57BL/6-Saline 3d"	"HYP"	"Avp+ neuron"	"Avp+ neuron"	"Avp+ neurons"
"Ep300(+),"	"muhypo1_2SN_GAGAGGTCAACTGTGT-1"	0.0726861854031637	"MHYP1SN"	"muhypo1_2SN"	3023	1854	"AngII"	"C57BL/6"	"Saline 3d"	"C57BL/6-Saline 3d"	"HYP"	"Avp+ neuron"	"Avp+ neuron"	"Avp+ neurons"
"Ep300(+),"	"muhypo1_2SN_GAGATGGAGCAAGTCG-1"	0.0704984937831544	"MHYP1SN"	"muhypo1_2SN"	2831	1843	"AngII"	"C57BL/6"	"Saline 3d"	"C57BL/6-Saline 3d"	"HYP"	"Avp+ neuron"	"Avp+ neuron"	"Avp+ neurons"
"Ep300(+),"	"muhypo1_2SN_GGTGTCGTCAGCTGAT-1"	0.066272108531663	"MHYP1SN"	"muhypo1_2SN"	2928	1620	"AngII"	"C57BL/6"	"Saline 3d"	"C57BL/6-Saline 3d"	"HYP"	"Avp+ neuron"	"Avp+ neuron"	"Avp+ neurons"
"Ep300(+),"	"muhypo1_2SN_CCGTTCAAGACAACAT-1"	0.0618527899873352	"MHYP1SN"	"muhypo1_2SN"	2422	1582	"AngII"	"C57BL/6"	"Saline 3d"	"C57BL/6-Saline 3d"	"HYP"	"Avp+ neuron"	"Avp+ neuron"	"Avp+ neurons"
"Ep300(+),"	"muhypo1_2SN_TCACTCGTCGACCATA-1"	0.0657682852050728	"MHYP1SN"	"muhypo1_2SN"	2797	1560	"AngII"	"C57BL/6"	"Saline 3d"	"C57BL/6-Saline 3d"	"HYP"	"Avp+ neuron"	"Avp+ neuron"	"Avp+ neurons"
"Ep300(+),"	"muhypo1_2SN_AGGCCACGTAGGTACG-1"	0.0650724837009572	"MHYP1SN"	"muhypo1_2SN"	2695	1631	"AngII"	"C57BL/6"	"Saline 3d"	"C57BL/6-Saline 3d"	"HYP"	"Avp+ neuron"	"Avp+ neuron"	"Avp+ neurons"
"Ep300(+),"	"muhypo1_2SN_GGGCTCACACACAGCC-1"	0.0694512098445645	"MHYP1SN"	"muhypo1_2SN"	2642	1609	"AngII"	"C57BL/6"	"Saline 3d"	"C57BL/6-Saline 3d"	"HYP"	"Avp+ neuron"	"Avp+ neuron"	"Avp+ neurons"
"Ep300(+),"	"muhypo1_2SN_TGCAGATTCCGTGGGT-1"	0.071026672550177	"MHYP1SN"	"muhypo1_2SN"	2745	1608	"AngII"	"C57BL/6"	"Saline 3d"	"C57BL/6-Saline 3d"	"HYP"	"Avp+ neuron"	"Avp+ neuron"	"Avp+ neurons"
"Ep300(+),"	"muhypo1_2SN_CTCCTTTAGCATGCGA-1"	0.0639869951499245	"MHYP1SN"	"muhypo1_2SN"	2416	1515	"AngII"	"C57BL/6"	"Saline 3d"	"C57BL/6-Saline 3d"	"HYP"	"Avp+ neuron"	"Avp+ neuron"	"Avp+ neurons"
"Ep300(+),"	"muhypo1_2SN_CTCAGTCAGCTCGCAC-1"	0.0663279827773607	"MHYP1SN"	"muhypo1_2SN"	2545	1562	"AngII"	"C57BL/6"	"Saline 3d"	"C57BL/6-Saline 3d"	"HYP"	"Avp+ neuron"	"Avp+ neuron"	"Avp+ neurons"
"Ep300(+),"	"muhypo1_2SN_TCCCACATCATCGCCT-1"	0.063720995535791	"MHYP1SN"	"muhypo1_2SN"	2451	1507	"AngII"	"C57BL/6"	"Saline 3d"	"C57BL/6-Saline 3d"	"HYP"	"Avp+ neuron"	"Avp+ neuron"	"Avp+ neurons"
"Ep300(+),"	"muhypo1_2SN_GGGCTACGTCCTCAGG-1"	0.0721317409650867	"MHYP1SN"	"muhypo1_2SN"	2553	1586	"AngII"	"C57BL/6"	"Saline 3d"	"C57BL/6-Saline 3d"	"HYP"	"Avp+ neuron"	"Avp+ neuron"	"Avp+ neurons"
"Ep300(+),"	"muhypo1_2SN_CTGTGGGCAGCCGTCA-1"	0.0717348905533365	"MHYP1SN"	"muhypo1_2SN"	2437	1498	"AngII"	"C57BL/6"	"Saline 3d"	"C57BL/6-Saline 3d"	"HYP"	"Avp+ neuron"	"Avp+ neuron"	"Avp+ neurons"
"Ep300(+),"	"muhypo1_2SN_CTTAGGATCAGCGGAA-1"	0.0696236081582129	"MHYP1SN"	"muhypo1_2SN"	2344	1524	"AngII"	"C57BL/6"	"Saline 3d"	"C57BL/6-Saline 3d"	"HYP"	"Avp+ neuron"	"Avp+ neuron"	"Avp+ neurons"
"Ep300(+),"	"muhypo1_2SN_GTGTGATAGTATGACA-1"	0.0669454648259684	"MHYP1SN"	"muhypo1_2SN"	2484	1537	"AngII"	"C57BL/6"	"Saline 3d"	"C57BL/6-Saline 3d"	"HYP"	"Avp+ neuron"	"Avp+ neuron"	"Avp+ neurons"
"Ep300(+),"	"muhypo1_2SN_AGTAGTCAGCAGATAT-1"	0.0656813697117653	"MHYP1SN"	"muhypo1_2SN"	2384	1556	"AngII"	"C57BL/6"	"Saline 3d"	"C57BL/6-Saline 3d"	"HYP"	"Avp+ neuron"	"Avp+ neuron"	"Avp+ neurons"
"Ep300(+),"	"muhypo1_2SN_GGCTTTCGTTGCGAAG-1"	0.0711723276351154	"MHYP1SN"	"muhypo1_2SN"	2334	1585	"AngII"	"C57BL/6"	"Saline 3d"	"C57BL/6-Saline 3d"	"HYP"	"Avp+ neuron"	"Avp+ neuron"	"Avp+ neurons"
"Ep300(+),"	"muhypo1_2SN_TTGGGATTCCGAAATC-1"	0.0677773702619117	"MHYP1SN"	"muhypo1_2SN"	2358	1416	"AngII"	"C57BL/6"	"Saline 3d"	"C57BL/6-Saline 3d"	"HYP"	"Avp+ neuron"	"Avp+ neuron"	"Avp+ neurons"
"Ep300(+),"	"muhypo1_2SN_CTGCCATGTCAACATC-1"	0.0640996987566309	"MHYP1SN"	"muhypo1_2SN"	2212	1404	"AngII"	"C57BL/6"	"Saline 3d"	"C57BL/6-Saline 3d"	"HYP"	"Avp+ neuron"	"Avp+ neuron"	"Avp+ neurons"
"Ep300(+),"	"muhypo1_2SN_GACCCAGCACTCCCTA-1"	0.0682219764392155	"MHYP1SN"	"muhypo1_2SN"	1865	1257	"AngII"	"C57BL/6"	"Saline 3d"	"C57BL/6-Saline 3d"	"HYP"	"Avp+ neuron"	"Avp+ neuron"	"Avp+ neurons"
"Ep300(+),"	"muhypo1_2SN_TTGAACGTCCATAGAC-1"	0.0685333440306248	"MHYP1SN"	"muhypo1_2SN"	2171	1453	"AngII"	"C57BL/6"	"Saline 3d"	"C57BL/6-Saline 3d"	"HYP"	"Avp+ neuron"	"Avp+ neuron"	"Avp+ neurons"
"Ep300(+),"	"muhypo1_2SN_TGTTCTATCTGCTTAT-1"	0.067714332651381	"MHYP1SN"	"muhypo1_2SN"	2248	1338	"AngII"	"C57BL/6"	"Saline 3d"	"C57BL/6-Saline 3d"	"HYP"	"Avp+ neuron"	"Avp+ neuron"	"Avp+ neurons"
"Ep300(+),"	"muhypo1_2SN_GGCGTCATCTGGAAGG-1"	0.0670213964931986	"MHYP1SN"	"muhypo1_2SN"	2103	1372	"AngII"	"C57BL/6"	"Saline 3d"	"C57BL/6-Saline 3d"	"HYP"	"Avp+ neuron"	"Avp+ neuron"	"Avp+ neurons"
"Ep300(+),"	"muhypo1_2SN_GTCTACCCACACAGAG-1"	0.0679803322655144	"MHYP1SN"	"muhypo1_2SN"	2165	1354	"AngII"	"C57BL/6"	"Saline 3d"	"C57BL/6-Saline 3d"	"HYP"	"Avp+ neuron"	"Avp+ neuron"	"Avp+ neurons"
"Ep300(+),"	"muhypo1_2SN_GAATAGAGTACTAGCT-1"	0.0632353194001112	"MHYP1SN"	"muhypo1_2SN"	2199	1376	"AngII"	"C57BL/6"	"Saline 3d"	"C57BL/6-Saline 3d"	"HYP"	"Avp+ neuron"	"Avp+ neuron"	"Avp+ neurons"
"Ep300(+),"	"muhypo1_2SN_GGGTTATGTCGAGATG-1"	0.0683236962198446	"MHYP1SN"	"muhypo1_2SN"	2015	1278	"AngII"	"C57BL/6"	"Saline 3d"	"C57BL/6-Saline 3d"	"HYP"	"Avp+ neuron"	"Avp+ neuron"	"Avp+ neurons"
"Ep300(+),"	"muhypo1_2SN_GCGTGCATCATGGCCG-1"	0.071527630530834	"MHYP1SN"	"muhypo1_2SN"	2089	1379	"AngII"	"C57BL/6"	"Saline 3d"	"C57BL/6-Saline 3d"	"HYP"	"Avp+ neuron"	"Avp+ neuron"	"Avp+ neurons"
"Ep300(+),"	"muhypo1_2SN_GGGACTCGTTGACGGA-1"	0.0611560333679085	"MHYP1SN"	"muhypo1_2SN"	1964	1270	"AngII"	"C57BL/6"	"Saline 3d"	"C57BL/6-Saline 3d"	"HYP"	"Avp+ neuron"	"Avp+ neuron"	"Avp+ neurons"
"Ep300(+),"	"muhypo1_2SN_CGATGCGCACTACAGT-1"	0.0696264735041461	"MHYP1SN"	"muhypo1_2SN"	2030	1338	"AngII"	"C57BL/6"	"Saline 3d"	"C57BL/6-Saline 3d"	"HYP"	"Avp+ neuron"	"Avp+ neuron"	"Avp+ neurons"
"Ep300(+),"	"muhypo1_2SN_ATCGTAGGTGCCTGAC-1"	0.0651646523284756	"MHYP1SN"	"muhypo1_2SN"	1938	1312	"AngII"	"C57BL/6"	"Saline 3d"	"C57BL/6-Saline 3d"	"HYP"	"Avp+ neuron"	"Avp+ neuron"	"Avp+ neurons"
"Ep300(+),"	"muhypo1_2SN_ATCGTAGCATCTAACG-1"	0.0659468917682432	"MHYP1SN"	"muhypo1_2SN"	2094	1333	"AngII"	"C57BL/6"	"Saline 3d"	"C57BL/6-Saline 3d"	"HYP"	"Avp+ neuron"	"Avp+ neuron"	"Avp+ neurons"
"Ep300(+),"	"muhypo1_2SN_CCAATTTAGGCATTTC-1"	0.0674765089389242	"MHYP1SN"	"muhypo1_2SN"	1989	1254	"AngII"	"C57BL/6"	"Saline 3d"	"C57BL/6-Saline 3d"	"HYP"	"Avp+ neuron"	"Avp+ neuron"	"Avp+ neurons"
"Ep300(+),"	"muhypo1_2SN_TTATTGCCAGATCACT-1"	0.0622701753782734	"MHYP1SN"	"muhypo1_2SN"	2004	1292	"AngII"	"C57BL/6"	"Saline 3d"	"C57BL/6-Saline 3d"	"HYP"	"Avp+ neuron"	"Avp+ neuron"	"Avp+ neurons"
"Ep300(+),"	"muhypo1_2SN_TTGAGTGTCGACCCAG-1"	0.065991304630208	"MHYP1SN"	"muhypo1_2SN"	2010	1341	"AngII"	"C57BL/6"	"Saline 3d"	"C57BL/6-Saline 3d"	"HYP"	"Avp+ neuron"	"Avp+ neuron"	"Avp+ neurons"
"Ep300(+),"	"muhypo1_2SN_GATGCTATCCGGGACT-1"	0.0647921573571577	"MHYP1SN"	"muhypo1_2SN"	1930	1213	"AngII"	"C57BL/6"	"Saline 3d"	"C57BL/6-Saline 3d"	"HYP"	"Avp+ neuron"	"Avp+ neuron"	"Avp+ neurons"
"Ep300(+),"	"muhypo1_2SN_TTCGCTGAGCGAACTG-1"	0.0623967281569904	"MHYP1SN"	"muhypo1_2SN"	1975	1288	"AngII"	"C57BL/6"	"Saline 3d"	"C57BL/6-Saline 3d"	"HYP"	"Avp+ neuron"	"Avp+ neuron"	"Avp+ neurons"
"Ep300(+),"	"muhypo1_2SN_ACGTCCTTCACCGGTG-1"	0.0720854178724998	"MHYP1SN"	"muhypo1_2SN"	1824	1206	"AngII"	"C57BL/6"	"Saline 3d"	"C57BL/6-Saline 3d"	"HYP"	"Avp+ neuron"	"Avp+ neuron"	"Avp+ neurons"
"Ep300(+),"	"muhypo1_2SN_GTGTGATCAAACACGG-1"	0.0618833536772895	"MHYP1SN"	"muhypo1_2SN"	1941	1304	"AngII"	"C57BL/6"	"Saline 3d"	"C57BL/6-Saline 3d"	"HYP"	"Avp+ neuron"	"Avp+ neuron"	"Avp+ neurons"
"Ep300(+),"	"muhypo1_2SN_TGATTCTAGTTGGGAC-1"	0.0704559911518118	"MHYP1SN"	"muhypo1_2SN"	1770	1202	"AngII"	"C57BL/6"	"Saline 3d"	"C57BL/6-Saline 3d"	"HYP"	"Avp+ neuron"	"Avp+ neuron"	"Avp+ neurons"
"Ep300(+),"	"muhypo1_2SN_ACTTCGCAGCAGATAT-1"	0.0632763893584873	"MHYP1SN"	"muhypo1_2SN"	1871	1216	"AngII"	"C57BL/6"	"Saline 3d"	"C57BL/6-Saline 3d"	"HYP"	"Avp+ neuron"	"Avp+ neuron"	"Avp+ neurons"
"Ep300(+),"	"muhypo1_2SN_CAGCAGCGTCCTCCAT-1"	0.0689354475765859	"MHYP1SN"	"muhypo1_2SN"	1802	1235	"AngII"	"C57BL/6"	"Saline 3d"	"C57BL/6-Saline 3d"	"HYP"	"Avp+ neuron"	"Avp+ neuron"	"Avp+ neurons"
"Ep300(+),"	"muhypo1_2SN_AGGCATTAGCGTTAGG-1"	0.0628718980242485	"MHYP1SN"	"muhypo1_2SN"	1839	1200	"AngII"	"C57BL/6"	"Saline 3d"	"C57BL/6-Saline 3d"	"HYP"	"Avp+ neuron"	"Avp+ neuron"	"Avp+ neurons"
"Ep300(+),"	"muhypo1_2SN_ACTATCTAGTATGAAC-1"	0.0669956083797997	"MHYP1SN"	"muhypo1_2SN"	1838	1239	"AngII"	"C57BL/6"	"Saline 3d"	"C57BL/6-Saline 3d"	"HYP"	"Avp+ neuron"	"Avp+ neuron"	"Avp+ neurons"
"Ep300(+),"	"muhypo1_2SN_ATGCCTCCATAGCTGT-1"	0.0699645843242655	"MHYP1SN"	"muhypo1_2SN"	1813	1263	"AngII"	"C57BL/6"	"Saline 3d"	"C57BL/6-Saline 3d"	"HYP"	"Avp+ neuron"	"Avp+ neuron"	"Avp+ neurons"
"Ep300(+),"	"muhypo1_2SN_TCGAAGTAGTCGTTAC-1"	0.0738996594058801	"MHYP1SN"	"muhypo1_2SN"	1773	1218	"AngII"	"C57BL/6"	"Saline 3d"	"C57BL/6-Saline 3d"	"HYP"	"Avp+ neuron"	"Avp+ neuron"	"Avp+ neurons"
"Ep300(+),"	"muhypo1_2SN_CTTACCGCACCCAACG-1"	0.064708584767439	"MHYP1SN"	"muhypo1_2SN"	1598	1118	"AngII"	"C57BL/6"	"Saline 3d"	"C57BL/6-Saline 3d"	"HYP"	"Avp+ neuron"	"Avp+ neuron"	"Avp+ neurons"
"Ep300(+),"	"muhypo1_2SN_TCCTCTTCATCCGTTC-1"	0.0637071463637805	"MHYP1SN"	"muhypo1_2SN"	1568	1082	"AngII"	"C57BL/6"	"Saline 3d"	"C57BL/6-Saline 3d"	"HYP"	"Avp+ neuron"	"Avp+ neuron"	"Avp+ neurons"
"Ep300(+),"	"muhypo1_2SN_AGGTCATGTGCATACT-1"	0.070833261699685	"MHYP1SN"	"muhypo1_2SN"	1711	1170	"AngII"	"C57BL/6"	"Saline 3d"	"C57BL/6-Saline 3d"	"HYP"	"Avp+ neuron"	"Avp+ neuron"	"Avp+ neurons"
"Ep300(+),"	"muhypo1_2SN_TTGACCCGTACACGTT-1"	0.0677931296645444	"MHYP1SN"	"muhypo1_2SN"	1656	1120	"AngII"	"C57BL/6"	"Saline 3d"	"C57BL/6-Saline 3d"	"HYP"	"Avp+ neuron"	"Avp+ neuron"	"Avp+ neurons"
"Ep300(+),"	"muhypo1_2SN_GTAGGTTAGTCGCTAT-1"	0.068735828476572	"MHYP1SN"	"muhypo1_2SN"	1681	1147	"AngII"	"C57BL/6"	"Saline 3d"	"C57BL/6-Saline 3d"	"HYP"	"Avp+ neuron"	"Avp+ neuron"	"Avp+ neurons"
"Ep300(+),"	"muhypo1_2SN_CGAGTTATCCTACTGC-1"	0.065804102029238	"MHYP1SN"	"muhypo1_2SN"	1595	1055	"AngII"	"C57BL/6"	"Saline 3d"	"C57BL/6-Saline 3d"	"HYP"	"Avp+ neuron"	"Avp+ neuron"	"Avp+ neurons"
"Ep300(+),"	"muhypo1_2SN_AGATAGAGTGAGACCA-1"	0.0622090479983648	"MHYP1SN"	"muhypo1_2SN"	1646	1164	"AngII"	"C57BL/6"	"Saline 3d"	"C57BL/6-Saline 3d"	"HYP"	"Avp+ neuron"	"Avp+ neuron"	"Avp+ neurons"
"Ep300(+),"	"muhypo1_2SN_AAGACAATCCATATGG-1"	0.0620834503349589	"MHYP1SN"	"muhypo1_2SN"	1619	1088	"AngII"	"C57BL/6"	"Saline 3d"	"C57BL/6-Saline 3d"	"HYP"	"Avp+ neuron"	"Avp+ neuron"	"Avp+ neurons"
"Ep300(+),"	"muhypo1_2SN_CATTGTTAGCGCCCAT-1"	0.0707525544558995	"MHYP1SN"	"muhypo1_2SN"	1547	1107	"AngII"	"C57BL/6"	"Saline 3d"	"C57BL/6-Saline 3d"	"HYP"	"Avp+ neuron"	"Avp+ neuron"	"Avp+ neurons"
"Ep300(+),"	"muhypo1_2SN_ACTCCCAAGTATGACA-1"	0.0719325994227283	"MHYP1SN"	"muhypo1_2SN"	1631	1129	"AngII"	"C57BL/6"	"Saline 3d"	"C57BL/6-Saline 3d"	"HYP"	"Avp+ neuron"	"Avp+ neuron"	"Avp+ neurons"
"Ep300(+),"	"muhypo1_2SN_ACTTTGTAGACGCCAA-1"	0.067707169286548	"MHYP1SN"	"muhypo1_2SN"	1577	1119	"AngII"	"C57BL/6"	"Saline 3d"	"C57BL/6-Saline 3d"	"HYP"	"Avp+ neuron"	"Avp+ neuron"	"Avp+ neurons"
"Ep300(+),"	"muhypo1_2SN_GCTACCTTCGGCATAT-1"	0.0594774182087003	"MHYP1SN"	"muhypo1_2SN"	1533	1046	"AngII"	"C57BL/6"	"Saline 3d"	"C57BL/6-Saline 3d"	"HYP"	"Avp+ neuron"	"Avp+ neuron"	"Avp+ neurons"
"Ep300(+),"	"muhypo1_2SN_ACTTTGTAGGGCTTCC-1"	0.0732874304914832	"MHYP1SN"	"muhypo1_2SN"	1575	1141	"AngII"	"C57BL/6"	"Saline 3d"	"C57BL/6-Saline 3d"	"HYP"	"Avp+ neuron"	"Avp+ neuron"	"Avp+ neurons"
"Ep300(+),"	"muhypo1_2SN_ATCTTCATCAAACCTG-1"	0.0674545412867695	"MHYP1SN"	"muhypo1_2SN"	1488	1001	"AngII"	"C57BL/6"	"Saline 3d"	"C57BL/6-Saline 3d"	"HYP"	"Avp+ neuron"	"Avp+ neuron"	"Avp+ neurons"
"Ep300(+),"	"muhypo1_2SN_TGGGTTACAGTGGCTC-1"	0.0648633134478326	"MHYP1SN"	"muhypo1_2SN"	1475	1041	"AngII"	"C57BL/6"	"Saline 3d"	"C57BL/6-Saline 3d"	"HYP"	"Avp+ neuron"	"Avp+ neuron"	"Avp+ neurons"
"Ep300(+),"	"muhypo1_2SN_TCGGATAAGTAAGGGA-1"	0.0701073740632707	"MHYP1SN"	"muhypo1_2SN"	1457	1104	"AngII"	"C57BL/6"	"Saline 3d"	"C57BL/6-Saline 3d"	"HYP"	"Avp+ neuron"	"Avp+ neuron"	"Avp+ neurons"
"Ep300(+),"	"muhypo1_2SN_TATACCTAGATCGCTT-1"	0.0659488019988653	"MHYP1SN"	"muhypo1_2SN"	1463	1042	"AngII"	"C57BL/6"	"Saline 3d"	"C57BL/6-Saline 3d"	"HYP"	"Avp+ neuron"	"Avp+ neuron"	"Avp+ neurons"
"Ep300(+),"	"muhypo1_2SN_AGTGACTCATGACGTT-1"	0.0629292049429128	"MHYP1SN"	"muhypo1_2SN"	1283	920	"AngII"	"C57BL/6"	"Saline 3d"	"C57BL/6-Saline 3d"	"HYP"	"Avp+ neuron"	"Avp+ neuron"	"Avp+ neurons"
"Ep300(+),"	"muhypo1_2SN_ACTTTCATCCTATGGA-1"	0.062090613699792	"MHYP1SN"	"muhypo1_2SN"	1432	1009	"AngII"	"C57BL/6"	"Saline 3d"	"C57BL/6-Saline 3d"	"HYP"	"Avp+ neuron"	"Avp+ neuron"	"Avp+ neurons"
"Ep300(+),"	"muhypo1_2SN_ATTCCCGAGACTTCAC-1"	0.0730820806996029	"MHYP1SN"	"muhypo1_2SN"	1363	928	"AngII"	"C57BL/6"	"Saline 3d"	"C57BL/6-Saline 3d"	"HYP"	"Avp+ neuron"	"Avp+ neuron"	"Avp+ neurons"
"Ep300(+),"	"muhypo1_2SN_CATGCTCTCTACTGCC-1"	0.0711962055178922	"MHYP1SN"	"muhypo1_2SN"	1429	1037	"AngII"	"C57BL/6"	"Saline 3d"	"C57BL/6-Saline 3d"	"HYP"	"Avp+ neuron"	"Avp+ neuron"	"Avp+ neurons"
"Ep300(+),"	"muhypo1_2SN_TACACCCCACTCCTGT-1"	0.0680944685451875	"MHYP1SN"	"muhypo1_2SN"	1404	966	"AngII"	"C57BL/6"	"Saline 3d"	"C57BL/6-Saline 3d"	"HYP"	"Avp+ neuron"	"Avp+ neuron"	"Avp+ neurons"
"Ep300(+),"	"muhypo1_2SN_AGGTTACCATACCGTA-1"	0.0570681398365225	"MHYP1SN"	"muhypo1_2SN"	1381	976	"AngII"	"C57BL/6"	"Saline 3d"	"C57BL/6-Saline 3d"	"HYP"	"Avp+ neuron"	"Avp+ neuron"	"Avp+ neurons"
"Ep300(+),"	"muhypo1_2SN_TTGGGCGCACACCTTC-1"	0.0651488929258429	"MHYP1SN"	"muhypo1_2SN"	1366	963	"AngII"	"C57BL/6"	"Saline 3d"	"C57BL/6-Saline 3d"	"HYP"	"Avp+ neuron"	"Avp+ neuron"	"Avp+ neurons"
"Ep300(+),"	"muhypo1_2SN_CGACAGCCATCCTCAC-1"	0.0668824272154377	"MHYP1SN"	"muhypo1_2SN"	1363	958	"AngII"	"C57BL/6"	"Saline 3d"	"C57BL/6-Saline 3d"	"HYP"	"Avp+ neuron"	"Avp+ neuron"	"Avp+ neurons"
"Ep300(+),"	"muhypo1_2SN_AGCTTCCGTCAACCTA-1"	0.0685849202574227	"MHYP1SN"	"muhypo1_2SN"	1409	980	"AngII"	"C57BL/6"	"Saline 3d"	"C57BL/6-Saline 3d"	"HYP"	"Avp+ neuron"	"Avp+ neuron"	"Avp+ neurons"
"Ep300(+),"	"muhypo1_2SN_TAAGTCGGTTGAGGAC-1"	0.0631708491166138	"MHYP1SN"	"muhypo1_2SN"	1447	1051	"AngII"	"C57BL/6"	"Saline 3d"	"C57BL/6-Saline 3d"	"HYP"	"Avp+ neuron"	"Avp+ neuron"	"Avp+ neurons"
"Ep300(+),"	"muhypo1_2SN_TTCCAATTCACATACG-1"	0.0567658458405683	"MHYP1SN"	"muhypo1_2SN"	1353	938	"AngII"	"C57BL/6"	"Saline 3d"	"C57BL/6-Saline 3d"	"HYP"	"Avp+ neuron"	"Avp+ neuron"	"Avp+ neurons"
"Ep300(+),"	"muhypo1_2SN_GAACTGTAGCTGCCAC-1"	0.0689660112665402	"MHYP1SN"	"muhypo1_2SN"	1335	930	"AngII"	"C57BL/6"	"Saline 3d"	"C57BL/6-Saline 3d"	"HYP"	"Avp+ neuron"	"Avp+ neuron"	"Avp+ neurons"
"Ep300(+),"	"muhypo1_2SN_GTGCAGCTCAGAATAG-1"	0.0697926635682726	"MHYP1SN"	"muhypo1_2SN"	1406	1020	"AngII"	"C57BL/6"	"Saline 3d"	"C57BL/6-Saline 3d"	"HYP"	"Avp+ neuron"	"Avp+ neuron"	"Avp+ neurons"
"Ep300(+),"	"muhypo1_2SN_AACCACATCCGGCAAC-1"	0.0670944628144956	"MHYP1SN"	"muhypo1_2SN"	1355	932	"AngII"	"C57BL/6"	"Saline 3d"	"C57BL/6-Saline 3d"	"HYP"	"Avp+ neuron"	"Avp+ neuron"	"Avp+ neurons"
"Ep300(+),"	"muhypo1_2SN_AGTCAACAGATACAGT-1"	0.0636001734489405	"MHYP1SN"	"muhypo1_2SN"	1359	985	"AngII"	"C57BL/6"	"Saline 3d"	"C57BL/6-Saline 3d"	"HYP"	"Avp+ neuron"	"Avp+ neuron"	"Avp+ neurons"
"Ep300(+),"	"muhypo1_2SN_AGACCATGTCCCTGAG-1"	0.0647143154593054	"MHYP1SN"	"muhypo1_2SN"	1368	965	"AngII"	"C57BL/6"	"Saline 3d"	"C57BL/6-Saline 3d"	"HYP"	"Avp+ neuron"	"Avp+ neuron"	"Avp+ neurons"
"Ep300(+),"	"muhypo1_2SN_AGATGAACATAGAATG-1"	0.0625481139337952	"MHYP1SN"	"muhypo1_2SN"	1390	1009	"AngII"	"C57BL/6"	"Saline 3d"	"C57BL/6-Saline 3d"	"HYP"	"Avp+ neuron"	"Avp+ neuron"	"Avp+ neurons"
"Ep300(+),"	"muhypo1_2SN_GACCGTGCACTCTAGA-1"	0.0699822539575203	"MHYP1SN"	"muhypo1_2SN"	1306	957	"AngII"	"C57BL/6"	"Saline 3d"	"C57BL/6-Saline 3d"	"HYP"	"Avp+ neuron"	"Avp+ neuron"	"Avp+ neurons"
"Ep300(+),"	"muhypo1_2SN_AGGGAGTAGATTGGGC-1"	0.0665347652422077	"MHYP1SN"	"muhypo1_2SN"	1315	909	"AngII"	"C57BL/6"	"Saline 3d"	"C57BL/6-Saline 3d"	"HYP"	"Avp+ neuron"	"Avp+ neuron"	"Avp+ neurons"
"Ep300(+),"	"muhypo1_2SN_CCCAACTGTTTCACAG-1"	0.0677797580501894	"MHYP1SN"	"muhypo1_2SN"	1333	953	"AngII"	"C57BL/6"	"Saline 3d"	"C57BL/6-Saline 3d"	"HYP"	"Avp+ neuron"	"Avp+ neuron"	"Avp+ neurons"
"Ep300(+),"	"muhypo1_2SN_TTTCAGTAGCTGTTCA-1"	0.0665538675484291	"MHYP1SN"	"muhypo1_2SN"	1332	937	"AngII"	"C57BL/6"	"Saline 3d"	"C57BL/6-Saline 3d"	"HYP"	"Avp+ neuron"	"Avp+ neuron"	"Avp+ neurons"
"Ep300(+),"	"muhypo1_2SN_GATTCTTAGGAACATT-1"	0.0624803007467091	"MHYP1SN"	"muhypo1_2SN"	1262	954	"AngII"	"C57BL/6"	"Saline 3d"	"C57BL/6-Saline 3d"	"HYP"	"Avp+ neuron"	"Avp+ neuron"	"Avp+ neurons"
"Ep300(+),"	"muhypo1_2SN_AGGGTGAGTAGAGACC-1"	0.0564960257651906	"MHYP1SN"	"muhypo1_2SN"	1003	777	"AngII"	"C57BL/6"	"Saline 3d"	"C57BL/6-Saline 3d"	"HYP"	"Avp+ neuron"	"Avp+ neuron"	"Avp+ neurons"
"Ep300(+),"	"muhypo1_2SN_AGCTTCCTCTCCGCAT-1"	0.0616880325961753	"MHYP1SN"	"muhypo1_2SN"	1225	898	"AngII"	"C57BL/6"	"Saline 3d"	"C57BL/6-Saline 3d"	"HYP"	"Avp+ neuron"	"Avp+ neuron"	"Avp+ neurons"
"Ep300(+),"	"muhypo1_2SN_CCTCTCCCACATAACC-1"	0.0673041106252758	"MHYP1SN"	"muhypo1_2SN"	1196	872	"AngII"	"C57BL/6"	"Saline 3d"	"C57BL/6-Saline 3d"	"HYP"	"Avp+ neuron"	"Avp+ neuron"	"Avp+ neurons"
"Ep300(+),"	"muhypo1_2SN_TCATGAGCAGAATCGG-1"	0.0698733708120581	"MHYP1SN"	"muhypo1_2SN"	1334	961	"AngII"	"C57BL/6"	"Saline 3d"	"C57BL/6-Saline 3d"	"HYP"	"Avp+ neuron"	"Avp+ neuron"	"Avp+ neurons"
"Ep300(+),"	"muhypo1_2SN_GAAACCTGTGCCCAGT-1"	0.0697262830541531	"MHYP1SN"	"muhypo1_2SN"	1302	927	"AngII"	"C57BL/6"	"Saline 3d"	"C57BL/6-Saline 3d"	"HYP"	"Avp+ neuron"	"Avp+ neuron"	"Avp+ neurons"
"Ep300(+),"	"muhypo1_2SN_AAGTACCGTCACATTG-1"	0.0655457433375932	"MHYP1SN"	"muhypo1_2SN"	1311	910	"AngII"	"C57BL/6"	"Saline 3d"	"C57BL/6-Saline 3d"	"HYP"	"Avp+ neuron"	"Avp+ neuron"	"Avp+ neurons"
"Ep300(+),"	"muhypo1_2SN_GGGTTTAGTGATGAAT-1"	0.0621187896014686	"MHYP1SN"	"muhypo1_2SN"	1175	888	"AngII"	"C57BL/6"	"Saline 3d"	"C57BL/6-Saline 3d"	"HYP"	"Avp+ neuron"	"Avp+ neuron"	"Avp+ neurons"
"Ep300(+),"	"muhypo1_2SN_TGGTGATAGGATACGC-1"	0.0641082947944305	"MHYP1SN"	"muhypo1_2SN"	1270	930	"AngII"	"C57BL/6"	"Saline 3d"	"C57BL/6-Saline 3d"	"HYP"	"Avp+ neuron"	"Avp+ neuron"	"Avp+ neurons"
"Ep300(+),"	"muhypo1_2SN_AGCTCAACAAATACGA-1"	0.0630982603529724	"MHYP1SN"	"muhypo1_2SN"	1244	910	"AngII"	"C57BL/6"	"Saline 3d"	"C57BL/6-Saline 3d"	"HYP"	"Avp+ neuron"	"Avp+ neuron"	"Avp+ neurons"
"Ep300(+),"	"muhypo1_2SN_GTACAACAGCTACTAC-1"	0.0730472189907488	"MHYP1SN"	"muhypo1_2SN"	1097	807	"AngII"	"C57BL/6"	"Saline 3d"	"C57BL/6-Saline 3d"	"HYP"	"Avp+ neuron"	"Avp+ neuron"	"Avp+ neurons"
"Ep300(+),"	"muhypo1_2SN_GAGTCTATCCATAAGC-1"	0.0671044915252619	"MHYP1SN"	"muhypo1_2SN"	1215	945	"AngII"	"C57BL/6"	"Saline 3d"	"C57BL/6-Saline 3d"	"HYP"	"Avp+ neuron"	"Avp+ neuron"	"Avp+ neurons"
"Ep300(+),"	"muhypo1_2SN_GTGCTGGTCAATCCGA-1"	0.061089652853789	"MHYP1SN"	"muhypo1_2SN"	1218	898	"AngII"	"C57BL/6"	"Saline 3d"	"C57BL/6-Saline 3d"	"HYP"	"Avp+ neuron"	"Avp+ neuron"	"Avp+ neurons"
"Ep300(+),"	"muhypo1_2SN_CTGCTCACATTGGATC-1"	0.068775943319637	"MHYP1SN"	"muhypo1_2SN"	1247	925	"AngII"	"C57BL/6"	"Saline 3d"	"C57BL/6-Saline 3d"	"HYP"	"Avp+ neuron"	"Avp+ neuron"	"Avp+ neurons"
"Ep300(+),"	"muhypo1_2SN_AGTCAACCACCGTACG-1"	0.0595648112596634	"MHYP1SN"	"muhypo1_2SN"	1127	857	"AngII"	"C57BL/6"	"Saline 3d"	"C57BL/6-Saline 3d"	"HYP"	"Avp+ neuron"	"Avp+ neuron"	"Avp+ neurons"
"Ep300(+),"	"muhypo1_2SN_TTCCAATGTCCGACGT-1"	0.0639702806319807	"MHYP1SN"	"muhypo1_2SN"	1196	899	"AngII"	"C57BL/6"	"Saline 3d"	"C57BL/6-Saline 3d"	"HYP"	"Avp+ neuron"	"Avp+ neuron"	"Avp+ neurons"
"Ep300(+),"	"muhypo1_2SN_TCTTGCGAGTATGGAT-1"	0.0673351518728856	"MHYP1SN"	"muhypo1_2SN"	1233	910	"AngII"	"C57BL/6"	"Saline 3d"	"C57BL/6-Saline 3d"	"HYP"	"Avp+ neuron"	"Avp+ neuron"	"Avp+ neurons"
"Ep300(+),"	"muhypo1_2SN_ATTCTACTCGGAAGGT-1"	0.061061954509768	"MHYP1SN"	"muhypo1_2SN"	1188	857	"AngII"	"C57BL/6"	"Saline 3d"	"C57BL/6-Saline 3d"	"HYP"	"Avp+ neuron"	"Avp+ neuron"	"Avp+ neurons"
"Ep300(+),"	"muhypo1_2SN_CCTCCAATCTAGTCAG-1"	0.0682835813767796	"MHYP1SN"	"muhypo1_2SN"	1161	854	"AngII"	"C57BL/6"	"Saline 3d"	"C57BL/6-Saline 3d"	"HYP"	"Avp+ neuron"	"Avp+ neuron"	"Avp+ neurons"
"Ep300(+),"	"muhypo1_2SN_CCGGACATCACCTCGT-1"	0.0685142417244034	"MHYP1SN"	"muhypo1_2SN"	1045	769	"AngII"	"C57BL/6"	"Saline 3d"	"C57BL/6-Saline 3d"	"HYP"	"Avp+ neuron"	"Avp+ neuron"	"Avp+ neurons"
"Ep300(+),"	"muhypo1_2SN_ATATCCTTCGTAGAGG-1"	0.0775677797580502	"MHYP1SN"	"muhypo1_2SN"	1224	921	"AngII"	"C57BL/6"	"Saline 3d"	"C57BL/6-Saline 3d"	"HYP"	"Avp+ neuron"	"Avp+ neuron"	"Avp+ neurons"
"Ep300(+),"	"muhypo1_2SN_TGTAGACAGAATCCCT-1"	0.060120688370707	"MHYP1SN"	"muhypo1_2SN"	1180	891	"AngII"	"C57BL/6"	"Saline 3d"	"C57BL/6-Saline 3d"	"HYP"	"Avp+ neuron"	"Avp+ neuron"	"Avp+ neurons"
"Ep300(+),"	"muhypo1_2SN_TAGATCGCATCCGCGA-1"	0.0618575655638905	"MHYP1SN"	"muhypo1_2SN"	1144	860	"AngII"	"C57BL/6"	"Saline 3d"	"C57BL/6-Saline 3d"	"HYP"	"Avp+ neuron"	"Avp+ neuron"	"Avp+ neurons"
"Ep300(+),"	"muhypo1_2SN_TCTTAGTAGAATCGAT-1"	0.0655939766608023	"MHYP1SN"	"muhypo1_2SN"	1111	826	"AngII"	"C57BL/6"	"Saline 3d"	"C57BL/6-Saline 3d"	"HYP"	"Avp+ neuron"	"Avp+ neuron"	"Avp+ neurons"
"Ep300(+),"	"muhypo1_2SN_GATCACAAGACTCTAC-1"	0.0653914922148551	"MHYP1SN"	"muhypo1_2SN"	1023	766	"AngII"	"C57BL/6"	"Saline 3d"	"C57BL/6-Saline 3d"	"HYP"	"Avp+ neuron"	"Avp+ neuron"	"Avp+ neurons"
"Ep300(+),"	"muhypo1_2SN_TTTATGCAGATTTGCC-1"	0.067293604356854	"MHYP1SN"	"muhypo1_2SN"	1105	852	"AngII"	"C57BL/6"	"Saline 3d"	"C57BL/6-Saline 3d"	"HYP"	"Avp+ neuron"	"Avp+ neuron"	"Avp+ neurons"
"Ep300(+),"	"muhypo1_2SN_ACCAACATCCTCTTTC-1"	0.060254404514257	"MHYP1SN"	"muhypo1_2SN"	1018	766	"AngII"	"C57BL/6"	"Saline 3d"	"C57BL/6-Saline 3d"	"HYP"	"Avp+ neuron"	"Avp+ neuron"	"Avp+ neurons"
"Ep300(+),"	"muhypo1_2SN_GAAGTAAGTGGATCGA-1"	0.0638776344468068	"MHYP1SN"	"muhypo1_2SN"	1135	874	"AngII"	"C57BL/6"	"Saline 3d"	"C57BL/6-Saline 3d"	"HYP"	"Avp+ neuron"	"Avp+ neuron"	"Avp+ neurons"
"Ep300(+),"	"muhypo1_2SN_CATTGTTAGTGGACTG-1"	0.06240532419479	"MHYP1SN"	"muhypo1_2SN"	1099	823	"AngII"	"C57BL/6"	"Saline 3d"	"C57BL/6-Saline 3d"	"HYP"	"Avp+ neuron"	"Avp+ neuron"	"Avp+ neurons"
"Ep300(+),"	"muhypo1_2SN_GCGGAAACACTGTGTA-1"	0.066652721983125	"MHYP1SN"	"muhypo1_2SN"	1118	858	"AngII"	"C57BL/6"	"Saline 3d"	"C57BL/6-Saline 3d"	"HYP"	"Avp+ neuron"	"Avp+ neuron"	"Avp+ neurons"
"Ep300(+),"	"muhypo1_2SN_CAGCGTGCAAGAGTTA-1"	0.0738003274135286	"MHYP1SN"	"muhypo1_2SN"	1137	842	"AngII"	"C57BL/6"	"Saline 3d"	"C57BL/6-Saline 3d"	"HYP"	"Avp+ neuron"	"Avp+ neuron"	"Avp+ neurons"
"Ep300(+),"	"muhypo1_2SN_CTCAATTAGTAATTGG-1"	0.0570934503922659	"MHYP1SN"	"muhypo1_2SN"	1042	767	"AngII"	"C57BL/6"	"Saline 3d"	"C57BL/6-Saline 3d"	"HYP"	"Avp+ neuron"	"Avp+ neuron"	"Avp+ neurons"
"Ep300(+),"	"muhypo1_2SN_TCATTCATCCATACAG-1"	0.0634153586362482	"MHYP1SN"	"muhypo1_2SN"	1074	814	"AngII"	"C57BL/6"	"Saline 3d"	"C57BL/6-Saline 3d"	"HYP"	"Avp+ neuron"	"Avp+ neuron"	"Avp+ neurons"
"Ep300(+),"	"muhypo1_2SN_ATTTACCGTAGCCAGA-1"	0.0578188604710247	"MHYP1SN"	"muhypo1_2SN"	1053	789	"AngII"	"C57BL/6"	"Saline 3d"	"C57BL/6-Saline 3d"	"HYP"	"Avp+ neuron"	"Avp+ neuron"	"Avp+ neurons"
"Ep300(+),"	"muhypo1_2SN_TTTACTGGTGACACGA-1"	0.0554325048663125	"MHYP1SN"	"muhypo1_2SN"	1039	785	"AngII"	"C57BL/6"	"Saline 3d"	"C57BL/6-Saline 3d"	"HYP"	"Avp+ neuron"	"Avp+ neuron"	"Avp+ neurons"
"Ep300(+),"	"muhypo1_2SN_CATACAGAGACAGTCG-1"	0.0613537422373003	"MHYP1SN"	"muhypo1_2SN"	1068	818	"AngII"	"C57BL/6"	"Saline 3d"	"C57BL/6-Saline 3d"	"HYP"	"Avp+ neuron"	"Avp+ neuron"	"Avp+ neurons"
"Ep300(+),"	"muhypo1_2SN_TGCATGAGTAGTCGTT-1"	0.0658499475641694	"MHYP1SN"	"muhypo1_2SN"	1069	814	"AngII"	"C57BL/6"	"Saline 3d"	"C57BL/6-Saline 3d"	"HYP"	"Avp+ neuron"	"Avp+ neuron"	"Avp+ neurons"
"Ep300(+),"	"muhypo1_2SN_TCTATCATCCGGCAGT-1"	0.063359961948206	"MHYP1SN"	"muhypo1_2SN"	1043	769	"AngII"	"C57BL/6"	"Saline 3d"	"C57BL/6-Saline 3d"	"HYP"	"Avp+ neuron"	"Avp+ neuron"	"Avp+ neurons"
"Ep300(+),"	"muhypo1_2SN_CGATGGCCAGGTATGG-1"	0.0619478239607868	"MHYP1SN"	"muhypo1_2SN"	980	760	"AngII"	"C57BL/6"	"Saline 3d"	"C57BL/6-Saline 3d"	"HYP"	"Avp+ neuron"	"Avp+ neuron"	"Avp+ neurons"
"Ep300(+),"	"muhypo1_2SN_CGGGCATGTGAGCGAT-1"	0.0625724693742276	"MHYP1SN"	"muhypo1_2SN"	1044	782	"AngII"	"C57BL/6"	"Saline 3d"	"C57BL/6-Saline 3d"	"HYP"	"Avp+ neuron"	"Avp+ neuron"	"Avp+ neurons"
"Ep300(+),"	"muhypo1_2SN_GAGTTTGTCGCCCAGA-1"	0.0680080306095355	"MHYP1SN"	"muhypo1_2SN"	1039	771	"AngII"	"C57BL/6"	"Saline 3d"	"C57BL/6-Saline 3d"	"HYP"	"Avp+ neuron"	"Avp+ neuron"	"Avp+ neurons"
"Ep300(+),"	"muhypo1_2SN_GGTCTGGGTGAATAAC-1"	0.060982679938949	"MHYP1SN"	"muhypo1_2SN"	1035	816	"AngII"	"C57BL/6"	"Saline 3d"	"C57BL/6-Saline 3d"	"HYP"	"Avp+ neuron"	"Avp+ neuron"	"Avp+ neurons"
"Ep300(+),"	"muhypo1_2SN_TACTTACGTAGACACG-1"	0.0623604337751697	"MHYP1SN"	"muhypo1_2SN"	954	740	"AngII"	"C57BL/6"	"Saline 3d"	"C57BL/6-Saline 3d"	"HYP"	"Avp+ neuron"	"Avp+ neuron"	"Avp+ neurons"
"Ep300(+),"	"muhypo1_2SN_CGCCATTGTGCTAGCC-1"	0.0609258505779403	"MHYP1SN"	"muhypo1_2SN"	898	687	"AngII"	"C57BL/6"	"Saline 3d"	"C57BL/6-Saline 3d"	"HYP"	"Avp+ neuron"	"Avp+ neuron"	"Avp+ neurons"
"Ep300(+),"	"muhypo1_2SN_CCTGCATTCCTATTTG-1"	0.0504339088858198	"MHYP1SN"	"muhypo1_2SN"	688	521	"AngII"	"C57BL/6"	"Saline 3d"	"C57BL/6-Saline 3d"	"HYP"	"Avp+ neuron"	"Avp+ neuron"	"Avp+ neurons"
"Ep300(+),"	"muhypo1_2SN_TTGTGGACAGTCAGCC-1"	0.056735282150614	"MHYP1SN"	"muhypo1_2SN"	994	731	"AngII"	"C57BL/6"	"Saline 3d"	"C57BL/6-Saline 3d"	"HYP"	"Avp+ neuron"	"Avp+ neuron"	"Avp+ neurons"
"Ep300(+),"	"muhypo1_2SN_CGGGTGTTCCATACAG-1"	0.0582648993212951	"MHYP1SN"	"muhypo1_2SN"	882	690	"AngII"	"C57BL/6"	"Saline 3d"	"C57BL/6-Saline 3d"	"HYP"	"Avp+ neuron"	"Avp+ neuron"	"Avp+ neurons"
"Ep300(+),"	"muhypo1_2SN_ACGGAAGGTTGTCATG-1"	0.0639067654637944	"MHYP1SN"	"muhypo1_2SN"	886	720	"AngII"	"C57BL/6"	"Saline 3d"	"C57BL/6-Saline 3d"	"HYP"	"Avp+ neuron"	"Avp+ neuron"	"Avp+ neurons"
"Ep300(+),"	"muhypo1_2SN_GATCGTAAGAGTCAGC-1"	0.0636589130405714	"MHYP1SN"	"muhypo1_2SN"	1033	797	"AngII"	"C57BL/6"	"Saline 3d"	"C57BL/6-Saline 3d"	"HYP"	"Avp+ neuron"	"Avp+ neuron"	"Avp+ neurons"
"Ep300(+),"	"muhypo1_2SN_AGGAATAGTGCCGGTT-1"	0.0576989934994852	"MHYP1SN"	"muhypo1_2SN"	985	733	"AngII"	"C57BL/6"	"Saline 3d"	"C57BL/6-Saline 3d"	"HYP"	"Avp+ neuron"	"Avp+ neuron"	"Avp+ neurons"
"Ep300(+),"	"muhypo1_2SN_AACACACTCCATACAG-1"	0.0682511074562032	"MHYP1SN"	"muhypo1_2SN"	949	772	"AngII"	"C57BL/6"	"Saline 3d"	"C57BL/6-Saline 3d"	"HYP"	"Avp+ neuron"	"Avp+ neuron"	"Avp+ neurons"
"Ep300(+),"	"muhypo1_2SN_TGAGACTTCTATTGTC-1"	0.0516101333914043	"MHYP1SN"	"muhypo1_2SN"	968	773	"AngII"	"C57BL/6"	"Saline 3d"	"C57BL/6-Saline 3d"	"HYP"	"Avp+ neuron"	"Avp+ neuron"	"Avp+ neurons"
"Ep300(+),"	"muhypo1_2SN_GTGAGCCCATGGACAG-1"	0.0548121574717716	"MHYP1SN"	"muhypo1_2SN"	721	562	"AngII"	"C57BL/6"	"Saline 3d"	"C57BL/6-Saline 3d"	"HYP"	"Avp+ neuron"	"Avp+ neuron"	"Avp+ neurons"
"Ep300(+),"	"muhypo1_2SN_ACCACAATCTTACGGA-1"	0.0596646208096704	"MHYP1SN"	"muhypo1_2SN"	869	682	"AngII"	"C57BL/6"	"Saline 3d"	"C57BL/6-Saline 3d"	"HYP"	"Avp+ neuron"	"Avp+ neuron"	"Avp+ neurons"
"Ep300(+),"	"muhypo1_2SN_GTTACCCTCAAGGACG-1"	0.0558145509907411	"MHYP1SN"	"muhypo1_2SN"	959	722	"AngII"	"C57BL/6"	"Saline 3d"	"C57BL/6-Saline 3d"	"HYP"	"Avp+ neuron"	"Avp+ neuron"	"Avp+ neurons"
"Ep300(+),"	"muhypo1_2SN_CATTTCACATCATCTT-1"	0.0604740810358034	"MHYP1SN"	"muhypo1_2SN"	951	727	"AngII"	"C57BL/6"	"Saline 3d"	"C57BL/6-Saline 3d"	"HYP"	"Avp+ neuron"	"Avp+ neuron"	"Avp+ neurons"
"Ep300(+),"	"muhypo1_2SN_CACGAATCAATCGTCA-1"	0.0592768439933753	"MHYP1SN"	"muhypo1_2SN"	903	687	"AngII"	"C57BL/6"	"Saline 3d"	"C57BL/6-Saline 3d"	"HYP"	"Avp+ neuron"	"Avp+ neuron"	"Avp+ neurons"
"Ep300(+),"	"muhypo1_2SN_CGTGATAAGCGTGAGT-1"	0.0626016003912152	"MHYP1SN"	"muhypo1_2SN"	938	747	"AngII"	"C57BL/6"	"Saline 3d"	"C57BL/6-Saline 3d"	"HYP"	"Avp+ neuron"	"Avp+ neuron"	"Avp+ neurons"
"Ep300(+),"	"muhypo1_2SN_AATTTCCCACCATATG-1"	0.0678494814678976	"MHYP1SN"	"muhypo1_2SN"	941	725	"AngII"	"C57BL/6"	"Saline 3d"	"C57BL/6-Saline 3d"	"HYP"	"Avp+ neuron"	"Avp+ neuron"	"Avp+ neurons"
"Ep300(+),"	"muhypo1_2SN_ACGGTTACAAGAGTTA-1"	0.0565753003360096	"MHYP1SN"	"muhypo1_2SN"	904	735	"AngII"	"C57BL/6"	"Saline 3d"	"C57BL/6-Saline 3d"	"HYP"	"Avp+ neuron"	"Avp+ neuron"	"Avp+ neurons"
"Ep300(+),"	"muhypo1_2SN_CCTCAACAGAGCATCG-1"	0.0603637652173747	"MHYP1SN"	"muhypo1_2SN"	911	736	"AngII"	"C57BL/6"	"Saline 3d"	"C57BL/6-Saline 3d"	"HYP"	"Avp+ neuron"	"Avp+ neuron"	"Avp+ neurons"
"Ep300(+),"	"muhypo1_2SN_ACTATCTTCTTCCCAG-1"	0.0608905113114306	"MHYP1SN"	"muhypo1_2SN"	963	715	"AngII"	"C57BL/6"	"Saline 3d"	"C57BL/6-Saline 3d"	"HYP"	"Avp+ neuron"	"Avp+ neuron"	"Avp+ neurons"
"Ep300(+),"	"muhypo1_2SN_TTGAACGGTCATAAAG-1"	0.0609564142678946	"MHYP1SN"	"muhypo1_2SN"	948	724	"AngII"	"C57BL/6"	"Saline 3d"	"C57BL/6-Saline 3d"	"HYP"	"Avp+ neuron"	"Avp+ neuron"	"Avp+ neurons"
"Ep300(+),"	"muhypo1_2SN_GGTGGCTTCTATCGGA-1"	0.0579549644028524	"MHYP1SN"	"muhypo1_2SN"	925	728	"AngII"	"C57BL/6"	"Saline 3d"	"C57BL/6-Saline 3d"	"HYP"	"Avp+ neuron"	"Avp+ neuron"	"Avp+ neurons"
"Ep300(+),"	"muhypo1_2SN_AACCACAGTTTGTTCT-1"	0.0583885867540788	"MHYP1SN"	"muhypo1_2SN"	908	699	"AngII"	"C57BL/6"	"Saline 3d"	"C57BL/6-Saline 3d"	"HYP"	"Avp+ neuron"	"Avp+ neuron"	"Avp+ neurons"
"Ep300(+),"	"muhypo1_2SN_ACAGGGAAGACTTCAC-1"	0.0616746609818203	"MHYP1SN"	"muhypo1_2SN"	896	701	"AngII"	"C57BL/6"	"Saline 3d"	"C57BL/6-Saline 3d"	"HYP"	"Avp+ neuron"	"Avp+ neuron"	"Avp+ neurons"
"Ep300(+),"	"muhypo1_2SN_TAGACTGCAGGGTTGA-1"	0.0641340829078295	"MHYP1SN"	"muhypo1_2SN"	928	706	"AngII"	"C57BL/6"	"Saline 3d"	"C57BL/6-Saline 3d"	"HYP"	"Avp+ neuron"	"Avp+ neuron"	"Avp+ neurons"
"Ep300(+),"	"muhypo1_2SN_GAAGGGTAGACATACA-1"	0.0546450122923341	"MHYP1SN"	"muhypo1_2SN"	936	731	"AngII"	"C57BL/6"	"Saline 3d"	"C57BL/6-Saline 3d"	"HYP"	"Avp+ neuron"	"Avp+ neuron"	"Avp+ neurons"
"Ep300(+),"	"muhypo1_2SN_TGCTTGCGTAAGTCAA-1"	0.0592171492864334	"MHYP1SN"	"muhypo1_2SN"	812	630	"AngII"	"C57BL/6"	"Saline 3d"	"C57BL/6-Saline 3d"	"HYP"	"Avp+ neuron"	"Avp+ neuron"	"Avp+ neurons"
"Ep300(+),"	"muhypo1_2SN_CTGCATCGTCGCAACC-1"	0.0617825890119714	"MHYP1SN"	"muhypo1_2SN"	784	581	"AngII"	"C57BL/6"	"Saline 3d"	"C57BL/6-Saline 3d"	"HYP"	"Avp+ neuron"	"Avp+ neuron"	"Avp+ neurons"
"Ep300(+),"	"muhypo1_2SN_GCTTTCGTCGATTGAC-1"	0.0645949260454215	"MHYP1SN"	"muhypo1_2SN"	888	644	"AngII"	"C57BL/6"	"Saline 3d"	"C57BL/6-Saline 3d"	"HYP"	"Avp+ neuron"	"Avp+ neuron"	"Avp+ neurons"
"Ep300(+),"	"muhypo1_2SN_TCAGGGCTCTTGATTC-1"	0.0633666477553835	"MHYP1SN"	"muhypo1_2SN"	849	670	"AngII"	"C57BL/6"	"Saline 3d"	"C57BL/6-Saline 3d"	"HYP"	"Avp+ neuron"	"Avp+ neuron"	"Avp+ neurons"
"Ep300(+),"	"muhypo1_2SN_ACATTTCGTTGTATGC-1"	0.0634592939405574	"MHYP1SN"	"muhypo1_2SN"	915	697	"AngII"	"C57BL/6"	"Saline 3d"	"C57BL/6-Saline 3d"	"HYP"	"Avp+ neuron"	"Avp+ neuron"	"Avp+ neurons"
"Ep300(+),"	"muhypo1_2SN_AGTGTTGTCATTACTC-1"	0.0525771876438642	"MHYP1SN"	"muhypo1_2SN"	897	667	"AngII"	"C57BL/6"	"Saline 3d"	"C57BL/6-Saline 3d"	"HYP"	"Avp+ neuron"	"Avp+ neuron"	"Avp+ neurons"
"Ep300(+),"	"muhypo1_2SN_GTGCAGCTCGGATAAA-1"	0.0646269224083424	"MHYP1SN"	"muhypo1_2SN"	907	705	"AngII"	"C57BL/6"	"Saline 3d"	"C57BL/6-Saline 3d"	"HYP"	"Avp+ neuron"	"Avp+ neuron"	"Avp+ neurons"
"Ep300(+),"	"muhypo1_2SN_TCAATTCCATCCGTTC-1"	0.057302143087735	"MHYP1SN"	"muhypo1_2SN"	815	620	"AngII"	"C57BL/6"	"Saline 3d"	"C57BL/6-Saline 3d"	"HYP"	"Avp+ neuron"	"Avp+ neuron"	"Avp+ neurons"
"Ep300(+),"	"muhypo1_2SN_CCCTAACGTTCCGGTG-1"	0.0559516100378799	"MHYP1SN"	"muhypo1_2SN"	780	633	"AngII"	"C57BL/6"	"Saline 3d"	"C57BL/6-Saline 3d"	"HYP"	"Avp+ neuron"	"Avp+ neuron"	"Avp+ neurons"
"Ep300(+),"	"muhypo1_2SN_ACTTCGCGTTGGCTAT-1"	0.0559019440417042	"MHYP1SN"	"muhypo1_2SN"	685	545	"AngII"	"C57BL/6"	"Saline 3d"	"C57BL/6-Saline 3d"	"HYP"	"Avp+ neuron"	"Avp+ neuron"	"Avp+ neurons"
"Ep300(+),"	"muhypo1_2SN_TCGGGCAGTCCGTTTC-1"	0.0530958152577761	"MHYP1SN"	"muhypo1_2SN"	764	607	"AngII"	"C57BL/6"	"Saline 3d"	"C57BL/6-Saline 3d"	"HYP"	"Avp+ neuron"	"Avp+ neuron"	"Avp+ neurons"
"Ep300(+),"	"muhypo1_2SN_GGTGGCTTCCCAATAG-1"	0.0481984615002569	"MHYP1SN"	"muhypo1_2SN"	627	509	"AngII"	"C57BL/6"	"Saline 3d"	"C57BL/6-Saline 3d"	"HYP"	"Avp+ neuron"	"Avp+ neuron"	"Avp+ neurons"
"Ep300(+),"	"muhypo1_2SN_AGTTCCCTCAGGACAG-1"	0.0434462852700207	"MHYP1SN"	"muhypo1_2SN"	487	378	"AngII"	"C57BL/6"	"Saline 3d"	"C57BL/6-Saline 3d"	"HYP"	"Avp+ neuron"	"Avp+ neuron"	"Avp+ neurons"
"Ep300(+),"	"muhypo1_2SN_TCAAGTGTCGGTCAGC-1"	0.0589798031316321	"MHYP1SN"	"muhypo1_2SN"	707	569	"AngII"	"C57BL/6"	"Saline 3d"	"C57BL/6-Saline 3d"	"HYP"	"Avp+ neuron"	"Avp+ neuron"	"Avp+ neurons"
"Ep300(+),"	"muhypo1_2SN_GGGCTCAGTGCTCTCT-1"	0.0518852066009929	"MHYP1SN"	"muhypo1_2SN"	811	674	"AngII"	"C57BL/6"	"Saline 3d"	"C57BL/6-Saline 3d"	"HYP"	"Avp+ neuron"	"Avp+ neuron"	"Avp+ neurons"
"Ep300(+),"	"muhypo1_2SN_TGTGCGGCAGTATTCG-1"	0.0590051136873755	"MHYP1SN"	"muhypo1_2SN"	767	607	"AngII"	"C57BL/6"	"Saline 3d"	"C57BL/6-Saline 3d"	"HYP"	"Avp+ neuron"	"Avp+ neuron"	"Avp+ neurons"
"Ep300(+),"	"muhypo1_2SN_TCACTATCATTGTAGC-1"	0.0555404328964636	"MHYP1SN"	"muhypo1_2SN"	784	587	"AngII"	"C57BL/6"	"Saline 3d"	"C57BL/6-Saline 3d"	"HYP"	"Avp+ neuron"	"Avp+ neuron"	"Avp+ neurons"
"Ep300(+),"	"muhypo1_2SN_TCGACCTTCGCTGACG-1"	0.0558436820077288	"MHYP1SN"	"muhypo1_2SN"	645	506	"AngII"	"C57BL/6"	"Saline 3d"	"C57BL/6-Saline 3d"	"HYP"	"Avp+ neuron"	"Avp+ neuron"	"Avp+ neurons"
"Ep300(+),"	"muhypo1_2SN_TGCAGATCAAGTCGTT-1"	0.0545757664322814	"MHYP1SN"	"muhypo1_2SN"	734	573	"AngII"	"C57BL/6"	"Saline 3d"	"C57BL/6-Saline 3d"	"HYP"	"Avp+ neuron"	"Avp+ neuron"	"Avp+ neurons"
"Ep300(+),"	"muhypo1_2SN_CATTCCGAGACGGTCA-1"	0.0602357797656911	"MHYP1SN"	"muhypo1_2SN"	702	559	"AngII"	"C57BL/6"	"Saline 3d"	"C57BL/6-Saline 3d"	"HYP"	"Avp+ neuron"	"Avp+ neuron"	"Avp+ neurons"
"Ep300(+),"	"muhypo1_2SN_TGAACGTGTGTCTTCC-1"	0.0449147750607931	"MHYP1SN"	"muhypo1_2SN"	486	402	"AngII"	"C57BL/6"	"Saline 3d"	"C57BL/6-Saline 3d"	"HYP"	"Avp+ neuron"	"Avp+ neuron"	"Avp+ neurons"
"Ep300(+),"	"muhypo1_2SN_GAGACCCAGTACTGTC-1"	0.0585619401830383	"MHYP1SN"	"muhypo1_2SN"	739	577	"AngII"	"C57BL/6"	"Saline 3d"	"C57BL/6-Saline 3d"	"HYP"	"Avp+ neuron"	"Avp+ neuron"	"Avp+ neurons"
"Ep300(+),"	"muhypo1_2SN_TACTTGTGTAGAGATT-1"	0.0540962985461235	"MHYP1SN"	"muhypo1_2SN"	729	598	"AngII"	"C57BL/6"	"Saline 3d"	"C57BL/6-Saline 3d"	"HYP"	"Avp+ neuron"	"Avp+ neuron"	"Avp+ neurons"
"Ep300(+),"	"muhypo1_2SN_GAATAGAAGTTCCGTA-1"	0.0628847920809479	"MHYP1SN"	"muhypo1_2SN"	744	609	"AngII"	"C57BL/6"	"Saline 3d"	"C57BL/6-Saline 3d"	"HYP"	"Avp+ neuron"	"Avp+ neuron"	"Avp+ neurons"
"Ep300(+),"	"muhypo1_2SN_ATCGTGACAAGGGTCA-1"	0.053408615522152	"MHYP1SN"	"muhypo1_2SN"	701	571	"AngII"	"C57BL/6"	"Saline 3d"	"C57BL/6-Saline 3d"	"HYP"	"Avp+ neuron"	"Avp+ neuron"	"Avp+ neurons"
"Ep300(+),"	"muhypo1_2SN_CAAGACTCATGACTGT-1"	0.0539449127693186	"MHYP1SN"	"muhypo1_2SN"	588	471	"AngII"	"C57BL/6"	"Saline 3d"	"C57BL/6-Saline 3d"	"HYP"	"Avp+ neuron"	"Avp+ neuron"	"Avp+ neurons"
"Ep300(+),"	"muhypo1_2SN_CACATGATCCTGGGAC-1"	0.0587352936119978	"MHYP1SN"	"muhypo1_2SN"	654	530	"AngII"	"C57BL/6"	"Saline 3d"	"C57BL/6-Saline 3d"	"HYP"	"Avp+ neuron"	"Avp+ neuron"	"Avp+ neurons"
"Ep300(+),"	"muhypo1_2SN_GTAGGTTAGCCATTCA-1"	0.0565958353151976	"MHYP1SN"	"muhypo1_2SN"	730	592	"AngII"	"C57BL/6"	"Saline 3d"	"C57BL/6-Saline 3d"	"HYP"	"Avp+ neuron"	"Avp+ neuron"	"Avp+ neurons"
"Ep300(+),"	"muhypo1_2SN_CTCCGATTCGGCTTCT-1"	0.0549964947268084	"MHYP1SN"	"muhypo1_2SN"	683	544	"AngII"	"C57BL/6"	"Saline 3d"	"C57BL/6-Saline 3d"	"HYP"	"Avp+ neuron"	"Avp+ neuron"	"Avp+ neurons"
"Ep300(+),"	"muhypo1_2SN_TGACCCTAGCGTCTGC-1"	0.0582601237447397	"MHYP1SN"	"muhypo1_2SN"	640	523	"AngII"	"C57BL/6"	"Saline 3d"	"C57BL/6-Saline 3d"	"HYP"	"Avp+ neuron"	"Avp+ neuron"	"Avp+ neurons"
"Ep300(+),"	"muhypo1_2SN_AGGATCTTCATTCTTG-1"	0.0552080527682107	"MHYP1SN"	"muhypo1_2SN"	726	545	"AngII"	"C57BL/6"	"Saline 3d"	"C57BL/6-Saline 3d"	"HYP"	"Avp+ neuron"	"Avp+ neuron"	"Avp+ neurons"
"Ep300(+),"	"muhypo1_2SN_GACCCTTTCCGTAATG-1"	0.0561077713912401	"MHYP1SN"	"muhypo1_2SN"	622	504	"AngII"	"C57BL/6"	"Saline 3d"	"C57BL/6-Saline 3d"	"HYP"	"Avp+ neuron"	"Avp+ neuron"	"Avp+ neurons"
"Ep300(+),"	"muhypo1_2SN_TGAGGTTGTCTCGGGT-1"	0.0496760248864845	"MHYP1SN"	"muhypo1_2SN"	597	494	"AngII"	"C57BL/6"	"Saline 3d"	"C57BL/6-Saline 3d"	"HYP"	"Avp+ neuron"	"Avp+ neuron"	"Avp+ neurons"
"Ep300(+),"	"muhypo1_2SN_ACGGTTATCGTCGCTT-1"	0.0588904998500469	"MHYP1SN"	"muhypo1_2SN"	680	536	"AngII"	"C57BL/6"	"Saline 3d"	"C57BL/6-Saline 3d"	"HYP"	"Avp+ neuron"	"Avp+ neuron"	"Avp+ neurons"
"Ep300(+),"	"muhypo1_2SN_CGTAATGCACCCTGAG-1"	0.0528560813146971	"MHYP1SN"	"muhypo1_2SN"	602	489	"AngII"	"C57BL/6"	"Saline 3d"	"C57BL/6-Saline 3d"	"HYP"	"Avp+ neuron"	"Avp+ neuron"	"Avp+ neurons"
"Ep300(+),"	"muhypo1_2SN_GGGTTTAGTGTATTCG-1"	0.0550714712787275	"MHYP1SN"	"muhypo1_2SN"	670	551	"AngII"	"C57BL/6"	"Saline 3d"	"C57BL/6-Saline 3d"	"HYP"	"Avp+ neuron"	"Avp+ neuron"	"Avp+ neurons"
"Ep300(+),"	"muhypo1_2SN_AGTACCAAGGGAGTTC-1"	0.0500122254759817	"MHYP1SN"	"muhypo1_2SN"	676	543	"AngII"	"C57BL/6"	"Saline 3d"	"C57BL/6-Saline 3d"	"HYP"	"Avp+ neuron"	"Avp+ neuron"	"Avp+ neurons"
"Ep300(+),"	"muhypo1_2SN_GTGTTAGAGAGCATTA-1"	0.0570714827401112	"MHYP1SN"	"muhypo1_2SN"	688	557	"AngII"	"C57BL/6"	"Saline 3d"	"C57BL/6-Saline 3d"	"HYP"	"Avp+ neuron"	"Avp+ neuron"	"Avp+ neurons"
"Ep300(+),"	"muhypo1_2SN_GTTAGACTCCTTTAGT-1"	0.0511320981782131	"MHYP1SN"	"muhypo1_2SN"	581	466	"AngII"	"C57BL/6"	"Saline 3d"	"C57BL/6-Saline 3d"	"HYP"	"Avp+ neuron"	"Avp+ neuron"	"Avp+ neurons"
"Ep300(+),"	"muhypo1_2SN_TTTCAGTGTGTCGCTG-1"	0.0494850018242702	"MHYP1SN"	"muhypo1_2SN"	635	529	"AngII"	"C57BL/6"	"Saline 3d"	"C57BL/6-Saline 3d"	"HYP"	"Avp+ neuron"	"Avp+ neuron"	"Avp+ neurons"
"Ep300(+),"	"muhypo1_2SN_GCATCGGAGTACGTCT-1"	0.0546478776382673	"MHYP1SN"	"muhypo1_2SN"	649	532	"AngII"	"C57BL/6"	"Saline 3d"	"C57BL/6-Saline 3d"	"HYP"	"Avp+ neuron"	"Avp+ neuron"	"Avp+ neurons"
"Ep300(+),"	"muhypo1_2SN_TAGGAGGAGAGTAACT-1"	0.0524410837120366	"MHYP1SN"	"muhypo1_2SN"	619	522	"AngII"	"C57BL/6"	"Saline 3d"	"C57BL/6-Saline 3d"	"HYP"	"Avp+ neuron"	"Avp+ neuron"	"Avp+ neurons"
"Ep300(+),"	"muhypo1_2SN_TGAGACTTCAAGTAAG-1"	0.054530876012661	"MHYP1SN"	"muhypo1_2SN"	633	493	"AngII"	"C57BL/6"	"Saline 3d"	"C57BL/6-Saline 3d"	"HYP"	"Avp+ neuron"	"Avp+ neuron"	"Avp+ neurons"
"Ep300(+),"	"muhypo1_2SN_ATTCTACCAGGCTACC-1"	0.0524573206723248	"MHYP1SN"	"muhypo1_2SN"	538	424	"AngII"	"C57BL/6"	"Saline 3d"	"C57BL/6-Saline 3d"	"HYP"	"Avp+ neuron"	"Avp+ neuron"	"Avp+ neurons"
"Ep300(+),"	"muhypo1_2SN_CTACAGATCGGTATGT-1"	0.0534668775561273	"MHYP1SN"	"muhypo1_2SN"	570	505	"AngII"	"C57BL/6"	"Saline 3d"	"C57BL/6-Saline 3d"	"HYP"	"Avp+ neuron"	"Avp+ neuron"	"Avp+ neurons"
"Ep300(+),"	"muhypo1_2SN_GTCATGACACGCTTAA-1"	0.0521521613304374	"MHYP1SN"	"muhypo1_2SN"	498	422	"AngII"	"C57BL/6"	"Saline 3d"	"C57BL/6-Saline 3d"	"HYP"	"Avp+ neuron"	"Avp+ neuron"	"Avp+ neurons"
"Ep300(+),"	"muhypo1_2SN_AGGATAACATAAGCGG-1"	0.0487853798589104	"MHYP1SN"	"muhypo1_2SN"	521	442	"AngII"	"C57BL/6"	"Saline 3d"	"C57BL/6-Saline 3d"	"HYP"	"Avp+ neuron"	"Avp+ neuron"	"Avp+ neurons"
"Ep300(+),"	"muhypo1_2SN_GGGTATTAGTAAATGC-1"	0.0502127996913067	"MHYP1SN"	"muhypo1_2SN"	529	460	"AngII"	"C57BL/6"	"Saline 3d"	"C57BL/6-Saline 3d"	"HYP"	"Avp+ neuron"	"Avp+ neuron"	"Avp+ neurons"
"Ep300(+),"	"muhypo1_2SN_ACTCTCGTCGAGAATA-1"	0.050023209302059	"MHYP1SN"	"muhypo1_2SN"	520	453	"AngII"	"C57BL/6"	"Saline 3d"	"C57BL/6-Saline 3d"	"HYP"	"Avp+ neuron"	"Avp+ neuron"	"Avp+ neurons"
"Ep300(+),"	"muhypo1_2SN_TGTAACGCAATAGTCC-1"	0.0488197640101089	"MHYP1SN"	"muhypo1_2SN"	499	427	"AngII"	"C57BL/6"	"Saline 3d"	"C57BL/6-Saline 3d"	"HYP"	"Avp+ neuron"	"Avp+ neuron"	"Avp+ neurons"
"Ep300(+),"	"muhypo1_2SN_TGAGGAGAGTAAATGC-1"	0.0459897573434041	"MHYP1SN"	"muhypo1_2SN"	520	431	"AngII"	"C57BL/6"	"Saline 3d"	"C57BL/6-Saline 3d"	"HYP"	"Avp+ neuron"	"Avp+ neuron"	"Avp+ neurons"
"Ep300(+),"	"muhypo1_2SN_CATCGGGAGATTGAGT-1"	0.0559148380984036	"MHYP1SN"	"muhypo1_2SN"	586	494	"AngII"	"C57BL/6"	"Saline 3d"	"C57BL/6-Saline 3d"	"HYP"	"Avp+ neuron"	"Avp+ neuron"	"Avp+ neurons"
"Ep300(+),"	"muhypo1_2SN_CGTGATATCCTGTTAT-1"	0.0471893821741099	"MHYP1SN"	"muhypo1_2SN"	504	407	"AngII"	"C57BL/6"	"Saline 3d"	"C57BL/6-Saline 3d"	"HYP"	"Avp+ neuron"	"Avp+ neuron"	"Avp+ neurons"
"Ep300(+),"	"muhypo1_2SN_AGAAGTAAGTGTACCT-1"	0.0442438065547654	"MHYP1SN"	"muhypo1_2SN"	464	392	"AngII"	"C57BL/6"	"Saline 3d"	"C57BL/6-Saline 3d"	"HYP"	"Avp+ neuron"	"Avp+ neuron"	"Avp+ neurons"
"Ep300(+),"	"muhypo1_2SN_TTGCATTGTGGGTCAA-1"	0.0414949846895016	"MHYP1SN"	"muhypo1_2SN"	453	358	"AngII"	"C57BL/6"	"Saline 3d"	"C57BL/6-Saline 3d"	"HYP"	"Avp+ neuron"	"Avp+ neuron"	"Avp+ neurons"
"Ep300(+),"	"muhypo1_2SN_GGTAACTTCCAAGCCG-1"	0.0573059635489793	"MHYP1SN"	"muhypo1_2SN"	530	448	"AngII"	"C57BL/6"	"Saline 3d"	"C57BL/6-Saline 3d"	"HYP"	"Avp+ neuron"	"Avp+ neuron"	"Avp+ neurons"
"Ep300(+),"	"muhypo1_2SN_GATAGAAAGGTAGATT-1"	0.0497018129998835	"MHYP1SN"	"muhypo1_2SN"	445	371	"AngII"	"C57BL/6"	"Saline 3d"	"C57BL/6-Saline 3d"	"HYP"	"Avp+ neuron"	"Avp+ neuron"	"Avp+ neurons"
"Ep300(+),"	"muhypo1_2SN_GTTCATTAGTATGGAT-1"	0.0412815164174771	"MHYP1SN"	"muhypo1_2SN"	375	312	"AngII"	"C57BL/6"	"Saline 3d"	"C57BL/6-Saline 3d"	"HYP"	"Avp+ neuron"	"Avp+ neuron"	"Avp+ neurons"
"Ep300(+),"	"muhypo1_2SN_ACGTACAGTCAGGAGT-1"	0.0488952181196836	"MHYP1SN"	"muhypo1_2SN"	494	433	"AngII"	"C57BL/6"	"Saline 3d"	"C57BL/6-Saline 3d"	"HYP"	"Avp+ neuron"	"Avp+ neuron"	"Avp+ neurons"
"Ep300(+),"	"muhypo1_2SN_AGGTGTTTCCATTTCA-1"	0.0450518341079318	"MHYP1SN"	"muhypo1_2SN"	389	325	"AngII"	"C57BL/6"	"Saline 3d"	"C57BL/6-Saline 3d"	"HYP"	"Avp+ neuron"	"Avp+ neuron"	"Avp+ neurons"
"Ep300(+),"	"muhypo1_2SN_AACCACATCATTTGGG-1"	0.042348380219944	"MHYP1SN"	"muhypo1_2SN"	331	276	"AngII"	"C57BL/6"	"Saline 3d"	"C57BL/6-Saline 3d"	"HYP"	"Avp+ neuron"	"Avp+ neuron"	"Avp+ neurons"
"Ep300(+),"	"muhypo1_2SN_TAATCTCGTGGCAACA-1"	0.0400107354960964	"MHYP1SN"	"muhypo1_2SN"	301	251	"AngII"	"C57BL/6"	"Saline 3d"	"C57BL/6-Saline 3d"	"HYP"	"Avp+ neuron"	"Avp+ neuron"	"Avp+ neurons"
"Ep300(+),"	"muhypo1_2SN_GTAGATCGTCTGCATA-1"	0.0521688758483812	"MHYP1SN"	"muhypo1_2SN"	445	390	"AngII"	"C57BL/6"	"Saline 3d"	"C57BL/6-Saline 3d"	"HYP"	"Avp+ neuron"	"Avp+ neuron"	"Avp+ neurons"
"Ep300(+),"	"muhypo1_2SN_TTCCTTCGTCGTGTTA-1"	0.0604244150396277	"MHYP1SN"	"muhypo1_2SN"	496	424	"AngII"	"C57BL/6"	"Saline 3d"	"C57BL/6-Saline 3d"	"HYP"	"Avp+ neuron"	"Avp+ neuron"	"Avp+ neurons"
"Ep300(+),"	"muhypo1_2SN_CATTGAGGTGTCATGT-1"	0.0514644783064659	"MHYP1SN"	"muhypo1_2SN"	433	391	"AngII"	"C57BL/6"	"Saline 3d"	"C57BL/6-Saline 3d"	"HYP"	"Avp+ neuron"	"Avp+ neuron"	"Avp+ neurons"
"Ep300(+),"	"muhypo13_14SN_CCCTAACCAGGTGTTT-1"	0.0779230826537688	"MHYP3SN"	"muhypo13_14SN"	8579	3754	"AngII"	"C57BL/6"	"AngII 3d"	"C57BL/6-AngII 3d"	"HYP"	"Avp+ neuron"	"Avp+ neuron"	"Avp+ neurons"
"Ep300(+),"	"muhypo13_14SN_GCTTCACTCGTGCATA-1"	0.0675104155324672	"MHYP3SN"	"muhypo13_14SN"	8409	3612	"AngII"	"C57BL/6"	"AngII 3d"	"C57BL/6-AngII 3d"	"HYP"	"Avp+ neuron"	"Avp+ neuron"	"Avp+ neurons"
"Ep300(+),"	"muhypo13_14SN_CTCCCTCGTACCTAAC-1"	0.0740410164719187	"MHYP3SN"	"muhypo13_14SN"	6451	3073	"AngII"	"C57BL/6"	"AngII 3d"	"C57BL/6-AngII 3d"	"HYP"	"Avp+ neuron"	"Avp+ neuron"	"Avp+ neurons"
"Ep300(+),"	"muhypo13_14SN_GTCTAGACATTCCTCG-1"	0.0714817849959026	"MHYP3SN"	"muhypo13_14SN"	6384	3072	"AngII"	"C57BL/6"	"AngII 3d"	"C57BL/6-AngII 3d"	"HYP"	"Avp+ neuron"	"Avp+ neuron"	"Avp+ neurons"
"Ep300(+),"	"muhypo13_14SN_CACATGATCAACTCTT-1"	0.0785696957193642	"MHYP3SN"	"muhypo13_14SN"	6033	2705	"AngII"	"C57BL/6"	"AngII 3d"	"C57BL/6-AngII 3d"	"HYP"	"Avp+ neuron"	"Avp+ neuron"	"Avp+ neurons"
"Ep300(+),"	"muhypo13_14SN_TATATCCGTCTCTCTG-1"	0.0753490468904311	"MHYP3SN"	"muhypo13_14SN"	5905	2533	"AngII"	"C57BL/6"	"AngII 3d"	"C57BL/6-AngII 3d"	"HYP"	"Avp+ neuron"	"Avp+ neuron"	"Avp+ neurons"
"Ep300(+),"	"muhypo13_14SN_GCCTGTTGTTCGAACT-1"	0.068802686548347	"MHYP3SN"	"muhypo13_14SN"	5812	2524	"AngII"	"C57BL/6"	"AngII 3d"	"C57BL/6-AngII 3d"	"HYP"	"Avp+ neuron"	"Avp+ neuron"	"Avp+ neurons"
"Ep300(+),"	"muhypo13_14SN_TCCCACATCTGCACCT-1"	0.0733356638146924	"MHYP3SN"	"muhypo13_14SN"	5692	2650	"AngII"	"C57BL/6"	"AngII 3d"	"C57BL/6-AngII 3d"	"HYP"	"Avp+ neuron"	"Avp+ neuron"	"Avp+ neurons"
"Ep300(+),"	"muhypo13_14SN_GAAGGGTTCCTTATGT-1"	0.0724889540914275	"MHYP3SN"	"muhypo13_14SN"	5404	2481	"AngII"	"C57BL/6"	"AngII 3d"	"C57BL/6-AngII 3d"	"HYP"	"Avp+ neuron"	"Avp+ neuron"	"Avp+ neurons"
"Ep300(+),"	"muhypo13_14SN_CTCCGATCAAACTCTG-1"	0.069972225246754	"MHYP3SN"	"muhypo13_14SN"	5214	2554	"AngII"	"C57BL/6"	"AngII 3d"	"C57BL/6-AngII 3d"	"HYP"	"Avp+ neuron"	"Avp+ neuron"	"Avp+ neurons"
"Ep300(+),"	"muhypo13_14SN_GCGAGAACATAACGGG-1"	0.0685433727413911	"MHYP3SN"	"muhypo13_14SN"	5223	2685	"AngII"	"C57BL/6"	"AngII 3d"	"C57BL/6-AngII 3d"	"HYP"	"Avp+ neuron"	"Avp+ neuron"	"Avp+ neurons"
"Ep300(+),"	"muhypo13_14SN_TTCAGGACAGTTGGTT-1"	0.062905327060136	"MHYP3SN"	"muhypo13_14SN"	5153	2589	"AngII"	"C57BL/6"	"AngII 3d"	"C57BL/6-AngII 3d"	"HYP"	"Avp+ neuron"	"Avp+ neuron"	"Avp+ neurons"
"Ep300(+),"	"muhypo13_14SN_GTGGGAAAGTGGCAGT-1"	0.0775157259735968	"MHYP3SN"	"muhypo13_14SN"	5171	2451	"AngII"	"C57BL/6"	"AngII 3d"	"C57BL/6-AngII 3d"	"HYP"	"Avp+ neuron"	"Avp+ neuron"	"Avp+ neurons"
"Ep300(+),"	"muhypo13_14SN_GACATCAGTGACTCGC-1"	0.0737530492056306	"MHYP3SN"	"muhypo13_14SN"	4932	2384	"AngII"	"C57BL/6"	"AngII 3d"	"C57BL/6-AngII 3d"	"HYP"	"Avp+ neuron"	"Avp+ neuron"	"Avp+ neurons"
"Ep300(+),"	"muhypo13_14SN_CGTAGTAGTTCCTACC-1"	0.0693595187747017	"MHYP3SN"	"muhypo13_14SN"	4922	2464	"AngII"	"C57BL/6"	"AngII 3d"	"C57BL/6-AngII 3d"	"HYP"	"Avp+ neuron"	"Avp+ neuron"	"Avp+ neurons"
"Ep300(+),"	"muhypo13_14SN_CTCCTTTAGAATGTTG-1"	0.0773156293159273	"MHYP3SN"	"muhypo13_14SN"	4529	2293	"AngII"	"C57BL/6"	"AngII 3d"	"C57BL/6-AngII 3d"	"HYP"	"Avp+ neuron"	"Avp+ neuron"	"Avp+ neurons"
"Ep300(+),"	"muhypo13_14SN_CTCCATGTCTAGTGAC-1"	0.0667807074348086	"MHYP3SN"	"muhypo13_14SN"	4526	2339	"AngII"	"C57BL/6"	"AngII 3d"	"C57BL/6-AngII 3d"	"HYP"	"Avp+ neuron"	"Avp+ neuron"	"Avp+ neurons"
"Ep300(+),"	"muhypo13_14SN_TGATTTCTCGAGTGAG-1"	0.0714488335176706	"MHYP3SN"	"muhypo13_14SN"	4474	2540	"AngII"	"C57BL/6"	"AngII 3d"	"C57BL/6-AngII 3d"	"HYP"	"Avp+ neuron"	"Avp+ neuron"	"Avp+ neurons"
"Ep300(+),"	"muhypo13_14SN_TCGCACTAGATTAGCA-1"	0.0767000574979417	"MHYP3SN"	"muhypo13_14SN"	4431	2194	"AngII"	"C57BL/6"	"AngII 3d"	"C57BL/6-AngII 3d"	"HYP"	"Avp+ neuron"	"Avp+ neuron"	"Avp+ neurons"
"Ep300(+),"	"muhypo13_14SN_TATCAGGTCTATACGG-1"	0.0781069423511501	"MHYP3SN"	"muhypo13_14SN"	4295	2132	"AngII"	"C57BL/6"	"AngII 3d"	"C57BL/6-AngII 3d"	"HYP"	"Avp+ neuron"	"Avp+ neuron"	"Avp+ neurons"
"Ep300(+),"	"muhypo13_14SN_GAAGGACTCACATTGG-1"	0.0714822625535581	"MHYP3SN"	"muhypo13_14SN"	4202	2144	"AngII"	"C57BL/6"	"AngII 3d"	"C57BL/6-AngII 3d"	"HYP"	"Avp+ neuron"	"Avp+ neuron"	"Avp+ neurons"
"Ep300(+),"	"muhypo13_14SN_GCCATTCGTACTGCGC-1"	0.0700600958553726	"MHYP3SN"	"muhypo13_14SN"	4119	2176	"AngII"	"C57BL/6"	"AngII 3d"	"C57BL/6-AngII 3d"	"HYP"	"Avp+ neuron"	"Avp+ neuron"	"Avp+ neurons"
"Ep300(+),"	"muhypo13_14SN_GATCGTATCTTCTGGC-1"	0.0618260467586252	"MHYP3SN"	"muhypo13_14SN"	4117	2138	"AngII"	"C57BL/6"	"AngII 3d"	"C57BL/6-AngII 3d"	"HYP"	"Avp+ neuron"	"Avp+ neuron"	"Avp+ neurons"
"Ep300(+),"	"muhypo13_14SN_GTGCTGGCAACTTGGT-1"	0.0717406212452029	"MHYP3SN"	"muhypo13_14SN"	4043	2159	"AngII"	"C57BL/6"	"AngII 3d"	"C57BL/6-AngII 3d"	"HYP"	"Avp+ neuron"	"Avp+ neuron"	"Avp+ neurons"
"Ep300(+),"	"muhypo13_14SN_TAACTTCAGAAACTCA-1"	0.0730199982043832	"MHYP3SN"	"muhypo13_14SN"	4019	2112	"AngII"	"C57BL/6"	"AngII 3d"	"C57BL/6-AngII 3d"	"HYP"	"Avp+ neuron"	"Avp+ neuron"	"Avp+ neurons"
"Ep300(+),"	"muhypo13_14SN_GACCAATTCAAACGTC-1"	0.0766518241747326	"MHYP3SN"	"muhypo13_14SN"	3947	2044	"AngII"	"C57BL/6"	"AngII 3d"	"C57BL/6-AngII 3d"	"HYP"	"Avp+ neuron"	"Avp+ neuron"	"Avp+ neurons"
"Ep300(+),"	"muhypo13_14SN_TAATTCCGTCTAGGCC-1"	0.0656813697117653	"MHYP3SN"	"muhypo13_14SN"	3790	2079	"AngII"	"C57BL/6"	"AngII 3d"	"C57BL/6-AngII 3d"	"HYP"	"Avp+ neuron"	"Avp+ neuron"	"Avp+ neurons"
"Ep300(+),"	"muhypo13_14SN_CTCTCGAGTCCCTCAT-1"	0.0756508633287297	"MHYP3SN"	"muhypo13_14SN"	3795	2154	"AngII"	"C57BL/6"	"AngII 3d"	"C57BL/6-AngII 3d"	"HYP"	"Avp+ neuron"	"Avp+ neuron"	"Avp+ neurons"
"Ep300(+),"	"muhypo13_14SN_CAGCCAGCATAATCGC-1"	0.0726279233691884	"MHYP3SN"	"muhypo13_14SN"	3743	2049	"AngII"	"C57BL/6"	"AngII 3d"	"C57BL/6-AngII 3d"	"HYP"	"Avp+ neuron"	"Avp+ neuron"	"Avp+ neurons"
"Ep300(+),"	"muhypo13_14SN_CCTCTAGCAGTTGAAA-1"	0.0737291713228538	"MHYP3SN"	"muhypo13_14SN"	3738	1932	"AngII"	"C57BL/6"	"AngII 3d"	"C57BL/6-AngII 3d"	"HYP"	"Avp+ neuron"	"Avp+ neuron"	"Avp+ neurons"
"Ep300(+),"	"muhypo13_14SN_TCCACGTCATGGCTAT-1"	0.075801771547879	"MHYP3SN"	"muhypo13_14SN"	3712	1921	"AngII"	"C57BL/6"	"AngII 3d"	"C57BL/6-AngII 3d"	"HYP"	"Avp+ neuron"	"Avp+ neuron"	"Avp+ neurons"
"Ep300(+),"	"muhypo13_14SN_ATTACCTCAGGAGACT-1"	0.060174174828127	"MHYP3SN"	"muhypo13_14SN"	3667	2133	"AngII"	"C57BL/6"	"AngII 3d"	"C57BL/6-AngII 3d"	"HYP"	"Avp+ neuron"	"Avp+ neuron"	"Avp+ neurons"
"Ep300(+),"	"muhypo13_14SN_TCAGCCTGTCGAACGA-1"	0.0735424462795393	"MHYP3SN"	"muhypo13_14SN"	3637	2014	"AngII"	"C57BL/6"	"AngII 3d"	"C57BL/6-AngII 3d"	"HYP"	"Avp+ neuron"	"Avp+ neuron"	"Avp+ neurons"
"Ep300(+),"	"muhypo13_14SN_TAGGTACCACGAGAAC-1"	0.0811327476566246	"MHYP3SN"	"muhypo13_14SN"	3621	2058	"AngII"	"C57BL/6"	"AngII 3d"	"C57BL/6-AngII 3d"	"HYP"	"Avp+ neuron"	"Avp+ neuron"	"Avp+ neurons"
"Ep300(+),"	"muhypo13_14SN_CCCTCTCTCGCTGTTC-1"	0.0688299073347125	"MHYP3SN"	"muhypo13_14SN"	3631	1974	"AngII"	"C57BL/6"	"AngII 3d"	"C57BL/6-AngII 3d"	"HYP"	"Avp+ neuron"	"Avp+ neuron"	"Avp+ neurons"
"Ep300(+),"	"muhypo13_14SN_CGACAGCGTGTCCCTT-1"	0.0769025419438889	"MHYP3SN"	"muhypo13_14SN"	3536	2098	"AngII"	"C57BL/6"	"AngII 3d"	"C57BL/6-AngII 3d"	"HYP"	"Avp+ neuron"	"Avp+ neuron"	"Avp+ neurons"
"Ep300(+),"	"muhypo13_14SN_ACCAACATCTTGAACG-1"	0.0680576966057112	"MHYP3SN"	"muhypo13_14SN"	3503	1914	"AngII"	"C57BL/6"	"AngII 3d"	"C57BL/6-AngII 3d"	"HYP"	"Avp+ neuron"	"Avp+ neuron"	"Avp+ neurons"
"Ep300(+),"	"muhypo13_14SN_TCATGCCAGACCAGCA-1"	0.0710013619944336	"MHYP3SN"	"muhypo13_14SN"	3462	2022	"AngII"	"C57BL/6"	"AngII 3d"	"C57BL/6-AngII 3d"	"HYP"	"Avp+ neuron"	"Avp+ neuron"	"Avp+ neurons"
"Ep300(+),"	"muhypo13_14SN_TACGGGCTCTTACGTT-1"	0.0676718300200383	"MHYP3SN"	"muhypo13_14SN"	3478	1995	"AngII"	"C57BL/6"	"AngII 3d"	"C57BL/6-AngII 3d"	"HYP"	"Avp+ neuron"	"Avp+ neuron"	"Avp+ neurons"
"Ep300(+),"	"muhypo13_14SN_TTTCCTCCAGCACAGA-1"	0.0685830100268005	"MHYP3SN"	"muhypo13_14SN"	3463	1926	"AngII"	"C57BL/6"	"AngII 3d"	"C57BL/6-AngII 3d"	"HYP"	"Avp+ neuron"	"Avp+ neuron"	"Avp+ neurons"
"Ep300(+),"	"muhypo13_14SN_ATCCTATCACTTGGGC-1"	0.0770204986848062	"MHYP3SN"	"muhypo13_14SN"	3465	1979	"AngII"	"C57BL/6"	"AngII 3d"	"C57BL/6-AngII 3d"	"HYP"	"Avp+ neuron"	"Avp+ neuron"	"Avp+ neurons"
"Ep300(+),"	"muhypo13_14SN_CCCTGATCATCGGATT-1"	0.0705906624106728	"MHYP3SN"	"muhypo13_14SN"	3409	2038	"AngII"	"C57BL/6"	"AngII 3d"	"C57BL/6-AngII 3d"	"HYP"	"Avp+ neuron"	"Avp+ neuron"	"Avp+ neurons"
"Ep300(+),"	"muhypo13_14SN_GTAAGTCAGCACTCTA-1"	0.0683738397736759	"MHYP3SN"	"muhypo13_14SN"	3407	1903	"AngII"	"C57BL/6"	"AngII 3d"	"C57BL/6-AngII 3d"	"HYP"	"Avp+ neuron"	"Avp+ neuron"	"Avp+ neurons"
"Ep300(+),"	"muhypo13_14SN_AGAAGCGCAGCACACC-1"	0.0783275739880076	"MHYP3SN"	"muhypo13_14SN"	3376	1840	"AngII"	"C57BL/6"	"AngII 3d"	"C57BL/6-AngII 3d"	"HYP"	"Avp+ neuron"	"Avp+ neuron"	"Avp+ neurons"
"Ep300(+),"	"muhypo13_14SN_AGCGCCACAGCGTATT-1"	0.0725940167756453	"MHYP3SN"	"muhypo13_14SN"	3346	1901	"AngII"	"C57BL/6"	"AngII 3d"	"C57BL/6-AngII 3d"	"HYP"	"Avp+ neuron"	"Avp+ neuron"	"Avp+ neurons"
"Ep300(+),"	"muhypo13_14SN_TCTTGCGAGGAAGTAG-1"	0.0660944570838037	"MHYP3SN"	"muhypo13_14SN"	3326	1853	"AngII"	"C57BL/6"	"AngII 3d"	"C57BL/6-AngII 3d"	"HYP"	"Avp+ neuron"	"Avp+ neuron"	"Avp+ neurons"
"Ep300(+),"	"muhypo13_14SN_AGACCCGCAAATGCTC-1"	0.0699937153412531	"MHYP3SN"	"muhypo13_14SN"	3324	1923	"AngII"	"C57BL/6"	"AngII 3d"	"C57BL/6-AngII 3d"	"HYP"	"Avp+ neuron"	"Avp+ neuron"	"Avp+ neurons"
"Ep300(+),"	"muhypo13_14SN_GTGACGCCAAGGTCAG-1"	0.0751952733253486	"MHYP3SN"	"muhypo13_14SN"	3295	1960	"AngII"	"C57BL/6"	"AngII 3d"	"C57BL/6-AngII 3d"	"HYP"	"Avp+ neuron"	"Avp+ neuron"	"Avp+ neurons"
"Ep300(+),"	"muhypo13_14SN_TACATTCTCGCTACGG-1"	0.0754727343232148	"MHYP3SN"	"muhypo13_14SN"	3308	1760	"AngII"	"C57BL/6"	"AngII 3d"	"C57BL/6-AngII 3d"	"HYP"	"Avp+ neuron"	"Avp+ neuron"	"Avp+ neurons"
"Ep300(+),"	"muhypo13_14SN_AACAAAGAGGTAGCCA-1"	0.0706541775788591	"MHYP3SN"	"muhypo13_14SN"	3281	1886	"AngII"	"C57BL/6"	"AngII 3d"	"C57BL/6-AngII 3d"	"HYP"	"Avp+ neuron"	"Avp+ neuron"	"Avp+ neurons"
"Ep300(+),"	"muhypo13_14SN_CATAAGCTCCTGTAAG-1"	0.0751900201911377	"MHYP3SN"	"muhypo13_14SN"	3277	1736	"AngII"	"C57BL/6"	"AngII 3d"	"C57BL/6-AngII 3d"	"HYP"	"Avp+ neuron"	"Avp+ neuron"	"Avp+ neurons"
"Ep300(+),"	"muhypo13_14SN_GGTGTCGTCACAACCA-1"	0.0743003302788746	"MHYP3SN"	"muhypo13_14SN"	3216	1828	"AngII"	"C57BL/6"	"AngII 3d"	"C57BL/6-AngII 3d"	"HYP"	"Avp+ neuron"	"Avp+ neuron"	"Avp+ neurons"
"Ep300(+),"	"muhypo13_14SN_CAGCAGCTCGATTGAC-1"	0.064482222438715	"MHYP3SN"	"muhypo13_14SN"	3134	2004	"AngII"	"C57BL/6"	"AngII 3d"	"C57BL/6-AngII 3d"	"HYP"	"Avp+ neuron"	"Avp+ neuron"	"Avp+ neurons"
"Ep300(+),"	"muhypo13_14SN_TGACAGTAGGTAGGCT-1"	0.0778643430621379	"MHYP3SN"	"muhypo13_14SN"	3132	1811	"AngII"	"C57BL/6"	"AngII 3d"	"C57BL/6-AngII 3d"	"HYP"	"Avp+ neuron"	"Avp+ neuron"	"Avp+ neurons"
"Ep300(+),"	"muhypo13_14SN_TACGTCCCAGTCAGTT-1"	0.0736126472549031	"MHYP3SN"	"muhypo13_14SN"	3120	1876	"AngII"	"C57BL/6"	"AngII 3d"	"C57BL/6-AngII 3d"	"HYP"	"Avp+ neuron"	"Avp+ neuron"	"Avp+ neurons"
"Ep300(+),"	"muhypo13_14SN_TGACCCTTCGTAGGAG-1"	0.0742711992618869	"MHYP3SN"	"muhypo13_14SN"	3109	1807	"AngII"	"C57BL/6"	"AngII 3d"	"C57BL/6-AngII 3d"	"HYP"	"Avp+ neuron"	"Avp+ neuron"	"Avp+ neurons"
"Ep300(+),"	"muhypo13_14SN_CGATGGCAGATTAGAC-1"	0.0665810883347947	"MHYP3SN"	"muhypo13_14SN"	3094	1792	"AngII"	"C57BL/6"	"AngII 3d"	"C57BL/6-AngII 3d"	"HYP"	"Avp+ neuron"	"Avp+ neuron"	"Avp+ neurons"
"Ep300(+),"	"muhypo13_14SN_GCGTTTCAGCCTAGGA-1"	0.0746618414241151	"MHYP3SN"	"muhypo13_14SN"	3052	1804	"AngII"	"C57BL/6"	"AngII 3d"	"C57BL/6-AngII 3d"	"HYP"	"Avp+ neuron"	"Avp+ neuron"	"Avp+ neurons"
"Ep300(+),"	"muhypo13_14SN_TGCCGAGTCACGGAGA-1"	0.0707305868037448	"MHYP3SN"	"muhypo13_14SN"	3028	1710	"AngII"	"C57BL/6"	"AngII 3d"	"C57BL/6-AngII 3d"	"HYP"	"Avp+ neuron"	"Avp+ neuron"	"Avp+ neurons"
"Ep300(+),"	"muhypo13_14SN_GTCGCGACACAGTACT-1"	0.0768161040082369	"MHYP3SN"	"muhypo13_14SN"	2993	1827	"AngII"	"C57BL/6"	"AngII 3d"	"C57BL/6-AngII 3d"	"HYP"	"Avp+ neuron"	"Avp+ neuron"	"Avp+ neurons"
"Ep300(+),"	"muhypo13_14SN_TCAGCCTTCCGAACGC-1"	0.0680973338911207	"MHYP3SN"	"muhypo13_14SN"	2985	1834	"AngII"	"C57BL/6"	"AngII 3d"	"C57BL/6-AngII 3d"	"HYP"	"Avp+ neuron"	"Avp+ neuron"	"Avp+ neurons"
"Ep300(+),"	"muhypo13_14SN_TACTTGTAGCCTGAGA-1"	0.0699698374584764	"MHYP3SN"	"muhypo13_14SN"	2985	1863	"AngII"	"C57BL/6"	"AngII 3d"	"C57BL/6-AngII 3d"	"HYP"	"Avp+ neuron"	"Avp+ neuron"	"Avp+ neurons"
"Ep300(+),"	"muhypo13_14SN_TGTGATGAGAATAACC-1"	0.0704335459420016	"MHYP3SN"	"muhypo13_14SN"	2985	1781	"AngII"	"C57BL/6"	"AngII 3d"	"C57BL/6-AngII 3d"	"HYP"	"Avp+ neuron"	"Avp+ neuron"	"Avp+ neurons"
"Ep300(+),"	"muhypo13_14SN_GGTAACTTCGGCCCAA-1"	0.0734483674213988	"MHYP3SN"	"muhypo13_14SN"	2976	1761	"AngII"	"C57BL/6"	"AngII 3d"	"C57BL/6-AngII 3d"	"HYP"	"Avp+ neuron"	"Avp+ neuron"	"Avp+ neurons"
"Ep300(+),"	"muhypo13_14SN_AGACAAACATAGCACT-1"	0.0732148417278418	"MHYP3SN"	"muhypo13_14SN"	2935	1778	"AngII"	"C57BL/6"	"AngII 3d"	"C57BL/6-AngII 3d"	"HYP"	"Avp+ neuron"	"Avp+ neuron"	"Avp+ neurons"
"Ep300(+),"	"muhypo13_14SN_GTAGCTAAGGTCACCC-1"	0.0706369855032598	"MHYP3SN"	"muhypo13_14SN"	2943	1724	"AngII"	"C57BL/6"	"AngII 3d"	"C57BL/6-AngII 3d"	"HYP"	"Avp+ neuron"	"Avp+ neuron"	"Avp+ neurons"
"Ep300(+),"	"muhypo13_14SN_GGTGTCGTCCGAACGC-1"	0.0748624156394402	"MHYP3SN"	"muhypo13_14SN"	2936	1820	"AngII"	"C57BL/6"	"AngII 3d"	"C57BL/6-AngII 3d"	"HYP"	"Avp+ neuron"	"Avp+ neuron"	"Avp+ neurons"
"Ep300(+),"	"muhypo13_14SN_AGGGCCTGTGCATGAG-1"	0.0761145718122549	"MHYP3SN"	"muhypo13_14SN"	2923	1729	"AngII"	"C57BL/6"	"AngII 3d"	"C57BL/6-AngII 3d"	"HYP"	"Avp+ neuron"	"Avp+ neuron"	"Avp+ neurons"
"Ep300(+),"	"muhypo13_14SN_TCCATGCCAACTGATC-1"	0.0672778449542213	"MHYP3SN"	"muhypo13_14SN"	2899	1735	"AngII"	"C57BL/6"	"AngII 3d"	"C57BL/6-AngII 3d"	"HYP"	"Avp+ neuron"	"Avp+ neuron"	"Avp+ neurons"
"Ep300(+),"	"muhypo13_14SN_GCTGGGTGTCCTCCAT-1"	0.0673996221563829	"MHYP3SN"	"muhypo13_14SN"	2862	1813	"AngII"	"C57BL/6"	"AngII 3d"	"C57BL/6-AngII 3d"	"HYP"	"Avp+ neuron"	"Avp+ neuron"	"Avp+ neurons"
"Ep300(+),"	"muhypo13_14SN_TCATTTGAGATAGCAT-1"	0.0668647575821829	"MHYP3SN"	"muhypo13_14SN"	2874	1620	"AngII"	"C57BL/6"	"AngII 3d"	"C57BL/6-AngII 3d"	"HYP"	"Avp+ neuron"	"Avp+ neuron"	"Avp+ neurons"
"Ep300(+),"	"muhypo13_14SN_TCCGGGAAGAACCGCA-1"	0.0682281846887375	"MHYP3SN"	"muhypo13_14SN"	2854	1703	"AngII"	"C57BL/6"	"AngII 3d"	"C57BL/6-AngII 3d"	"HYP"	"Avp+ neuron"	"Avp+ neuron"	"Avp+ neurons"
"Ep300(+),"	"muhypo13_14SN_AGGAATAAGGTCTACT-1"	0.0733289780075149	"MHYP3SN"	"muhypo13_14SN"	2842	1721	"AngII"	"C57BL/6"	"AngII 3d"	"C57BL/6-AngII 3d"	"HYP"	"Avp+ neuron"	"Avp+ neuron"	"Avp+ neurons"
"Ep300(+),"	"muhypo13_14SN_GTGACGCTCCTGCCAT-1"	0.0724082468476419	"MHYP3SN"	"muhypo13_14SN"	2824	1655	"AngII"	"C57BL/6"	"AngII 3d"	"C57BL/6-AngII 3d"	"HYP"	"Avp+ neuron"	"Avp+ neuron"	"Avp+ neurons"
"Ep300(+),"	"muhypo13_14SN_TTCTAACGTCTCGGAC-1"	0.0726045230440671	"MHYP3SN"	"muhypo13_14SN"	2819	1565	"AngII"	"C57BL/6"	"AngII 3d"	"C57BL/6-AngII 3d"	"HYP"	"Avp+ neuron"	"Avp+ neuron"	"Avp+ neurons"
"Ep300(+),"	"muhypo13_14SN_AAAGAACCACATGACT-1"	0.0689626683629515	"MHYP3SN"	"muhypo13_14SN"	2759	1723	"AngII"	"C57BL/6"	"AngII 3d"	"C57BL/6-AngII 3d"	"HYP"	"Avp+ neuron"	"Avp+ neuron"	"Avp+ neurons"
"Ep300(+),"	"muhypo13_14SN_GGGCTCAAGTAGGCCA-1"	0.0688891244839989	"MHYP3SN"	"muhypo13_14SN"	2745	1729	"AngII"	"C57BL/6"	"AngII 3d"	"C57BL/6-AngII 3d"	"HYP"	"Avp+ neuron"	"Avp+ neuron"	"Avp+ neurons"
"Ep300(+),"	"muhypo13_14SN_CTCAAGACAGTCAGAG-1"	0.0728924903103552	"MHYP3SN"	"muhypo13_14SN"	2746	1656	"AngII"	"C57BL/6"	"AngII 3d"	"C57BL/6-AngII 3d"	"HYP"	"Avp+ neuron"	"Avp+ neuron"	"Avp+ neurons"
"Ep300(+),"	"muhypo13_14SN_AAGAACACAAACTAAG-1"	0.0733877175991457	"MHYP3SN"	"muhypo13_14SN"	2654	1558	"AngII"	"C57BL/6"	"AngII 3d"	"C57BL/6-AngII 3d"	"HYP"	"Avp+ neuron"	"Avp+ neuron"	"Avp+ neurons"
"Ep300(+),"	"muhypo13_14SN_CCGTTCAGTACTCGTA-1"	0.0675873023150085	"MHYP3SN"	"muhypo13_14SN"	2639	1628	"AngII"	"C57BL/6"	"AngII 3d"	"C57BL/6-AngII 3d"	"HYP"	"Avp+ neuron"	"Avp+ neuron"	"Avp+ neurons"
"Ep300(+),"	"muhypo13_14SN_AAGTGAAGTAGGAGGG-1"	0.075822306527067	"MHYP3SN"	"muhypo13_14SN"	2617	1551	"AngII"	"C57BL/6"	"AngII 3d"	"C57BL/6-AngII 3d"	"HYP"	"Avp+ neuron"	"Avp+ neuron"	"Avp+ neurons"
"Ep300(+),"	"muhypo13_14SN_CATACCCCAAGTCGTT-1"	0.0704507380176009	"MHYP3SN"	"muhypo13_14SN"	2610	1610	"AngII"	"C57BL/6"	"AngII 3d"	"C57BL/6-AngII 3d"	"HYP"	"Avp+ neuron"	"Avp+ neuron"	"Avp+ neurons"
"Ep300(+),"	"muhypo13_14SN_ACCCAAAAGTGGAATT-1"	0.0729197110967207	"MHYP3SN"	"muhypo13_14SN"	2582	1635	"AngII"	"C57BL/6"	"AngII 3d"	"C57BL/6-AngII 3d"	"HYP"	"Avp+ neuron"	"Avp+ neuron"	"Avp+ neurons"
"Ep300(+),"	"muhypo13_14SN_CGGACACTCAAACTGC-1"	0.0692549336481393	"MHYP3SN"	"muhypo13_14SN"	2572	1645	"AngII"	"C57BL/6"	"AngII 3d"	"C57BL/6-AngII 3d"	"HYP"	"Avp+ neuron"	"Avp+ neuron"	"Avp+ neurons"
"Ep300(+),"	"muhypo13_14SN_TTCCAATGTTGTATGC-1"	0.0788442913712973	"MHYP3SN"	"muhypo13_14SN"	2576	1555	"AngII"	"C57BL/6"	"AngII 3d"	"C57BL/6-AngII 3d"	"HYP"	"Avp+ neuron"	"Avp+ neuron"	"Avp+ neurons"
"Ep300(+),"	"muhypo13_14SN_ATCGTAGAGCCATTGT-1"	0.0701704116738014	"MHYP3SN"	"muhypo13_14SN"	2529	1616	"AngII"	"C57BL/6"	"AngII 3d"	"C57BL/6-AngII 3d"	"HYP"	"Avp+ neuron"	"Avp+ neuron"	"Avp+ neurons"
"Ep300(+),"	"muhypo13_14SN_CTCGAGGAGCGTTGTT-1"	0.0747248790346458	"MHYP3SN"	"muhypo13_14SN"	2516	1571	"AngII"	"C57BL/6"	"AngII 3d"	"C57BL/6-AngII 3d"	"HYP"	"Avp+ neuron"	"Avp+ neuron"	"Avp+ neurons"
"Ep300(+),"	"muhypo13_14SN_CTGCGAGAGACACACG-1"	0.0656999944603312	"MHYP3SN"	"muhypo13_14SN"	2489	1696	"AngII"	"C57BL/6"	"AngII 3d"	"C57BL/6-AngII 3d"	"HYP"	"Avp+ neuron"	"Avp+ neuron"	"Avp+ neurons"
"Ep300(+),"	"muhypo13_14SN_GTGCTGGCATCGATCA-1"	0.0618050342217816	"MHYP3SN"	"muhypo13_14SN"	2497	1603	"AngII"	"C57BL/6"	"AngII 3d"	"C57BL/6-AngII 3d"	"HYP"	"Avp+ neuron"	"Avp+ neuron"	"Avp+ neurons"
"Ep300(+),"	"muhypo13_14SN_AGCGTCGGTCAACGCC-1"	0.071246826629379	"MHYP3SN"	"muhypo13_14SN"	2300	1481	"AngII"	"C57BL/6"	"AngII 3d"	"C57BL/6-AngII 3d"	"HYP"	"Avp+ neuron"	"Avp+ neuron"	"Avp+ neurons"
"Ep300(+),"	"muhypo13_14SN_GCAACATGTACCAGAG-1"	0.0767821974146939	"MHYP3SN"	"muhypo13_14SN"	2280	1510	"AngII"	"C57BL/6"	"AngII 3d"	"C57BL/6-AngII 3d"	"HYP"	"Avp+ neuron"	"Avp+ neuron"	"Avp+ neurons"
"Ep300(+),"	"muhypo13_14SN_GTCTGTCAGGCAATGC-1"	0.0706627736166587	"MHYP3SN"	"muhypo13_14SN"	2251	1436	"AngII"	"C57BL/6"	"AngII 3d"	"C57BL/6-AngII 3d"	"HYP"	"Avp+ neuron"	"Avp+ neuron"	"Avp+ neurons"
"Ep300(+),"	"muhypo13_14SN_TGACGCGTCCTAGCTC-1"	0.0687979109717916	"MHYP3SN"	"muhypo13_14SN"	2229	1465	"AngII"	"C57BL/6"	"AngII 3d"	"C57BL/6-AngII 3d"	"HYP"	"Avp+ neuron"	"Avp+ neuron"	"Avp+ neurons"
"Ep300(+),"	"muhypo13_14SN_TTTAGTCGTCTGTAGT-1"	0.067207166421202	"MHYP3SN"	"muhypo13_14SN"	2252	1444	"AngII"	"C57BL/6"	"AngII 3d"	"C57BL/6-AngII 3d"	"HYP"	"Avp+ neuron"	"Avp+ neuron"	"Avp+ neurons"
"Ep300(+),"	"muhypo13_14SN_TGTGTGATCGTCCATC-1"	0.0686847298074297	"MHYP3SN"	"muhypo13_14SN"	2230	1439	"AngII"	"C57BL/6"	"AngII 3d"	"C57BL/6-AngII 3d"	"HYP"	"Avp+ neuron"	"Avp+ neuron"	"Avp+ neurons"
"Ep300(+),"	"muhypo13_14SN_AATAGAGTCGCGCCAA-1"	0.0767444703599066	"MHYP3SN"	"muhypo13_14SN"	2214	1372	"AngII"	"C57BL/6"	"AngII 3d"	"C57BL/6-AngII 3d"	"HYP"	"Avp+ neuron"	"Avp+ neuron"	"Avp+ neurons"
"Ep300(+),"	"muhypo13_14SN_ATTTCTGAGAGCATCG-1"	0.0791599569816064	"MHYP3SN"	"muhypo13_14SN"	2169	1392	"AngII"	"C57BL/6"	"AngII 3d"	"C57BL/6-AngII 3d"	"HYP"	"Avp+ neuron"	"Avp+ neuron"	"Avp+ neurons"
"Ep300(+),"	"muhypo13_14SN_GTATTGGGTAGGTAGC-1"	0.0720538990672344	"MHYP3SN"	"muhypo13_14SN"	2168	1351	"AngII"	"C57BL/6"	"AngII 3d"	"C57BL/6-AngII 3d"	"HYP"	"Avp+ neuron"	"Avp+ neuron"	"Avp+ neurons"
"Ep300(+),"	"muhypo13_14SN_CTCAGGGTCTGTGCGG-1"	0.0672496690525447	"MHYP3SN"	"muhypo13_14SN"	2159	1436	"AngII"	"C57BL/6"	"AngII 3d"	"C57BL/6-AngII 3d"	"HYP"	"Avp+ neuron"	"Avp+ neuron"	"Avp+ neurons"
"Ep300(+),"	"muhypo13_14SN_GTAGGTTAGGATGGCT-1"	0.0752497148980796	"MHYP3SN"	"muhypo13_14SN"	2142	1374	"AngII"	"C57BL/6"	"AngII 3d"	"C57BL/6-AngII 3d"	"HYP"	"Avp+ neuron"	"Avp+ neuron"	"Avp+ neurons"
"Ep300(+),"	"muhypo13_14SN_GTTTACTTCAATCCGA-1"	0.0757559260129475	"MHYP3SN"	"muhypo13_14SN"	2119	1307	"AngII"	"C57BL/6"	"AngII 3d"	"C57BL/6-AngII 3d"	"HYP"	"Avp+ neuron"	"Avp+ neuron"	"Avp+ neurons"
"Ep300(+),"	"muhypo13_14SN_TATTTCGGTGAGGAAA-1"	0.0630304471658863	"MHYP3SN"	"muhypo13_14SN"	2092	1426	"AngII"	"C57BL/6"	"AngII 3d"	"C57BL/6-AngII 3d"	"HYP"	"Avp+ neuron"	"Avp+ neuron"	"Avp+ neurons"
"Ep300(+),"	"muhypo13_14SN_GCGTTTCAGAGAAGGT-1"	0.0772072237281207	"MHYP3SN"	"muhypo13_14SN"	2075	1341	"AngII"	"C57BL/6"	"AngII 3d"	"C57BL/6-AngII 3d"	"HYP"	"Avp+ neuron"	"Avp+ neuron"	"Avp+ neurons"
"Ep300(+),"	"muhypo13_14SN_TTTGTTGTCCCATTCG-1"	0.065096361583734	"MHYP3SN"	"muhypo13_14SN"	2032	1398	"AngII"	"C57BL/6"	"AngII 3d"	"C57BL/6-AngII 3d"	"HYP"	"Avp+ neuron"	"Avp+ neuron"	"Avp+ neurons"
"Ep300(+),"	"muhypo13_14SN_CCTCTAGGTCCAAATC-1"	0.07304387608716	"MHYP3SN"	"muhypo13_14SN"	1973	1345	"AngII"	"C57BL/6"	"AngII 3d"	"C57BL/6-AngII 3d"	"HYP"	"Avp+ neuron"	"Avp+ neuron"	"Avp+ neurons"
"Ep300(+),"	"muhypo13_14SN_CAAGGGAGTCCTGTTC-1"	0.0685342991459359	"MHYP3SN"	"muhypo13_14SN"	1969	1338	"AngII"	"C57BL/6"	"AngII 3d"	"C57BL/6-AngII 3d"	"HYP"	"Avp+ neuron"	"Avp+ neuron"	"Avp+ neurons"
"Ep300(+),"	"muhypo13_14SN_CTACAGAGTTTGGAAA-1"	0.0703862677341035	"MHYP3SN"	"muhypo13_14SN"	1930	1308	"AngII"	"C57BL/6"	"AngII 3d"	"C57BL/6-AngII 3d"	"HYP"	"Avp+ neuron"	"Avp+ neuron"	"Avp+ neurons"
"Ep300(+),"	"muhypo13_14SN_AAAGGATTCGACATTG-1"	0.076416865808209	"MHYP3SN"	"muhypo13_14SN"	1851	1247	"AngII"	"C57BL/6"	"AngII 3d"	"C57BL/6-AngII 3d"	"HYP"	"Avp+ neuron"	"Avp+ neuron"	"Avp+ neurons"
"Ep300(+),"	"muhypo13_14SN_TCTTTGAAGGTTCATC-1"	0.0674722109200244	"MHYP3SN"	"muhypo13_14SN"	1855	1252	"AngII"	"C57BL/6"	"AngII 3d"	"C57BL/6-AngII 3d"	"HYP"	"Avp+ neuron"	"Avp+ neuron"	"Avp+ neurons"
"Ep300(+),"	"muhypo13_14SN_TTGGGTACAAAGCACG-1"	0.0715577166631327	"MHYP3SN"	"muhypo13_14SN"	1838	1177	"AngII"	"C57BL/6"	"AngII 3d"	"C57BL/6-AngII 3d"	"HYP"	"Avp+ neuron"	"Avp+ neuron"	"Avp+ neurons"
"Ep300(+),"	"muhypo13_14SN_ATTACCTCAAAGGATT-1"	0.0705185512046869	"MHYP3SN"	"muhypo13_14SN"	1819	1196	"AngII"	"C57BL/6"	"AngII 3d"	"C57BL/6-AngII 3d"	"HYP"	"Avp+ neuron"	"Avp+ neuron"	"Avp+ neurons"
"Ep300(+),"	"muhypo13_14SN_ATGATCGGTTGCATTG-1"	0.0727067203823518	"MHYP3SN"	"muhypo13_14SN"	1781	1258	"AngII"	"C57BL/6"	"AngII 3d"	"C57BL/6-AngII 3d"	"HYP"	"Avp+ neuron"	"Avp+ neuron"	"Avp+ neurons"
"Ep300(+),"	"muhypo13_14SN_TGCATGAAGTAAGGGA-1"	0.0728576286015011	"MHYP3SN"	"muhypo13_14SN"	1764	1174	"AngII"	"C57BL/6"	"AngII 3d"	"C57BL/6-AngII 3d"	"HYP"	"Avp+ neuron"	"Avp+ neuron"	"Avp+ neurons"
"Ep300(+),"	"muhypo13_14SN_TCAGGTATCGTAGAGG-1"	0.0654913017648621	"MHYP3SN"	"muhypo13_14SN"	1727	1184	"AngII"	"C57BL/6"	"AngII 3d"	"C57BL/6-AngII 3d"	"HYP"	"Avp+ neuron"	"Avp+ neuron"	"Avp+ neurons"
"Ep300(+),"	"muhypo13_14SN_AGGTTACAGCGTTACT-1"	0.071106902236307	"MHYP3SN"	"muhypo13_14SN"	1689	1119	"AngII"	"C57BL/6"	"AngII 3d"	"C57BL/6-AngII 3d"	"HYP"	"Avp+ neuron"	"Avp+ neuron"	"Avp+ neurons"
"Ep300(+),"	"muhypo13_14SN_AAGATAGGTCTATGAC-1"	0.0710362237032877	"MHYP3SN"	"muhypo13_14SN"	1698	1136	"AngII"	"C57BL/6"	"AngII 3d"	"C57BL/6-AngII 3d"	"HYP"	"Avp+ neuron"	"Avp+ neuron"	"Avp+ neurons"
"Ep300(+),"	"muhypo13_14SN_TACAACGGTCGTGGAA-1"	0.0738251604116165	"MHYP3SN"	"muhypo13_14SN"	1640	1078	"AngII"	"C57BL/6"	"AngII 3d"	"C57BL/6-AngII 3d"	"HYP"	"Avp+ neuron"	"Avp+ neuron"	"Avp+ neurons"
"Ep300(+),"	"muhypo13_14SN_TTGACCCCACTGTCGG-1"	0.0704134885204691	"MHYP3SN"	"muhypo13_14SN"	1604	1041	"AngII"	"C57BL/6"	"AngII 3d"	"C57BL/6-AngII 3d"	"HYP"	"Avp+ neuron"	"Avp+ neuron"	"Avp+ neurons"
"Ep300(+),"	"muhypo13_14SN_ATGGAGGAGTAGCATA-1"	0.0701436684450914	"MHYP3SN"	"muhypo13_14SN"	1516	994	"AngII"	"C57BL/6"	"AngII 3d"	"C57BL/6-AngII 3d"	"HYP"	"Avp+ neuron"	"Avp+ neuron"	"Avp+ neurons"
"Ep300(+),"	"muhypo13_14SN_TGTGAGTAGTGCAACG-1"	0.0678728817930189	"MHYP3SN"	"muhypo13_14SN"	1492	1071	"AngII"	"C57BL/6"	"AngII 3d"	"C57BL/6-AngII 3d"	"HYP"	"Avp+ neuron"	"Avp+ neuron"	"Avp+ neurons"
"Ep300(+),"	"muhypo13_14SN_GTTTGGATCTCGTGAA-1"	0.0656426875416669	"MHYP3SN"	"muhypo13_14SN"	1467	1093	"AngII"	"C57BL/6"	"AngII 3d"	"C57BL/6-AngII 3d"	"HYP"	"Avp+ neuron"	"Avp+ neuron"	"Avp+ neurons"
"Ep300(+),"	"muhypo13_14SN_CCCTTAGTCTACCCAC-1"	0.0605137183212129	"MHYP3SN"	"muhypo13_14SN"	1290	830	"AngII"	"C57BL/6"	"AngII 3d"	"C57BL/6-AngII 3d"	"HYP"	"Avp+ neuron"	"Avp+ neuron"	"Avp+ neurons"
"Ep300(+),"	"muhypo13_14SN_CGCGTGAGTCGTGGAA-1"	0.0666441259453254	"MHYP3SN"	"muhypo13_14SN"	1234	904	"AngII"	"C57BL/6"	"AngII 3d"	"C57BL/6-AngII 3d"	"HYP"	"Avp+ neuron"	"Avp+ neuron"	"Avp+ neurons"
"Ep300(+),"	"muhypo13_14SN_CCACACTCAGAGTCTT-1"	0.0605590862984888	"MHYP3SN"	"muhypo13_14SN"	1195	823	"AngII"	"C57BL/6"	"AngII 3d"	"C57BL/6-AngII 3d"	"HYP"	"Avp+ neuron"	"Avp+ neuron"	"Avp+ neurons"
"Ep300(+),"	"muhypo13_14SN_CTTGAGACATGGAAGC-1"	0.0676235966968292	"MHYP3SN"	"muhypo13_14SN"	1189	906	"AngII"	"C57BL/6"	"AngII 3d"	"C57BL/6-AngII 3d"	"HYP"	"Avp+ neuron"	"Avp+ neuron"	"Avp+ neurons"
"Ep300(+),"	"muhypo13_14SN_TTTGATCTCAGTGTTG-1"	0.0728733880041337	"MHYP3SN"	"muhypo13_14SN"	1121	831	"AngII"	"C57BL/6"	"AngII 3d"	"C57BL/6-AngII 3d"	"HYP"	"Avp+ neuron"	"Avp+ neuron"	"Avp+ neurons"
"Ep300(+),"	"muhypo13_14SN_TCGTCCAAGAGTATAC-1"	0.0683461414296548	"MHYP3SN"	"muhypo13_14SN"	982	701	"AngII"	"C57BL/6"	"AngII 3d"	"C57BL/6-AngII 3d"	"HYP"	"Avp+ neuron"	"Avp+ neuron"	"Avp+ neurons"
"Ep300(+),"	"muhypo13_14SN_CAGTTCCAGACATGCG-1"	0.0736174228314584	"MHYP3SN"	"muhypo13_14SN"	971	638	"AngII"	"C57BL/6"	"AngII 3d"	"C57BL/6-AngII 3d"	"HYP"	"Avp+ neuron"	"Avp+ neuron"	"Avp+ neurons"
"Ep300(+),"	"muhypo13_14SN_AAAGAACCACCTAAAC-1"	0.0555967846998168	"MHYP3SN"	"muhypo13_14SN"	758	545	"AngII"	"C57BL/6"	"AngII 3d"	"C57BL/6-AngII 3d"	"HYP"	"Avp+ neuron"	"Avp+ neuron"	"Avp+ neurons"
"Ep300(+),"	"muhypo13_14SN_TGAGGTTGTCTCAGAT-1"	0.0651890077689079	"MHYP3SN"	"muhypo13_14SN"	698	536	"AngII"	"C57BL/6"	"AngII 3d"	"C57BL/6-AngII 3d"	"HYP"	"Avp+ neuron"	"Avp+ neuron"	"Avp+ neurons"
"Ep300(+),"	"muhypo13_14SN_GACTGATTCAGGAGAC-1"	0.0591765568857128	"MHYP3SN"	"muhypo13_14SN"	674	521	"AngII"	"C57BL/6"	"AngII 3d"	"C57BL/6-AngII 3d"	"HYP"	"Avp+ neuron"	"Avp+ neuron"	"Avp+ neurons"
"Ep300(+),"	"muhypo15_16SN_CTGCGAGCAGTAACCT-1"	0.0649621678825285	"MHYP4SN"	"muhypo15_16SN"	9913	3910	"AngII"	"C57BL/6"	"AngII 3d"	"C57BL/6-AngII 3d"	"HYP"	"Avp+ neuron"	"Avp+ neuron"	"Avp+ neurons"
"Ep300(+),"	"muhypo15_16SN_CTCCAACGTCTCACAA-1"	0.06570333736392	"MHYP4SN"	"muhypo15_16SN"	9366	3589	"AngII"	"C57BL/6"	"AngII 3d"	"C57BL/6-AngII 3d"	"HYP"	"Avp+ neuron"	"Avp+ neuron"	"Avp+ neurons"
"Ep300(+),"	"muhypo15_16SN_AGCGTATAGCGCCTAC-1"	0.0749287961535596	"MHYP4SN"	"muhypo15_16SN"	7597	3339	"AngII"	"C57BL/6"	"AngII 3d"	"C57BL/6-AngII 3d"	"HYP"	"Avp+ neuron"	"Avp+ neuron"	"Avp+ neurons"
"Ep300(+),"	"muhypo15_16SN_CACTAAGAGTCTGCAT-1"	0.0692854973380936	"MHYP4SN"	"muhypo15_16SN"	6681	2888	"AngII"	"C57BL/6"	"AngII 3d"	"C57BL/6-AngII 3d"	"HYP"	"Avp+ neuron"	"Avp+ neuron"	"Avp+ neurons"
"Ep300(+),"	"muhypo15_16SN_GTGTGGCGTAACGTTC-1"	0.0572142724791164	"MHYP4SN"	"muhypo15_16SN"	6101	3007	"AngII"	"C57BL/6"	"AngII 3d"	"C57BL/6-AngII 3d"	"HYP"	"Avp+ neuron"	"Avp+ neuron"	"Avp+ neurons"
"Ep300(+),"	"muhypo15_16SN_TGTCAGAGTACGATCT-1"	0.0666407830417366	"MHYP4SN"	"muhypo15_16SN"	5891	2951	"AngII"	"C57BL/6"	"AngII 3d"	"C57BL/6-AngII 3d"	"HYP"	"Avp+ neuron"	"Avp+ neuron"	"Avp+ neurons"
"Ep300(+),"	"muhypo15_16SN_GACTTCCCACAATGCT-1"	0.0719827429765596	"MHYP4SN"	"muhypo15_16SN"	5398	2643	"AngII"	"C57BL/6"	"AngII 3d"	"C57BL/6-AngII 3d"	"HYP"	"Avp+ neuron"	"Avp+ neuron"	"Avp+ neurons"
"Ep300(+),"	"muhypo15_16SN_TACTGCCCACACGTGC-1"	0.0662998068756841	"MHYP4SN"	"muhypo15_16SN"	5403	2636	"AngII"	"C57BL/6"	"AngII 3d"	"C57BL/6-AngII 3d"	"HYP"	"Avp+ neuron"	"Avp+ neuron"	"Avp+ neurons"
"Ep300(+),"	"muhypo15_16SN_CTCCCAAAGCGCCCAT-1"	0.0741685243659467	"MHYP4SN"	"muhypo15_16SN"	5296	2807	"AngII"	"C57BL/6"	"AngII 3d"	"C57BL/6-AngII 3d"	"HYP"	"Avp+ neuron"	"Avp+ neuron"	"Avp+ neurons"
"Ep300(+),"	"muhypo15_16SN_GAGGCCTAGATGAAGG-1"	0.0707272439001561	"MHYP4SN"	"muhypo15_16SN"	5156	2532	"AngII"	"C57BL/6"	"AngII 3d"	"C57BL/6-AngII 3d"	"HYP"	"Avp+ neuron"	"Avp+ neuron"	"Avp+ neurons"
"Ep300(+),"	"muhypo15_16SN_GCAGGCTCATGGCTGC-1"	0.0759736923038718	"MHYP4SN"	"muhypo15_16SN"	4938	2365	"AngII"	"C57BL/6"	"AngII 3d"	"C57BL/6-AngII 3d"	"HYP"	"Avp+ neuron"	"Avp+ neuron"	"Avp+ neurons"
"Ep300(+),"	"muhypo15_16SN_TAGACTGTCGGTATGT-1"	0.0799727601113282	"MHYP4SN"	"muhypo15_16SN"	4893	2380	"AngII"	"C57BL/6"	"AngII 3d"	"C57BL/6-AngII 3d"	"HYP"	"Avp+ neuron"	"Avp+ neuron"	"Avp+ neurons"
"Ep300(+),"	"muhypo15_16SN_AGGAATATCATTGAGC-1"	0.0739660399199995	"MHYP4SN"	"muhypo15_16SN"	4796	2629	"AngII"	"C57BL/6"	"AngII 3d"	"C57BL/6-AngII 3d"	"HYP"	"Avp+ neuron"	"Avp+ neuron"	"Avp+ neurons"
"Ep300(+),"	"muhypo15_16SN_TGTCCCATCGTCTAAG-1"	0.0724478841330514	"MHYP4SN"	"muhypo15_16SN"	4688	2522	"AngII"	"C57BL/6"	"AngII 3d"	"C57BL/6-AngII 3d"	"HYP"	"Avp+ neuron"	"Avp+ neuron"	"Avp+ neurons"
"Ep300(+),"	"muhypo15_16SN_GTCTCACTCCTGGCTT-1"	0.0614115267136201	"MHYP4SN"	"muhypo15_16SN"	4488	2259	"AngII"	"C57BL/6"	"AngII 3d"	"C57BL/6-AngII 3d"	"HYP"	"Avp+ neuron"	"Avp+ neuron"	"Avp+ neurons"
"Ep300(+),"	"muhypo15_16SN_CATGGATGTTCTTAGG-1"	0.0670672420281301	"MHYP4SN"	"muhypo15_16SN"	4372	2232	"AngII"	"C57BL/6"	"AngII 3d"	"C57BL/6-AngII 3d"	"HYP"	"Avp+ neuron"	"Avp+ neuron"	"Avp+ neurons"
"Ep300(+),"	"muhypo15_16SN_CCGAACGCAAATAAGC-1"	0.0663169989512834	"MHYP4SN"	"muhypo15_16SN"	4379	2289	"AngII"	"C57BL/6"	"AngII 3d"	"C57BL/6-AngII 3d"	"HYP"	"Avp+ neuron"	"Avp+ neuron"	"Avp+ neurons"
"Ep300(+),"	"muhypo15_16SN_CAATTTCGTAGCTGAG-1"	0.0734612614780983	"MHYP4SN"	"muhypo15_16SN"	4262	2226	"AngII"	"C57BL/6"	"AngII 3d"	"C57BL/6-AngII 3d"	"HYP"	"Avp+ neuron"	"Avp+ neuron"	"Avp+ neurons"
"Ep300(+),"	"muhypo15_16SN_TTACTGTAGAACGCGT-1"	0.0710930530642964	"MHYP4SN"	"muhypo15_16SN"	4091	2141	"AngII"	"C57BL/6"	"AngII 3d"	"C57BL/6-AngII 3d"	"HYP"	"Avp+ neuron"	"Avp+ neuron"	"Avp+ neurons"
"Ep300(+),"	"muhypo15_16SN_AGGACGAAGCAAGGAA-1"	0.0734803637843197	"MHYP4SN"	"muhypo15_16SN"	3975	2207	"AngII"	"C57BL/6"	"AngII 3d"	"C57BL/6-AngII 3d"	"HYP"	"Avp+ neuron"	"Avp+ neuron"	"Avp+ neurons"
"Ep300(+),"	"muhypo15_16SN_CTCAACCGTGGGTATG-1"	0.068609275697855	"MHYP4SN"	"muhypo15_16SN"	3952	2069	"AngII"	"C57BL/6"	"AngII 3d"	"C57BL/6-AngII 3d"	"HYP"	"Avp+ neuron"	"Avp+ neuron"	"Avp+ neurons"
"Ep300(+),"	"muhypo15_16SN_TGGATCACATGACCCG-1"	0.0746040569477953	"MHYP4SN"	"muhypo15_16SN"	3803	2141	"AngII"	"C57BL/6"	"AngII 3d"	"C57BL/6-AngII 3d"	"HYP"	"Avp+ neuron"	"Avp+ neuron"	"Avp+ neurons"
"Ep300(+),"	"muhypo15_16SN_TCAATTCGTTCTATCT-1"	0.0613112396059576	"MHYP4SN"	"muhypo15_16SN"	3716	2045	"AngII"	"C57BL/6"	"AngII 3d"	"C57BL/6-AngII 3d"	"HYP"	"Avp+ neuron"	"Avp+ neuron"	"Avp+ neurons"
"Ep300(+),"	"muhypo15_16SN_CGCCATTCAGATTTCG-1"	0.0733542885632582	"MHYP4SN"	"muhypo15_16SN"	3781	2042	"AngII"	"C57BL/6"	"AngII 3d"	"C57BL/6-AngII 3d"	"HYP"	"Avp+ neuron"	"Avp+ neuron"	"Avp+ neurons"
"Ep300(+),"	"muhypo15_16SN_AGTTAGCCAAGGCCTC-1"	0.0725433956641585	"MHYP4SN"	"muhypo15_16SN"	3756	1958	"AngII"	"C57BL/6"	"AngII 3d"	"C57BL/6-AngII 3d"	"HYP"	"Avp+ neuron"	"Avp+ neuron"	"Avp+ neurons"
"Ep300(+),"	"muhypo15_16SN_ACACCAACATGATGCT-1"	0.0738881980221472	"MHYP4SN"	"muhypo15_16SN"	3741	2093	"AngII"	"C57BL/6"	"AngII 3d"	"C57BL/6-AngII 3d"	"HYP"	"Avp+ neuron"	"Avp+ neuron"	"Avp+ neurons"
"Ep300(+),"	"muhypo15_16SN_CATCGCTTCGTAGAGG-1"	0.0702100489592108	"MHYP4SN"	"muhypo15_16SN"	3655	1961	"AngII"	"C57BL/6"	"AngII 3d"	"C57BL/6-AngII 3d"	"HYP"	"Avp+ neuron"	"Avp+ neuron"	"Avp+ neurons"
"Ep300(+),"	"muhypo15_16SN_TAGACCACATATCTCT-1"	0.0662487082065418	"MHYP4SN"	"muhypo15_16SN"	3567	1970	"AngII"	"C57BL/6"	"AngII 3d"	"C57BL/6-AngII 3d"	"HYP"	"Avp+ neuron"	"Avp+ neuron"	"Avp+ neurons"
"Ep300(+),"	"muhypo15_16SN_CTTCAATCATACACCA-1"	0.0643380000267432	"MHYP4SN"	"muhypo15_16SN"	3496	1925	"AngII"	"C57BL/6"	"AngII 3d"	"C57BL/6-AngII 3d"	"HYP"	"Avp+ neuron"	"Avp+ neuron"	"Avp+ neurons"
"Ep300(+),"	"muhypo15_16SN_CTCCTTTTCATTTCGT-1"	0.0660500442218389	"MHYP4SN"	"muhypo15_16SN"	3218	1790	"AngII"	"C57BL/6"	"AngII 3d"	"C57BL/6-AngII 3d"	"HYP"	"Avp+ neuron"	"Avp+ neuron"	"Avp+ neurons"
"Ep300(+),"	"muhypo15_16SN_GGGAAGTCAGGAGGAG-1"	0.0746112203126283	"MHYP4SN"	"muhypo15_16SN"	3206	1826	"AngII"	"C57BL/6"	"AngII 3d"	"C57BL/6-AngII 3d"	"HYP"	"Avp+ neuron"	"Avp+ neuron"	"Avp+ neurons"
"Ep300(+),"	"muhypo15_16SN_GAGTGAGCACCTGATA-1"	0.0701689790008348	"MHYP4SN"	"muhypo15_16SN"	3107	1871	"AngII"	"C57BL/6"	"AngII 3d"	"C57BL/6-AngII 3d"	"HYP"	"Avp+ neuron"	"Avp+ neuron"	"Avp+ neurons"
"Ep300(+),"	"muhypo15_16SN_TGGAGGACAATTGTGC-1"	0.0667076411135116	"MHYP4SN"	"muhypo15_16SN"	3083	1836	"AngII"	"C57BL/6"	"AngII 3d"	"C57BL/6-AngII 3d"	"HYP"	"Avp+ neuron"	"Avp+ neuron"	"Avp+ neurons"
"Ep300(+),"	"muhypo15_16SN_CGTCCATCAAATTGGA-1"	0.0746771232690923	"MHYP4SN"	"muhypo15_16SN"	3009	1685	"AngII"	"C57BL/6"	"AngII 3d"	"C57BL/6-AngII 3d"	"HYP"	"Avp+ neuron"	"Avp+ neuron"	"Avp+ neurons"
"Ep300(+),"	"muhypo15_16SN_CTTCTAAGTCTGATCA-1"	0.0734302202304884	"MHYP4SN"	"muhypo15_16SN"	2984	1783	"AngII"	"C57BL/6"	"AngII 3d"	"C57BL/6-AngII 3d"	"HYP"	"Avp+ neuron"	"Avp+ neuron"	"Avp+ neurons"
"Ep300(+),"	"muhypo15_16SN_TGCTCCAGTCCTACAA-1"	0.0760949919483779	"MHYP4SN"	"muhypo15_16SN"	2971	1743	"AngII"	"C57BL/6"	"AngII 3d"	"C57BL/6-AngII 3d"	"HYP"	"Avp+ neuron"	"Avp+ neuron"	"Avp+ neurons"
"Ep300(+),"	"muhypo15_16SN_GAGAAATTCTTCGTGC-1"	0.0733222922003373	"MHYP4SN"	"muhypo15_16SN"	2927	1770	"AngII"	"C57BL/6"	"AngII 3d"	"C57BL/6-AngII 3d"	"HYP"	"Avp+ neuron"	"Avp+ neuron"	"Avp+ neurons"
"Ep300(+),"	"muhypo15_16SN_TCAAGCAAGCCAGACA-1"	0.0703834023881703	"MHYP4SN"	"muhypo15_16SN"	2891	1728	"AngII"	"C57BL/6"	"AngII 3d"	"C57BL/6-AngII 3d"	"HYP"	"Avp+ neuron"	"Avp+ neuron"	"Avp+ neurons"
"Ep300(+),"	"muhypo15_16SN_AGGTTACTCCGATGTA-1"	0.0713647833702963	"MHYP4SN"	"muhypo15_16SN"	2906	1712	"AngII"	"C57BL/6"	"AngII 3d"	"C57BL/6-AngII 3d"	"HYP"	"Avp+ neuron"	"Avp+ neuron"	"Avp+ neurons"
"Ep300(+),"	"muhypo15_16SN_TTCCTAAAGTGGTTAA-1"	0.0675228320315112	"MHYP4SN"	"muhypo15_16SN"	2702	1581	"AngII"	"C57BL/6"	"AngII 3d"	"C57BL/6-AngII 3d"	"HYP"	"Avp+ neuron"	"Avp+ neuron"	"Avp+ neurons"
"Ep300(+),"	"muhypo15_16SN_CAGCACGAGGAACTCG-1"	0.06696026911329	"MHYP4SN"	"muhypo15_16SN"	2601	1587	"AngII"	"C57BL/6"	"AngII 3d"	"C57BL/6-AngII 3d"	"HYP"	"Avp+ neuron"	"Avp+ neuron"	"Avp+ neurons"
"Ep300(+),"	"muhypo15_16SN_GAAGAATTCGGAATTC-1"	0.0641154581592636	"MHYP4SN"	"muhypo15_16SN"	2644	1585	"AngII"	"C57BL/6"	"AngII 3d"	"C57BL/6-AngII 3d"	"HYP"	"Avp+ neuron"	"Avp+ neuron"	"Avp+ neurons"
"Ep300(+),"	"muhypo15_16SN_TTAGGGTGTCTTACAG-1"	0.0705682172008627	"MHYP4SN"	"muhypo15_16SN"	2635	1565	"AngII"	"C57BL/6"	"AngII 3d"	"C57BL/6-AngII 3d"	"HYP"	"Avp+ neuron"	"Avp+ neuron"	"Avp+ neurons"
"Ep300(+),"	"muhypo15_16SN_CTGAGGCAGTGCGACA-1"	0.0727688028775714	"MHYP4SN"	"muhypo15_16SN"	2563	1579	"AngII"	"C57BL/6"	"AngII 3d"	"C57BL/6-AngII 3d"	"HYP"	"Avp+ neuron"	"Avp+ neuron"	"Avp+ neurons"
"Ep300(+),"	"muhypo15_16SN_GCGTTTCTCTGCGTCT-1"	0.0647463118222263	"MHYP4SN"	"muhypo15_16SN"	2502	1543	"AngII"	"C57BL/6"	"AngII 3d"	"C57BL/6-AngII 3d"	"HYP"	"Avp+ neuron"	"Avp+ neuron"	"Avp+ neurons"
"Ep300(+),"	"muhypo15_16SN_TCCGATCTCATGAGTC-1"	0.0680600843939889	"MHYP4SN"	"muhypo15_16SN"	2440	1588	"AngII"	"C57BL/6"	"AngII 3d"	"C57BL/6-AngII 3d"	"HYP"	"Avp+ neuron"	"Avp+ neuron"	"Avp+ neurons"
"Ep300(+),"	"muhypo15_16SN_CTTCAATGTAGGATAT-1"	0.0730820806996029	"MHYP4SN"	"muhypo15_16SN"	2403	1515	"AngII"	"C57BL/6"	"AngII 3d"	"C57BL/6-AngII 3d"	"HYP"	"Avp+ neuron"	"Avp+ neuron"	"Avp+ neurons"
"Ep300(+),"	"muhypo15_16SN_CGAGTGCAGAATCGTA-1"	0.0635041843601778	"MHYP4SN"	"muhypo15_16SN"	2361	1505	"AngII"	"C57BL/6"	"AngII 3d"	"C57BL/6-AngII 3d"	"HYP"	"Avp+ neuron"	"Avp+ neuron"	"Avp+ neurons"
"Ep300(+),"	"muhypo15_16SN_TGAGGGATCTCAATCT-1"	0.0709641124973018	"MHYP4SN"	"muhypo15_16SN"	2358	1451	"AngII"	"C57BL/6"	"AngII 3d"	"C57BL/6-AngII 3d"	"HYP"	"Avp+ neuron"	"Avp+ neuron"	"Avp+ neurons"
"Ep300(+),"	"muhypo15_16SN_AGGGTTTGTCGCGGTT-1"	0.0723007963751464	"MHYP4SN"	"muhypo15_16SN"	2352	1476	"AngII"	"C57BL/6"	"AngII 3d"	"C57BL/6-AngII 3d"	"HYP"	"Avp+ neuron"	"Avp+ neuron"	"Avp+ neurons"
"Ep300(+),"	"muhypo15_16SN_TTTATGCTCTGGGCAC-1"	0.0614182125207976	"MHYP4SN"	"muhypo15_16SN"	2317	1541	"AngII"	"C57BL/6"	"AngII 3d"	"C57BL/6-AngII 3d"	"HYP"	"Avp+ neuron"	"Avp+ neuron"	"Avp+ neurons"
"Ep300(+),"	"muhypo15_16SN_TTTGGAGAGCACTCAT-1"	0.0640848944693093	"MHYP4SN"	"muhypo15_16SN"	2332	1462	"AngII"	"C57BL/6"	"AngII 3d"	"C57BL/6-AngII 3d"	"HYP"	"Avp+ neuron"	"Avp+ neuron"	"Avp+ neurons"
"Ep300(+),"	"muhypo15_16SN_GACTATGCATGAAGCG-1"	0.0656469855605667	"MHYP4SN"	"muhypo15_16SN"	2204	1394	"AngII"	"C57BL/6"	"AngII 3d"	"C57BL/6-AngII 3d"	"HYP"	"Avp+ neuron"	"Avp+ neuron"	"Avp+ neurons"
"Ep300(+),"	"muhypo15_16SN_CTGCCATCATGATCTG-1"	0.0707133947281455	"MHYP4SN"	"muhypo15_16SN"	2127	1414	"AngII"	"C57BL/6"	"AngII 3d"	"C57BL/6-AngII 3d"	"HYP"	"Avp+ neuron"	"Avp+ neuron"	"Avp+ neurons"
"Ep300(+),"	"muhypo15_16SN_TTAGGGTAGACGAGCT-1"	0.0663423095070268	"MHYP4SN"	"muhypo15_16SN"	2092	1448	"AngII"	"C57BL/6"	"AngII 3d"	"C57BL/6-AngII 3d"	"HYP"	"Avp+ neuron"	"Avp+ neuron"	"Avp+ neurons"
"Ep300(+),"	"muhypo15_16SN_GGGAAGTGTGCTGATT-1"	0.0746475146944491	"MHYP4SN"	"muhypo15_16SN"	2033	1347	"AngII"	"C57BL/6"	"AngII 3d"	"C57BL/6-AngII 3d"	"HYP"	"Avp+ neuron"	"Avp+ neuron"	"Avp+ neurons"
"Ep300(+),"	"muhypo15_16SN_TATCTTGGTATTTCGG-1"	0.0764655766890737	"MHYP4SN"	"muhypo15_16SN"	1990	1216	"AngII"	"C57BL/6"	"AngII 3d"	"C57BL/6-AngII 3d"	"HYP"	"Avp+ neuron"	"Avp+ neuron"	"Avp+ neurons"
"Ep300(+),"	"muhypo15_16SN_AGATAGAGTTCGGCTG-1"	0.0660285541273398	"MHYP4SN"	"muhypo15_16SN"	1967	1269	"AngII"	"C57BL/6"	"AngII 3d"	"C57BL/6-AngII 3d"	"HYP"	"Avp+ neuron"	"Avp+ neuron"	"Avp+ neurons"
"Ep300(+),"	"muhypo15_16SN_TCACAAGAGCCGAATG-1"	0.0675366812035217	"MHYP4SN"	"muhypo15_16SN"	1930	1332	"AngII"	"C57BL/6"	"AngII 3d"	"C57BL/6-AngII 3d"	"HYP"	"Avp+ neuron"	"Avp+ neuron"	"Avp+ neurons"
"Ep300(+),"	"muhypo15_16SN_CTTAGGAAGCCAGTAG-1"	0.0659564429213539	"MHYP4SN"	"muhypo15_16SN"	1839	1205	"AngII"	"C57BL/6"	"AngII 3d"	"C57BL/6-AngII 3d"	"HYP"	"Avp+ neuron"	"Avp+ neuron"	"Avp+ neurons"
"Ep300(+),"	"muhypo15_16SN_AACCATGGTACCAATC-1"	0.0636589130405714	"MHYP4SN"	"muhypo15_16SN"	1841	1173	"AngII"	"C57BL/6"	"AngII 3d"	"C57BL/6-AngII 3d"	"HYP"	"Avp+ neuron"	"Avp+ neuron"	"Avp+ neurons"
"Ep300(+),"	"muhypo15_16SN_GCTACAACAATGGCAG-1"	0.0655385799727601	"MHYP4SN"	"muhypo15_16SN"	1559	992	"AngII"	"C57BL/6"	"AngII 3d"	"C57BL/6-AngII 3d"	"HYP"	"Avp+ neuron"	"Avp+ neuron"	"Avp+ neurons"
"Ep300(+),"	"muhypo15_16SN_GGGAAGTGTGAGAGGG-1"	0.0695777626232815	"MHYP4SN"	"muhypo15_16SN"	1321	907	"AngII"	"C57BL/6"	"AngII 3d"	"C57BL/6-AngII 3d"	"HYP"	"Avp+ neuron"	"Avp+ neuron"	"Avp+ neurons"
"Ep300(+),"	"muhypo15_16SN_TCATTACTCGGAATGG-1"	0.0610232723396696	"MHYP4SN"	"muhypo15_16SN"	1310	960	"AngII"	"C57BL/6"	"AngII 3d"	"C57BL/6-AngII 3d"	"HYP"	"Avp+ neuron"	"Avp+ neuron"	"Avp+ neurons"
"Ep300(+),"	"muhypo15_16SN_TATTCCAAGAGAGCAA-1"	0.0724879989761164	"MHYP4SN"	"muhypo15_16SN"	1208	864	"AngII"	"C57BL/6"	"AngII 3d"	"C57BL/6-AngII 3d"	"HYP"	"Avp+ neuron"	"Avp+ neuron"	"Avp+ neurons"
"Ep300(+),"	"muhypo15_16SN_GTCGCGAGTCCGGCAT-1"	0.0652615965325494	"MHYP4SN"	"muhypo15_16SN"	1162	819	"AngII"	"C57BL/6"	"AngII 3d"	"C57BL/6-AngII 3d"	"HYP"	"Avp+ neuron"	"Avp+ neuron"	"Avp+ neurons"
"Ep300(+),"	"muhypo15_16SN_TGTCCCAGTCGTTGGC-1"	0.0600953778149636	"MHYP4SN"	"muhypo15_16SN"	1008	746	"AngII"	"C57BL/6"	"AngII 3d"	"C57BL/6-AngII 3d"	"HYP"	"Avp+ neuron"	"Avp+ neuron"	"Avp+ neurons"
"Ep300(+),"	"muhypo15_16SN_TTCTTGAAGTGGATAT-1"	0.0585547768182053	"MHYP4SN"	"muhypo15_16SN"	767	538	"AngII"	"C57BL/6"	"AngII 3d"	"C57BL/6-AngII 3d"	"HYP"	"Avp+ neuron"	"Avp+ neuron"	"Avp+ neurons"
"Ep300(+),"	"muhypo21_22SN_CCTCATGAGCAACTCT-1"	0.0763418892562899	"MHYP5SN"	"muhypo21_22SN"	7839	3207	"AngII"	"C57BL/6"	"AngII 28d"	"C57BL/6-AngII 28d"	"HYP"	"Avp+ neuron"	"Avp+ neuron"	"Avp+ neurons"
"Ep300(+),"	"muhypo21_22SN_TTCCACGCATTACGGT-1"	0.0711685071738711	"MHYP5SN"	"muhypo21_22SN"	6469	2831	"AngII"	"C57BL/6"	"AngII 28d"	"C57BL/6-AngII 28d"	"HYP"	"Avp+ neuron"	"Avp+ neuron"	"Avp+ neurons"
"Ep300(+),"	"muhypo21_22SN_CTACCCAAGGCACTAG-1"	0.0684664859588498	"MHYP5SN"	"muhypo21_22SN"	6076	2801	"AngII"	"C57BL/6"	"AngII 28d"	"C57BL/6-AngII 28d"	"HYP"	"Avp+ neuron"	"Avp+ neuron"	"Avp+ neurons"
"Ep300(+),"	"muhypo21_22SN_TCTCACGGTTGCTCAA-1"	0.0703194096623285	"MHYP5SN"	"muhypo21_22SN"	5155	2545	"AngII"	"C57BL/6"	"AngII 28d"	"C57BL/6-AngII 28d"	"HYP"	"Avp+ neuron"	"Avp+ neuron"	"Avp+ neurons"
"Ep300(+),"	"muhypo21_22SN_CATGAGTCACACCGCA-1"	0.0705366983955973	"MHYP5SN"	"muhypo21_22SN"	4659	2296	"AngII"	"C57BL/6"	"AngII 28d"	"C57BL/6-AngII 28d"	"HYP"	"Avp+ neuron"	"Avp+ neuron"	"Avp+ neurons"
"Ep300(+),"	"muhypo21_22SN_ATCCCTGTCTTCGACC-1"	0.0655008529179728	"MHYP5SN"	"muhypo21_22SN"	4331	2425	"AngII"	"C57BL/6"	"AngII 28d"	"C57BL/6-AngII 28d"	"HYP"	"Avp+ neuron"	"Avp+ neuron"	"Avp+ neurons"
"Ep300(+),"	"muhypo21_22SN_TTACCATTCATTTGGG-1"	0.0709798718999345	"MHYP5SN"	"muhypo21_22SN"	4182	2273	"AngII"	"C57BL/6"	"AngII 28d"	"C57BL/6-AngII 28d"	"HYP"	"Avp+ neuron"	"Avp+ neuron"	"Avp+ neurons"
"Ep300(+),"	"muhypo21_22SN_CGATGCGAGGATTCAA-1"	0.0718628760050201	"MHYP5SN"	"muhypo21_22SN"	4162	2258	"AngII"	"C57BL/6"	"AngII 28d"	"C57BL/6-AngII 28d"	"HYP"	"Avp+ neuron"	"Avp+ neuron"	"Avp+ neurons"
"Ep300(+),"	"muhypo21_22SN_TCCCAGTGTGCAAGAC-1"	0.0736995627482106	"MHYP5SN"	"muhypo21_22SN"	4084	2222	"AngII"	"C57BL/6"	"AngII 28d"	"C57BL/6-AngII 28d"	"HYP"	"Avp+ neuron"	"Avp+ neuron"	"Avp+ neurons"
"Ep300(+),"	"muhypo21_22SN_TCCTTTCGTCGATTTG-1"	0.0688991531947652	"MHYP5SN"	"muhypo21_22SN"	3964	2170	"AngII"	"C57BL/6"	"AngII 28d"	"C57BL/6-AngII 28d"	"HYP"	"Avp+ neuron"	"Avp+ neuron"	"Avp+ neurons"
"Ep300(+),"	"muhypo21_22SN_TGCCGAGGTCGATTTG-1"	0.0707587627054214	"MHYP5SN"	"muhypo21_22SN"	3963	2131	"AngII"	"C57BL/6"	"AngII 28d"	"C57BL/6-AngII 28d"	"HYP"	"Avp+ neuron"	"Avp+ neuron"	"Avp+ neurons"
"Ep300(+),"	"muhypo21_22SN_TTGCTGCTCCCTTTGG-1"	0.0646178488128872	"MHYP5SN"	"muhypo21_22SN"	3853	1976	"AngII"	"C57BL/6"	"AngII 28d"	"C57BL/6-AngII 28d"	"HYP"	"Avp+ neuron"	"Avp+ neuron"	"Avp+ neurons"
"Ep300(+),"	"muhypo21_22SN_CTGTGAACACATCATG-1"	0.0743538167362946	"MHYP5SN"	"muhypo21_22SN"	3827	2063	"AngII"	"C57BL/6"	"AngII 28d"	"C57BL/6-AngII 28d"	"HYP"	"Avp+ neuron"	"Avp+ neuron"	"Avp+ neurons"
"Ep300(+),"	"muhypo21_22SN_GTACAACGTGGATACG-1"	0.0686130961590993	"MHYP5SN"	"muhypo21_22SN"	3783	2161	"AngII"	"C57BL/6"	"AngII 28d"	"C57BL/6-AngII 28d"	"HYP"	"Avp+ neuron"	"Avp+ neuron"	"Avp+ neurons"
"Ep300(+),"	"muhypo21_22SN_CTGGTCTAGTGGCCTC-1"	0.0701565625017908	"MHYP5SN"	"muhypo21_22SN"	3763	2081	"AngII"	"C57BL/6"	"AngII 28d"	"C57BL/6-AngII 28d"	"HYP"	"Avp+ neuron"	"Avp+ neuron"	"Avp+ neurons"
"Ep300(+),"	"muhypo21_22SN_GCTGGGTGTGGGTTGA-1"	0.0713518893135968	"MHYP5SN"	"muhypo21_22SN"	3617	2129	"AngII"	"C57BL/6"	"AngII 28d"	"C57BL/6-AngII 28d"	"HYP"	"Avp+ neuron"	"Avp+ neuron"	"Avp+ neurons"
"Ep300(+),"	"muhypo21_22SN_CAGATCATCTAACGGT-1"	0.0691527363098547	"MHYP5SN"	"muhypo21_22SN"	3517	1945	"AngII"	"C57BL/6"	"AngII 28d"	"C57BL/6-AngII 28d"	"HYP"	"Avp+ neuron"	"Avp+ neuron"	"Avp+ neurons"
"Ep300(+),"	"muhypo21_22SN_CTACTATTCTGCCTGT-1"	0.0652955031260924	"MHYP5SN"	"muhypo21_22SN"	3445	1852	"AngII"	"C57BL/6"	"AngII 28d"	"C57BL/6-AngII 28d"	"HYP"	"Avp+ neuron"	"Avp+ neuron"	"Avp+ neurons"
"Ep300(+),"	"muhypo21_22SN_GTCATCCGTCAGACGA-1"	0.0628356036424278	"MHYP5SN"	"muhypo21_22SN"	3489	1847	"AngII"	"C57BL/6"	"AngII 28d"	"C57BL/6-AngII 28d"	"HYP"	"Avp+ neuron"	"Avp+ neuron"	"Avp+ neurons"
"Ep300(+),"	"muhypo21_22SN_TTTACTGCAATGTCAC-1"	0.0601517296183168	"MHYP5SN"	"muhypo21_22SN"	3397	1947	"AngII"	"C57BL/6"	"AngII 28d"	"C57BL/6-AngII 28d"	"HYP"	"Avp+ neuron"	"Avp+ neuron"	"Avp+ neurons"
"Ep300(+),"	"muhypo21_22SN_ACTCCCAAGTAGCCAG-1"	0.0649273061736743	"MHYP5SN"	"muhypo21_22SN"	3193	1808	"AngII"	"C57BL/6"	"AngII 28d"	"C57BL/6-AngII 28d"	"HYP"	"Avp+ neuron"	"Avp+ neuron"	"Avp+ neurons"
"Ep300(+),"	"muhypo21_22SN_TGTAAGCCAGATCATC-1"	0.0708160696240857	"MHYP5SN"	"muhypo21_22SN"	3157	1861	"AngII"	"C57BL/6"	"AngII 28d"	"C57BL/6-AngII 28d"	"HYP"	"Avp+ neuron"	"Avp+ neuron"	"Avp+ neurons"
"Ep300(+),"	"muhypo21_22SN_TCCCACAGTACGAGCA-1"	0.0612061769217398	"MHYP5SN"	"muhypo21_22SN"	3127	1765	"AngII"	"C57BL/6"	"AngII 28d"	"C57BL/6-AngII 28d"	"HYP"	"Avp+ neuron"	"Avp+ neuron"	"Avp+ neurons"
"Ep300(+),"	"muhypo21_22SN_TCGATTTTCACTTATC-1"	0.077618400869537	"MHYP5SN"	"muhypo21_22SN"	3098	1703	"AngII"	"C57BL/6"	"AngII 28d"	"C57BL/6-AngII 28d"	"HYP"	"Avp+ neuron"	"Avp+ neuron"	"Avp+ neurons"
"Ep300(+),"	"muhypo21_22SN_CTCCTTTCAAACTCGT-1"	0.0715815945459095	"MHYP5SN"	"muhypo21_22SN"	3049	1811	"AngII"	"C57BL/6"	"AngII 28d"	"C57BL/6-AngII 28d"	"HYP"	"Avp+ neuron"	"Avp+ neuron"	"Avp+ neurons"
"Ep300(+),"	"muhypo21_22SN_ACCTGAATCTTTGCAT-1"	0.0681890249609835	"MHYP5SN"	"muhypo21_22SN"	3045	1792	"AngII"	"C57BL/6"	"AngII 28d"	"C57BL/6-AngII 28d"	"HYP"	"Avp+ neuron"	"Avp+ neuron"	"Avp+ neurons"
"Ep300(+),"	"muhypo21_22SN_CTGCCTATCTCGGGAC-1"	0.0643494614104761	"MHYP5SN"	"muhypo21_22SN"	3020	1747	"AngII"	"C57BL/6"	"AngII 28d"	"C57BL/6-AngII 28d"	"HYP"	"Avp+ neuron"	"Avp+ neuron"	"Avp+ neurons"
"Ep300(+),"	"muhypo21_22SN_CGGAATTGTTAAACAG-1"	0.0695854035457701	"MHYP5SN"	"muhypo21_22SN"	3045	1860	"AngII"	"C57BL/6"	"AngII 28d"	"C57BL/6-AngII 28d"	"HYP"	"Avp+ neuron"	"Avp+ neuron"	"Avp+ neurons"
"Ep300(+),"	"muhypo21_22SN_GTGGTTAAGCAAGGAA-1"	0.0676159557743406	"MHYP5SN"	"muhypo21_22SN"	3031	1798	"AngII"	"C57BL/6"	"AngII 28d"	"C57BL/6-AngII 28d"	"HYP"	"Avp+ neuron"	"Avp+ neuron"	"Avp+ neurons"
"Ep300(+),"	"muhypo21_22SN_GGGACCTGTATCTCGA-1"	0.0714259107502049	"MHYP5SN"	"muhypo21_22SN"	3000	1762	"AngII"	"C57BL/6"	"AngII 28d"	"C57BL/6-AngII 28d"	"HYP"	"Avp+ neuron"	"Avp+ neuron"	"Avp+ neurons"
"Ep300(+),"	"muhypo21_22SN_GTAATCGAGACGATAT-1"	0.0749980420136123	"MHYP5SN"	"muhypo21_22SN"	2956	1746	"AngII"	"C57BL/6"	"AngII 28d"	"C57BL/6-AngII 28d"	"HYP"	"Avp+ neuron"	"Avp+ neuron"	"Avp+ neurons"
"Ep300(+),"	"muhypo21_22SN_AACGGGACAACGATTC-1"	0.0696732741543887	"MHYP5SN"	"muhypo21_22SN"	2892	1683	"AngII"	"C57BL/6"	"AngII 28d"	"C57BL/6-AngII 28d"	"HYP"	"Avp+ neuron"	"Avp+ neuron"	"Avp+ neurons"
"Ep300(+),"	"muhypo21_22SN_AATCGTGGTGGTTCTA-1"	0.0776704546539904	"MHYP5SN"	"muhypo21_22SN"	2880	1548	"AngII"	"C57BL/6"	"AngII 28d"	"C57BL/6-AngII 28d"	"HYP"	"Avp+ neuron"	"Avp+ neuron"	"Avp+ neurons"
"Ep300(+),"	"muhypo21_22SN_GTTACGATCGTCTAAG-1"	0.0698767137156469	"MHYP5SN"	"muhypo21_22SN"	2844	1781	"AngII"	"C57BL/6"	"AngII 28d"	"C57BL/6-AngII 28d"	"HYP"	"Avp+ neuron"	"Avp+ neuron"	"Avp+ neurons"
"Ep300(+),"	"muhypo21_22SN_CTATCCGTCAGTGCGC-1"	0.0708934339642825	"MHYP5SN"	"muhypo21_22SN"	2833	1609	"AngII"	"C57BL/6"	"AngII 28d"	"C57BL/6-AngII 28d"	"HYP"	"Avp+ neuron"	"Avp+ neuron"	"Avp+ neurons"
"Ep300(+),"	"muhypo21_22SN_CAGCACGGTCCGAAAG-1"	0.072822766892647	"MHYP5SN"	"muhypo21_22SN"	2816	1656	"AngII"	"C57BL/6"	"AngII 28d"	"C57BL/6-AngII 28d"	"HYP"	"Avp+ neuron"	"Avp+ neuron"	"Avp+ neurons"
"Ep300(+),"	"muhypo21_22SN_AAACGCTAGTCCGCGT-1"	0.0706336425996711	"MHYP5SN"	"muhypo21_22SN"	2806	1754	"AngII"	"C57BL/6"	"AngII 28d"	"C57BL/6-AngII 28d"	"HYP"	"Avp+ neuron"	"Avp+ neuron"	"Avp+ neurons"
"Ep300(+),"	"muhypo21_22SN_GGGAGATCAGAGACTG-1"	0.0689149125973979	"MHYP5SN"	"muhypo21_22SN"	2783	1721	"AngII"	"C57BL/6"	"AngII 28d"	"C57BL/6-AngII 28d"	"HYP"	"Avp+ neuron"	"Avp+ neuron"	"Avp+ neurons"
"Ep300(+),"	"muhypo21_22SN_CCTACGTGTACTGTTG-1"	0.0571326101200198	"MHYP5SN"	"muhypo21_22SN"	2718	1741	"AngII"	"C57BL/6"	"AngII 28d"	"C57BL/6-AngII 28d"	"HYP"	"Avp+ neuron"	"Avp+ neuron"	"Avp+ neurons"
"Ep300(+),"	"muhypo21_22SN_AGCTTCCCAGTAGATA-1"	0.0745563011822417	"MHYP5SN"	"muhypo21_22SN"	2761	1687	"AngII"	"C57BL/6"	"AngII 28d"	"C57BL/6-AngII 28d"	"HYP"	"Avp+ neuron"	"Avp+ neuron"	"Avp+ neurons"
"Ep300(+),"	"muhypo21_22SN_ATACTTCGTAGAGACC-1"	0.0719497914983276	"MHYP5SN"	"muhypo21_22SN"	2726	1663	"AngII"	"C57BL/6"	"AngII 28d"	"C57BL/6-AngII 28d"	"HYP"	"Avp+ neuron"	"Avp+ neuron"	"Avp+ neurons"
"Ep300(+),"	"muhypo21_22SN_TCTATCAGTGTATTCG-1"	0.0718089119899445	"MHYP5SN"	"muhypo21_22SN"	2658	1583	"AngII"	"C57BL/6"	"AngII 28d"	"C57BL/6-AngII 28d"	"HYP"	"Avp+ neuron"	"Avp+ neuron"	"Avp+ neurons"
"Ep300(+),"	"muhypo21_22SN_TTTCAGTCATCGAACT-1"	0.0759545899976504	"MHYP5SN"	"muhypo21_22SN"	2642	1565	"AngII"	"C57BL/6"	"AngII 28d"	"C57BL/6-AngII 28d"	"HYP"	"Avp+ neuron"	"Avp+ neuron"	"Avp+ neurons"
"Ep300(+),"	"muhypo21_22SN_CGATGCGCAGTCAGAG-1"	0.0641202337358189	"MHYP5SN"	"muhypo21_22SN"	2608	1607	"AngII"	"C57BL/6"	"AngII 28d"	"C57BL/6-AngII 28d"	"HYP"	"Avp+ neuron"	"Avp+ neuron"	"Avp+ neurons"
"Ep300(+),"	"muhypo21_22SN_AGACTCAAGCCAAGGT-1"	0.067313184220731	"MHYP5SN"	"muhypo21_22SN"	2604	1579	"AngII"	"C57BL/6"	"AngII 28d"	"C57BL/6-AngII 28d"	"HYP"	"Avp+ neuron"	"Avp+ neuron"	"Avp+ neurons"
"Ep300(+),"	"muhypo21_22SN_GTCATGACAGAAGCTG-1"	0.0766986248249751	"MHYP5SN"	"muhypo21_22SN"	2568	1569	"AngII"	"C57BL/6"	"AngII 28d"	"C57BL/6-AngII 28d"	"HYP"	"Avp+ neuron"	"Avp+ neuron"	"Avp+ neurons"
"Ep300(+),"	"muhypo21_22SN_GGGCTCAAGTGGTTGG-1"	0.0656254954660676	"MHYP5SN"	"muhypo21_22SN"	2510	1602	"AngII"	"C57BL/6"	"AngII 28d"	"C57BL/6-AngII 28d"	"HYP"	"Avp+ neuron"	"Avp+ neuron"	"Avp+ neurons"
"Ep300(+),"	"muhypo21_22SN_CTACATTCATGAGAAT-1"	0.0693948580412113	"MHYP5SN"	"muhypo21_22SN"	2556	1569	"AngII"	"C57BL/6"	"AngII 28d"	"C57BL/6-AngII 28d"	"HYP"	"Avp+ neuron"	"Avp+ neuron"	"Avp+ neurons"
"Ep300(+),"	"muhypo21_22SN_GATAGCTGTTTGGGTT-1"	0.066993220591522	"MHYP5SN"	"muhypo21_22SN"	2509	1542	"AngII"	"C57BL/6"	"AngII 28d"	"C57BL/6-AngII 28d"	"HYP"	"Avp+ neuron"	"Avp+ neuron"	"Avp+ neurons"
"Ep300(+),"	"muhypo21_22SN_GCAGCTGGTACGGGAT-1"	0.0687181588433172	"MHYP5SN"	"muhypo21_22SN"	2438	1530	"AngII"	"C57BL/6"	"AngII 28d"	"C57BL/6-AngII 28d"	"HYP"	"Avp+ neuron"	"Avp+ neuron"	"Avp+ neurons"
"Ep300(+),"	"muhypo21_22SN_CAGGTATCATCGTTCC-1"	0.0711169309470732	"MHYP5SN"	"muhypo21_22SN"	2488	1538	"AngII"	"C57BL/6"	"AngII 28d"	"C57BL/6-AngII 28d"	"HYP"	"Avp+ neuron"	"Avp+ neuron"	"Avp+ neurons"
"Ep300(+),"	"muhypo21_22SN_TGACAGTTCTCGGCTT-1"	0.0709583818054354	"MHYP5SN"	"muhypo21_22SN"	2415	1468	"AngII"	"C57BL/6"	"AngII 28d"	"C57BL/6-AngII 28d"	"HYP"	"Avp+ neuron"	"Avp+ neuron"	"Avp+ neurons"
"Ep300(+),"	"muhypo21_22SN_TTACAGGGTGTCACAT-1"	0.0729001312328437	"MHYP5SN"	"muhypo21_22SN"	2431	1576	"AngII"	"C57BL/6"	"AngII 28d"	"C57BL/6-AngII 28d"	"HYP"	"Avp+ neuron"	"Avp+ neuron"	"Avp+ neurons"
"Ep300(+),"	"muhypo21_22SN_CGTAATGGTAATGATG-1"	0.0696995398254431	"MHYP5SN"	"muhypo21_22SN"	2423	1509	"AngII"	"C57BL/6"	"AngII 28d"	"C57BL/6-AngII 28d"	"HYP"	"Avp+ neuron"	"Avp+ neuron"	"Avp+ neurons"
"Ep300(+),"	"muhypo21_22SN_GGGTGAAAGACGAAGA-1"	0.0712205609583245	"MHYP5SN"	"muhypo21_22SN"	2411	1488	"AngII"	"C57BL/6"	"AngII 28d"	"C57BL/6-AngII 28d"	"HYP"	"Avp+ neuron"	"Avp+ neuron"	"Avp+ neurons"
"Ep300(+),"	"muhypo21_22SN_CGAGAAGGTAGTAAGT-1"	0.0655529067024262	"MHYP5SN"	"muhypo21_22SN"	2402	1549	"AngII"	"C57BL/6"	"AngII 28d"	"C57BL/6-AngII 28d"	"HYP"	"Avp+ neuron"	"Avp+ neuron"	"Avp+ neurons"
"Ep300(+),"	"muhypo21_22SN_GAGTGAGCACTTCAAG-1"	0.0688547403328004	"MHYP5SN"	"muhypo21_22SN"	2379	1493	"AngII"	"C57BL/6"	"AngII 28d"	"C57BL/6-AngII 28d"	"HYP"	"Avp+ neuron"	"Avp+ neuron"	"Avp+ neurons"
"Ep300(+),"	"muhypo21_22SN_TTGCGTCAGCATGTTC-1"	0.0752334779377914	"MHYP5SN"	"muhypo21_22SN"	2348	1424	"AngII"	"C57BL/6"	"AngII 28d"	"C57BL/6-AngII 28d"	"HYP"	"Avp+ neuron"	"Avp+ neuron"	"Avp+ neurons"
"Ep300(+),"	"muhypo21_22SN_TAGAGTCAGACGACGT-1"	0.0672243584968013	"MHYP5SN"	"muhypo21_22SN"	2359	1469	"AngII"	"C57BL/6"	"AngII 28d"	"C57BL/6-AngII 28d"	"HYP"	"Avp+ neuron"	"Avp+ neuron"	"Avp+ neurons"
"Ep300(+),"	"muhypo21_22SN_AGTCATGCAACGGCCT-1"	0.0714125391358499	"MHYP5SN"	"muhypo21_22SN"	2362	1531	"AngII"	"C57BL/6"	"AngII 28d"	"C57BL/6-AngII 28d"	"HYP"	"Avp+ neuron"	"Avp+ neuron"	"Avp+ neurons"
"Ep300(+),"	"muhypo21_22SN_GGTGTTATCGCGCCAA-1"	0.0741685243659467	"MHYP5SN"	"muhypo21_22SN"	2292	1465	"AngII"	"C57BL/6"	"AngII 28d"	"C57BL/6-AngII 28d"	"HYP"	"Avp+ neuron"	"Avp+ neuron"	"Avp+ neurons"
"Ep300(+),"	"muhypo21_22SN_CATTCTACAGACCTGC-1"	0.0735658466046606	"MHYP5SN"	"muhypo21_22SN"	2294	1469	"AngII"	"C57BL/6"	"AngII 28d"	"C57BL/6-AngII 28d"	"HYP"	"Avp+ neuron"	"Avp+ neuron"	"Avp+ neurons"
"Ep300(+),"	"muhypo21_22SN_AGCGCTGCACACACGC-1"	0.0681603715016514	"MHYP5SN"	"muhypo21_22SN"	2268	1441	"AngII"	"C57BL/6"	"AngII 28d"	"C57BL/6-AngII 28d"	"HYP"	"Avp+ neuron"	"Avp+ neuron"	"Avp+ neurons"
"Ep300(+),"	"muhypo21_22SN_TCAGTTTAGCGTACAG-1"	0.0645495580681456	"MHYP5SN"	"muhypo21_22SN"	2229	1459	"AngII"	"C57BL/6"	"AngII 28d"	"C57BL/6-AngII 28d"	"HYP"	"Avp+ neuron"	"Avp+ neuron"	"Avp+ neurons"
"Ep300(+),"	"muhypo21_22SN_AGATGAACAGTAACGG-1"	0.0745524807209974	"MHYP5SN"	"muhypo21_22SN"	2221	1355	"AngII"	"C57BL/6"	"AngII 28d"	"C57BL/6-AngII 28d"	"HYP"	"Avp+ neuron"	"Avp+ neuron"	"Avp+ neurons"
"Ep300(+),"	"muhypo21_22SN_AAGACTCAGTAGTGCG-1"	0.0695276190694502	"MHYP5SN"	"muhypo21_22SN"	2215	1371	"AngII"	"C57BL/6"	"AngII 28d"	"C57BL/6-AngII 28d"	"HYP"	"Avp+ neuron"	"Avp+ neuron"	"Avp+ neurons"
"Ep300(+),"	"muhypo21_22SN_CCCAACTTCTCTATGT-1"	0.0683136675090784	"MHYP5SN"	"muhypo21_22SN"	2217	1388	"AngII"	"C57BL/6"	"AngII 28d"	"C57BL/6-AngII 28d"	"HYP"	"Avp+ neuron"	"Avp+ neuron"	"Avp+ neurons"
"Ep300(+),"	"muhypo21_22SN_ACTGATGTCTGCTGAA-1"	0.0749235430193487	"MHYP5SN"	"muhypo21_22SN"	2161	1399	"AngII"	"C57BL/6"	"AngII 28d"	"C57BL/6-AngII 28d"	"HYP"	"Avp+ neuron"	"Avp+ neuron"	"Avp+ neurons"
"Ep300(+),"	"muhypo21_22SN_TGGAGAGAGCCAACCC-1"	0.0663456524106155	"MHYP5SN"	"muhypo21_22SN"	2173	1350	"AngII"	"C57BL/6"	"AngII 28d"	"C57BL/6-AngII 28d"	"HYP"	"Avp+ neuron"	"Avp+ neuron"	"Avp+ neurons"
"Ep300(+),"	"muhypo21_22SN_GTGTGATGTAATACCC-1"	0.0674096508671492	"MHYP5SN"	"muhypo21_22SN"	2167	1406	"AngII"	"C57BL/6"	"AngII 28d"	"C57BL/6-AngII 28d"	"HYP"	"Avp+ neuron"	"Avp+ neuron"	"Avp+ neurons"
"Ep300(+),"	"muhypo21_22SN_CCTAAGATCACGGAGA-1"	0.065717664093586	"MHYP5SN"	"muhypo21_22SN"	2108	1361	"AngII"	"C57BL/6"	"AngII 28d"	"C57BL/6-AngII 28d"	"HYP"	"Avp+ neuron"	"Avp+ neuron"	"Avp+ neurons"
"Ep300(+),"	"muhypo21_22SN_TCCGAAACATGGAGAC-1"	0.0692248475158406	"MHYP5SN"	"muhypo21_22SN"	2089	1353	"AngII"	"C57BL/6"	"AngII 28d"	"C57BL/6-AngII 28d"	"HYP"	"Avp+ neuron"	"Avp+ neuron"	"Avp+ neurons"
"Ep300(+),"	"muhypo21_22SN_AGTGATCAGGATCATA-1"	0.0703924759836255	"MHYP5SN"	"muhypo21_22SN"	2083	1364	"AngII"	"C57BL/6"	"AngII 28d"	"C57BL/6-AngII 28d"	"HYP"	"Avp+ neuron"	"Avp+ neuron"	"Avp+ neurons"
"Ep300(+),"	"muhypo21_22SN_TCAGTCCTCATGCCGG-1"	0.0676221640238626	"MHYP5SN"	"muhypo21_22SN"	2093	1371	"AngII"	"C57BL/6"	"AngII 28d"	"C57BL/6-AngII 28d"	"HYP"	"Avp+ neuron"	"Avp+ neuron"	"Avp+ neurons"
"Ep300(+),"	"muhypo21_22SN_TTTAGTCGTGTGAATA-1"	0.0680911256415987	"MHYP5SN"	"muhypo21_22SN"	2055	1352	"AngII"	"C57BL/6"	"AngII 28d"	"C57BL/6-AngII 28d"	"HYP"	"Avp+ neuron"	"Avp+ neuron"	"Avp+ neurons"
"Ep300(+),"	"muhypo21_22SN_GAGTTGTAGAGGTCAC-1"	0.0673289436233637	"MHYP5SN"	"muhypo21_22SN"	2029	1339	"AngII"	"C57BL/6"	"AngII 28d"	"C57BL/6-AngII 28d"	"HYP"	"Avp+ neuron"	"Avp+ neuron"	"Avp+ neurons"
"Ep300(+),"	"muhypo21_22SN_TATATCCGTGCAATAA-1"	0.0663155662783168	"MHYP5SN"	"muhypo21_22SN"	2049	1326	"AngII"	"C57BL/6"	"AngII 28d"	"C57BL/6-AngII 28d"	"HYP"	"Avp+ neuron"	"Avp+ neuron"	"Avp+ neurons"
"Ep300(+),"	"muhypo21_22SN_TCGTAGACAGTAGTGG-1"	0.0711045144480293	"MHYP5SN"	"muhypo21_22SN"	2030	1317	"AngII"	"C57BL/6"	"AngII 28d"	"C57BL/6-AngII 28d"	"HYP"	"Avp+ neuron"	"Avp+ neuron"	"Avp+ neurons"
"Ep300(+),"	"muhypo21_22SN_GATCCCTCAATACAGA-1"	0.0703714634467819	"MHYP5SN"	"muhypo21_22SN"	1992	1351	"AngII"	"C57BL/6"	"AngII 28d"	"C57BL/6-AngII 28d"	"HYP"	"Avp+ neuron"	"Avp+ neuron"	"Avp+ neurons"
"Ep300(+),"	"muhypo21_22SN_TGAGGGATCACTCGAA-1"	0.0675777511618978	"MHYP5SN"	"muhypo21_22SN"	1998	1276	"AngII"	"C57BL/6"	"AngII 28d"	"C57BL/6-AngII 28d"	"HYP"	"Avp+ neuron"	"Avp+ neuron"	"Avp+ neurons"
"Ep300(+),"	"muhypo21_22SN_GTAGCTACAAGTGTCT-1"	0.0686828195768075	"MHYP5SN"	"muhypo21_22SN"	1943	1242	"AngII"	"C57BL/6"	"AngII 28d"	"C57BL/6-AngII 28d"	"HYP"	"Avp+ neuron"	"Avp+ neuron"	"Avp+ neurons"
"Ep300(+),"	"muhypo21_22SN_ACACTGAGTAGACACG-1"	0.0679956141104916	"MHYP5SN"	"muhypo21_22SN"	1918	1349	"AngII"	"C57BL/6"	"AngII 28d"	"C57BL/6-AngII 28d"	"HYP"	"Avp+ neuron"	"Avp+ neuron"	"Avp+ neurons"
"Ep300(+),"	"muhypo21_22SN_CTATCCGGTAGTGCGA-1"	0.0695118596668176	"MHYP5SN"	"muhypo21_22SN"	1930	1330	"AngII"	"C57BL/6"	"AngII 28d"	"C57BL/6-AngII 28d"	"HYP"	"Avp+ neuron"	"Avp+ neuron"	"Avp+ neurons"
"Ep300(+),"	"muhypo21_22SN_TGGATCATCACTGATG-1"	0.0691914184799531	"MHYP5SN"	"muhypo21_22SN"	1811	1151	"AngII"	"C57BL/6"	"AngII 28d"	"C57BL/6-AngII 28d"	"HYP"	"Avp+ neuron"	"Avp+ neuron"	"Avp+ neurons"
"Ep300(+),"	"muhypo21_22SN_GAGTTACCAAGAATGT-1"	0.0674000997140385	"MHYP5SN"	"muhypo21_22SN"	1893	1296	"AngII"	"C57BL/6"	"AngII 28d"	"C57BL/6-AngII 28d"	"HYP"	"Avp+ neuron"	"Avp+ neuron"	"Avp+ neurons"
"Ep300(+),"	"muhypo21_22SN_TGGGATTAGAGCTGCA-1"	0.0673585521980069	"MHYP5SN"	"muhypo21_22SN"	1909	1250	"AngII"	"C57BL/6"	"AngII 28d"	"C57BL/6-AngII 28d"	"HYP"	"Avp+ neuron"	"Avp+ neuron"	"Avp+ neurons"
"Ep300(+),"	"muhypo21_22SN_GCACTAATCCTGTACC-1"	0.0732348991493743	"MHYP5SN"	"muhypo21_22SN"	1792	1247	"AngII"	"C57BL/6"	"AngII 28d"	"C57BL/6-AngII 28d"	"HYP"	"Avp+ neuron"	"Avp+ neuron"	"Avp+ neurons"
"Ep300(+),"	"muhypo21_22SN_TTCCTAAAGCAGCAGT-1"	0.0706150178511052	"MHYP5SN"	"muhypo21_22SN"	1873	1231	"AngII"	"C57BL/6"	"AngII 28d"	"C57BL/6-AngII 28d"	"HYP"	"Avp+ neuron"	"Avp+ neuron"	"Avp+ neurons"
"Ep300(+),"	"muhypo21_22SN_AACGAAAAGATGCAGC-1"	0.0691766141926315	"MHYP5SN"	"muhypo21_22SN"	1834	1191	"AngII"	"C57BL/6"	"AngII 28d"	"C57BL/6-AngII 28d"	"HYP"	"Avp+ neuron"	"Avp+ neuron"	"Avp+ neurons"
"Ep300(+),"	"muhypo21_22SN_TATTGCTTCACCCTGT-1"	0.0691350666765999	"MHYP5SN"	"muhypo21_22SN"	1776	1166	"AngII"	"C57BL/6"	"AngII 28d"	"C57BL/6-AngII 28d"	"HYP"	"Avp+ neuron"	"Avp+ neuron"	"Avp+ neurons"
"Ep300(+),"	"muhypo21_22SN_GTAGAGGCAGTAGTTC-1"	0.070118357889348	"MHYP5SN"	"muhypo21_22SN"	1815	1240	"AngII"	"C57BL/6"	"AngII 28d"	"C57BL/6-AngII 28d"	"HYP"	"Avp+ neuron"	"Avp+ neuron"	"Avp+ neurons"
"Ep300(+),"	"muhypo21_22SN_AACTTCTAGTGCCGAA-1"	0.0729330827110757	"MHYP5SN"	"muhypo21_22SN"	1772	1214	"AngII"	"C57BL/6"	"AngII 28d"	"C57BL/6-AngII 28d"	"HYP"	"Avp+ neuron"	"Avp+ neuron"	"Avp+ neurons"
"Ep300(+),"	"muhypo21_22SN_TGACAGTAGGCGAACT-1"	0.0719970697062256	"MHYP5SN"	"muhypo21_22SN"	1747	1184	"AngII"	"C57BL/6"	"AngII 28d"	"C57BL/6-AngII 28d"	"HYP"	"Avp+ neuron"	"Avp+ neuron"	"Avp+ neurons"
"Ep300(+),"	"muhypo21_22SN_ACTTCCGAGAGGGTCT-1"	0.0733394842759366	"MHYP5SN"	"muhypo21_22SN"	1695	1180	"AngII"	"C57BL/6"	"AngII 28d"	"C57BL/6-AngII 28d"	"HYP"	"Avp+ neuron"	"Avp+ neuron"	"Avp+ neurons"
"Ep300(+),"	"muhypo21_22SN_GAGTGAGAGCGCTGCT-1"	0.0639483129798261	"MHYP5SN"	"muhypo21_22SN"	1659	1128	"AngII"	"C57BL/6"	"AngII 28d"	"C57BL/6-AngII 28d"	"HYP"	"Avp+ neuron"	"Avp+ neuron"	"Avp+ neurons"
"Ep300(+),"	"muhypo21_22SN_CTCAGGGTCTTCCACG-1"	0.0656326588309007	"MHYP5SN"	"muhypo21_22SN"	1660	1126	"AngII"	"C57BL/6"	"AngII 28d"	"C57BL/6-AngII 28d"	"HYP"	"Avp+ neuron"	"Avp+ neuron"	"Avp+ neurons"
"Ep300(+),"	"muhypo21_22SN_CATTTCACAATGAGCG-1"	0.0677888316456446	"MHYP5SN"	"muhypo21_22SN"	1669	1123	"AngII"	"C57BL/6"	"AngII 28d"	"C57BL/6-AngII 28d"	"HYP"	"Avp+ neuron"	"Avp+ neuron"	"Avp+ neurons"
"Ep300(+),"	"muhypo21_22SN_TAACACGGTTGTAGCT-1"	0.0747372955336898	"MHYP5SN"	"muhypo21_22SN"	1671	1196	"AngII"	"C57BL/6"	"AngII 28d"	"C57BL/6-AngII 28d"	"HYP"	"Avp+ neuron"	"Avp+ neuron"	"Avp+ neurons"
"Ep300(+),"	"muhypo21_22SN_CGTTAGAAGCTGAGCA-1"	0.0633131612979635	"MHYP5SN"	"muhypo21_22SN"	1627	1129	"AngII"	"C57BL/6"	"AngII 28d"	"C57BL/6-AngII 28d"	"HYP"	"Avp+ neuron"	"Avp+ neuron"	"Avp+ neurons"
"Ep300(+),"	"muhypo21_22SN_CGTGCTTAGCTTCTAG-1"	0.0693432818144135	"MHYP5SN"	"muhypo21_22SN"	1649	1160	"AngII"	"C57BL/6"	"AngII 28d"	"C57BL/6-AngII 28d"	"HYP"	"Avp+ neuron"	"Avp+ neuron"	"Avp+ neurons"
"Ep300(+),"	"muhypo21_22SN_AGGGCTCGTTTCTATC-1"	0.0691656303665542	"MHYP5SN"	"muhypo21_22SN"	1646	1149	"AngII"	"C57BL/6"	"AngII 28d"	"C57BL/6-AngII 28d"	"HYP"	"Avp+ neuron"	"Avp+ neuron"	"Avp+ neurons"
"Ep300(+),"	"muhypo21_22SN_CTGAATGGTATTGCCA-1"	0.0686140512744104	"MHYP5SN"	"muhypo21_22SN"	1608	1161	"AngII"	"C57BL/6"	"AngII 28d"	"C57BL/6-AngII 28d"	"HYP"	"Avp+ neuron"	"Avp+ neuron"	"Avp+ neurons"
"Ep300(+),"	"muhypo21_22SN_ATTGTTCTCACTCGAA-1"	0.0626245231586809	"MHYP5SN"	"muhypo21_22SN"	1633	1116	"AngII"	"C57BL/6"	"AngII 28d"	"C57BL/6-AngII 28d"	"HYP"	"Avp+ neuron"	"Avp+ neuron"	"Avp+ neurons"
"Ep300(+),"	"muhypo21_22SN_TCAAGACGTCCGGACT-1"	0.0741346177724037	"MHYP5SN"	"muhypo21_22SN"	1606	1097	"AngII"	"C57BL/6"	"AngII 28d"	"C57BL/6-AngII 28d"	"HYP"	"Avp+ neuron"	"Avp+ neuron"	"Avp+ neurons"
"Ep300(+),"	"muhypo21_22SN_CTGAGCGGTGTCACAT-1"	0.0642582478982688	"MHYP5SN"	"muhypo21_22SN"	1586	1104	"AngII"	"C57BL/6"	"AngII 28d"	"C57BL/6-AngII 28d"	"HYP"	"Avp+ neuron"	"Avp+ neuron"	"Avp+ neurons"
"Ep300(+),"	"muhypo21_22SN_GGCTGTGTCCGTAGGC-1"	0.0684497714409061	"MHYP5SN"	"muhypo21_22SN"	1543	1116	"AngII"	"C57BL/6"	"AngII 28d"	"C57BL/6-AngII 28d"	"HYP"	"Avp+ neuron"	"Avp+ neuron"	"Avp+ neurons"
"Ep300(+),"	"muhypo21_22SN_TTTATGCTCAAGCCGC-1"	0.0652162285552735	"MHYP5SN"	"muhypo21_22SN"	1476	948	"AngII"	"C57BL/6"	"AngII 28d"	"C57BL/6-AngII 28d"	"HYP"	"Avp+ neuron"	"Avp+ neuron"	"Avp+ neurons"
"Ep300(+),"	"muhypo21_22SN_GGAATGGAGGTTTACC-1"	0.0661675234051007	"MHYP5SN"	"muhypo21_22SN"	1471	1080	"AngII"	"C57BL/6"	"AngII 28d"	"C57BL/6-AngII 28d"	"HYP"	"Avp+ neuron"	"Avp+ neuron"	"Avp+ neurons"
"Ep300(+),"	"muhypo21_22SN_TCGGGCACATCCAATG-1"	0.0698208394699492	"MHYP5SN"	"muhypo21_22SN"	1429	1009	"AngII"	"C57BL/6"	"AngII 28d"	"C57BL/6-AngII 28d"	"HYP"	"Avp+ neuron"	"Avp+ neuron"	"Avp+ neurons"
"Ep300(+),"	"muhypo21_22SN_TCGAAGTAGAAACACT-1"	0.0663580689096595	"MHYP5SN"	"muhypo21_22SN"	1376	1010	"AngII"	"C57BL/6"	"AngII 28d"	"C57BL/6-AngII 28d"	"HYP"	"Avp+ neuron"	"Avp+ neuron"	"Avp+ neurons"
"Ep300(+),"	"muhypo21_22SN_ATCCACCGTTCTTAGG-1"	0.0641689446166836	"MHYP5SN"	"muhypo21_22SN"	1349	950	"AngII"	"C57BL/6"	"AngII 28d"	"C57BL/6-AngII 28d"	"HYP"	"Avp+ neuron"	"Avp+ neuron"	"Avp+ neurons"
"Ep300(+),"	"muhypo21_22SN_AACCACATCACAGTGT-1"	0.0722458772447598	"MHYP5SN"	"muhypo21_22SN"	1344	951	"AngII"	"C57BL/6"	"AngII 28d"	"C57BL/6-AngII 28d"	"HYP"	"Avp+ neuron"	"Avp+ neuron"	"Avp+ neurons"
"Ep300(+),"	"muhypo21_22SN_ACCATTTCATTAAGCC-1"	0.0654005658103103	"MHYP5SN"	"muhypo21_22SN"	1271	916	"AngII"	"C57BL/6"	"AngII 28d"	"C57BL/6-AngII 28d"	"HYP"	"Avp+ neuron"	"Avp+ neuron"	"Avp+ neurons"
"Ep300(+),"	"muhypo21_22SN_ACTTTCAAGCGACTAG-1"	0.0617486824184284	"MHYP5SN"	"muhypo21_22SN"	1325	956	"AngII"	"C57BL/6"	"AngII 28d"	"C57BL/6-AngII 28d"	"HYP"	"Avp+ neuron"	"Avp+ neuron"	"Avp+ neurons"
"Ep300(+),"	"muhypo21_22SN_ATCGGATAGTAGCATA-1"	0.0682544503597919	"MHYP5SN"	"muhypo21_22SN"	1194	863	"AngII"	"C57BL/6"	"AngII 28d"	"C57BL/6-AngII 28d"	"HYP"	"Avp+ neuron"	"Avp+ neuron"	"Avp+ neurons"
"Ep300(+),"	"muhypo21_22SN_GTCTAGATCCGATGTA-1"	0.0644182297128732	"MHYP5SN"	"muhypo21_22SN"	1209	898	"AngII"	"C57BL/6"	"AngII 28d"	"C57BL/6-AngII 28d"	"HYP"	"Avp+ neuron"	"Avp+ neuron"	"Avp+ neurons"
"Ep300(+),"	"muhypo21_22SN_TTGAGTGTCATCCTAT-1"	0.067507550186534	"MHYP5SN"	"muhypo21_22SN"	1217	918	"AngII"	"C57BL/6"	"AngII 28d"	"C57BL/6-AngII 28d"	"HYP"	"Avp+ neuron"	"Avp+ neuron"	"Avp+ neurons"
"Ep300(+),"	"muhypo21_22SN_ATGGGAGCACACACGC-1"	0.0654645585361521	"MHYP5SN"	"muhypo21_22SN"	1070	808	"AngII"	"C57BL/6"	"AngII 28d"	"C57BL/6-AngII 28d"	"HYP"	"Avp+ neuron"	"Avp+ neuron"	"Avp+ neurons"
"Ep300(+),"	"muhypo21_22SN_ATGGGAGTCGAGATGG-1"	0.05956624393263	"MHYP5SN"	"muhypo21_22SN"	1088	846	"AngII"	"C57BL/6"	"AngII 28d"	"C57BL/6-AngII 28d"	"HYP"	"Avp+ neuron"	"Avp+ neuron"	"Avp+ neurons"
"Ep300(+),"	"muhypo21_22SN_CGAGGCTAGTAGCTCT-1"	0.0641813611157275	"MHYP5SN"	"muhypo21_22SN"	795	602	"AngII"	"C57BL/6"	"AngII 28d"	"C57BL/6-AngII 28d"	"HYP"	"Avp+ neuron"	"Avp+ neuron"	"Avp+ neurons"
"Ep300(+),"	"muhypo21_22SN_CCAAGCGGTTACCCTC-1"	0.0602534493989459	"MHYP5SN"	"muhypo21_22SN"	840	621	"AngII"	"C57BL/6"	"AngII 28d"	"C57BL/6-AngII 28d"	"HYP"	"Avp+ neuron"	"Avp+ neuron"	"Avp+ neurons"
"Ep300(+),"	"muhypo21_22SN_AGGAAATAGGGTTAAT-1"	0.0590944169689607	"MHYP5SN"	"muhypo21_22SN"	834	653	"AngII"	"C57BL/6"	"AngII 28d"	"C57BL/6-AngII 28d"	"HYP"	"Avp+ neuron"	"Avp+ neuron"	"Avp+ neurons"
"Ep300(+),"	"muhypo21_22SN_AGGACGAAGATCCGAG-1"	0.0568389121618653	"MHYP5SN"	"muhypo21_22SN"	659	512	"AngII"	"C57BL/6"	"AngII 28d"	"C57BL/6-AngII 28d"	"HYP"	"Avp+ neuron"	"Avp+ neuron"	"Avp+ neurons"
"Ep300(+),"	"muhypo23_24SN_GGTCACGCAACACAGG-1"	0.0674330511922704	"MHYP6SN"	"muhypo23_24SN"	16374	5467	"AngII"	"C57BL/6"	"AngII 28d"	"C57BL/6-AngII 28d"	"HYP"	"Avp+ neuron"	"Avp+ neuron"	"Avp+ neurons"
"Ep300(+),"	"muhypo23_24SN_CGTCAAATCATAGACC-1"	0.0809770638609199	"MHYP6SN"	"muhypo23_24SN"	15635	5084	"AngII"	"C57BL/6"	"AngII 28d"	"C57BL/6-AngII 28d"	"HYP"	"Avp+ neuron"	"Avp+ neuron"	"Avp+ neurons"
"Ep300(+),"	"muhypo23_24SN_ACAGCCGAGCGATGCA-1"	0.0679836751691032	"MHYP6SN"	"muhypo23_24SN"	14565	5143	"AngII"	"C57BL/6"	"AngII 28d"	"C57BL/6-AngII 28d"	"HYP"	"Avp+ neuron"	"Avp+ neuron"	"Avp+ neurons"
"Ep300(+),"	"muhypo23_24SN_AACGAAAGTGGATACG-1"	0.0719144522318179	"MHYP6SN"	"muhypo23_24SN"	11904	4552	"AngII"	"C57BL/6"	"AngII 28d"	"C57BL/6-AngII 28d"	"HYP"	"Avp+ neuron"	"Avp+ neuron"	"Avp+ neurons"
"Ep300(+),"	"muhypo23_24SN_TAGGAGGTCTTCCAGC-1"	0.0657047700368866	"MHYP6SN"	"muhypo23_24SN"	10493	4153	"AngII"	"C57BL/6"	"AngII 28d"	"C57BL/6-AngII 28d"	"HYP"	"Avp+ neuron"	"Avp+ neuron"	"Avp+ neurons"
"Ep300(+),"	"muhypo23_24SN_TCCGGGATCTTCTAAC-1"	0.074299852721219	"MHYP6SN"	"muhypo23_24SN"	10194	4119	"AngII"	"C57BL/6"	"AngII 28d"	"C57BL/6-AngII 28d"	"HYP"	"Avp+ neuron"	"Avp+ neuron"	"Avp+ neurons"
"Ep300(+),"	"muhypo23_24SN_TCATTACTCGAAGTGG-1"	0.0674082181941826	"MHYP6SN"	"muhypo23_24SN"	9072	4111	"AngII"	"C57BL/6"	"AngII 28d"	"C57BL/6-AngII 28d"	"HYP"	"Avp+ neuron"	"Avp+ neuron"	"Avp+ neurons"
"Ep300(+),"	"muhypo23_24SN_GGAGGTAGTACAAGCG-1"	0.0651369539844545	"MHYP6SN"	"muhypo23_24SN"	8843	3860	"AngII"	"C57BL/6"	"AngII 28d"	"C57BL/6-AngII 28d"	"HYP"	"Avp+ neuron"	"Avp+ neuron"	"Avp+ neurons"
"Ep300(+),"	"muhypo23_24SN_TAACTTCCAATTGCGT-1"	0.0667735440699756	"MHYP6SN"	"muhypo23_24SN"	8521	3603	"AngII"	"C57BL/6"	"AngII 28d"	"C57BL/6-AngII 28d"	"HYP"	"Avp+ neuron"	"Avp+ neuron"	"Avp+ neurons"
"Ep300(+),"	"muhypo23_24SN_AATGACCTCCAACTGA-1"	0.0664784134388545	"MHYP6SN"	"muhypo23_24SN"	8311	3489	"AngII"	"C57BL/6"	"AngII 28d"	"C57BL/6-AngII 28d"	"HYP"	"Avp+ neuron"	"Avp+ neuron"	"Avp+ neurons"
"Ep300(+),"	"muhypo23_24SN_ATAGACCCAGAAGCTG-1"	0.0731164648508014	"MHYP6SN"	"muhypo23_24SN"	7961	3467	"AngII"	"C57BL/6"	"AngII 28d"	"C57BL/6-AngII 28d"	"HYP"	"Avp+ neuron"	"Avp+ neuron"	"Avp+ neurons"
"Ep300(+),"	"muhypo23_24SN_ATACCTTCAGGACTTT-1"	0.0654445011146196	"MHYP6SN"	"muhypo23_24SN"	7548	3424	"AngII"	"C57BL/6"	"AngII 28d"	"C57BL/6-AngII 28d"	"HYP"	"Avp+ neuron"	"Avp+ neuron"	"Avp+ neurons"
"Ep300(+),"	"muhypo23_24SN_TTCCAATAGGGTCTTT-1"	0.0628040848371624	"MHYP6SN"	"muhypo23_24SN"	6643	3177	"AngII"	"C57BL/6"	"AngII 28d"	"C57BL/6-AngII 28d"	"HYP"	"Avp+ neuron"	"Avp+ neuron"	"Avp+ neurons"
"Ep300(+),"	"muhypo23_24SN_TATTGCTGTAGCTGTT-1"	0.0639344638078155	"MHYP6SN"	"muhypo23_24SN"	6147	2912	"AngII"	"C57BL/6"	"AngII 28d"	"C57BL/6-AngII 28d"	"HYP"	"Avp+ neuron"	"Avp+ neuron"	"Avp+ neurons"
"Ep300(+),"	"muhypo23_24SN_CTACAGACAAACTAAG-1"	0.0713050886633543	"MHYP6SN"	"muhypo23_24SN"	5893	2882	"AngII"	"C57BL/6"	"AngII 28d"	"C57BL/6-AngII 28d"	"HYP"	"Avp+ neuron"	"Avp+ neuron"	"Avp+ neurons"
"Ep300(+),"	"muhypo23_24SN_TCAAGCAAGCCTGGAA-1"	0.0707172151893898	"MHYP6SN"	"muhypo23_24SN"	5757	2916	"AngII"	"C57BL/6"	"AngII 28d"	"C57BL/6-AngII 28d"	"HYP"	"Avp+ neuron"	"Avp+ neuron"	"Avp+ neurons"
"Ep300(+),"	"muhypo23_24SN_ACTTAGGGTGAGCAGT-1"	0.0702372697455764	"MHYP6SN"	"muhypo23_24SN"	5754	2708	"AngII"	"C57BL/6"	"AngII 28d"	"C57BL/6-AngII 28d"	"HYP"	"Avp+ neuron"	"Avp+ neuron"	"Avp+ neurons"
"Ep300(+),"	"muhypo23_24SN_CCACGAGGTAACGGTG-1"	0.0668661902551495	"MHYP6SN"	"muhypo23_24SN"	5688	2850	"AngII"	"C57BL/6"	"AngII 28d"	"C57BL/6-AngII 28d"	"HYP"	"Avp+ neuron"	"Avp+ neuron"	"Avp+ neurons"
"Ep300(+),"	"muhypo23_24SN_TGAACGTTCTCTCCGA-1"	0.0665366754728298	"MHYP6SN"	"muhypo23_24SN"	5416	2682	"AngII"	"C57BL/6"	"AngII 28d"	"C57BL/6-AngII 28d"	"HYP"	"Avp+ neuron"	"Avp+ neuron"	"Avp+ neurons"
"Ep300(+),"	"muhypo23_24SN_GAATCGTTCCACAGCG-1"	0.0648217659318009	"MHYP6SN"	"muhypo23_24SN"	5186	2710	"AngII"	"C57BL/6"	"AngII 28d"	"C57BL/6-AngII 28d"	"HYP"	"Avp+ neuron"	"Avp+ neuron"	"Avp+ neurons"
"Ep300(+),"	"muhypo23_24SN_TGCGATAAGGACAACC-1"	0.0712692718391891	"MHYP6SN"	"muhypo23_24SN"	5113	2509	"AngII"	"C57BL/6"	"AngII 28d"	"C57BL/6-AngII 28d"	"HYP"	"Avp+ neuron"	"Avp+ neuron"	"Avp+ neurons"
"Ep300(+),"	"muhypo23_24SN_TTAATCCAGTAGAATC-1"	0.0733929707333566	"MHYP6SN"	"muhypo23_24SN"	5094	2557	"AngII"	"C57BL/6"	"AngII 28d"	"C57BL/6-AngII 28d"	"HYP"	"Avp+ neuron"	"Avp+ neuron"	"Avp+ neurons"
"Ep300(+),"	"muhypo23_24SN_CGAGTTAAGGATACGC-1"	0.0700624836436503	"MHYP6SN"	"muhypo23_24SN"	4910	2705	"AngII"	"C57BL/6"	"AngII 28d"	"C57BL/6-AngII 28d"	"HYP"	"Avp+ neuron"	"Avp+ neuron"	"Avp+ neurons"
"Ep300(+),"	"muhypo23_24SN_GATGATCCAGTGACCC-1"	0.0708705111968168	"MHYP6SN"	"muhypo23_24SN"	4882	2647	"AngII"	"C57BL/6"	"AngII 28d"	"C57BL/6-AngII 28d"	"HYP"	"Avp+ neuron"	"Avp+ neuron"	"Avp+ neurons"
"Ep300(+),"	"muhypo23_24SN_CACTGTCCAAGAATAC-1"	0.0711283923308061	"MHYP6SN"	"muhypo23_24SN"	4884	2500	"AngII"	"C57BL/6"	"AngII 28d"	"C57BL/6-AngII 28d"	"HYP"	"Avp+ neuron"	"Avp+ neuron"	"Avp+ neurons"
"Ep300(+),"	"muhypo23_24SN_TGCAGATAGAACGTGC-1"	0.0778442856406054	"MHYP6SN"	"muhypo23_24SN"	4921	2349	"AngII"	"C57BL/6"	"AngII 28d"	"C57BL/6-AngII 28d"	"HYP"	"Avp+ neuron"	"Avp+ neuron"	"Avp+ neurons"
"Ep300(+),"	"muhypo23_24SN_CAACCTCAGAGAACCC-1"	0.0666493790795363	"MHYP6SN"	"muhypo23_24SN"	4801	2546	"AngII"	"C57BL/6"	"AngII 28d"	"C57BL/6-AngII 28d"	"HYP"	"Avp+ neuron"	"Avp+ neuron"	"Avp+ neurons"
"Ep300(+),"	"muhypo23_24SN_GTAACACAGTCATAGA-1"	0.0708891359453827	"MHYP6SN"	"muhypo23_24SN"	4718	2468	"AngII"	"C57BL/6"	"AngII 28d"	"C57BL/6-AngII 28d"	"HYP"	"Avp+ neuron"	"Avp+ neuron"	"Avp+ neurons"
"Ep300(+),"	"muhypo23_24SN_TGAATCGGTACTGTTG-1"	0.0656417324263558	"MHYP6SN"	"muhypo23_24SN"	4627	2493	"AngII"	"C57BL/6"	"AngII 28d"	"C57BL/6-AngII 28d"	"HYP"	"Avp+ neuron"	"Avp+ neuron"	"Avp+ neurons"
"Ep300(+),"	"muhypo23_24SN_TCCTGCAAGCACAAAT-1"	0.0709970639755338	"MHYP6SN"	"muhypo23_24SN"	4611	2396	"AngII"	"C57BL/6"	"AngII 28d"	"C57BL/6-AngII 28d"	"HYP"	"Avp+ neuron"	"Avp+ neuron"	"Avp+ neurons"
"Ep300(+),"	"muhypo23_24SN_CAATACGAGTATGATG-1"	0.066919199154914	"MHYP6SN"	"muhypo23_24SN"	4426	2246	"AngII"	"C57BL/6"	"AngII 28d"	"C57BL/6-AngII 28d"	"HYP"	"Avp+ neuron"	"Avp+ neuron"	"Avp+ neurons"
"Ep300(+),"	"muhypo23_24SN_CACAGGCCACCAACAT-1"	0.0718007935098004	"MHYP6SN"	"muhypo23_24SN"	4288	2287	"AngII"	"C57BL/6"	"AngII 28d"	"C57BL/6-AngII 28d"	"HYP"	"Avp+ neuron"	"Avp+ neuron"	"Avp+ neurons"
"Ep300(+),"	"muhypo23_24SN_GAGGCCTCACGGTGAA-1"	0.0684483387679395	"MHYP6SN"	"muhypo23_24SN"	4202	2257	"AngII"	"C57BL/6"	"AngII 28d"	"C57BL/6-AngII 28d"	"HYP"	"Avp+ neuron"	"Avp+ neuron"	"Avp+ neurons"
"Ep300(+),"	"muhypo23_24SN_CCTTTGGTCGAAGCAG-1"	0.0691661079242097	"MHYP6SN"	"muhypo23_24SN"	4181	2213	"AngII"	"C57BL/6"	"AngII 28d"	"C57BL/6-AngII 28d"	"HYP"	"Avp+ neuron"	"Avp+ neuron"	"Avp+ neurons"
"Ep300(+),"	"muhypo23_24SN_CGATGGCAGATGCTGG-1"	0.0661450781952905	"MHYP6SN"	"muhypo23_24SN"	4062	2301	"AngII"	"C57BL/6"	"AngII 28d"	"C57BL/6-AngII 28d"	"HYP"	"Avp+ neuron"	"Avp+ neuron"	"Avp+ neurons"
"Ep300(+),"	"muhypo23_24SN_TACGCTCCAGGTTCAT-1"	0.0781093301394277	"MHYP6SN"	"muhypo23_24SN"	4025	2102	"AngII"	"C57BL/6"	"AngII 28d"	"C57BL/6-AngII 28d"	"HYP"	"Avp+ neuron"	"Avp+ neuron"	"Avp+ neurons"
"Ep300(+),"	"muhypo23_24SN_TTCTCTCAGATACCAA-1"	0.0718490268330095	"MHYP6SN"	"muhypo23_24SN"	4018	2153	"AngII"	"C57BL/6"	"AngII 28d"	"C57BL/6-AngII 28d"	"HYP"	"Avp+ neuron"	"Avp+ neuron"	"Avp+ neurons"
"Ep300(+),"	"muhypo23_24SN_AGCGCCAAGTGGTCAG-1"	0.0648933995801313	"MHYP6SN"	"muhypo23_24SN"	3884	2076	"AngII"	"C57BL/6"	"AngII 28d"	"C57BL/6-AngII 28d"	"HYP"	"Avp+ neuron"	"Avp+ neuron"	"Avp+ neurons"
"Ep300(+),"	"muhypo23_24SN_GATAGCTTCAAGAGGC-1"	0.0738944062716692	"MHYP6SN"	"muhypo23_24SN"	3775	2014	"AngII"	"C57BL/6"	"AngII 28d"	"C57BL/6-AngII 28d"	"HYP"	"Avp+ neuron"	"Avp+ neuron"	"Avp+ neurons"
"Ep300(+),"	"muhypo23_24SN_TGATTCTTCACTTGTT-1"	0.0677845336267448	"MHYP6SN"	"muhypo23_24SN"	3750	2102	"AngII"	"C57BL/6"	"AngII 28d"	"C57BL/6-AngII 28d"	"HYP"	"Avp+ neuron"	"Avp+ neuron"	"Avp+ neurons"
"Ep300(+),"	"muhypo23_24SN_AACGAAACATCTCAAG-1"	0.0721121611012097	"MHYP6SN"	"muhypo23_24SN"	3657	2045	"AngII"	"C57BL/6"	"AngII 28d"	"C57BL/6-AngII 28d"	"HYP"	"Avp+ neuron"	"Avp+ neuron"	"Avp+ neurons"
"Ep300(+),"	"muhypo23_24SN_GGGCTACAGGACTATA-1"	0.0698623869859808	"MHYP6SN"	"muhypo23_24SN"	3596	1878	"AngII"	"C57BL/6"	"AngII 28d"	"C57BL/6-AngII 28d"	"HYP"	"Avp+ neuron"	"Avp+ neuron"	"Avp+ neurons"
"Ep300(+),"	"muhypo23_24SN_CGGAACCCACGGTAGA-1"	0.0706537000212036	"MHYP6SN"	"muhypo23_24SN"	3545	2054	"AngII"	"C57BL/6"	"AngII 28d"	"C57BL/6-AngII 28d"	"HYP"	"Avp+ neuron"	"Avp+ neuron"	"Avp+ neurons"
"Ep300(+),"	"muhypo23_24SN_TTTACCACACGTCGTG-1"	0.065844216872303	"MHYP6SN"	"muhypo23_24SN"	3392	1928	"AngII"	"C57BL/6"	"AngII 28d"	"C57BL/6-AngII 28d"	"HYP"	"Avp+ neuron"	"Avp+ neuron"	"Avp+ neurons"
"Ep300(+),"	"muhypo23_24SN_CGATGGCCACCCAAGC-1"	0.0633862276192605	"MHYP6SN"	"muhypo23_24SN"	3377	1894	"AngII"	"C57BL/6"	"AngII 28d"	"C57BL/6-AngII 28d"	"HYP"	"Avp+ neuron"	"Avp+ neuron"	"Avp+ neurons"
"Ep300(+),"	"muhypo23_24SN_GTGGTTAAGAGAACCC-1"	0.0691794795385647	"MHYP6SN"	"muhypo23_24SN"	3315	1882	"AngII"	"C57BL/6"	"AngII 28d"	"C57BL/6-AngII 28d"	"HYP"	"Avp+ neuron"	"Avp+ neuron"	"Avp+ neurons"
"Ep300(+),"	"muhypo23_24SN_GAATAGATCCTGGGAC-1"	0.0717630664550131	"MHYP6SN"	"muhypo23_24SN"	3256	1858	"AngII"	"C57BL/6"	"AngII 28d"	"C57BL/6-AngII 28d"	"HYP"	"Avp+ neuron"	"Avp+ neuron"	"Avp+ neurons"
"Ep300(+),"	"muhypo23_24SN_ATTATCCGTCCGAAGA-1"	0.068849964756245	"MHYP6SN"	"muhypo23_24SN"	3118	1785	"AngII"	"C57BL/6"	"AngII 28d"	"C57BL/6-AngII 28d"	"HYP"	"Avp+ neuron"	"Avp+ neuron"	"Avp+ neurons"
"Ep300(+),"	"muhypo23_24SN_AGGTTGTGTCCGTACG-1"	0.0740305102034969	"MHYP6SN"	"muhypo23_24SN"	3016	1685	"AngII"	"C57BL/6"	"AngII 28d"	"C57BL/6-AngII 28d"	"HYP"	"Avp+ neuron"	"Avp+ neuron"	"Avp+ neurons"
"Ep300(+),"	"muhypo23_24SN_GTTGCTCTCCACATAG-1"	0.0645428722609681	"MHYP6SN"	"muhypo23_24SN"	3028	1798	"AngII"	"C57BL/6"	"AngII 28d"	"C57BL/6-AngII 28d"	"HYP"	"Avp+ neuron"	"Avp+ neuron"	"Avp+ neurons"
"Ep300(+),"	"muhypo23_24SN_TTCCTAAGTCCAAAGG-1"	0.0706780554616359	"MHYP6SN"	"muhypo23_24SN"	2968	1826	"AngII"	"C57BL/6"	"AngII 28d"	"C57BL/6-AngII 28d"	"HYP"	"Avp+ neuron"	"Avp+ neuron"	"Avp+ neurons"
"Ep300(+),"	"muhypo23_24SN_TGATGGTCATGGAACG-1"	0.0643551921023425	"MHYP6SN"	"muhypo23_24SN"	2889	1790	"AngII"	"C57BL/6"	"AngII 28d"	"C57BL/6-AngII 28d"	"HYP"	"Avp+ neuron"	"Avp+ neuron"	"Avp+ neurons"
"Ep300(+),"	"muhypo23_24SN_GGGACCTAGTCCCAGC-1"	0.0639425822879596	"MHYP6SN"	"muhypo23_24SN"	2796	1724	"AngII"	"C57BL/6"	"AngII 28d"	"C57BL/6-AngII 28d"	"HYP"	"Avp+ neuron"	"Avp+ neuron"	"Avp+ neurons"
"Ep300(+),"	"muhypo23_24SN_GACCGTGAGCGTCTGC-1"	0.068903451213665	"MHYP6SN"	"muhypo23_24SN"	2840	1724	"AngII"	"C57BL/6"	"AngII 28d"	"C57BL/6-AngII 28d"	"HYP"	"Avp+ neuron"	"Avp+ neuron"	"Avp+ neurons"
"Ep300(+),"	"muhypo23_24SN_TGTGGCGTCGGATTAC-1"	0.0693060323172817	"MHYP6SN"	"muhypo23_24SN"	2785	1739	"AngII"	"C57BL/6"	"AngII 28d"	"C57BL/6-AngII 28d"	"HYP"	"Avp+ neuron"	"Avp+ neuron"	"Avp+ neurons"
"Ep300(+),"	"muhypo23_24SN_AACAAGATCGCATTGA-1"	0.072495639898605	"MHYP6SN"	"muhypo23_24SN"	2765	1701	"AngII"	"C57BL/6"	"AngII 28d"	"C57BL/6-AngII 28d"	"HYP"	"Avp+ neuron"	"Avp+ neuron"	"Avp+ neurons"
"Ep300(+),"	"muhypo23_24SN_CAGATCAAGGCGAACT-1"	0.0687940905105473	"MHYP6SN"	"muhypo23_24SN"	2766	1716	"AngII"	"C57BL/6"	"AngII 28d"	"C57BL/6-AngII 28d"	"HYP"	"Avp+ neuron"	"Avp+ neuron"	"Avp+ neurons"
"Ep300(+),"	"muhypo23_24SN_GGGATGAGTACGTTCA-1"	0.0713366074686197	"MHYP6SN"	"muhypo23_24SN"	2765	1748	"AngII"	"C57BL/6"	"AngII 28d"	"C57BL/6-AngII 28d"	"HYP"	"Avp+ neuron"	"Avp+ neuron"	"Avp+ neurons"
"Ep300(+),"	"muhypo23_24SN_GGGTAGATCGTAGGGA-1"	0.0704770036886553	"MHYP6SN"	"muhypo23_24SN"	2735	1665	"AngII"	"C57BL/6"	"AngII 28d"	"C57BL/6-AngII 28d"	"HYP"	"Avp+ neuron"	"Avp+ neuron"	"Avp+ neurons"
"Ep300(+),"	"muhypo23_24SN_CATCCGTGTCGTATGT-1"	0.0687850169150922	"MHYP6SN"	"muhypo23_24SN"	2472	1520	"AngII"	"C57BL/6"	"AngII 28d"	"C57BL/6-AngII 28d"	"HYP"	"Avp+ neuron"	"Avp+ neuron"	"Avp+ neurons"
"Ep300(+),"	"muhypo23_24SN_TCGTCCACAACATACC-1"	0.0613933795227098	"MHYP6SN"	"muhypo23_24SN"	2481	1503	"AngII"	"C57BL/6"	"AngII 28d"	"C57BL/6-AngII 28d"	"HYP"	"Avp+ neuron"	"Avp+ neuron"	"Avp+ neurons"
"Ep300(+),"	"muhypo23_24SN_TTTGGTTTCCTCACGT-1"	0.0724144550971639	"MHYP6SN"	"muhypo23_24SN"	2439	1503	"AngII"	"C57BL/6"	"AngII 28d"	"C57BL/6-AngII 28d"	"HYP"	"Avp+ neuron"	"Avp+ neuron"	"Avp+ neurons"
"Ep300(+),"	"muhypo23_24SN_GCATCGGGTGGGATTG-1"	0.0768519208324021	"MHYP6SN"	"muhypo23_24SN"	2369	1474	"AngII"	"C57BL/6"	"AngII 28d"	"C57BL/6-AngII 28d"	"HYP"	"Avp+ neuron"	"Avp+ neuron"	"Avp+ neurons"
"Ep300(+),"	"muhypo23_24SN_AAGAACACACCTGCGA-1"	0.06838195825382	"MHYP6SN"	"muhypo23_24SN"	2351	1541	"AngII"	"C57BL/6"	"AngII 28d"	"C57BL/6-AngII 28d"	"HYP"	"Avp+ neuron"	"Avp+ neuron"	"Avp+ neurons"
"Ep300(+),"	"muhypo23_24SN_AGATGCTAGTGAGGCT-1"	0.0680347738382455	"MHYP6SN"	"muhypo23_24SN"	2324	1462	"AngII"	"C57BL/6"	"AngII 28d"	"C57BL/6-AngII 28d"	"HYP"	"Avp+ neuron"	"Avp+ neuron"	"Avp+ neurons"
"Ep300(+),"	"muhypo23_24SN_ATATCCTTCCGATCTC-1"	0.0695897015646699	"MHYP6SN"	"muhypo23_24SN"	2284	1428	"AngII"	"C57BL/6"	"AngII 28d"	"C57BL/6-AngII 28d"	"HYP"	"Avp+ neuron"	"Avp+ neuron"	"Avp+ neurons"
"Ep300(+),"	"muhypo23_24SN_CCGATGGTCGCTGTTC-1"	0.067533338299933	"MHYP6SN"	"muhypo23_24SN"	2347	1521	"AngII"	"C57BL/6"	"AngII 28d"	"C57BL/6-AngII 28d"	"HYP"	"Avp+ neuron"	"Avp+ neuron"	"Avp+ neurons"
"Ep300(+),"	"muhypo23_24SN_AGAGAATAGAGTTGAT-1"	0.069003260763672	"MHYP6SN"	"muhypo23_24SN"	2311	1609	"AngII"	"C57BL/6"	"AngII 28d"	"C57BL/6-AngII 28d"	"HYP"	"Avp+ neuron"	"Avp+ neuron"	"Avp+ neurons"
"Ep300(+),"	"muhypo23_24SN_GTCCACTTCTGGTCAA-1"	0.0650915860071787	"MHYP6SN"	"muhypo23_24SN"	2254	1390	"AngII"	"C57BL/6"	"AngII 28d"	"C57BL/6-AngII 28d"	"HYP"	"Avp+ neuron"	"Avp+ neuron"	"Avp+ neurons"
"Ep300(+),"	"muhypo23_24SN_GTAGAGGAGGCACCAA-1"	0.0736704317312229	"MHYP6SN"	"muhypo23_24SN"	2224	1443	"AngII"	"C57BL/6"	"AngII 28d"	"C57BL/6-AngII 28d"	"HYP"	"Avp+ neuron"	"Avp+ neuron"	"Avp+ neurons"
"Ep300(+),"	"muhypo23_24SN_AAGTCGTGTCATCCGG-1"	0.0679449929990048	"MHYP6SN"	"muhypo23_24SN"	2193	1414	"AngII"	"C57BL/6"	"AngII 28d"	"C57BL/6-AngII 28d"	"HYP"	"Avp+ neuron"	"Avp+ neuron"	"Avp+ neurons"
"Ep300(+),"	"muhypo23_24SN_TCGTAGAAGAGAACCC-1"	0.0714063308863279	"MHYP6SN"	"muhypo23_24SN"	2141	1333	"AngII"	"C57BL/6"	"AngII 28d"	"C57BL/6-AngII 28d"	"HYP"	"Avp+ neuron"	"Avp+ neuron"	"Avp+ neurons"
"Ep300(+),"	"muhypo23_24SN_CACTGTCGTACTAAGA-1"	0.0699392737685221	"MHYP6SN"	"muhypo23_24SN"	2060	1418	"AngII"	"C57BL/6"	"AngII 28d"	"C57BL/6-AngII 28d"	"HYP"	"Avp+ neuron"	"Avp+ neuron"	"Avp+ neurons"
"Ep300(+),"	"muhypo23_24SN_GTGGCGTCATATGGCT-1"	0.0694722223814081	"MHYP6SN"	"muhypo23_24SN"	1853	1244	"AngII"	"C57BL/6"	"AngII 28d"	"C57BL/6-AngII 28d"	"HYP"	"Avp+ neuron"	"Avp+ neuron"	"Avp+ neurons"
"Ep300(+),"	"muhypo23_24SN_AGGTAGGAGCTAATGA-1"	0.0706699369814918	"MHYP6SN"	"muhypo23_24SN"	1806	1263	"AngII"	"C57BL/6"	"AngII 28d"	"C57BL/6-AngII 28d"	"HYP"	"Avp+ neuron"	"Avp+ neuron"	"Avp+ neurons"
"Ep300(+),"	"muhypo23_24SN_CAGGCCACATGTGTCA-1"	0.06923774157254	"MHYP6SN"	"muhypo23_24SN"	1740	1206	"AngII"	"C57BL/6"	"AngII 28d"	"C57BL/6-AngII 28d"	"HYP"	"Avp+ neuron"	"Avp+ neuron"	"Avp+ neurons"
"Ep300(+),"	"muhypo23_24SN_AATGGAAAGATTAGTG-1"	0.0691350666765999	"MHYP6SN"	"muhypo23_24SN"	1615	1183	"AngII"	"C57BL/6"	"AngII 28d"	"C57BL/6-AngII 28d"	"HYP"	"Avp+ neuron"	"Avp+ neuron"	"Avp+ neurons"
"Ep300(+),"	"muhypo23_24SN_TCGCAGGAGACAGTCG-1"	0.0719942043602924	"MHYP6SN"	"muhypo23_24SN"	1396	1039	"AngII"	"C57BL/6"	"AngII 28d"	"C57BL/6-AngII 28d"	"HYP"	"Avp+ neuron"	"Avp+ neuron"	"Avp+ neurons"
"Ep300(+),"	"muhypo23_24SN_CGTGATATCCTAAACG-1"	0.0674359165382037	"MHYP6SN"	"muhypo23_24SN"	1303	910	"AngII"	"C57BL/6"	"AngII 28d"	"C57BL/6-AngII 28d"	"HYP"	"Avp+ neuron"	"Avp+ neuron"	"Avp+ neurons"
"Ep300(+),"	"muhypo23_24SN_CGTGCTTTCTGCGATA-1"	0.0627262429393101	"MHYP6SN"	"muhypo23_24SN"	1251	892	"AngII"	"C57BL/6"	"AngII 28d"	"C57BL/6-AngII 28d"	"HYP"	"Avp+ neuron"	"Avp+ neuron"	"Avp+ neurons"
"Ep300(+),"	"muhypo5_7SN_CCCGAAGAGGCCCAAA-1"	0.0687487225332714	"MHYP2SN"	"muhypo5_7SN"	4201	2273	"AngII"	"C57BL/6"	"Saline 3d"	"C57BL/6-Saline 3d"	"HYP"	"Avp+ neuron"	"Avp+ neuron"	"Avp+ neurons"
"Ep300(+),"	"muhypo5_7SN_CCTCAACAGTACGAGC-1"	0.072709585728285	"MHYP2SN"	"muhypo5_7SN"	4144	2031	"AngII"	"C57BL/6"	"Saline 3d"	"C57BL/6-Saline 3d"	"HYP"	"Avp+ neuron"	"Avp+ neuron"	"Avp+ neurons"
"Ep300(+),"	"muhypo5_7SN_GTGCTTCCAAATTGCC-1"	0.0726422500988544	"MHYP2SN"	"muhypo5_7SN"	4021	2085	"AngII"	"C57BL/6"	"Saline 3d"	"C57BL/6-Saline 3d"	"HYP"	"Avp+ neuron"	"Avp+ neuron"	"Avp+ neurons"
"Ep300(+),"	"muhypo5_7SN_CATTCTAGTATGGTAA-1"	0.075902536213197	"MHYP2SN"	"muhypo5_7SN"	2984	1629	"AngII"	"C57BL/6"	"Saline 3d"	"C57BL/6-Saline 3d"	"HYP"	"Avp+ neuron"	"Avp+ neuron"	"Avp+ neurons"
"Ep300(+),"	"muhypo5_7SN_GGTCTGGGTACGATGG-1"	0.0737129343625656	"MHYP2SN"	"muhypo5_7SN"	2811	1598	"AngII"	"C57BL/6"	"Saline 3d"	"C57BL/6-Saline 3d"	"HYP"	"Avp+ neuron"	"Avp+ neuron"	"Avp+ neurons"
"Ep300(+),"	"muhypo5_7SN_CAACCAATCATGCCAA-1"	0.0811031390819814	"MHYP2SN"	"muhypo5_7SN"	2488	1536	"AngII"	"C57BL/6"	"Saline 3d"	"C57BL/6-Saline 3d"	"HYP"	"Avp+ neuron"	"Avp+ neuron"	"Avp+ neurons"
"Ep300(+),"	"muhypo5_7SN_TGCGACGCACACCTGG-1"	0.0680214022238905	"MHYP2SN"	"muhypo5_7SN"	2610	1545	"AngII"	"C57BL/6"	"Saline 3d"	"C57BL/6-Saline 3d"	"HYP"	"Avp+ neuron"	"Avp+ neuron"	"Avp+ neurons"
"Ep300(+),"	"muhypo5_7SN_CCTCCTCTCAAGTCGT-1"	0.0777664437427531	"MHYP2SN"	"muhypo5_7SN"	2697	1528	"AngII"	"C57BL/6"	"Saline 3d"	"C57BL/6-Saline 3d"	"HYP"	"Avp+ neuron"	"Avp+ neuron"	"Avp+ neurons"
"Ep300(+),"	"muhypo5_7SN_CACTGAACAATTGCTG-1"	0.0686369740418761	"MHYP2SN"	"muhypo5_7SN"	2542	1592	"AngII"	"C57BL/6"	"Saline 3d"	"C57BL/6-Saline 3d"	"HYP"	"Avp+ neuron"	"Avp+ neuron"	"Avp+ neurons"
"Ep300(+),"	"muhypo5_7SN_CGTTAGACAGGAAGTC-1"	0.0752425515332466	"MHYP2SN"	"muhypo5_7SN"	2595	1637	"AngII"	"C57BL/6"	"Saline 3d"	"C57BL/6-Saline 3d"	"HYP"	"Avp+ neuron"	"Avp+ neuron"	"Avp+ neurons"
"Ep300(+),"	"muhypo5_7SN_CCCTCTCTCATCGCTC-1"	0.065823681893115	"MHYP2SN"	"muhypo5_7SN"	2306	1503	"AngII"	"C57BL/6"	"Saline 3d"	"C57BL/6-Saline 3d"	"HYP"	"Avp+ neuron"	"Avp+ neuron"	"Avp+ neurons"
"Ep300(+),"	"muhypo5_7SN_ACACGCGGTAACACCT-1"	0.0741771204037463	"MHYP2SN"	"muhypo5_7SN"	2350	1429	"AngII"	"C57BL/6"	"Saline 3d"	"C57BL/6-Saline 3d"	"HYP"	"Avp+ neuron"	"Avp+ neuron"	"Avp+ neurons"
"Ep300(+),"	"muhypo5_7SN_CACCGTTAGTCACTCA-1"	0.0724655537663062	"MHYP2SN"	"muhypo5_7SN"	2372	1482	"AngII"	"C57BL/6"	"Saline 3d"	"C57BL/6-Saline 3d"	"HYP"	"Avp+ neuron"	"Avp+ neuron"	"Avp+ neurons"
"Ep300(+),"	"muhypo5_7SN_ATACCGATCATGCGGC-1"	0.07041874165468	"MHYP2SN"	"muhypo5_7SN"	2346	1441	"AngII"	"C57BL/6"	"Saline 3d"	"C57BL/6-Saline 3d"	"HYP"	"Avp+ neuron"	"Avp+ neuron"	"Avp+ neurons"
"Ep300(+),"	"muhypo5_7SN_ATCAGGTTCAGCTCTC-1"	0.0782898469332202	"MHYP2SN"	"muhypo5_7SN"	2304	1367	"AngII"	"C57BL/6"	"Saline 3d"	"C57BL/6-Saline 3d"	"HYP"	"Avp+ neuron"	"Avp+ neuron"	"Avp+ neurons"
"Ep300(+),"	"muhypo5_7SN_CCACTTGCAAGGATGC-1"	0.06465605342533	"MHYP2SN"	"muhypo5_7SN"	2261	1447	"AngII"	"C57BL/6"	"Saline 3d"	"C57BL/6-Saline 3d"	"HYP"	"Avp+ neuron"	"Avp+ neuron"	"Avp+ neurons"
"Ep300(+),"	"muhypo5_7SN_CCCGAAGGTATCCCTC-1"	0.0774483903441663	"MHYP2SN"	"muhypo5_7SN"	2055	1266	"AngII"	"C57BL/6"	"Saline 3d"	"C57BL/6-Saline 3d"	"HYP"	"Avp+ neuron"	"Avp+ neuron"	"Avp+ neurons"
"Ep300(+),"	"muhypo5_7SN_CTGCAGGGTCGAGCAA-1"	0.0709956313025672	"MHYP2SN"	"muhypo5_7SN"	2202	1362	"AngII"	"C57BL/6"	"Saline 3d"	"C57BL/6-Saline 3d"	"HYP"	"Avp+ neuron"	"Avp+ neuron"	"Avp+ neurons"
"Ep300(+),"	"muhypo5_7SN_GCATCTCTCTTCGCTG-1"	0.0626326416388251	"MHYP2SN"	"muhypo5_7SN"	1882	1199	"AngII"	"C57BL/6"	"Saline 3d"	"C57BL/6-Saline 3d"	"HYP"	"Avp+ neuron"	"Avp+ neuron"	"Avp+ neurons"
"Ep300(+),"	"muhypo5_7SN_ATCGTAGCACCGTGAC-1"	0.0674082181941826	"MHYP2SN"	"muhypo5_7SN"	1718	1248	"AngII"	"C57BL/6"	"Saline 3d"	"C57BL/6-Saline 3d"	"HYP"	"Avp+ neuron"	"Avp+ neuron"	"Avp+ neurons"
"Ep300(+),"	"muhypo5_7SN_GGTGTCGCACCAGCGT-1"	0.0656990393450201	"MHYP2SN"	"muhypo5_7SN"	1737	1256	"AngII"	"C57BL/6"	"Saline 3d"	"C57BL/6-Saline 3d"	"HYP"	"Avp+ neuron"	"Avp+ neuron"	"Avp+ neurons"
"Ep300(+),"	"muhypo5_7SN_AAACCCAGTTGGACTT-1"	0.0779694057463558	"MHYP2SN"	"muhypo5_7SN"	1819	1185	"AngII"	"C57BL/6"	"Saline 3d"	"C57BL/6-Saline 3d"	"HYP"	"Avp+ neuron"	"Avp+ neuron"	"Avp+ neurons"
"Ep300(+),"	"muhypo5_7SN_TGCACGGGTTAGGCCC-1"	0.0655858581806582	"MHYP2SN"	"muhypo5_7SN"	1554	1055	"AngII"	"C57BL/6"	"Saline 3d"	"C57BL/6-Saline 3d"	"HYP"	"Avp+ neuron"	"Avp+ neuron"	"Avp+ neurons"
"Ep300(+),"	"muhypo5_7SN_GCTGAATGTTCCACGG-1"	0.0657596891672732	"MHYP2SN"	"muhypo5_7SN"	1765	1176	"AngII"	"C57BL/6"	"Saline 3d"	"C57BL/6-Saline 3d"	"HYP"	"Avp+ neuron"	"Avp+ neuron"	"Avp+ neurons"
"Ep300(+),"	"muhypo5_7SN_CTCGAGGCAAGCACCC-1"	0.0672635182245552	"MHYP2SN"	"muhypo5_7SN"	1535	1066	"AngII"	"C57BL/6"	"Saline 3d"	"C57BL/6-Saline 3d"	"HYP"	"Avp+ neuron"	"Avp+ neuron"	"Avp+ neurons"
"Ep300(+),"	"muhypo5_7SN_TCATCATCATCCCACT-1"	0.0677105121901367	"MHYP2SN"	"muhypo5_7SN"	1587	1023	"AngII"	"C57BL/6"	"Saline 3d"	"C57BL/6-Saline 3d"	"HYP"	"Avp+ neuron"	"Avp+ neuron"	"Avp+ neurons"
"Ep300(+),"	"muhypo5_7SN_AACCAACTCACAACCA-1"	0.0657315132655966	"MHYP2SN"	"muhypo5_7SN"	1728	1214	"AngII"	"C57BL/6"	"Saline 3d"	"C57BL/6-Saline 3d"	"HYP"	"Avp+ neuron"	"Avp+ neuron"	"Avp+ neurons"
"Ep300(+),"	"muhypo5_7SN_GATGGAGAGAAGTGTT-1"	0.033393696620993	"MHYP2SN"	"muhypo5_7SN"	566	307	"AngII"	"C57BL/6"	"Saline 3d"	"C57BL/6-Saline 3d"	"HYP"	"Avp+ neuron"	"Avp+ neuron"	"Avp+ neurons"
"Ep300(+),"	"muhypo5_7SN_CGAGTTAGTTAGCGGA-1"	0.0706035564673723	"MHYP2SN"	"muhypo5_7SN"	1734	1173	"AngII"	"C57BL/6"	"Saline 3d"	"C57BL/6-Saline 3d"	"HYP"	"Avp+ neuron"	"Avp+ neuron"	"Avp+ neurons"
"Ep300(+),"	"muhypo5_7SN_TGGATGTAGGACACTG-1"	0.0492853827242563	"MHYP2SN"	"muhypo5_7SN"	860	566	"AngII"	"C57BL/6"	"Saline 3d"	"C57BL/6-Saline 3d"	"HYP"	"Avp+ neuron"	"Avp+ neuron"	"Avp+ neurons"
"Ep300(+),"	"muhypo5_7SN_GAATCACGTACCGTCG-1"	0.0760004355325818	"MHYP2SN"	"muhypo5_7SN"	1541	1099	"AngII"	"C57BL/6"	"Saline 3d"	"C57BL/6-Saline 3d"	"HYP"	"Avp+ neuron"	"Avp+ neuron"	"Avp+ neurons"
"Ep300(+),"	"muhypo5_7SN_TCGTCCAAGACTTCAC-1"	0.0692004920754083	"MHYP2SN"	"muhypo5_7SN"	1665	1123	"AngII"	"C57BL/6"	"Saline 3d"	"C57BL/6-Saline 3d"	"HYP"	"Avp+ neuron"	"Avp+ neuron"	"Avp+ neurons"
"Ep300(+),"	"muhypo5_7SN_TGAGGGACACGACAGA-1"	0.0689999178600832	"MHYP2SN"	"muhypo5_7SN"	1510	1089	"AngII"	"C57BL/6"	"Saline 3d"	"C57BL/6-Saline 3d"	"HYP"	"Avp+ neuron"	"Avp+ neuron"	"Avp+ neurons"
"Ep300(+),"	"muhypo5_7SN_AGACAAATCTTTACAC-1"	0.0682138579590714	"MHYP2SN"	"muhypo5_7SN"	1602	1064	"AngII"	"C57BL/6"	"Saline 3d"	"C57BL/6-Saline 3d"	"HYP"	"Avp+ neuron"	"Avp+ neuron"	"Avp+ neurons"
"Ep300(+),"	"muhypo5_7SN_TCATGGACACTATCCC-1"	0.0581182891210456	"MHYP2SN"	"muhypo5_7SN"	1568	1137	"AngII"	"C57BL/6"	"Saline 3d"	"C57BL/6-Saline 3d"	"HYP"	"Avp+ neuron"	"Avp+ neuron"	"Avp+ neurons"
"Ep300(+),"	"muhypo5_7SN_GGAATCTCATCCTTCG-1"	0.0671880641149806	"MHYP2SN"	"muhypo5_7SN"	1582	1044	"AngII"	"C57BL/6"	"Saline 3d"	"C57BL/6-Saline 3d"	"HYP"	"Avp+ neuron"	"Avp+ neuron"	"Avp+ neurons"
"Ep300(+),"	"muhypo5_7SN_TCAAGCAAGTTAGAAC-1"	0.0656211974471678	"MHYP2SN"	"muhypo5_7SN"	1606	1140	"AngII"	"C57BL/6"	"Saline 3d"	"C57BL/6-Saline 3d"	"HYP"	"Avp+ neuron"	"Avp+ neuron"	"Avp+ neurons"
"Ep300(+),"	"muhypo5_7SN_AACCATGAGCCATATC-1"	0.0707100518245568	"MHYP2SN"	"muhypo5_7SN"	1384	991	"AngII"	"C57BL/6"	"Saline 3d"	"C57BL/6-Saline 3d"	"HYP"	"Avp+ neuron"	"Avp+ neuron"	"Avp+ neurons"
"Ep300(+),"	"muhypo5_7SN_CATCCACCAATCTCGA-1"	0.0713857959071399	"MHYP2SN"	"muhypo5_7SN"	1434	991	"AngII"	"C57BL/6"	"Saline 3d"	"C57BL/6-Saline 3d"	"HYP"	"Avp+ neuron"	"Avp+ neuron"	"Avp+ neurons"
"Ep300(+),"	"muhypo5_7SN_ATAGGCTAGAAATGGG-1"	0.0746475146944491	"MHYP2SN"	"muhypo5_7SN"	1482	1066	"AngII"	"C57BL/6"	"Saline 3d"	"C57BL/6-Saline 3d"	"HYP"	"Avp+ neuron"	"Avp+ neuron"	"Avp+ neurons"
"Ep300(+),"	"muhypo5_7SN_GCCGTGACATTGAGGG-1"	0.0680849173920767	"MHYP2SN"	"muhypo5_7SN"	1450	1052	"AngII"	"C57BL/6"	"Saline 3d"	"C57BL/6-Saline 3d"	"HYP"	"Avp+ neuron"	"Avp+ neuron"	"Avp+ neurons"
"Ep300(+),"	"muhypo5_7SN_TGGGCGTCATTGACAC-1"	0.0699426166721108	"MHYP2SN"	"muhypo5_7SN"	1317	933	"AngII"	"C57BL/6"	"Saline 3d"	"C57BL/6-Saline 3d"	"HYP"	"Avp+ neuron"	"Avp+ neuron"	"Avp+ neurons"
"Ep300(+),"	"muhypo5_7SN_TCAGCAATCTGGCTGG-1"	0.0659406835187212	"MHYP2SN"	"muhypo5_7SN"	1358	996	"AngII"	"C57BL/6"	"Saline 3d"	"C57BL/6-Saline 3d"	"HYP"	"Avp+ neuron"	"Avp+ neuron"	"Avp+ neurons"
"Ep300(+),"	"muhypo5_7SN_TCATTGTGTCTTTCAT-1"	0.0630347451847862	"MHYP2SN"	"muhypo5_7SN"	1267	894	"AngII"	"C57BL/6"	"Saline 3d"	"C57BL/6-Saline 3d"	"HYP"	"Avp+ neuron"	"Avp+ neuron"	"Avp+ neurons"
"Ep300(+),"	"muhypo5_7SN_GCAGCTGAGGTCTGGA-1"	0.0629015065988917	"MHYP2SN"	"muhypo5_7SN"	1286	950	"AngII"	"C57BL/6"	"Saline 3d"	"C57BL/6-Saline 3d"	"HYP"	"Avp+ neuron"	"Avp+ neuron"	"Avp+ neurons"
"Ep300(+),"	"muhypo5_7SN_CGAGAAGTCTGTAAGC-1"	0.0723036617210796	"MHYP2SN"	"muhypo5_7SN"	1295	944	"AngII"	"C57BL/6"	"Saline 3d"	"C57BL/6-Saline 3d"	"HYP"	"Avp+ neuron"	"Avp+ neuron"	"Avp+ neurons"
"Ep300(+),"	"muhypo5_7SN_TGTTCATCATCGAGCC-1"	0.0658657069668021	"MHYP2SN"	"muhypo5_7SN"	1372	952	"AngII"	"C57BL/6"	"Saline 3d"	"C57BL/6-Saline 3d"	"HYP"	"Avp+ neuron"	"Avp+ neuron"	"Avp+ neurons"
"Ep300(+),"	"muhypo5_7SN_ATCGTAGAGTAGACAT-1"	0.0631823105003467	"MHYP2SN"	"muhypo5_7SN"	1334	1003	"AngII"	"C57BL/6"	"Saline 3d"	"C57BL/6-Saline 3d"	"HYP"	"Avp+ neuron"	"Avp+ neuron"	"Avp+ neurons"
"Ep300(+),"	"muhypo5_7SN_TTAGTCTAGAATCCCT-1"	0.0442982481274964	"MHYP2SN"	"muhypo5_7SN"	627	351	"AngII"	"C57BL/6"	"Saline 3d"	"C57BL/6-Saline 3d"	"HYP"	"Avp+ neuron"	"Avp+ neuron"	"Avp+ neurons"
"Ep300(+),"	"muhypo5_7SN_GATAGAAGTTCGGTAT-1"	0.0639889053805466	"MHYP2SN"	"muhypo5_7SN"	1266	952	"AngII"	"C57BL/6"	"Saline 3d"	"C57BL/6-Saline 3d"	"HYP"	"Avp+ neuron"	"Avp+ neuron"	"Avp+ neurons"
"Ep300(+),"	"muhypo5_7SN_TTGCGTCAGGAGAGGC-1"	0.0603203074707209	"MHYP2SN"	"muhypo5_7SN"	1251	967	"AngII"	"C57BL/6"	"Saline 3d"	"C57BL/6-Saline 3d"	"HYP"	"Avp+ neuron"	"Avp+ neuron"	"Avp+ neurons"
"Ep300(+),"	"muhypo5_7SN_ACATCGATCTCTGAGA-1"	0.0611727478858523	"MHYP2SN"	"muhypo5_7SN"	1232	850	"AngII"	"C57BL/6"	"Saline 3d"	"C57BL/6-Saline 3d"	"HYP"	"Avp+ neuron"	"Avp+ neuron"	"Avp+ neurons"
"Ep300(+),"	"muhypo5_7SN_CGCGTGAAGTGGAAAG-1"	0.0705104327245428	"MHYP2SN"	"muhypo5_7SN"	1250	936	"AngII"	"C57BL/6"	"Saline 3d"	"C57BL/6-Saline 3d"	"HYP"	"Avp+ neuron"	"Avp+ neuron"	"Avp+ neurons"
"Ep300(+),"	"muhypo5_7SN_AGGGTTTTCTGCTTAT-1"	0.058283524069861	"MHYP2SN"	"muhypo5_7SN"	1222	906	"AngII"	"C57BL/6"	"Saline 3d"	"C57BL/6-Saline 3d"	"HYP"	"Avp+ neuron"	"Avp+ neuron"	"Avp+ neurons"
"Ep300(+),"	"muhypo5_7SN_TTCTTCCAGTTGTCGT-1"	0.0752716825502343	"MHYP2SN"	"muhypo5_7SN"	1182	862	"AngII"	"C57BL/6"	"Saline 3d"	"C57BL/6-Saline 3d"	"HYP"	"Avp+ neuron"	"Avp+ neuron"	"Avp+ neurons"
"Ep300(+),"	"muhypo5_7SN_TTGTGTTAGGAGAGTA-1"	0.0581307056200895	"MHYP2SN"	"muhypo5_7SN"	1223	922	"AngII"	"C57BL/6"	"Saline 3d"	"C57BL/6-Saline 3d"	"HYP"	"Avp+ neuron"	"Avp+ neuron"	"Avp+ neurons"
"Ep300(+),"	"muhypo5_7SN_TTAGGCAGTAGCCCTG-1"	0.0677692517817676	"MHYP2SN"	"muhypo5_7SN"	1193	878	"AngII"	"C57BL/6"	"Saline 3d"	"C57BL/6-Saline 3d"	"HYP"	"Avp+ neuron"	"Avp+ neuron"	"Avp+ neurons"
"Ep300(+),"	"muhypo5_7SN_AGGTCTATCCGCTAGG-1"	0.0699411839991442	"MHYP2SN"	"muhypo5_7SN"	1179	858	"AngII"	"C57BL/6"	"Saline 3d"	"C57BL/6-Saline 3d"	"HYP"	"Avp+ neuron"	"Avp+ neuron"	"Avp+ neurons"
"Ep300(+),"	"muhypo5_7SN_TACGCTCGTACGTGAG-1"	0.0584134197521667	"MHYP2SN"	"muhypo5_7SN"	1149	904	"AngII"	"C57BL/6"	"Saline 3d"	"C57BL/6-Saline 3d"	"HYP"	"Avp+ neuron"	"Avp+ neuron"	"Avp+ neurons"
"Ep300(+),"	"muhypo5_7SN_AGATCCAAGTGTACCT-1"	0.0710949632949186	"MHYP2SN"	"muhypo5_7SN"	1160	873	"AngII"	"C57BL/6"	"Saline 3d"	"C57BL/6-Saline 3d"	"HYP"	"Avp+ neuron"	"Avp+ neuron"	"Avp+ neurons"
"Ep300(+),"	"muhypo5_7SN_CAATACGAGTTACGAA-1"	0.0624812558620202	"MHYP2SN"	"muhypo5_7SN"	1071	821	"AngII"	"C57BL/6"	"Saline 3d"	"C57BL/6-Saline 3d"	"HYP"	"Avp+ neuron"	"Avp+ neuron"	"Avp+ neurons"
"Ep300(+),"	"muhypo5_7SN_CGGAATTTCCCTCATG-1"	0.0688934225028988	"MHYP2SN"	"muhypo5_7SN"	1076	794	"AngII"	"C57BL/6"	"Saline 3d"	"C57BL/6-Saline 3d"	"HYP"	"Avp+ neuron"	"Avp+ neuron"	"Avp+ neurons"
"Ep300(+),"	"muhypo5_7SN_ACCTACCCAGACCAAG-1"	0.0583885867540788	"MHYP2SN"	"muhypo5_7SN"	1132	882	"AngII"	"C57BL/6"	"Saline 3d"	"C57BL/6-Saline 3d"	"HYP"	"Avp+ neuron"	"Avp+ neuron"	"Avp+ neurons"
"Ep300(+),"	"muhypo5_7SN_ATGAGGGCACCTGCAG-1"	0.0656479406758778	"MHYP2SN"	"muhypo5_7SN"	1111	817	"AngII"	"C57BL/6"	"Saline 3d"	"C57BL/6-Saline 3d"	"HYP"	"Avp+ neuron"	"Avp+ neuron"	"Avp+ neurons"
"Ep300(+),"	"muhypo5_7SN_AGACAAATCAGACATC-1"	0.0706212261006271	"MHYP2SN"	"muhypo5_7SN"	1158	898	"AngII"	"C57BL/6"	"Saline 3d"	"C57BL/6-Saline 3d"	"HYP"	"Avp+ neuron"	"Avp+ neuron"	"Avp+ neurons"
"Ep300(+),"	"muhypo5_7SN_GGCGTCAGTTGCTGAT-1"	0.0566731996553944	"MHYP2SN"	"muhypo5_7SN"	1163	883	"AngII"	"C57BL/6"	"Saline 3d"	"C57BL/6-Saline 3d"	"HYP"	"Avp+ neuron"	"Avp+ neuron"	"Avp+ neurons"
"Ep300(+),"	"muhypo5_7SN_AACGGGATCGGAACTT-1"	0.0638365644884307	"MHYP2SN"	"muhypo5_7SN"	955	734	"AngII"	"C57BL/6"	"Saline 3d"	"C57BL/6-Saline 3d"	"HYP"	"Avp+ neuron"	"Avp+ neuron"	"Avp+ neurons"
"Ep300(+),"	"muhypo5_7SN_CATCCGTAGGCCGCTT-1"	0.0707186478623564	"MHYP2SN"	"muhypo5_7SN"	1092	808	"AngII"	"C57BL/6"	"Saline 3d"	"C57BL/6-Saline 3d"	"HYP"	"Avp+ neuron"	"Avp+ neuron"	"Avp+ neurons"
"Ep300(+),"	"muhypo5_7SN_TCGAACACAAAGCACG-1"	0.0659454590952766	"MHYP2SN"	"muhypo5_7SN"	1101	811	"AngII"	"C57BL/6"	"Saline 3d"	"C57BL/6-Saline 3d"	"HYP"	"Avp+ neuron"	"Avp+ neuron"	"Avp+ neurons"
"Ep300(+),"	"muhypo5_7SN_TCGCTTGTCAAGCCCG-1"	0.0641097274673971	"MHYP2SN"	"muhypo5_7SN"	1069	788	"AngII"	"C57BL/6"	"Saline 3d"	"C57BL/6-Saline 3d"	"HYP"	"Avp+ neuron"	"Avp+ neuron"	"Avp+ neurons"
"Ep300(+),"	"muhypo5_7SN_AAGATAGTCCAGTGCG-1"	0.0636861338269369	"MHYP2SN"	"muhypo5_7SN"	1001	788	"AngII"	"C57BL/6"	"Saline 3d"	"C57BL/6-Saline 3d"	"HYP"	"Avp+ neuron"	"Avp+ neuron"	"Avp+ neurons"
"Ep300(+),"	"muhypo5_7SN_TTGTTCACACATGTTG-1"	0.0650404873380363	"MHYP2SN"	"muhypo5_7SN"	1096	815	"AngII"	"C57BL/6"	"Saline 3d"	"C57BL/6-Saline 3d"	"HYP"	"Avp+ neuron"	"Avp+ neuron"	"Avp+ neurons"
"Ep300(+),"	"muhypo5_7SN_TCTATCATCATCACAG-1"	0.0699536004981881	"MHYP2SN"	"muhypo5_7SN"	1095	813	"AngII"	"C57BL/6"	"Saline 3d"	"C57BL/6-Saline 3d"	"HYP"	"Avp+ neuron"	"Avp+ neuron"	"Avp+ neurons"
"Ep300(+),"	"muhypo5_7SN_GGTGAAGAGCCGATAG-1"	0.0654335172885422	"MHYP2SN"	"muhypo5_7SN"	1080	837	"AngII"	"C57BL/6"	"Saline 3d"	"C57BL/6-Saline 3d"	"HYP"	"Avp+ neuron"	"Avp+ neuron"	"Avp+ neurons"
"Ep300(+),"	"muhypo5_7SN_GTTCTATTCATTCATC-1"	0.0594091274639587	"MHYP2SN"	"muhypo5_7SN"	1050	803	"AngII"	"C57BL/6"	"Saline 3d"	"C57BL/6-Saline 3d"	"HYP"	"Avp+ neuron"	"Avp+ neuron"	"Avp+ neurons"
"Ep300(+),"	"muhypo5_7SN_CCCTGATGTATCCCAA-1"	0.0605132407635574	"MHYP2SN"	"muhypo5_7SN"	1009	752	"AngII"	"C57BL/6"	"Saline 3d"	"C57BL/6-Saline 3d"	"HYP"	"Avp+ neuron"	"Avp+ neuron"	"Avp+ neurons"
"Ep300(+),"	"muhypo5_7SN_CTCAGAATCGCCCAGA-1"	0.0615113362636271	"MHYP2SN"	"muhypo5_7SN"	1011	753	"AngII"	"C57BL/6"	"Saline 3d"	"C57BL/6-Saline 3d"	"HYP"	"Avp+ neuron"	"Avp+ neuron"	"Avp+ neurons"
"Ep300(+),"	"muhypo5_7SN_CACAACAAGTCAAGCG-1"	0.0596617554637371	"MHYP2SN"	"muhypo5_7SN"	968	719	"AngII"	"C57BL/6"	"Saline 3d"	"C57BL/6-Saline 3d"	"HYP"	"Avp+ neuron"	"Avp+ neuron"	"Avp+ neurons"
"Ep300(+),"	"muhypo5_7SN_CTATCCGCAGTCGCAC-1"	0.0649277837313299	"MHYP2SN"	"muhypo5_7SN"	962	743	"AngII"	"C57BL/6"	"Saline 3d"	"C57BL/6-Saline 3d"	"HYP"	"Avp+ neuron"	"Avp+ neuron"	"Avp+ neurons"
"Ep300(+),"	"muhypo5_7SN_GGTAACTGTGACACGA-1"	0.0549200855019226	"MHYP2SN"	"muhypo5_7SN"	926	700	"AngII"	"C57BL/6"	"Saline 3d"	"C57BL/6-Saline 3d"	"HYP"	"Avp+ neuron"	"Avp+ neuron"	"Avp+ neurons"
"Ep300(+),"	"muhypo5_7SN_ACCTGAAAGATAGTGT-1"	0.067299812606376	"MHYP2SN"	"muhypo5_7SN"	1002	755	"AngII"	"C57BL/6"	"Saline 3d"	"C57BL/6-Saline 3d"	"HYP"	"Avp+ neuron"	"Avp+ neuron"	"Avp+ neurons"
"Ep300(+),"	"muhypo5_7SN_TACGTCCGTTCTGACA-1"	0.0641947327300825	"MHYP2SN"	"muhypo5_7SN"	930	714	"AngII"	"C57BL/6"	"Saline 3d"	"C57BL/6-Saline 3d"	"HYP"	"Avp+ neuron"	"Avp+ neuron"	"Avp+ neurons"
"Ep300(+),"	"muhypo5_7SN_CAGTGCGGTGAATTGA-1"	0.0684330569229623	"MHYP2SN"	"muhypo5_7SN"	986	765	"AngII"	"C57BL/6"	"Saline 3d"	"C57BL/6-Saline 3d"	"HYP"	"Avp+ neuron"	"Avp+ neuron"	"Avp+ neurons"
"Ep300(+),"	"muhypo5_7SN_GGGTTTAAGCTTCTAG-1"	0.0753404508526314	"MHYP2SN"	"muhypo5_7SN"	1000	760	"AngII"	"C57BL/6"	"Saline 3d"	"C57BL/6-Saline 3d"	"HYP"	"Avp+ neuron"	"Avp+ neuron"	"Avp+ neurons"
"Ep300(+),"	"muhypo5_7SN_GATGACTGTACTTGTG-1"	0.0559157932137147	"MHYP2SN"	"muhypo5_7SN"	960	732	"AngII"	"C57BL/6"	"Saline 3d"	"C57BL/6-Saline 3d"	"HYP"	"Avp+ neuron"	"Avp+ neuron"	"Avp+ neurons"
"Ep300(+),"	"muhypo5_7SN_CAGAGCCAGGCATCTT-1"	0.0729722424388296	"MHYP2SN"	"muhypo5_7SN"	877	677	"AngII"	"C57BL/6"	"Saline 3d"	"C57BL/6-Saline 3d"	"HYP"	"Avp+ neuron"	"Avp+ neuron"	"Avp+ neurons"
"Ep300(+),"	"muhypo5_7SN_CGGACACGTGTCCGGT-1"	0.0620328292234721	"MHYP2SN"	"muhypo5_7SN"	784	606	"AngII"	"C57BL/6"	"Saline 3d"	"C57BL/6-Saline 3d"	"HYP"	"Avp+ neuron"	"Avp+ neuron"	"Avp+ neurons"
"Ep300(+),"	"muhypo5_7SN_TCGATTTAGGTTCCAT-1"	0.0598441824881518	"MHYP2SN"	"muhypo5_7SN"	895	690	"AngII"	"C57BL/6"	"Saline 3d"	"C57BL/6-Saline 3d"	"HYP"	"Avp+ neuron"	"Avp+ neuron"	"Avp+ neurons"
"Ep300(+),"	"muhypo5_7SN_CTGAGCGGTTGCCAAT-1"	0.0600156256864891	"MHYP2SN"	"muhypo5_7SN"	894	688	"AngII"	"C57BL/6"	"Saline 3d"	"C57BL/6-Saline 3d"	"HYP"	"Avp+ neuron"	"Avp+ neuron"	"Avp+ neurons"
"Ep300(+),"	"muhypo5_7SN_AGCGATTCACCTAAAC-1"	0.0652816539540819	"MHYP2SN"	"muhypo5_7SN"	856	698	"AngII"	"C57BL/6"	"Saline 3d"	"C57BL/6-Saline 3d"	"HYP"	"Avp+ neuron"	"Avp+ neuron"	"Avp+ neurons"
"Ep300(+),"	"muhypo5_7SN_GTAATGCTCCAAGAGG-1"	0.062424904058667	"MHYP2SN"	"muhypo5_7SN"	945	761	"AngII"	"C57BL/6"	"Saline 3d"	"C57BL/6-Saline 3d"	"HYP"	"Avp+ neuron"	"Avp+ neuron"	"Avp+ neurons"
"Ep300(+),"	"muhypo5_7SN_CTATCTATCGACGATT-1"	0.0532381274391257	"MHYP2SN"	"muhypo5_7SN"	826	631	"AngII"	"C57BL/6"	"Saline 3d"	"C57BL/6-Saline 3d"	"HYP"	"Avp+ neuron"	"Avp+ neuron"	"Avp+ neurons"
"Ep300(+),"	"muhypo5_7SN_TTCCTCTTCAAGTCTG-1"	0.0648380028920892	"MHYP2SN"	"muhypo5_7SN"	900	686	"AngII"	"C57BL/6"	"Saline 3d"	"C57BL/6-Saline 3d"	"HYP"	"Avp+ neuron"	"Avp+ neuron"	"Avp+ neurons"
"Ep300(+),"	"muhypo5_7SN_TCTAACTTCTCAGTCC-1"	0.0618661616016902	"MHYP2SN"	"muhypo5_7SN"	863	649	"AngII"	"C57BL/6"	"Saline 3d"	"C57BL/6-Saline 3d"	"HYP"	"Avp+ neuron"	"Avp+ neuron"	"Avp+ neurons"
"Ep300(+),"	"muhypo5_7SN_CTGTGGGTCCGGTAGC-1"	0.0634153586362482	"MHYP2SN"	"muhypo5_7SN"	912	725	"AngII"	"C57BL/6"	"Saline 3d"	"C57BL/6-Saline 3d"	"HYP"	"Avp+ neuron"	"Avp+ neuron"	"Avp+ neurons"
"Ep300(+),"	"muhypo5_7SN_CAAGGGAGTACATACC-1"	0.0659411610763768	"MHYP2SN"	"muhypo5_7SN"	887	694	"AngII"	"C57BL/6"	"Saline 3d"	"C57BL/6-Saline 3d"	"HYP"	"Avp+ neuron"	"Avp+ neuron"	"Avp+ neurons"
"Ep300(+),"	"muhypo5_7SN_CACCAAAAGTGATTCC-1"	0.0632023679218792	"MHYP2SN"	"muhypo5_7SN"	903	691	"AngII"	"C57BL/6"	"Saline 3d"	"C57BL/6-Saline 3d"	"HYP"	"Avp+ neuron"	"Avp+ neuron"	"Avp+ neurons"
"Ep300(+),"	"muhypo5_7SN_GAACTGTTCTCTCGAC-1"	0.0501808033283858	"MHYP2SN"	"muhypo5_7SN"	670	464	"AngII"	"C57BL/6"	"Saline 3d"	"C57BL/6-Saline 3d"	"HYP"	"Avp+ neuron"	"Avp+ neuron"	"Avp+ neurons"
"Ep300(+),"	"muhypo5_7SN_TCTTCCTCATCCGGCA-1"	0.0415360546478776	"MHYP2SN"	"muhypo5_7SN"	475	306	"AngII"	"C57BL/6"	"Saline 3d"	"C57BL/6-Saline 3d"	"HYP"	"Avp+ neuron"	"Avp+ neuron"	"Avp+ neurons"
"Ep300(+),"	"muhypo5_7SN_TTGGGCGAGTGAGTGC-1"	0.0524969579577342	"MHYP2SN"	"muhypo5_7SN"	887	710	"AngII"	"C57BL/6"	"Saline 3d"	"C57BL/6-Saline 3d"	"HYP"	"Avp+ neuron"	"Avp+ neuron"	"Avp+ neurons"
"Ep300(+),"	"muhypo5_7SN_GCCATGGGTTGGGCCT-1"	0.0614368372693635	"MHYP2SN"	"muhypo5_7SN"	818	661	"AngII"	"C57BL/6"	"Saline 3d"	"C57BL/6-Saline 3d"	"HYP"	"Avp+ neuron"	"Avp+ neuron"	"Avp+ neurons"
"Ep300(+),"	"muhypo5_7SN_TGGTACACATAACGGG-1"	0.0572916368193132	"MHYP2SN"	"muhypo5_7SN"	876	702	"AngII"	"C57BL/6"	"Saline 3d"	"C57BL/6-Saline 3d"	"HYP"	"Avp+ neuron"	"Avp+ neuron"	"Avp+ neurons"
"Ep300(+),"	"muhypo5_7SN_CAGCGTGGTAAGAACT-1"	0.0603145767788545	"MHYP2SN"	"muhypo5_7SN"	897	676	"AngII"	"C57BL/6"	"Saline 3d"	"C57BL/6-Saline 3d"	"HYP"	"Avp+ neuron"	"Avp+ neuron"	"Avp+ neurons"
"Ep300(+),"	"muhypo5_7SN_GGAGGATAGCAGGGAG-1"	0.0537362200738495	"MHYP2SN"	"muhypo5_7SN"	855	678	"AngII"	"C57BL/6"	"Saline 3d"	"C57BL/6-Saline 3d"	"HYP"	"Avp+ neuron"	"Avp+ neuron"	"Avp+ neurons"
"Ep300(+),"	"muhypo5_7SN_TCCTCCCGTCGTGTTA-1"	0.0555179876866534	"MHYP2SN"	"muhypo5_7SN"	881	662	"AngII"	"C57BL/6"	"Saline 3d"	"C57BL/6-Saline 3d"	"HYP"	"Avp+ neuron"	"Avp+ neuron"	"Avp+ neurons"
"Ep300(+),"	"muhypo5_7SN_TGAACGTGTTCGGACC-1"	0.0605495351453781	"MHYP2SN"	"muhypo5_7SN"	895	692	"AngII"	"C57BL/6"	"Saline 3d"	"C57BL/6-Saline 3d"	"HYP"	"Avp+ neuron"	"Avp+ neuron"	"Avp+ neurons"
"Ep300(+),"	"muhypo5_7SN_GGAATCTCAAGGTCGA-1"	0.0547333604586082	"MHYP2SN"	"muhypo5_7SN"	859	708	"AngII"	"C57BL/6"	"Saline 3d"	"C57BL/6-Saline 3d"	"HYP"	"Avp+ neuron"	"Avp+ neuron"	"Avp+ neurons"
"Ep300(+),"	"muhypo5_7SN_TGCTCGTTCTTAAGGC-1"	0.0550203726095852	"MHYP2SN"	"muhypo5_7SN"	665	540	"AngII"	"C57BL/6"	"Saline 3d"	"C57BL/6-Saline 3d"	"HYP"	"Avp+ neuron"	"Avp+ neuron"	"Avp+ neurons"
"Ep300(+),"	"muhypo5_7SN_ATCCGTCAGACGGAAA-1"	0.0552381389005095	"MHYP2SN"	"muhypo5_7SN"	833	679	"AngII"	"C57BL/6"	"Saline 3d"	"C57BL/6-Saline 3d"	"HYP"	"Avp+ neuron"	"Avp+ neuron"	"Avp+ neurons"
"Ep300(+),"	"muhypo5_7SN_GTTGAACCAACCGACC-1"	0.0641369482537627	"MHYP2SN"	"muhypo5_7SN"	803	612	"AngII"	"C57BL/6"	"Saline 3d"	"C57BL/6-Saline 3d"	"HYP"	"Avp+ neuron"	"Avp+ neuron"	"Avp+ neurons"
"Ep300(+),"	"muhypo5_7SN_CACTAAGTCGAGAAGC-1"	0.0612014013451844	"MHYP2SN"	"muhypo5_7SN"	838	661	"AngII"	"C57BL/6"	"Saline 3d"	"C57BL/6-Saline 3d"	"HYP"	"Avp+ neuron"	"Avp+ neuron"	"Avp+ neurons"
"Ep300(+),"	"muhypo5_7SN_GTGAGTTTCAATGCAC-1"	0.0640825066810316	"MHYP2SN"	"muhypo5_7SN"	824	652	"AngII"	"C57BL/6"	"Saline 3d"	"C57BL/6-Saline 3d"	"HYP"	"Avp+ neuron"	"Avp+ neuron"	"Avp+ neurons"
"Ep300(+),"	"muhypo5_7SN_GTCTGTCCAATACGAA-1"	0.0590576450294844	"MHYP2SN"	"muhypo5_7SN"	834	642	"AngII"	"C57BL/6"	"Saline 3d"	"C57BL/6-Saline 3d"	"HYP"	"Avp+ neuron"	"Avp+ neuron"	"Avp+ neurons"
"Ep300(+),"	"muhypo5_7SN_AGTGTTGCATGGAACG-1"	0.0603098012022992	"MHYP2SN"	"muhypo5_7SN"	817	611	"AngII"	"C57BL/6"	"Saline 3d"	"C57BL/6-Saline 3d"	"HYP"	"Avp+ neuron"	"Avp+ neuron"	"Avp+ neurons"
"Ep300(+),"	"muhypo5_7SN_CGCCATTCAGCTGAAG-1"	0.0570967932958546	"MHYP2SN"	"muhypo5_7SN"	768	622	"AngII"	"C57BL/6"	"Saline 3d"	"C57BL/6-Saline 3d"	"HYP"	"Avp+ neuron"	"Avp+ neuron"	"Avp+ neurons"
"Ep300(+),"	"muhypo5_7SN_AGAAGTAGTTATCCAG-1"	0.0580877254310913	"MHYP2SN"	"muhypo5_7SN"	800	670	"AngII"	"C57BL/6"	"Saline 3d"	"C57BL/6-Saline 3d"	"HYP"	"Avp+ neuron"	"Avp+ neuron"	"Avp+ neurons"
"Ep300(+),"	"muhypo5_7SN_CACAGGCGTGAATAAC-1"	0.0561937317692365	"MHYP2SN"	"muhypo5_7SN"	640	504	"AngII"	"C57BL/6"	"Saline 3d"	"C57BL/6-Saline 3d"	"HYP"	"Avp+ neuron"	"Avp+ neuron"	"Avp+ neurons"
"Ep300(+),"	"muhypo5_7SN_AAGTTCGGTCTACGTA-1"	0.0580409247808488	"MHYP2SN"	"muhypo5_7SN"	743	593	"AngII"	"C57BL/6"	"Saline 3d"	"C57BL/6-Saline 3d"	"HYP"	"Avp+ neuron"	"Avp+ neuron"	"Avp+ neurons"
"Ep300(+),"	"muhypo5_7SN_TTCCGGTAGAGCATAT-1"	0.0648341824308449	"MHYP2SN"	"muhypo5_7SN"	721	567	"AngII"	"C57BL/6"	"Saline 3d"	"C57BL/6-Saline 3d"	"HYP"	"Avp+ neuron"	"Avp+ neuron"	"Avp+ neurons"
"Ep300(+),"	"muhypo5_7SN_CCGATCTAGACGGTTG-1"	0.0607673014363024	"MHYP2SN"	"muhypo5_7SN"	705	549	"AngII"	"C57BL/6"	"Saline 3d"	"C57BL/6-Saline 3d"	"HYP"	"Avp+ neuron"	"Avp+ neuron"	"Avp+ neurons"
"Ep300(+),"	"muhypo5_7SN_GGAGGTAAGCTAGAAT-1"	0.0477476470734312	"MHYP2SN"	"muhypo5_7SN"	605	459	"AngII"	"C57BL/6"	"Saline 3d"	"C57BL/6-Saline 3d"	"HYP"	"Avp+ neuron"	"Avp+ neuron"	"Avp+ neurons"
"Ep300(+),"	"muhypo5_7SN_ATCGTCCTCCACTGGG-1"	0.0456674059259174	"MHYP2SN"	"muhypo5_7SN"	448	313	"AngII"	"C57BL/6"	"Saline 3d"	"C57BL/6-Saline 3d"	"HYP"	"Avp+ neuron"	"Avp+ neuron"	"Avp+ neurons"
"Ep300(+),"	"muhypo5_7SN_TGCTGAAAGGTTCACT-1"	0.0633580517175839	"MHYP2SN"	"muhypo5_7SN"	591	465	"AngII"	"C57BL/6"	"Saline 3d"	"C57BL/6-Saline 3d"	"HYP"	"Avp+ neuron"	"Avp+ neuron"	"Avp+ neurons"
"Ep300(+),"	"muhypo5_7SN_TGTCCACGTATTGGCT-1"	0.0617644418210611	"MHYP2SN"	"muhypo5_7SN"	698	583	"AngII"	"C57BL/6"	"Saline 3d"	"C57BL/6-Saline 3d"	"HYP"	"Avp+ neuron"	"Avp+ neuron"	"Avp+ neurons"
"Ep300(+),"	"muhypo5_7SN_ACGGTTAGTTGTTGCA-1"	0.0598819095429391	"MHYP2SN"	"muhypo5_7SN"	683	540	"AngII"	"C57BL/6"	"Saline 3d"	"C57BL/6-Saline 3d"	"HYP"	"Avp+ neuron"	"Avp+ neuron"	"Avp+ neurons"
"Ep300(+),"	"muhypo5_7SN_TCATTTGCATGATCTG-1"	0.0661589273673011	"MHYP2SN"	"muhypo5_7SN"	676	536	"AngII"	"C57BL/6"	"Saline 3d"	"C57BL/6-Saline 3d"	"HYP"	"Avp+ neuron"	"Avp+ neuron"	"Avp+ neurons"
"Ep300(+),"	"muhypo5_7SN_AAGTCGTTCGTGCGAC-1"	0.0568298385664101	"MHYP2SN"	"muhypo5_7SN"	617	502	"AngII"	"C57BL/6"	"Saline 3d"	"C57BL/6-Saline 3d"	"HYP"	"Avp+ neuron"	"Avp+ neuron"	"Avp+ neurons"
"Ep300(+),"	"muhypo5_7SN_GAGTGAGGTTCCCAAA-1"	0.0522448075156114	"MHYP2SN"	"muhypo5_7SN"	700	569	"AngII"	"C57BL/6"	"Saline 3d"	"C57BL/6-Saline 3d"	"HYP"	"Avp+ neuron"	"Avp+ neuron"	"Avp+ neurons"
"Ep300(+),"	"muhypo5_7SN_CATCCCACACATGAAA-1"	0.0560791179319079	"MHYP2SN"	"muhypo5_7SN"	625	509	"AngII"	"C57BL/6"	"Saline 3d"	"C57BL/6-Saline 3d"	"HYP"	"Avp+ neuron"	"Avp+ neuron"	"Avp+ neurons"
"Ep300(+),"	"muhypo5_7SN_AGCCAATTCGGCGATC-1"	0.0565170383020342	"MHYP2SN"	"muhypo5_7SN"	611	501	"AngII"	"C57BL/6"	"Saline 3d"	"C57BL/6-Saline 3d"	"HYP"	"Avp+ neuron"	"Avp+ neuron"	"Avp+ neurons"
"Ep300(+),"	"muhypo5_7SN_CTTCAATCAGTCAGAG-1"	0.0539267655784083	"MHYP2SN"	"muhypo5_7SN"	692	539	"AngII"	"C57BL/6"	"Saline 3d"	"C57BL/6-Saline 3d"	"HYP"	"Avp+ neuron"	"Avp+ neuron"	"Avp+ neurons"
"Ep300(+),"	"muhypo5_7SN_TCTGTCGGTAATGATG-1"	0.0554076718682247	"MHYP2SN"	"muhypo5_7SN"	681	561	"AngII"	"C57BL/6"	"Saline 3d"	"C57BL/6-Saline 3d"	"HYP"	"Avp+ neuron"	"Avp+ neuron"	"Avp+ neurons"
"Ep300(+),"	"muhypo5_7SN_GTAGAGGGTGGGACAT-1"	0.0563188518749869	"MHYP2SN"	"muhypo5_7SN"	643	520	"AngII"	"C57BL/6"	"Saline 3d"	"C57BL/6-Saline 3d"	"HYP"	"Avp+ neuron"	"Avp+ neuron"	"Avp+ neurons"
"Ep300(+),"	"muhypo5_7SN_CTGATCCTCTTGGTGA-1"	0.052354168218729	"MHYP2SN"	"muhypo5_7SN"	614	522	"AngII"	"C57BL/6"	"Saline 3d"	"C57BL/6-Saline 3d"	"HYP"	"Avp+ neuron"	"Avp+ neuron"	"Avp+ neurons"
"Ep300(+),"	"muhypo5_7SN_AGTTCCCCAATTGAAG-1"	0.0659597858249426	"MHYP2SN"	"muhypo5_7SN"	651	537	"AngII"	"C57BL/6"	"Saline 3d"	"C57BL/6-Saline 3d"	"HYP"	"Avp+ neuron"	"Avp+ neuron"	"Avp+ neurons"
"Ep300(+),"	"muhypo5_7SN_GAGCTGCAGTCAGGGT-1"	0.0466612034070873	"MHYP2SN"	"muhypo5_7SN"	571	463	"AngII"	"C57BL/6"	"Saline 3d"	"C57BL/6-Saline 3d"	"HYP"	"Avp+ neuron"	"Avp+ neuron"	"Avp+ neurons"
"Ep300(+),"	"muhypo5_7SN_TTTGATCGTTAGGACG-1"	0.05739574438822	"MHYP2SN"	"muhypo5_7SN"	640	530	"AngII"	"C57BL/6"	"Saline 3d"	"C57BL/6-Saline 3d"	"HYP"	"Avp+ neuron"	"Avp+ neuron"	"Avp+ neurons"
"Ep300(+),"	"muhypo5_7SN_CCTCTAGGTGGCTGAA-1"	0.0542386107274731	"MHYP2SN"	"muhypo5_7SN"	622	480	"AngII"	"C57BL/6"	"Saline 3d"	"C57BL/6-Saline 3d"	"HYP"	"Avp+ neuron"	"Avp+ neuron"	"Avp+ neurons"
"Ep300(+),"	"muhypo5_7SN_CTTGATTAGCGGTAGT-1"	0.0608327268351108	"MHYP2SN"	"muhypo5_7SN"	610	514	"AngII"	"C57BL/6"	"Saline 3d"	"C57BL/6-Saline 3d"	"HYP"	"Avp+ neuron"	"Avp+ neuron"	"Avp+ neurons"
"Ep300(+),"	"muhypo5_7SN_TGTCCCATCGCTTGAA-1"	0.0600934675843415	"MHYP2SN"	"muhypo5_7SN"	583	490	"AngII"	"C57BL/6"	"Saline 3d"	"C57BL/6-Saline 3d"	"HYP"	"Avp+ neuron"	"Avp+ neuron"	"Avp+ neurons"
"Ep300(+),"	"muhypo5_7SN_ATCCTATCATGTTCAG-1"	0.0521736514249365	"MHYP2SN"	"muhypo5_7SN"	606	483	"AngII"	"C57BL/6"	"Saline 3d"	"C57BL/6-Saline 3d"	"HYP"	"Avp+ neuron"	"Avp+ neuron"	"Avp+ neurons"
"Ep300(+),"	"muhypo5_7SN_TGTTTGTTCGCCGATG-1"	0.0461101018725991	"MHYP2SN"	"muhypo5_7SN"	535	444	"AngII"	"C57BL/6"	"Saline 3d"	"C57BL/6-Saline 3d"	"HYP"	"Avp+ neuron"	"Avp+ neuron"	"Avp+ neurons"
"Ep300(+),"	"muhypo5_7SN_TTCCTAACAAGACGGT-1"	0.0556626876562807	"MHYP2SN"	"muhypo5_7SN"	565	494	"AngII"	"C57BL/6"	"Saline 3d"	"C57BL/6-Saline 3d"	"HYP"	"Avp+ neuron"	"Avp+ neuron"	"Avp+ neurons"
"Ep300(+),"	"muhypo5_7SN_AGAGAGCTCAAGTCGT-1"	0.0498054430111347	"MHYP2SN"	"muhypo5_7SN"	580	490	"AngII"	"C57BL/6"	"Saline 3d"	"C57BL/6-Saline 3d"	"HYP"	"Avp+ neuron"	"Avp+ neuron"	"Avp+ neurons"
"Ep300(+),"	"muhypo5_7SN_AAAGGATAGCTGAAAT-1"	0.0472686567449288	"MHYP2SN"	"muhypo5_7SN"	547	448	"AngII"	"C57BL/6"	"Saline 3d"	"C57BL/6-Saline 3d"	"HYP"	"Avp+ neuron"	"Avp+ neuron"	"Avp+ neurons"
"Ep300(+),"	"muhypo5_7SN_CCCGGAAGTGGTGATG-1"	0.053929153366686	"MHYP2SN"	"muhypo5_7SN"	568	471	"AngII"	"C57BL/6"	"Saline 3d"	"C57BL/6-Saline 3d"	"HYP"	"Avp+ neuron"	"Avp+ neuron"	"Avp+ neurons"
"Ep300(+),"	"muhypo5_7SN_TTTGACTAGCCTAGGA-1"	0.0446234648909163	"MHYP2SN"	"muhypo5_7SN"	360	265	"AngII"	"C57BL/6"	"Saline 3d"	"C57BL/6-Saline 3d"	"HYP"	"Avp+ neuron"	"Avp+ neuron"	"Avp+ neurons"
"Ep300(+),"	"muhypo5_7SN_ATCCGTCGTAGAGACC-1"	0.0480069608803871	"MHYP2SN"	"muhypo5_7SN"	565	500	"AngII"	"C57BL/6"	"Saline 3d"	"C57BL/6-Saline 3d"	"HYP"	"Avp+ neuron"	"Avp+ neuron"	"Avp+ neurons"
"Ep300(+),"	"muhypo5_7SN_ACTATGGAGGTCGCCT-1"	0.050276314859493	"MHYP2SN"	"muhypo5_7SN"	554	459	"AngII"	"C57BL/6"	"Saline 3d"	"C57BL/6-Saline 3d"	"HYP"	"Avp+ neuron"	"Avp+ neuron"	"Avp+ neurons"
"Ep300(+),"	"muhypo5_7SN_GTGTAACCAAATACAG-1"	0.0487581590725448	"MHYP2SN"	"muhypo5_7SN"	495	402	"AngII"	"C57BL/6"	"Saline 3d"	"C57BL/6-Saline 3d"	"HYP"	"Avp+ neuron"	"Avp+ neuron"	"Avp+ neurons"
"Ep300(+),"	"muhypo5_7SN_CTGATCCCACTCCCTA-1"	0.0540471101076033	"MHYP2SN"	"muhypo5_7SN"	523	426	"AngII"	"C57BL/6"	"Saline 3d"	"C57BL/6-Saline 3d"	"HYP"	"Avp+ neuron"	"Avp+ neuron"	"Avp+ neurons"
"Ep300(+),"	"muhypo5_7SN_GTGGTTATCACTGAAC-1"	0.0410011900736776	"MHYP2SN"	"muhypo5_7SN"	353	271	"AngII"	"C57BL/6"	"Saline 3d"	"C57BL/6-Saline 3d"	"HYP"	"Avp+ neuron"	"Avp+ neuron"	"Avp+ neurons"
"Ep300(+),"	"muhypo5_7SN_GTTCTATAGGTCACTT-1"	0.0503498587384455	"MHYP2SN"	"muhypo5_7SN"	545	437	"AngII"	"C57BL/6"	"Saline 3d"	"C57BL/6-Saline 3d"	"HYP"	"Avp+ neuron"	"Avp+ neuron"	"Avp+ neurons"
"Ep300(+),"	"muhypo5_7SN_AGTTAGCGTCGAACAG-1"	0.0487376240933568	"MHYP2SN"	"muhypo5_7SN"	483	411	"AngII"	"C57BL/6"	"Saline 3d"	"C57BL/6-Saline 3d"	"HYP"	"Avp+ neuron"	"Avp+ neuron"	"Avp+ neurons"
"Ep300(+),"	"muhypo5_7SN_CTGCAGGTCAAGTCGT-1"	0.0525370728007992	"MHYP2SN"	"muhypo5_7SN"	481	414	"AngII"	"C57BL/6"	"Saline 3d"	"C57BL/6-Saline 3d"	"HYP"	"Avp+ neuron"	"Avp+ neuron"	"Avp+ neurons"
"Ep300(+),"	"muhypo5_7SN_CGTTAGAAGGCTAGCA-1"	0.0465781083750241	"MHYP2SN"	"muhypo5_7SN"	360	290	"AngII"	"C57BL/6"	"Saline 3d"	"C57BL/6-Saline 3d"	"HYP"	"Avp+ neuron"	"Avp+ neuron"	"Avp+ neurons"
"Ep300(+),"	"muhypo5_7SN_TGTCCTGCAAGGTCAG-1"	0.0529024044072841	"MHYP2SN"	"muhypo5_7SN"	508	436	"AngII"	"C57BL/6"	"Saline 3d"	"C57BL/6-Saline 3d"	"HYP"	"Avp+ neuron"	"Avp+ neuron"	"Avp+ neurons"
"Ep300(+),"	"muhypo5_7SN_CTGTAGACACCGAATT-1"	0.0483890070048157	"MHYP2SN"	"muhypo5_7SN"	435	371	"AngII"	"C57BL/6"	"Saline 3d"	"C57BL/6-Saline 3d"	"HYP"	"Avp+ neuron"	"Avp+ neuron"	"Avp+ neurons"
"Ep300(+),"	"muhypo5_7SN_TCTACATCAATCGAAA-1"	0.0457404722472144	"MHYP2SN"	"muhypo5_7SN"	376	311	"AngII"	"C57BL/6"	"Saline 3d"	"C57BL/6-Saline 3d"	"HYP"	"Avp+ neuron"	"Avp+ neuron"	"Avp+ neurons"
"Ep300(+),"	"muhypo5_7SN_ATTACCTGTTGCAAGG-1"	0.0540471101076033	"MHYP2SN"	"muhypo5_7SN"	447	374	"AngII"	"C57BL/6"	"Saline 3d"	"C57BL/6-Saline 3d"	"HYP"	"Avp+ neuron"	"Avp+ neuron"	"Avp+ neurons"
"Ep300(+),"	"muhypo5_7SN_CGTGCTTAGGAGGCAG-1"	0.0493722982175638	"MHYP2SN"	"muhypo5_7SN"	493	425	"AngII"	"C57BL/6"	"Saline 3d"	"C57BL/6-Saline 3d"	"HYP"	"Avp+ neuron"	"Avp+ neuron"	"Avp+ neurons"
"Ep300(+),"	"muhypo5_7SN_TGTTACTGTTCCTAGA-1"	0.0470690376449149	"MHYP2SN"	"muhypo5_7SN"	474	403	"AngII"	"C57BL/6"	"Saline 3d"	"C57BL/6-Saline 3d"	"HYP"	"Avp+ neuron"	"Avp+ neuron"	"Avp+ neurons"
"Ep300(+),"	"muhypo5_7SN_CTCGAGGGTTCGGTAT-1"	0.0490012359192125	"MHYP2SN"	"muhypo5_7SN"	380	306	"AngII"	"C57BL/6"	"Saline 3d"	"C57BL/6-Saline 3d"	"HYP"	"Avp+ neuron"	"Avp+ neuron"	"Avp+ neurons"
"Ep300(+),"	"muhypo5_7SN_GGCACGTGTGGTTTAC-1"	0.0456158296991196	"MHYP2SN"	"muhypo5_7SN"	366	294	"AngII"	"C57BL/6"	"Saline 3d"	"C57BL/6-Saline 3d"	"HYP"	"Avp+ neuron"	"Avp+ neuron"	"Avp+ neurons"
"Ep300(+),"	"muhypo5_7SN_TTGGGCGCAAGTGGGT-1"	0.0485423030122427	"MHYP2SN"	"muhypo5_7SN"	384	299	"AngII"	"C57BL/6"	"Saline 3d"	"C57BL/6-Saline 3d"	"HYP"	"Avp+ neuron"	"Avp+ neuron"	"Avp+ neurons"
"Ep300(+),"	"muhypo5_7SN_CAGAGCCTCCTGGGAC-1"	0.0468713287755231	"MHYP2SN"	"muhypo5_7SN"	339	300	"AngII"	"C57BL/6"	"Saline 3d"	"C57BL/6-Saline 3d"	"HYP"	"Avp+ neuron"	"Avp+ neuron"	"Avp+ neurons"
