seqnames	idx	name	FDR	MeanDiff	cell	species	control	treatment
204	deviations	204	Zfp740_204	9.49033830451837e-06	-0.0339659701293929	IC	C57BL/6	Saline 3d	AngII 3d
272	deviations	272	Elk3_272	2.49940487095613e-05	0.0432846156625612	IC	C57BL/6	Saline 3d	AngII 3d
276	deviations	276	Etv5_276	2.49940487095613e-05	0.0434683525154303	IC	C57BL/6	Saline 3d	AngII 3d
289	deviations	289	ENSMUSG00000044690_289	2.49940487095613e-05	0.0434683525154303	IC	C57BL/6	Saline 3d	AngII 3d
391	deviations	391	Tcfcp2l1_391	2.93153709046402e-05	-0.0394993900990143	IC	C57BL/6	Saline 3d	AngII 3d
836	deviations	836	Ubp1_836	2.93153709046402e-05	-0.0394993900990143	IC	C57BL/6	Saline 3d	AngII 3d
273	deviations	273	Gabpa_273	5.04820407815341e-05	0.0430601773227161	IC	C57BL/6	Saline 3d	AngII 3d
292	deviations	292	Gm4881_292	5.04820407815341e-05	0.0430601773227161	IC	C57BL/6	Saline 3d	AngII 3d
828	deviations	828	Ets2_828	5.04820407815341e-05	0.0430601773227161	IC	C57BL/6	Saline 3d	AngII 3d
274	deviations	274	Elk1_274	7.36620797608387e-05	0.0398469439361296	IC	C57BL/6	Saline 3d	AngII 3d
268	deviations	268	Etv1_268	0.000171611919274207	0.0416348424375997	IC	C57BL/6	Saline 3d	AngII 3d
153	deviations	153	Patz1_153	0.000351560616521555	-0.0150603254392671	IC	C57BL/6	Saline 3d	AngII 3d
278	deviations	278	Etv4_278	0.000351560616521555	0.0374496425945831	IC	C57BL/6	Saline 3d	AngII 3d
280	deviations	280	Elk4_280	0.000351560616521555	0.0373483347771847	IC	C57BL/6	Saline 3d	AngII 3d
290	deviations	290	Gm5454_290	0.000569126555580723	0.0385053741608804	IC	C57BL/6	Saline 3d	AngII 3d
291	deviations	291	Fev_291	0.000569126555580723	0.044625414615596	IC	C57BL/6	Saline 3d	AngII 3d
287	deviations	287	Erg_287	0.000688882343567998	0.0405160701251961	IC	C57BL/6	Saline 3d	AngII 3d
277	deviations	277	Fli1_277	0.000895099924474149	0.0396773826684366	IC	C57BL/6	Saline 3d	AngII 3d
215	deviations	215	Zscan4c_215	0.00149581851687843	-0.0303559784346435	IC	C57BL/6	Saline 3d	AngII 3d
232	deviations	232	Zscan4ps2_232	0.00149581851687843	-0.0303559784346435	IC	C57BL/6	Saline 3d	AngII 3d
233	deviations	233	Zscan4f_233	0.00149581851687843	-0.0303559784346435	IC	C57BL/6	Saline 3d	AngII 3d
284	deviations	284	Ets1_284	0.00279227824186614	0.0366806329360466	IC	C57BL/6	Saline 3d	AngII 3d
754	deviations	754	Stat3_754	0.00368123013249742	0.0291480857984478	IC	C57BL/6	Saline 3d	AngII 3d
116	deviations	116	Creb3l3_116	0.00378483072224634	-0.0376271832905243	IC	C57BL/6	Saline 3d	AngII 3d
217	deviations	217	Zkscan5_217	0.00378483072224634	0.0312262746684933	IC	C57BL/6	Saline 3d	AngII 3d
818	deviations	818	Glis3_818	0.00378483072224634	-0.0178943182099105	IC	C57BL/6	Saline 3d	AngII 3d
870	deviations	870	Creb3_870	0.00378483072224634	-0.0376271832905243	IC	C57BL/6	Saline 3d	AngII 3d
286	deviations	286	Elf2_286	0.00420894125163324	0.0289996479278575	IC	C57BL/6	Saline 3d	AngII 3d
128	deviations	128	X9430076C15Rik_128	0.00479749154776896	-0.0413912648996098	IC	C57BL/6	Saline 3d	AngII 3d
438	deviations	438	Hmbox1_438	0.00479749154776896	0.0559892123391539	IC	C57BL/6	Saline 3d	AngII 3d
262	deviations	262	E2f5_262	0.00578230681037258	0.0441427987577153	IC	C57BL/6	Saline 3d	AngII 3d
193	deviations	193	Zfp281_193	0.00637228685331361	-0.0128220942366263	IC	C57BL/6	Saline 3d	AngII 3d
283	deviations	283	Elf4_283	0.00637228685331361	0.0260902582212998	IC	C57BL/6	Saline 3d	AngII 3d
853	deviations	853	Trp63_853	0.00637228685331361	-0.0271695874360674	IC	C57BL/6	Saline 3d	AngII 3d
112	deviations	112	Atf2_112	0.00677779910720668	-0.0422634173319454	IC	C57BL/6	Saline 3d	AngII 3d
659	deviations	659	Nr2c2_659	0.00677779910720668	0.024734490650861	IC	C57BL/6	Saline 3d	AngII 3d
114	deviations	114	Jdp2_114	0.00737094280330957	-0.0394155532208397	IC	C57BL/6	Saline 3d	AngII 3d
316	deviations	316	Foxc2_316	0.00789335292508463	-0.0373990330044139	IC	C57BL/6	Saline 3d	AngII 3d
329	deviations	329	Foxs1_329	0.00789335292508463	-0.0373990330044139	IC	C57BL/6	Saline 3d	AngII 3d
267	deviations	267	Etv3_267	0.00799729932801935	0.0337755245893347	IC	C57BL/6	Saline 3d	AngII 3d
325	deviations	325	Foxb2_325	0.00824379061554101	-0.039190025642437	IC	C57BL/6	Saline 3d	AngII 3d
326	deviations	326	Foxb1_326	0.00824379061554101	-0.039190025642437	IC	C57BL/6	Saline 3d	AngII 3d
191	deviations	191	Sp6_191	0.00987646856672251	0.0112543850373928	IC	C57BL/6	Saline 3d	AngII 3d
238	deviations	238	Sp5_238	0.00987646856672251	0.0112543850373928	IC	C57BL/6	Saline 3d	AngII 3d
802	deviations	802	Sp3_802	0.00989752827949895	0.00996974877121286	IC	C57BL/6	Saline 3d	AngII 3d
174	deviations	174	Zbtb7b_174	0.0127541702747575	-0.0299454803328097	IC	C57BL/6	Saline 3d	AngII 3d
16	deviations	16	Zfp957_16	0.0136907737902129	0.0524757456315738	IC	C57BL/6	Saline 3d	AngII 3d
169	deviations	169	Zfp202_169	0.0139744039245134	-0.02120627409605	IC	C57BL/6	Saline 3d	AngII 3d
320	deviations	320	Foxc1_320	0.0147744153720157	-0.0368476540870793	IC	C57BL/6	Saline 3d	AngII 3d
393	deviations	393	Lhx2_393	0.0147744153720157	0.0596138034767684	IC	C57BL/6	Saline 3d	AngII 3d
124	deviations	124	Atf7_124	0.0150556388578107	-0.0321942517910343	IC	C57BL/6	Saline 3d	AngII 3d
881	deviations	881	Mixl1_881	0.0176890232904615	0.0494976684412393	IC	C57BL/6	Saline 3d	AngII 3d
407	deviations	407	Evx2_407	0.019724296013122	0.0470201126964275	IC	C57BL/6	Saline 3d	AngII 3d
668	deviations	668	Esr2_668	0.019724296013122	-0.0205439528428752	IC	C57BL/6	Saline 3d	AngII 3d
131	deviations	131	Nfil3_131	0.0203531320678427	-0.0656109754202545	IC	C57BL/6	Saline 3d	AngII 3d
279	deviations	279	Spdef_279	0.0228764426825399	0.0293742776244328	IC	C57BL/6	Saline 3d	AngII 3d
470	deviations	470	Hnf1a_470	0.0262471729163622	0.04786984864326	IC	C57BL/6	Saline 3d	AngII 3d
799	deviations	799	Snai2_799	0.0262471729163622	-0.0179109577964407	IC	C57BL/6	Saline 3d	AngII 3d
275	deviations	275	Ehf_275	0.0273690750706029	0.0228456181633141	IC	C57BL/6	Saline 3d	AngII 3d
422	deviations	422	Lhx1_422	0.0275529065249883	0.0510289348934054	IC	C57BL/6	Saline 3d	AngII 3d
519	deviations	519	Prrx2_519	0.0303189945091075	0.0555618515811344	IC	C57BL/6	Saline 3d	AngII 3d
839	deviations	839	Prrxl1_839	0.0303189945091075	0.0555618515811344	IC	C57BL/6	Saline 3d	AngII 3d
242	deviations	242	Nfya_242	0.0321530672583432	0.0224463161770715	IC	C57BL/6	Saline 3d	AngII 3d
282	deviations	282	Etv6_282	0.0321530672583432	0.0221441878844876	IC	C57BL/6	Saline 3d	AngII 3d
332	deviations	332	Gm5294_332	0.0321530672583432	-0.02022073478834	IC	C57BL/6	Saline 3d	AngII 3d
355	deviations	355	Foxl1_355	0.0321530672583432	-0.02022073478834	IC	C57BL/6	Saline 3d	AngII 3d
577	deviations	577	Cphx_577	0.0321530672583432	0.0353231359987859	IC	C57BL/6	Saline 3d	AngII 3d
308	deviations	308	Foxf2_308	0.0332890872858692	-0.0389852164409895	IC	C57BL/6	Saline 3d	AngII 3d
312	deviations	312	Foxf1a_312	0.0332890872858692	-0.0389852164409895	IC	C57BL/6	Saline 3d	AngII 3d
666	deviations	666	Esr1_666	0.0350144845719606	-0.0268754020112084	IC	C57BL/6	Saline 3d	AngII 3d
499	deviations	499	Nkx61_499	0.0360667147206529	0.0402733357990399	IC	C57BL/6	Saline 3d	AngII 3d
606	deviations	606	NP_606	0.0360667147206529	0.0402733357990399	IC	C57BL/6	Saline 3d	AngII 3d
295	deviations	295	Gm4881_295	0.0368389615218705	0.0232206616905919	IC	C57BL/6	Saline 3d	AngII 3d
140	deviations	140	Zscan4_140	0.0372102714180129	-0.0342824546189752	IC	C57BL/6	Saline 3d	AngII 3d
134	deviations	134	Crem_134	0.043022932260143	-0.0329522593862081	IC	C57BL/6	Saline 3d	AngII 3d
459	deviations	459	Lhx3_459	0.043022932260143	0.0475347237966838	IC	C57BL/6	Saline 3d	AngII 3d
20	deviations	20	Tcfap4_20	0.0435730355989342	-0.0265703017193707	IC	C57BL/6	Saline 3d	AngII 3d
487	deviations	487	Pou2f3_487	0.0435730355989342	0.0496819355659347	IC	C57BL/6	Saline 3d	AngII 3d
192	deviations	192	Rreb1_192	0.0441046700227138	-0.0114596680422256	IC	C57BL/6	Saline 3d	AngII 3d
288	deviations	288	Erf_288	0.0441046700227138	0.0291234898660061	IC	C57BL/6	Saline 3d	AngII 3d
139	deviations	139	Zeb1_139	0.0461666066992419	-0.0193966147445453	IC	C57BL/6	Saline 3d	AngII 3d
314	deviations	314	Foxo1_314	0.0488453293142032	-0.0321655039352841	IC	C57BL/6	Saline 3d	AngII 3d
306	deviations	306	Foxa1_306	0.0527339616190604	-0.030599876684397	IC	C57BL/6	Saline 3d	AngII 3d
757	deviations	757	Stat1_757	0.0533545908750809	0.0234654081099149	IC	C57BL/6	Saline 3d	AngII 3d
667	deviations	667	Nr2e1_667	0.0541031965806278	0.0342080198795265	IC	C57BL/6	Saline 3d	AngII 3d
353	deviations	353	Gm5294_353	0.055348179983372	0.0205117463018208	IC	C57BL/6	Saline 3d	AngII 3d
379	deviations	379	Foxl1_379	0.055348179983372	0.0205117463018208	IC	C57BL/6	Saline 3d	AngII 3d
109	deviations	109	Creb1_109	0.0580588552856778	-0.0293763654405787	IC	C57BL/6	Saline 3d	AngII 3d
209	deviations	209	Zfp161_209	0.0580588552856778	-0.0170239325903937	IC	C57BL/6	Saline 3d	AngII 3d
317	deviations	317	Foxi1_317	0.0580588552856778	-0.0204078340335926	IC	C57BL/6	Saline 3d	AngII 3d
318	deviations	318	Foxi2_318	0.0580588552856778	-0.0204078340335926	IC	C57BL/6	Saline 3d	AngII 3d
323	deviations	323	Foxi3_323	0.0580588552856778	-0.0204078340335926	IC	C57BL/6	Saline 3d	AngII 3d
340	deviations	340	Gm5294_340	0.0580588552856778	-0.0204078340335926	IC	C57BL/6	Saline 3d	AngII 3d
362	deviations	362	Foxl1_362	0.0580588552856778	-0.0204078340335926	IC	C57BL/6	Saline 3d	AngII 3d
285	deviations	285	Elf1_285	0.0604860068073452	0.0150310818176022	IC	C57BL/6	Saline 3d	AngII 3d
494	deviations	494	Gbx2_494	0.0647380397751991	0.0369185020870724	IC	C57BL/6	Saline 3d	AngII 3d
556	deviations	556	Gsx1_556	0.0647380397751991	0.044375626915949	IC	C57BL/6	Saline 3d	AngII 3d
224	deviations	224	Zfp143_224	0.0677668766582477	0.0207010868196465	IC	C57BL/6	Saline 3d	AngII 3d
260	deviations	260	E2f7_260	0.0690485675666716	0.0258739240679485	IC	C57BL/6	Saline 3d	AngII 3d
426	deviations	426	Hnf1b_426	0.0690485675666716	0.0458208227546198	IC	C57BL/6	Saline 3d	AngII 3d
756	deviations	756	Stat5b_756	0.0690485675666716	0.0255590265799674	IC	C57BL/6	Saline 3d	AngII 3d
785	deviations	785	Twist1_785	0.0690485675666716	-0.0310722749031109	IC	C57BL/6	Saline 3d	AngII 3d
31	deviations	31	Tcf3_31	0.0697962462220389	-0.024696531757221	IC	C57BL/6	Saline 3d	AngII 3d
567	deviations	567	Nkx63_567	0.0702673729707597	0.039535654159101	IC	C57BL/6	Saline 3d	AngII 3d
237	deviations	237	Klf14_237	0.0736415773398515	0.00969963215874655	IC	C57BL/6	Saline 3d	AngII 3d
351	deviations	351	Gm5294_351	0.0736415773398515	-0.041626016463211	IC	C57BL/6	Saline 3d	AngII 3d
368	deviations	368	Foxl1_368	0.0736415773398515	-0.0286877691460632	IC	C57BL/6	Saline 3d	AngII 3d
377	deviations	377	Foxl1_377	0.0736415773398515	-0.041626016463211	IC	C57BL/6	Saline 3d	AngII 3d
683	deviations	683	Nr2e3_683	0.0736415773398515	0.0209673998333232	IC	C57BL/6	Saline 3d	AngII 3d
798	deviations	798	Klf11_798	0.0736415773398515	0.00969963215874655	IC	C57BL/6	Saline 3d	AngII 3d
817	deviations	817	Klf13_817	0.0736415773398515	0.00969963215874655	IC	C57BL/6	Saline 3d	AngII 3d
874	deviations	874	Klf16_874	0.0736415773398515	0.00969963215874655	IC	C57BL/6	Saline 3d	AngII 3d
152	deviations	152	Plagl1_152	0.0740288457297638	-0.0194707420394927	IC	C57BL/6	Saline 3d	AngII 3d
346	deviations	346	Gm5294_346	0.0747469231862891	-0.0369010961703883	IC	C57BL/6	Saline 3d	AngII 3d
372	deviations	372	Foxl1_372	0.0747469231862891	-0.0369010961703883	IC	C57BL/6	Saline 3d	AngII 3d
471	deviations	471	Lhx5_471	0.0759107475475153	0.0465178308102421	IC	C57BL/6	Saline 3d	AngII 3d
397	deviations	397	Sebox_397	0.0771707119043216	0.0426925914778111	IC	C57BL/6	Saline 3d	AngII 3d
513	deviations	513	Pbx3_513	0.0822083331881615	0.0188546513906905	IC	C57BL/6	Saline 3d	AngII 3d
333	deviations	333	Gm5294_333	0.083277326834427	-0.0244027018885838	IC	C57BL/6	Saline 3d	AngII 3d
356	deviations	356	Foxl1_356	0.083277326834427	-0.0244027018885838	IC	C57BL/6	Saline 3d	AngII 3d
669	deviations	669	Esrrb_669	0.0948476198046311	-0.0192731807398054	IC	C57BL/6	Saline 3d	AngII 3d
806	deviations	806	Klf15_806	0.0994216327192228	-0.00665581293850381	IC	C57BL/6	Saline 3d	AngII 3d
57	deviations	57	Mesp2_57	0.103280595118952	-0.0219298271091056	IC	C57BL/6	Saline 3d	AngII 3d
58	deviations	58	Mesp1_58	0.103280595118952	-0.0219298271091056	IC	C57BL/6	Saline 3d	AngII 3d
598	deviations	598	NP_598	0.103280595118952	0.0509206476107088	IC	C57BL/6	Saline 3d	AngII 3d
753	deviations	753	Stat6_753	0.103280595118952	0.0281344902941914	IC	C57BL/6	Saline 3d	AngII 3d
417	deviations	417	Nanog_417	0.104801105029506	0.0429751990698529	IC	C57BL/6	Saline 3d	AngII 3d
775	deviations	775	Spz1_775	0.108082070000906	-0.0175762447058657	IC	C57BL/6	Saline 3d	AngII 3d
59	deviations	59	Tcf12_59	0.112035161148042	-0.0195351591529232	IC	C57BL/6	Saline 3d	AngII 3d
252	deviations	252	Dmrt3_252	0.113942161478799	-0.0468697828326287	IC	C57BL/6	Saline 3d	AngII 3d
144	deviations	144	Plag1_144	0.114582345795217	-0.0118520100624689	IC	C57BL/6	Saline 3d	AngII 3d
296	deviations	296	Gm4881_296	0.114582345795217	0.0199785073831994	IC	C57BL/6	Saline 3d	AngII 3d
336	deviations	336	Gm5294_336	0.114582345795217	-0.023215440654837	IC	C57BL/6	Saline 3d	AngII 3d
360	deviations	360	Foxl1_360	0.114582345795217	-0.023215440654837	IC	C57BL/6	Saline 3d	AngII 3d
759	deviations	759	Stat4_759	0.114582345795217	0.0225889208691827	IC	C57BL/6	Saline 3d	AngII 3d
677	deviations	677	Nr4a2_677	0.120313633430349	0.0347331858235038	IC	C57BL/6	Saline 3d	AngII 3d
503	deviations	503	Hoxc9_503	0.120576363675251	0.0323860250353656	IC	C57BL/6	Saline 3d	AngII 3d
594	deviations	594	NP_594	0.120576363675251	0.0323860250353656	IC	C57BL/6	Saline 3d	AngII 3d
259	deviations	259	E2f2_259	0.125513770795514	0.0424080263666321	IC	C57BL/6	Saline 3d	AngII 3d
337	deviations	337	Gm5294_337	0.133518893850896	-0.0205885347730528	IC	C57BL/6	Saline 3d	AngII 3d
358	deviations	358	Foxl1_358	0.133518893850896	-0.0205885347730528	IC	C57BL/6	Saline 3d	AngII 3d
502	deviations	502	Gsx2_502	0.133518893850896	0.0495044519470232	IC	C57BL/6	Saline 3d	AngII 3d
504	deviations	504	Meox2_504	0.133518893850896	0.0355344123361881	IC	C57BL/6	Saline 3d	AngII 3d
573	deviations	573	Noto_573	0.136027069932005	0.0544013326664519	IC	C57BL/6	Saline 3d	AngII 3d
141	deviations	141	Bcl6b_141	0.148213886929725	0.0162008904951545	IC	C57BL/6	Saline 3d	AngII 3d
148	deviations	148	Glis2_148	0.148213886929725	-0.025386732061688	IC	C57BL/6	Saline 3d	AngII 3d
227	deviations	227	Zfp238_227	0.148213886929725	-0.0216193141718254	IC	C57BL/6	Saline 3d	AngII 3d
330	deviations	330	Foxd1_330	0.148213886929725	-0.0313477664286817	IC	C57BL/6	Saline 3d	AngII 3d
334	deviations	334	Gm5294_334	0.148213886929725	-0.0313477664286817	IC	C57BL/6	Saline 3d	AngII 3d
359	deviations	359	Foxl1_359	0.148213886929725	-0.0313477664286817	IC	C57BL/6	Saline 3d	AngII 3d
293	deviations	293	Gm4881_293	0.151187701414158	0.0118996525927613	IC	C57BL/6	Saline 3d	AngII 3d
431	deviations	431	Vsx2_431	0.151187701414158	0.04982800930314	IC	C57BL/6	Saline 3d	AngII 3d
424	deviations	424	Lhx9_424	0.155601260761768	0.0389254744412352	IC	C57BL/6	Saline 3d	AngII 3d
500	deviations	500	Arx_500	0.155601260761768	0.0389254744412352	IC	C57BL/6	Saline 3d	AngII 3d
447	deviations	447	Rax_447	0.156529280366436	0.0381651606264712	IC	C57BL/6	Saline 3d	AngII 3d
54	deviations	54	Figla_54	0.159850010087571	-0.0214326465463587	IC	C57BL/6	Saline 3d	AngII 3d
412	deviations	412	Rhox6_412	0.173206777621298	0.0464885650066374	IC	C57BL/6	Saline 3d	AngII 3d
572	deviations	572	Rhox9_572	0.173206777621298	0.0464885650066374	IC	C57BL/6	Saline 3d	AngII 3d
281	deviations	281	Elf5_281	0.176055794560901	0.0197675594591211	IC	C57BL/6	Saline 3d	AngII 3d
297	deviations	297	Gm4881_297	0.181439872015697	0.00996633533066344	IC	C57BL/6	Saline 3d	AngII 3d
755	deviations	755	Stat5a_755	0.185199514776571	0.019753803227799	IC	C57BL/6	Saline 3d	AngII 3d
498	deviations	498	Lbx2_498	0.1859662078038	0.0437306344291894	IC	C57BL/6	Saline 3d	AngII 3d
241	deviations	241	Myt1l_241	0.188816509244628	0.0269419013259561	IC	C57BL/6	Saline 3d	AngII 3d
310	deviations	310	Foxk2_310	0.188816509244628	-0.0267953280551583	IC	C57BL/6	Saline 3d	AngII 3d
319	deviations	319	Foxo3_319	0.188816509244628	-0.0267953280551583	IC	C57BL/6	Saline 3d	AngII 3d
324	deviations	324	Foxk1_324	0.188816509244628	-0.0267953280551583	IC	C57BL/6	Saline 3d	AngII 3d
415	deviations	415	Phox2a_415	0.188816509244628	0.044537980534231	IC	C57BL/6	Saline 3d	AngII 3d
418	deviations	418	Phox2b_418	0.188816509244628	0.044537980534231	IC	C57BL/6	Saline 3d	AngII 3d
643	deviations	643	Mybl2_643	0.188816509244628	0.047115151003103	IC	C57BL/6	Saline 3d	AngII 3d
840	deviations	840	Pou4f2_840	0.188816509244628	-0.0139605447773302	IC	C57BL/6	Saline 3d	AngII 3d
841	deviations	841	Pou4f1_841	0.188816509244628	-0.0139605447773302	IC	C57BL/6	Saline 3d	AngII 3d
736	deviations	736	Sox30_736	0.192890001986643	-0.0242200651783364	IC	C57BL/6	Saline 3d	AngII 3d
270	deviations	270	Etv2_270	0.197369309033782	0.0240459714561725	IC	C57BL/6	Saline 3d	AngII 3d
87	deviations	87	Bhlha15_87	0.203058900867602	-0.0364963604046054	IC	C57BL/6	Saline 3d	AngII 3d
88	deviations	88	Tcf4_88	0.203058900867602	-0.0171616651344914	IC	C57BL/6	Saline 3d	AngII 3d
211	deviations	211	Hic2_211	0.203058900867602	-0.0200077474220033	IC	C57BL/6	Saline 3d	AngII 3d
443	deviations	443	Dlx2_443	0.203058900867602	0.0356219997956915	IC	C57BL/6	Saline 3d	AngII 3d
199	deviations	199	Zfp784_199	0.205030870688969	-0.0254315074941539	IC	C57BL/6	Saline 3d	AngII 3d
630	deviations	630	Irf3_630	0.205030870688969	0.0223466853003396	IC	C57BL/6	Saline 3d	AngII 3d
381	deviations	381	Foxl1_381	0.207838030262933	-0.0121237799511515	IC	C57BL/6	Saline 3d	AngII 3d
8	deviations	8	Arid5b_8	0.208242790677895	0.0772369502024045	IC	C57BL/6	Saline 3d	AngII 3d
3	deviations	3	Tcfap2c_3	0.21095929816119	-0.00934914263407912	IC	C57BL/6	Saline 3d	AngII 3d
689	deviations	689	Nr6a1_689	0.21095929816119	-0.0215398056222381	IC	C57BL/6	Saline 3d	AngII 3d
808	deviations	808	Zbtb7a_808	0.21095929816119	0.0251615452165898	IC	C57BL/6	Saline 3d	AngII 3d
812	deviations	812	Zbtb7c_812	0.21095929816119	0.0251615452165898	IC	C57BL/6	Saline 3d	AngII 3d
138	deviations	138	Nfil3_138	0.212265749838259	-0.0242976345414984	IC	C57BL/6	Saline 3d	AngII 3d
469	deviations	469	Uncx_469	0.231610358113899	0.0373196639783283	IC	C57BL/6	Saline 3d	AngII 3d
654	deviations	654	Rarg_654	0.234531407045896	-0.0155843946947577	IC	C57BL/6	Saline 3d	AngII 3d
180	deviations	180	Zfp300_180	0.238252969954024	-0.0302626251039247	IC	C57BL/6	Saline 3d	AngII 3d
162	deviations	162	Bcl6_162	0.241049985024027	0.014699979270953	IC	C57BL/6	Saline 3d	AngII 3d
258	deviations	258	E2f3_258	0.24133817753295	0.033277715864014	IC	C57BL/6	Saline 3d	AngII 3d
559	deviations	559	Bsx_559	0.246136054968657	0.0209929776365623	IC	C57BL/6	Saline 3d	AngII 3d
545	deviations	545	Nkx12_545	0.248416095763755	0.0316337931254794	IC	C57BL/6	Saline 3d	AngII 3d
674	deviations	674	Esrra_674	0.250515377619036	-0.0147240965770067	IC	C57BL/6	Saline 3d	AngII 3d
816	deviations	816	Zfp219_816	0.258521755561548	-0.0061165182872877	IC	C57BL/6	Saline 3d	AngII 3d
185	deviations	185	Glis1_185	0.259249741779512	-0.0181531674746	IC	C57BL/6	Saline 3d	AngII 3d
348	deviations	348	Gm5294_348	0.262376136629909	-0.0185338580374518	IC	C57BL/6	Saline 3d	AngII 3d
375	deviations	375	Foxl1_375	0.262376136629909	-0.0185338580374518	IC	C57BL/6	Saline 3d	AngII 3d
6	deviations	6	Arid3b_6	0.265497790404347	0.0330878067868188	IC	C57BL/6	Saline 3d	AngII 3d
221	deviations	221	Scrt2_221	0.265497790404347	-0.0119252155027515	IC	C57BL/6	Saline 3d	AngII 3d
389	deviations	389	Tcfcp2_389	0.265497790404347	-0.0465221862873422	IC	C57BL/6	Saline 3d	AngII 3d
478	deviations	478	Dlx5_478	0.265497790404347	0.0302629048972033	IC	C57BL/6	Saline 3d	AngII 3d
540	deviations	540	Pou3f3_540	0.265497790404347	-0.0191598276441982	IC	C57BL/6	Saline 3d	AngII 3d
541	deviations	541	Dbx2_541	0.265497790404347	0.0302629048972033	IC	C57BL/6	Saline 3d	AngII 3d
266	deviations	266	Elf3_266	0.267951146351359	0.0162241180517014	IC	C57BL/6	Saline 3d	AngII 3d
537	deviations	537	Nkx23_537	0.276246859527148	0.0228072529637882	IC	C57BL/6	Saline 3d	AngII 3d
623	deviations	623	Pit1_623	0.276246859527148	-0.0188942756991543	IC	C57BL/6	Saline 3d	AngII 3d
655	deviations	655	Nr1h3_655	0.276246859527148	0.0224379886681109	IC	C57BL/6	Saline 3d	AngII 3d
688	deviations	688	Nr1h2_688	0.276246859527148	0.0224379886681109	IC	C57BL/6	Saline 3d	AngII 3d
171	deviations	171	Klf7_171	0.27749801438793	0.00648499984947506	IC	C57BL/6	Saline 3d	AngII 3d
257	deviations	257	E2f4_257	0.284807817182196	0.012473455112176	IC	C57BL/6	Saline 3d	AngII 3d
582	deviations	582	Hoxb2_582	0.284807817182196	0.0259027537434767	IC	C57BL/6	Saline 3d	AngII 3d
484	deviations	484	Irx5_484	0.290738549521072	-0.0205687423625551	IC	C57BL/6	Saline 3d	AngII 3d
245	deviations	245	Onecut3_245	0.293613519578255	-0.0244516971863813	IC	C57BL/6	Saline 3d	AngII 3d
800	deviations	800	Zfp148_800	0.298322820048769	-0.00431989902708534	IC	C57BL/6	Saline 3d	AngII 3d
22	deviations	22	Id3_22	0.301642116779914	-0.0164049312144965	IC	C57BL/6	Saline 3d	AngII 3d
35	deviations	35	Id4_35	0.301642116779914	-0.0164049312144965	IC	C57BL/6	Saline 3d	AngII 3d
105	deviations	105	Tef_105	0.301642116779914	-0.0308845971264632	IC	C57BL/6	Saline 3d	AngII 3d
133	deviations	133	Dbp_133	0.301642116779914	-0.0166329559574183	IC	C57BL/6	Saline 3d	AngII 3d
168	deviations	168	Zfp711_168	0.301642116779914	-0.0134423140762245	IC	C57BL/6	Saline 3d	AngII 3d
299	deviations	299	Foxg1_299	0.301642116779914	-0.0239101949467796	IC	C57BL/6	Saline 3d	AngII 3d
303	deviations	303	Foxj3_303	0.301642116779914	-0.023993668895727	IC	C57BL/6	Saline 3d	AngII 3d
321	deviations	321	Foxo6_321	0.301642116779914	-0.0203406262540355	IC	C57BL/6	Saline 3d	AngII 3d
339	deviations	339	Gm5294_339	0.301642116779914	-0.021069241331485	IC	C57BL/6	Saline 3d	AngII 3d
347	deviations	347	Gm5294_347	0.301642116779914	-0.0186397270779557	IC	C57BL/6	Saline 3d	AngII 3d
363	deviations	363	Foxl1_363	0.301642116779914	-0.021069241331485	IC	C57BL/6	Saline 3d	AngII 3d
373	deviations	373	Foxl1_373	0.301642116779914	-0.0186397270779557	IC	C57BL/6	Saline 3d	AngII 3d
456	deviations	456	Lmx1a_456	0.301642116779914	0.0329952017891593	IC	C57BL/6	Saline 3d	AngII 3d
479	deviations	479	Hoxa1_479	0.301642116779914	0.0399890926718502	IC	C57BL/6	Saline 3d	AngII 3d
485	deviations	485	Irx6_485	0.301642116779914	-0.02399178878548	IC	C57BL/6	Saline 3d	AngII 3d
830	deviations	830	Foxn2_830	0.301642116779914	-0.023993668895727	IC	C57BL/6	Saline 3d	AngII 3d
832	deviations	832	Foxl2_832	0.301642116779914	-0.023993668895727	IC	C57BL/6	Saline 3d	AngII 3d
833	deviations	833	Foxd4_833	0.301642116779914	-0.0207680512305761	IC	C57BL/6	Saline 3d	AngII 3d
834	deviations	834	ENSMUSG00000090020_834	0.301642116779914	-0.023993668895727	IC	C57BL/6	Saline 3d	AngII 3d
399	deviations	399	Nkx21_399	0.306696787042008	0.0246710100535475	IC	C57BL/6	Saline 3d	AngII 3d
110	deviations	110	Atf3_110	0.316676622562344	-0.0290492134230435	IC	C57BL/6	Saline 3d	AngII 3d
515	deviations	515	Lmx1b_515	0.316676622562344	0.0322275769422623	IC	C57BL/6	Saline 3d	AngII 3d
518	deviations	518	Hlx_518	0.316676622562344	0.0322275769422623	IC	C57BL/6	Saline 3d	AngII 3d
539	deviations	539	Prop1_539	0.316676622562344	0.0322275769422623	IC	C57BL/6	Saline 3d	AngII 3d
646	deviations	646	Smarcc2_646	0.316755011710131	0.0179431382367766	IC	C57BL/6	Saline 3d	AngII 3d
402	deviations	402	Mnx1_402	0.321058905371647	0.0307816647400357	IC	C57BL/6	Saline 3d	AngII 3d
419	deviations	419	Alx3_419	0.32189350318601	0.0299967982702008	IC	C57BL/6	Saline 3d	AngII 3d
454	deviations	454	Lhx4_454	0.32189350318601	0.0299967982702008	IC	C57BL/6	Saline 3d	AngII 3d
563	deviations	563	En1_563	0.32189350318601	0.0299967982702008	IC	C57BL/6	Saline 3d	AngII 3d
880	deviations	880	Foxm1_880	0.32189350318601	-0.0143637556456909	IC	C57BL/6	Saline 3d	AngII 3d
409	deviations	409	Hoxd12_409	0.321994768679363	-0.0220114759469109	IC	C57BL/6	Saline 3d	AngII 3d
29	deviations	29	Hey2_29	0.322088349460201	-0.0181048924019208	IC	C57BL/6	Saline 3d	AngII 3d
60	deviations	60	Heyl_60	0.322088349460201	-0.0181048924019208	IC	C57BL/6	Saline 3d	AngII 3d
73	deviations	73	Hey1_73	0.322088349460201	-0.0181048924019208	IC	C57BL/6	Saline 3d	AngII 3d
244	deviations	244	Cux2_244	0.322440919608283	-0.0423105137739413	IC	C57BL/6	Saline 3d	AngII 3d
120	deviations	120	Nrl_120	0.323991206170305	-0.0266517990828702	IC	C57BL/6	Saline 3d	AngII 3d
206	deviations	206	Osr1_206	0.323991206170305	0.0226417323065943	IC	C57BL/6	Saline 3d	AngII 3d
365	deviations	365	Foxl1_365	0.323991206170305	-0.0183084538972611	IC	C57BL/6	Saline 3d	AngII 3d
436	deviations	436	Otp_436	0.323991206170305	0.0316794912843146	IC	C57BL/6	Saline 3d	AngII 3d
691	deviations	691	Trp73_691	0.323991206170305	-0.0252814148364211	IC	C57BL/6	Saline 3d	AngII 3d
760	deviations	760	Tbx2_760	0.323991206170305	-0.011338656833063	IC	C57BL/6	Saline 3d	AngII 3d
792	deviations	792	Mafa_792	0.323991206170305	-0.0266517990828702	IC	C57BL/6	Saline 3d	AngII 3d
793	deviations	793	Maf_793	0.323991206170305	-0.0266517990828702	IC	C57BL/6	Saline 3d	AngII 3d
313	deviations	313	Foxo4_313	0.326263060874985	-0.0233259014011389	IC	C57BL/6	Saline 3d	AngII 3d
344	deviations	344	Gm5294_344	0.326263060874985	-0.016578909340167	IC	C57BL/6	Saline 3d	AngII 3d
370	deviations	370	Foxl1_370	0.326263060874985	-0.016578909340167	IC	C57BL/6	Saline 3d	AngII 3d
869	deviations	869	Hif3a_869	0.326263060874985	-0.00867311163129293	IC	C57BL/6	Saline 3d	AngII 3d
225	deviations	225	Zic2_225	0.330204196142367	-0.0122864331417966	IC	C57BL/6	Saline 3d	AngII 3d
548	deviations	548	Nkx32_548	0.333464267681086	0.023974146304554	IC	C57BL/6	Saline 3d	AngII 3d
263	deviations	263	E2f8_263	0.334112694450698	0.0117590402523306	IC	C57BL/6	Saline 3d	AngII 3d
200	deviations	200	Zfp3_200	0.339960250056707	-0.021032165895099	IC	C57BL/6	Saline 3d	AngII 3d
261	deviations	261	E2f1_261	0.339960250056707	0.00984171817115082	IC	C57BL/6	Saline 3d	AngII 3d
298	deviations	298	Foxj2_298	0.339960250056707	-0.0229377466706544	IC	C57BL/6	Saline 3d	AngII 3d
300	deviations	300	Foxp4_300	0.339960250056707	-0.0229377466706544	IC	C57BL/6	Saline 3d	AngII 3d
301	deviations	301	Foxp2_301	0.339960250056707	-0.0229377466706544	IC	C57BL/6	Saline 3d	AngII 3d
311	deviations	311	Foxp3_311	0.339960250056707	-0.0229377466706544	IC	C57BL/6	Saline 3d	AngII 3d
706	deviations	706	Rfx4_706	0.339960250056707	-0.0142776708972129	IC	C57BL/6	Saline 3d	AngII 3d
675	deviations	675	Nr5a2_675	0.343015336986478	-0.0100570342520388	IC	C57BL/6	Saline 3d	AngII 3d
848	deviations	848	Nr5a1_848	0.343015336986478	-0.0100570342520388	IC	C57BL/6	Saline 3d	AngII 3d
158	deviations	158	Zfp369_158	0.343910218305927	0.00937906126591359	IC	C57BL/6	Saline 3d	AngII 3d
219	deviations	219	Zfp110_219	0.343910218305927	0.00937906126591359	IC	C57BL/6	Saline 3d	AngII 3d
21	deviations	21	Twist2_21	0.356458561173916	-0.0327331899074535	IC	C57BL/6	Saline 3d	AngII 3d
327	deviations	327	Foxd3_327	0.356458561173916	-0.00995672221071268	IC	C57BL/6	Saline 3d	AngII 3d
328	deviations	328	Foxe1_328	0.356458561173916	-0.00995672221071268	IC	C57BL/6	Saline 3d	AngII 3d
341	deviations	341	Gm5294_341	0.356458561173916	-0.00995672221071268	IC	C57BL/6	Saline 3d	AngII 3d
366	deviations	366	Foxl1_366	0.356458561173916	-0.00995672221071268	IC	C57BL/6	Saline 3d	AngII 3d
455	deviations	455	Prrx1_455	0.356458561173916	0.0374285845615883	IC	C57BL/6	Saline 3d	AngII 3d
710	deviations	710	Rfx3_710	0.356458561173916	-0.017221546274924	IC	C57BL/6	Saline 3d	AngII 3d
781	deviations	781	Tal2_781	0.356458561173916	-0.0327331899074535	IC	C57BL/6	Saline 3d	AngII 3d
220	deviations	220	Zfp637_220	0.357684616330992	-0.0217479925348482	IC	C57BL/6	Saline 3d	AngII 3d
697	deviations	697	Rel_697	0.358169697585356	0.011769237312314	IC	C57BL/6	Saline 3d	AngII 3d
749	deviations	749	Sox13_749	0.362150498189077	-0.0231370730111134	IC	C57BL/6	Saline 3d	AngII 3d
698	deviations	698	Rela_698	0.371493837564698	0.0148459497792287	IC	C57BL/6	Saline 3d	AngII 3d
647	deviations	647	Mybl1_647	0.373005428552985	0.0363623087385258	IC	C57BL/6	Saline 3d	AngII 3d
873	deviations	873	E4f1_873	0.373005428552985	-0.0228401982876734	IC	C57BL/6	Saline 3d	AngII 3d
234	deviations	234	Egr4_234	0.373508194246161	0.0132236902041214	IC	C57BL/6	Saline 3d	AngII 3d
401	deviations	401	Dlx3_401	0.373508194246161	0.0232738113870429	IC	C57BL/6	Saline 3d	AngII 3d
868	deviations	868	Tead4_868	0.373508194246161	0.0100403220225438	IC	C57BL/6	Saline 3d	AngII 3d
745	deviations	745	Sox21_745	0.375557999613505	-0.0189712620738769	IC	C57BL/6	Saline 3d	AngII 3d
465	deviations	465	Lhx8_465	0.375819887149038	0.0217165434276204	IC	C57BL/6	Saline 3d	AngII 3d
269	deviations	269	Spic_269	0.375828773084128	0.0106262621748179	IC	C57BL/6	Saline 3d	AngII 3d
468	deviations	468	Nkx11_468	0.376624152671148	0.0273633107634794	IC	C57BL/6	Saline 3d	AngII 3d
610	deviations	610	Nkx11_610	0.376624152671148	0.0273633107634794	IC	C57BL/6	Saline 3d	AngII 3d
535	deviations	535	Emx2_535	0.381787667935319	0.0363526560818507	IC	C57BL/6	Saline 3d	AngII 3d
505	deviations	505	Alx1_505	0.382084998991647	0.0270243852152533	IC	C57BL/6	Saline 3d	AngII 3d
653	deviations	653	Pparg_653	0.382084998991647	-0.0197919071851175	IC	C57BL/6	Saline 3d	AngII 3d
388	deviations	388	Gcm1_388	0.382367475516074	0.0240827745028043	IC	C57BL/6	Saline 3d	AngII 3d
600	deviations	600	NP_600	0.382394706913726	0.0169825503122736	IC	C57BL/6	Saline 3d	AngII 3d
621	deviations	621	Pit1_621	0.38345819353769	0.0220890501064066	IC	C57BL/6	Saline 3d	AngII 3d
406	deviations	406	Hoxc6_406	0.384302293691675	0.0297627673006649	IC	C57BL/6	Saline 3d	AngII 3d
734	deviations	734	Lef1_734	0.384302293691675	0.0186007129367475	IC	C57BL/6	Saline 3d	AngII 3d
123	deviations	123	Mafg_123	0.385934628694663	-0.0222138163484802	IC	C57BL/6	Saline 3d	AngII 3d
142	deviations	142	Sp1_142	0.385934628694663	0.00569148425387172	IC	C57BL/6	Saline 3d	AngII 3d
331	deviations	331	Gm5294_331	0.386592624427588	-0.0226065087119691	IC	C57BL/6	Saline 3d	AngII 3d
354	deviations	354	Foxl1_354	0.386592624427588	-0.0226065087119691	IC	C57BL/6	Saline 3d	AngII 3d
831	deviations	831	Foxa3_831	0.386592624427588	-0.0226065087119691	IC	C57BL/6	Saline 3d	AngII 3d
663	deviations	663	Rarb_663	0.388459185619823	-0.00680498961179108	IC	C57BL/6	Saline 3d	AngII 3d
427	deviations	427	Dlx4_427	0.390072716528746	0.0254280376274055	IC	C57BL/6	Saline 3d	AngII 3d
543	deviations	543	Msx1_543	0.392533378322309	0.0215986511972113	IC	C57BL/6	Saline 3d	AngII 3d
641	deviations	641	Mbd2_641	0.392533378322309	0.00867713466167502	IC	C57BL/6	Saline 3d	AngII 3d
207	deviations	207	Sp8_207	0.392607129823449	-0.00410287534820605	IC	C57BL/6	Saline 3d	AngII 3d
222	deviations	222	Sp7_222	0.392607129823449	-0.00410287534820605	IC	C57BL/6	Saline 3d	AngII 3d
231	deviations	231	Sp9_231	0.392607129823449	-0.00410287534820605	IC	C57BL/6	Saline 3d	AngII 3d
631	deviations	631	Irf1_631	0.392607129823449	0.0074040180382976	IC	C57BL/6	Saline 3d	AngII 3d
766	deviations	766	Tbx19_766	0.392607129823449	-0.0280059881215756	IC	C57BL/6	Saline 3d	AngII 3d
19	deviations	19	Npas1_19	0.393965931548672	-0.0257594970050073	IC	C57BL/6	Saline 3d	AngII 3d
30	deviations	30	Sim1_30	0.393965931548672	-0.0257594970050073	IC	C57BL/6	Saline 3d	AngII 3d
34	deviations	34	Npas3_34	0.393965931548672	-0.0257594970050073	IC	C57BL/6	Saline 3d	AngII 3d
92	deviations	92	Sim2_92	0.393965931548672	-0.0257594970050073	IC	C57BL/6	Saline 3d	AngII 3d
5	deviations	5	Tcfap2d_5	0.394141068548292	0.00293904296281293	IC	C57BL/6	Saline 3d	AngII 3d
492	deviations	492	Barhl2_492	0.394141068548292	0.0194864829865129	IC	C57BL/6	Saline 3d	AngII 3d
4	deviations	4	Tcfap2e_4	0.396503954128159	-0.00878853679941782	IC	C57BL/6	Saline 3d	AngII 3d
98	deviations	98	Fosb_98	0.396503954128159	-0.0205732059228663	IC	C57BL/6	Saline 3d	AngII 3d
416	deviations	416	Pou6f1_416	0.396503954128159	0.0223411578130269	IC	C57BL/6	Saline 3d	AngII 3d
118	deviations	118	Creb3l2_118	0.397328260128882	0.00964034046489326	IC	C57BL/6	Saline 3d	AngII 3d
850	deviations	850	Nr1h4_850	0.397328260128882	-0.00826298516540908	IC	C57BL/6	Saline 3d	AngII 3d
851	deviations	851	Nr1h5_851	0.397328260128882	-0.00826298516540908	IC	C57BL/6	Saline 3d	AngII 3d
1	deviations	1	Tcfap2a_1	0.399259262974577	-0.00920123465989235	IC	C57BL/6	Saline 3d	AngII 3d
10	deviations	10	Arid3c_10	0.401157700100313	0.011516484938177	IC	C57BL/6	Saline 3d	AngII 3d
43	deviations	43	Msc_43	0.401157700100313	-0.0382264674126108	IC	C57BL/6	Saline 3d	AngII 3d
161	deviations	161	Osr2_161	0.401157700100313	0.0302193219145626	IC	C57BL/6	Saline 3d	AngII 3d
7	deviations	7	Arid3a_7	0.406351717840346	0.0165756772191522	IC	C57BL/6	Saline 3d	AngII 3d
79	deviations	79	Tcf21_79	0.406351717840346	-0.0186580462715855	IC	C57BL/6	Saline 3d	AngII 3d
717	deviations	717	Sp140_717	0.406351717840346	-0.0381446303967326	IC	C57BL/6	Saline 3d	AngII 3d
720	deviations	720	IRC900814_720	0.406351717840346	-0.0381446303967326	IC	C57BL/6	Saline 3d	AngII 3d
156	deviations	156	Zkscan3_156	0.411090838111088	-0.015836483099629	IC	C57BL/6	Saline 3d	AngII 3d
216	deviations	216	Zkscan4_216	0.411090838111088	-0.015836483099629	IC	C57BL/6	Saline 3d	AngII 3d
223	deviations	223	Zfp128_223	0.411747035171547	0.0245272443049943	IC	C57BL/6	Saline 3d	AngII 3d
458	deviations	458	Lhx6_458	0.413066936723967	0.0330653721384651	IC	C57BL/6	Saline 3d	AngII 3d
585	deviations	585	NP_585	0.413066936723967	0.0330653721384651	IC	C57BL/6	Saline 3d	AngII 3d
2	deviations	2	Tcfap2b_2	0.428000378102658	-0.00830344640627411	IC	C57BL/6	Saline 3d	AngII 3d
528	deviations	528	Dlx1_528	0.433330072821972	0.020379325854652	IC	C57BL/6	Saline 3d	AngII 3d
99	deviations	99	Hlf_99	0.435937034829928	-0.0152500696032832	IC	C57BL/6	Saline 3d	AngII 3d
564	deviations	564	Nkx29_564	0.43661808013935	-0.0163564418777944	IC	C57BL/6	Saline 3d	AngII 3d
24	deviations	24	Myod1_24	0.439094446705439	-0.00899432830214814	IC	C57BL/6	Saline 3d	AngII 3d
685	deviations	685	Rara_685	0.439094446705439	-0.0107153323424179	IC	C57BL/6	Saline 3d	AngII 3d
182	deviations	182	Zbtb1_182	0.441448304799772	0.0165012843526399	IC	C57BL/6	Saline 3d	AngII 3d
236	deviations	236	Klf12_236	0.44478517228923	0.00320543190780283	IC	C57BL/6	Saline 3d	AngII 3d
382	deviations	382	Gata6_382	0.44478517228923	-0.0171045169223754	IC	C57BL/6	Saline 3d	AngII 3d
374	deviations	374	Foxl1_374	0.448141679026864	-0.0148624397893274	IC	C57BL/6	Saline 3d	AngII 3d
788	deviations	788	Ddit3_788	0.448141679026864	-0.0107557386842522	IC	C57BL/6	Saline 3d	AngII 3d
302	deviations	302	Foxp1_302	0.450529596007056	-0.0215730824988754	IC	C57BL/6	Saline 3d	AngII 3d
100	deviations	100	Atf6b_100	0.451102303902816	-0.0115377269511212	IC	C57BL/6	Saline 3d	AngII 3d
111	deviations	111	Atf6_111	0.451102303902816	-0.0115377269511212	IC	C57BL/6	Saline 3d	AngII 3d
612	deviations	612	Pax2_612	0.452938946595958	-0.0273728235585297	IC	C57BL/6	Saline 3d	AngII 3d
672	deviations	672	Nr1i2_672	0.45521582150646	-0.00853195649390504	IC	C57BL/6	Saline 3d	AngII 3d
791	deviations	791	Atf5_791	0.45521582150646	-0.0276311120129404	IC	C57BL/6	Saline 3d	AngII 3d
42	deviations	42	Bhlhe22_42	0.458765182790132	-0.0263510967987868	IC	C57BL/6	Saline 3d	AngII 3d
495	deviations	495	Hdx_495	0.467925806882538	0.0183690676512299	IC	C57BL/6	Saline 3d	AngII 3d
670	deviations	670	Ppara_670	0.467925806882538	0.012661926286909	IC	C57BL/6	Saline 3d	AngII 3d
164	deviations	164	Zscan10_164	0.477923594459774	-0.0113193292529782	IC	C57BL/6	Saline 3d	AngII 3d
189	deviations	189	Prdm1_189	0.47834895249962	0.0163322506900767	IC	C57BL/6	Saline 3d	AngII 3d
195	deviations	195	Zic5_195	0.47834895249962	-0.00919359588688947	IC	C57BL/6	Saline 3d	AngII 3d
315	deviations	315	Foxe3_315	0.47834895249962	-0.0188929760800997	IC	C57BL/6	Saline 3d	AngII 3d
322	deviations	322	Foxd2_322	0.47834895249962	-0.0188929760800997	IC	C57BL/6	Saline 3d	AngII 3d
367	deviations	367	Foxl1_367	0.47834895249962	-0.00874485119805259	IC	C57BL/6	Saline 3d	AngII 3d
821	deviations	821	Ybx2_821	0.47834895249962	0.0120821819337006	IC	C57BL/6	Saline 3d	AngII 3d
822	deviations	822	Ybx1_822	0.47834895249962	0.0120821819337006	IC	C57BL/6	Saline 3d	AngII 3d
823	deviations	823	Csda_823	0.47834895249962	0.0120821819337006	IC	C57BL/6	Saline 3d	AngII 3d
265	deviations	265	Sfpi1_265	0.479102196224383	0.0132954720314742	IC	C57BL/6	Saline 3d	AngII 3d
96	deviations	96	Mga_96	0.483351766534139	-0.0106115676241842	IC	C57BL/6	Saline 3d	AngII 3d
508	deviations	508	Hoxa9_508	0.486744707062358	0.0156040933637928	IC	C57BL/6	Saline 3d	AngII 3d
188	deviations	188	Egr2_188	0.493695469199107	-0.00340975860773261	IC	C57BL/6	Saline 3d	AngII 3d
413	deviations	413	Vax1_413	0.497133140213869	0.0279769964765598	IC	C57BL/6	Saline 3d	AngII 3d
248	deviations	248	Mbd1_248	0.501481751924816	-0.0164288225745742	IC	C57BL/6	Saline 3d	AngII 3d
732	deviations	732	Tcf7l2_732	0.502854181716766	0.0150441546049338	IC	C57BL/6	Saline 3d	AngII 3d
731	deviations	731	Sox8_731	0.51314984627066	-0.0127464088754868	IC	C57BL/6	Saline 3d	AngII 3d
746	deviations	746	Sox7_746	0.51314984627066	-0.0127464088754868	IC	C57BL/6	Saline 3d	AngII 3d
49	deviations	49	Neurog2_49	0.514598430251444	-0.0357698882143312	IC	C57BL/6	Saline 3d	AngII 3d
75	deviations	75	Neurog3_75	0.514598430251444	-0.0357698882143312	IC	C57BL/6	Saline 3d	AngII 3d
83	deviations	83	Hes5_83	0.514598430251444	-0.0226312778108853	IC	C57BL/6	Saline 3d	AngII 3d
126	deviations	126	Jun_126	0.514782353126034	-0.0335328765361701	IC	C57BL/6	Saline 3d	AngII 3d
497	deviations	497	Vax2_497	0.515271468088793	0.0293993401708177	IC	C57BL/6	Saline 3d	AngII 3d
254	deviations	254	Dmrt2_254	0.522952369995246	-0.0129327415644482	IC	C57BL/6	Saline 3d	AngII 3d
678	deviations	678	Rorc_678	0.522952369995246	0.0103878198309496	IC	C57BL/6	Saline 3d	AngII 3d
744	deviations	744	Tcf7l1_744	0.524671258056228	0.0162727676138582	IC	C57BL/6	Saline 3d	AngII 3d
747	deviations	747	Sox11_747	0.526394035052571	-0.0234238100240744	IC	C57BL/6	Saline 3d	AngII 3d
439	deviations	439	Nkx31_439	0.527813509845717	0.0125364826775708	IC	C57BL/6	Saline 3d	AngII 3d
549	deviations	549	Hmx2_549	0.532896110777806	0.0189429318536577	IC	C57BL/6	Saline 3d	AngII 3d
550	deviations	550	Hoxc12_550	0.532896110777806	-0.0210052872623902	IC	C57BL/6	Saline 3d	AngII 3d
605	deviations	605	NP_605	0.532896110777806	-0.0210052872623902	IC	C57BL/6	Saline 3d	AngII 3d
620	deviations	620	Pou3f1_620	0.532896110777806	0.0241285897095465	IC	C57BL/6	Saline 3d	AngII 3d
820	deviations	820	Ctcfl_820	0.532896110777806	0.00489926876869374	IC	C57BL/6	Saline 3d	AngII 3d
824	deviations	824	Rbpj_824	0.532896110777806	0.0124675009293947	IC	C57BL/6	Saline 3d	AngII 3d
825	deviations	825	Rbpsuhrs3_825	0.532896110777806	0.0124675009293947	IC	C57BL/6	Saline 3d	AngII 3d
844	deviations	844	Nr1d1_844	0.53515792624756	-0.0163065359145672	IC	C57BL/6	Saline 3d	AngII 3d
845	deviations	845	Nr1d2_845	0.53515792624756	-0.0163065359145672	IC	C57BL/6	Saline 3d	AngII 3d
601	deviations	601	NP_601	0.537217780734759	-0.0208436667637115	IC	C57BL/6	Saline 3d	AngII 3d
113	deviations	113	Fosl2_113	0.539282459383113	-0.0216830752875021	IC	C57BL/6	Saline 3d	AngII 3d
77	deviations	77	Bhlhe23_77	0.542618256761782	-0.0193712577525833	IC	C57BL/6	Saline 3d	AngII 3d
511	deviations	511	Hoxb4_511	0.542618256761782	0.0197727041232772	IC	C57BL/6	Saline 3d	AngII 3d
768	deviations	768	Eomes_768	0.542618256761782	-0.0160110301565723	IC	C57BL/6	Saline 3d	AngII 3d
811	deviations	811	Zfp384_811	0.542618256761782	0.00569735947934795	IC	C57BL/6	Saline 3d	AngII 3d
48	deviations	48	Sohlh2_48	0.543053932739336	0.00857265143619017	IC	C57BL/6	Saline 3d	AngII 3d
86	deviations	86	Nhlh1_86	0.543053932739336	-0.00728202012109985	IC	C57BL/6	Saline 3d	AngII 3d
145	deviations	145	Klf5_145	0.543053932739336	-0.00209360739316099	IC	C57BL/6	Saline 3d	AngII 3d
151	deviations	151	Zbtb4_151	0.543053932739336	0.0136771699852646	IC	C57BL/6	Saline 3d	AngII 3d
380	deviations	380	Foxl1_380	0.543053932739336	-0.004696087491532	IC	C57BL/6	Saline 3d	AngII 3d
463	deviations	463	Shox2_463	0.543053932739336	0.0171357246273354	IC	C57BL/6	Saline 3d	AngII 3d
586	deviations	586	NP_586	0.543053932739336	0.0394709380607354	IC	C57BL/6	Saline 3d	AngII 3d
662	deviations	662	Rxra_662	0.543053932739336	-0.00992819245983018	IC	C57BL/6	Saline 3d	AngII 3d
835	deviations	835	Gcm2_835	0.543053932739336	0.0235852808348863	IC	C57BL/6	Saline 3d	AngII 3d
838	deviations	838	Nkx62_838	0.543053932739336	0.0196935907338405	IC	C57BL/6	Saline 3d	AngII 3d
552	deviations	552	Rhox11_552	0.543601160588854	-0.0141636200969571	IC	C57BL/6	Saline 3d	AngII 3d
410	deviations	410	Evx1_410	0.548158702683186	0.0251671917246306	IC	C57BL/6	Saline 3d	AngII 3d
78	deviations	78	Olig3_78	0.551014071864465	0.0370104631503035	IC	C57BL/6	Saline 3d	AngII 3d
94	deviations	94	Atoh1_94	0.551014071864465	-0.0300952641849501	IC	C57BL/6	Saline 3d	AngII 3d
488	deviations	488	Barx2_488	0.551014071864465	0.0150829524405864	IC	C57BL/6	Saline 3d	AngII 3d
626	deviations	626	Hsf1_626	0.551014071864465	0.010927784600076	IC	C57BL/6	Saline 3d	AngII 3d
664	deviations	664	Hnf4g_664	0.551014071864465	0.0342388723128396	IC	C57BL/6	Saline 3d	AngII 3d
676	deviations	676	Esrrg_676	0.551014071864465	-0.00991619811417561	IC	C57BL/6	Saline 3d	AngII 3d
784	deviations	784	Neurod1_784	0.551014071864465	-0.0300952641849501	IC	C57BL/6	Saline 3d	AngII 3d
786	deviations	786	Neurod6_786	0.551014071864465	-0.0300952641849501	IC	C57BL/6	Saline 3d	AngII 3d
787	deviations	787	Neurod4_787	0.551014071864465	-0.0300952641849501	IC	C57BL/6	Saline 3d	AngII 3d
62	deviations	62	Mitf_62	0.553431102366117	0.00659201354232301	IC	C57BL/6	Saline 3d	AngII 3d
165	deviations	165	Zfp523_165	0.554258381081186	0.00824139850623902	IC	C57BL/6	Saline 3d	AngII 3d
633	deviations	633	Irf7_633	0.554258381081186	0.0048503128166432	IC	C57BL/6	Saline 3d	AngII 3d
38	deviations	38	Srebf2_38	0.554705341167312	0.0132399985597461	IC	C57BL/6	Saline 3d	AngII 3d
85	deviations	85	Neurog1_85	0.554705341167312	-0.0280801412030666	IC	C57BL/6	Saline 3d	AngII 3d
103	deviations	103	Xbp1_103	0.554705341167312	-0.0229544949279545	IC	C57BL/6	Saline 3d	AngII 3d
176	deviations	176	Zbtb49_176	0.554705341167312	0.0149265685442924	IC	C57BL/6	Saline 3d	AngII 3d
305	deviations	305	Foxj1_305	0.554705341167312	-0.00669020176661431	IC	C57BL/6	Saline 3d	AngII 3d
335	deviations	335	Gm5294_335	0.554705341167312	-0.00669020176661431	IC	C57BL/6	Saline 3d	AngII 3d
357	deviations	357	Foxl1_357	0.554705341167312	-0.00669020176661431	IC	C57BL/6	Saline 3d	AngII 3d
448	deviations	448	Cdx1_448	0.554705341167312	0.0129172628989378	IC	C57BL/6	Saline 3d	AngII 3d
481	deviations	481	Cdx4_481	0.554705341167312	0.0129172628989378	IC	C57BL/6	Saline 3d	AngII 3d
506	deviations	506	Hoxa13_506	0.554705341167312	-0.0135028106450572	IC	C57BL/6	Saline 3d	AngII 3d
544	deviations	544	Duxbl_544	0.554705341167312	0.0207416277999473	IC	C57BL/6	Saline 3d	AngII 3d
575	deviations	575	Gm10391_575	0.554705341167312	0.0207416277999473	IC	C57BL/6	Saline 3d	AngII 3d
576	deviations	576	Gm10394_576	0.554705341167312	0.0207416277999473	IC	C57BL/6	Saline 3d	AngII 3d
740	deviations	740	Sox18_740	0.554705341167312	-0.019207775146906	IC	C57BL/6	Saline 3d	AngII 3d
625	deviations	625	Hsf2_625	0.558341255350901	0.0164510535425038	IC	C57BL/6	Saline 3d	AngII 3d
709	deviations	709	Rfx7_709	0.558341255350901	-0.00954551543611511	IC	C57BL/6	Saline 3d	AngII 3d
166	deviations	166	Ovol1_166	0.565343912678435	-0.00977333605847466	IC	C57BL/6	Saline 3d	AngII 3d
624	deviations	624	Pit1_624	0.565343912678435	0.0123895061603094	IC	C57BL/6	Saline 3d	AngII 3d
627	deviations	627	Hsf4_627	0.565343912678435	0.0116742451757442	IC	C57BL/6	Saline 3d	AngII 3d
656	deviations	656	Ppard_656	0.565343912678435	0.0155746885503891	IC	C57BL/6	Saline 3d	AngII 3d
829	deviations	829	Foxn3_829	0.565636219676682	-0.0190577688263001	IC	C57BL/6	Saline 3d	AngII 3d
167	deviations	167	Sp4_167	0.566533601774783	0.0038389695425026	IC	C57BL/6	Saline 3d	AngII 3d
533	deviations	533	Hoxa6_533	0.566533601774783	0.0158017601947412	IC	C57BL/6	Saline 3d	AngII 3d
794	deviations	794	Klf6_794	0.572059375758189	0.00266204946495214	IC	C57BL/6	Saline 3d	AngII 3d
804	deviations	804	Klf3_804	0.572059375758189	0.00266204946495214	IC	C57BL/6	Saline 3d	AngII 3d
819	deviations	819	Klf2_819	0.572059375758189	0.00266204946495214	IC	C57BL/6	Saline 3d	AngII 3d
571	deviations	571	Gbx1_571	0.57266844898456	0.0230312287990364	IC	C57BL/6	Saline 3d	AngII 3d
599	deviations	599	NP_599	0.57482810815774	-0.00510699735908518	IC	C57BL/6	Saline 3d	AngII 3d
408	deviations	408	Hoxd13_408	0.58197694922616	-0.00745131577937459	IC	C57BL/6	Saline 3d	AngII 3d
135	deviations	135	Jund_135	0.582277561105473	0.0102096176898579	IC	C57BL/6	Saline 3d	AngII 3d
338	deviations	338	Gm5294_338	0.584445091072125	-0.00999615366959272	IC	C57BL/6	Saline 3d	AngII 3d
364	deviations	364	Foxl1_364	0.584445091072125	-0.00999615366959272	IC	C57BL/6	Saline 3d	AngII 3d
547	deviations	547	Hoxb13_547	0.585367852162399	-0.0148335798928973	IC	C57BL/6	Saline 3d	AngII 3d
636	deviations	636	Irf2_636	0.585367852162399	0.010280769555622	IC	C57BL/6	Saline 3d	AngII 3d
205	deviations	205	Scrt1_205	0.592259878962713	-0.00875375129300197	IC	C57BL/6	Saline 3d	AngII 3d
230	deviations	230	Insm1_230	0.592880628038564	-0.000673667036733539	IC	C57BL/6	Saline 3d	AngII 3d
175	deviations	175	Mtf1_175	0.595392813675807	-0.0142838836940182	IC	C57BL/6	Saline 3d	AngII 3d
428	deviations	428	Hoxb9_428	0.596955997438122	-0.0100682049361156	IC	C57BL/6	Saline 3d	AngII 3d
591	deviations	591	NP_591	0.596955997438122	-0.0100682049361156	IC	C57BL/6	Saline 3d	AngII 3d
178	deviations	178	Zkscan1_178	0.599782236609291	-0.0118405007495318	IC	C57BL/6	Saline 3d	AngII 3d
490	deviations	490	Vsx1_490	0.599782236609291	0.0309146172937106	IC	C57BL/6	Saline 3d	AngII 3d
570	deviations	570	Hmx1_570	0.599782236609291	0.0164384846811562	IC	C57BL/6	Saline 3d	AngII 3d
581	deviations	581	Hoxc4_581	0.599782236609291	0.0163383560972021	IC	C57BL/6	Saline 3d	AngII 3d
129	deviations	129	Cebpg_129	0.605157236746396	-0.024576488167251	IC	C57BL/6	Saline 3d	AngII 3d
41	deviations	41	Tcfeb_41	0.609914012724025	0.00982057242400204	IC	C57BL/6	Saline 3d	AngII 3d
163	deviations	163	Zfp263_163	0.609914012724025	0.00469815655574271	IC	C57BL/6	Saline 3d	AngII 3d
877	deviations	877	Zfp263_877	0.609914012724025	0.00469815655574271	IC	C57BL/6	Saline 3d	AngII 3d
765	deviations	765	Tbx3_765	0.61054931593584	-0.00540152299741604	IC	C57BL/6	Saline 3d	AngII 3d
593	deviations	593	NP_593	0.616604629139728	-0.0137698036444094	IC	C57BL/6	Saline 3d	AngII 3d
614	deviations	614	Pax6_614	0.616604629139728	0.0160197786718267	IC	C57BL/6	Saline 3d	AngII 3d
384	deviations	384	Gata3_384	0.616923732683412	-0.0152331908525075	IC	C57BL/6	Saline 3d	AngII 3d
554	deviations	554	Pbx1_554	0.618522138201049	-0.0177139266331192	IC	C57BL/6	Saline 3d	AngII 3d
157	deviations	157	Hivep1_157	0.618866064884762	0.00572784283185928	IC	C57BL/6	Saline 3d	AngII 3d
271	deviations	271	Spib_271	0.618866064884762	0.00405752020081549	IC	C57BL/6	Saline 3d	AngII 3d
304	deviations	304	Foxh1_304	0.618866064884762	-0.0098826851940502	IC	C57BL/6	Saline 3d	AngII 3d
797	deviations	797	Hivep2_797	0.618866064884762	0.00572784283185928	IC	C57BL/6	Saline 3d	AngII 3d
803	deviations	803	Hivep3_803	0.618866064884762	0.00572784283185928	IC	C57BL/6	Saline 3d	AngII 3d
558	deviations	558	Obox1_558	0.619512890766895	0.0126046352361829	IC	C57BL/6	Saline 3d	AngII 3d
27	deviations	27	Mlx_27	0.622712942816075	0.00428738163218905	IC	C57BL/6	Saline 3d	AngII 3d
692	deviations	692	Trp53_692	0.623681285230118	-0.00855409295514836	IC	C57BL/6	Saline 3d	AngII 3d
53	deviations	53	Tcfec_53	0.624331255203373	0.00567858318208362	IC	C57BL/6	Saline 3d	AngII 3d
63	deviations	63	Myf6_63	0.644010267263549	0.0123999034645843	IC	C57BL/6	Saline 3d	AngII 3d
727	deviations	727	Hbp1_727	0.644010267263549	-0.00868333201068755	IC	C57BL/6	Saline 3d	AngII 3d
651	deviations	651	Gm239_651	0.644336487854023	0.0159723156985693	IC	C57BL/6	Saline 3d	AngII 3d
708	deviations	708	Rfx1_708	0.650858278785831	-0.00862393502251324	IC	C57BL/6	Saline 3d	AngII 3d
566	deviations	566	Tgif2_566	0.651511181684912	0.00904157890935686	IC	C57BL/6	Saline 3d	AngII 3d
867	deviations	867	Tead3_867	0.652492097902568	-0.0100622415362261	IC	C57BL/6	Saline 3d	AngII 3d
179	deviations	179	Mzf1_179	0.652493340243313	-0.0055144557011153	IC	C57BL/6	Saline 3d	AngII 3d
69	deviations	69	Neurod2_69	0.655441198673458	-0.0272722338760868	IC	C57BL/6	Saline 3d	AngII 3d
294	deviations	294	Gm4881_294	0.655441198673458	0.00898534886486822	IC	C57BL/6	Saline 3d	AngII 3d
707	deviations	707	Rfx2_707	0.657412469691061	-0.0134825566044071	IC	C57BL/6	Saline 3d	AngII 3d
711	deviations	711	Rfx8_711	0.657412469691061	-0.0134825566044071	IC	C57BL/6	Saline 3d	AngII 3d
622	deviations	622	Pit1_622	0.659382136591037	-0.00965291692522664	IC	C57BL/6	Saline 3d	AngII 3d
115	deviations	115	Cebpa_115	0.661026087811789	-0.00994317159456795	IC	C57BL/6	Saline 3d	AngII 3d
11	deviations	11	Arid2_11	0.663005977290913	-0.0109660180484635	IC	C57BL/6	Saline 3d	AngII 3d
650	deviations	650	Prdm11_650	0.663005977290913	0.02263294705619	IC	C57BL/6	Saline 3d	AngII 3d
107	deviations	107	Fosl1_107	0.664089148783152	-0.0214564267373898	IC	C57BL/6	Saline 3d	AngII 3d
181	deviations	181	Zic1_181	0.664089148783152	-0.00944978790802676	IC	C57BL/6	Saline 3d	AngII 3d
184	deviations	184	Klf9_184	0.664089148783152	0.0213562812577358	IC	C57BL/6	Saline 3d	AngII 3d
194	deviations	194	Klf8_194	0.664089148783152	0.0017548010049306	IC	C57BL/6	Saline 3d	AngII 3d
246	deviations	246	Lin54_246	0.664089148783152	0.0105914043052211	IC	C57BL/6	Saline 3d	AngII 3d
453	deviations	453	Msx3_453	0.664089148783152	0.0108573009745296	IC	C57BL/6	Saline 3d	AngII 3d
480	deviations	480	Dbx1_480	0.664089148783152	0.0207085607880393	IC	C57BL/6	Saline 3d	AngII 3d
589	deviations	589	NP_589	0.664089148783152	0.0182359121685454	IC	C57BL/6	Saline 3d	AngII 3d
473	deviations	473	Cdx2_473	0.66606671724657	0.0102819530607401	IC	C57BL/6	Saline 3d	AngII 3d
632	deviations	632	Irf4_632	0.678242753671194	0.0151786517926563	IC	C57BL/6	Saline 3d	AngII 3d
722	deviations	722	Nfix_722	0.678242753671194	0.00986758704578761	IC	C57BL/6	Saline 3d	AngII 3d
694	deviations	694	Pax5_694	0.679574807889662	0.00281073948189047	IC	C57BL/6	Saline 3d	AngII 3d
534	deviations	534	Hoxd9_534	0.679588403101592	-0.00982529290639108	IC	C57BL/6	Saline 3d	AngII 3d
390	deviations	390	Grhl1_390	0.683563595574132	-0.00744453380854959	IC	C57BL/6	Saline 3d	AngII 3d
715	deviations	715	Gmeb1_715	0.694863644094569	0.0183535998368958	IC	C57BL/6	Saline 3d	AngII 3d
657	deviations	657	Nr2f6_657	0.694870077028595	-0.0054081218472405	IC	C57BL/6	Saline 3d	AngII 3d
474	deviations	474	Cux1_474	0.696210998642079	-0.0105723097537371	IC	C57BL/6	Saline 3d	AngII 3d
640	deviations	640	Mef2a_640	0.697886468074424	-0.00972249717157461	IC	C57BL/6	Saline 3d	AngII 3d
229	deviations	229	Zic3_229	0.702571802425665	-0.00935121046963139	IC	C57BL/6	Saline 3d	AngII 3d
70	deviations	70	Mlxip_70	0.708456844931017	-0.0111485302509126	IC	C57BL/6	Saline 3d	AngII 3d
345	deviations	345	Gm5294_345	0.708456844931017	-0.00981394588115306	IC	C57BL/6	Saline 3d	AngII 3d
371	deviations	371	Foxl1_371	0.708456844931017	-0.00981394588115306	IC	C57BL/6	Saline 3d	AngII 3d
420	deviations	420	Hoxa2_420	0.708456844931017	0.0163069447210111	IC	C57BL/6	Saline 3d	AngII 3d
446	deviations	446	Pou4f3_446	0.708456844931017	0.00689954985286272	IC	C57BL/6	Saline 3d	AngII 3d
509	deviations	509	Hoxa7_509	0.708456844931017	0.015278361063242	IC	C57BL/6	Saline 3d	AngII 3d
658	deviations	658	Nr1i3_658	0.708456844931017	-0.0024571526823077	IC	C57BL/6	Saline 3d	AngII 3d
695	deviations	695	Lcor_695	0.708456844931017	0.00117698334790081	IC	C57BL/6	Saline 3d	AngII 3d
723	deviations	723	Smad3_723	0.708456844931017	-0.00717014234775072	IC	C57BL/6	Saline 3d	AngII 3d
779	deviations	779	Mlxipl_779	0.708456844931017	0.00606766731204181	IC	C57BL/6	Saline 3d	AngII 3d
854	deviations	854	Pax8_854	0.708456844931017	0.0068730578451869	IC	C57BL/6	Saline 3d	AngII 3d
855	deviations	855	Pax1_855	0.708456844931017	0.0068730578451869	IC	C57BL/6	Saline 3d	AngII 3d
861	deviations	861	Smad2_861	0.708456844931017	-0.00717014234775072	IC	C57BL/6	Saline 3d	AngII 3d
879	deviations	879	Dmrta2_879	0.708456844931017	-0.0176577659936863	IC	C57BL/6	Saline 3d	AngII 3d
884	deviations	884	Smad9_884	0.708456844931017	-0.00717014234775072	IC	C57BL/6	Saline 3d	AngII 3d
673	deviations	673	Nr3c1_673	0.70950094919249	-0.00460902333914874	IC	C57BL/6	Saline 3d	AngII 3d
739	deviations	739	Sox3_739	0.70950094919249	-0.016476487097544	IC	C57BL/6	Saline 3d	AngII 3d
198	deviations	198	Hic1_198	0.716125922789819	-0.00790600306443684	IC	C57BL/6	Saline 3d	AngII 3d
208	deviations	208	Zfa_208	0.716125922789819	-0.00292652330428675	IC	C57BL/6	Saline 3d	AngII 3d
213	deviations	213	Zfy1_213	0.716125922789819	-0.00292652330428675	IC	C57BL/6	Saline 3d	AngII 3d
247	deviations	247	Cxxc1_247	0.716125922789819	0.0165071703557883	IC	C57BL/6	Saline 3d	AngII 3d
451	deviations	451	Lbx1_451	0.716125922789819	0.0124151146737858	IC	C57BL/6	Saline 3d	AngII 3d
491	deviations	491	Emx1_491	0.716125922789819	0.0212480955613834	IC	C57BL/6	Saline 3d	AngII 3d
635	deviations	635	Irf5_635	0.716125922789819	0.0232333891300815	IC	C57BL/6	Saline 3d	AngII 3d
665	deviations	665	Hnf4a_665	0.716125922789819	0.0136761822644941	IC	C57BL/6	Saline 3d	AngII 3d
860	deviations	860	Smad4_860	0.716125922789819	0.0062833555084163	IC	C57BL/6	Saline 3d	AngII 3d
863	deviations	863	Smad1_863	0.716125922789819	0.00385058113064362	IC	C57BL/6	Saline 3d	AngII 3d
883	deviations	883	Smad5_883	0.716125922789819	0.00385058113064362	IC	C57BL/6	Saline 3d	AngII 3d
737	deviations	737	Sox15_737	0.719805426252346	-0.0155595581047002	IC	C57BL/6	Saline 3d	AngII 3d
14	deviations	14	Hmga2_14	0.721307256274802	0.017695321791654	IC	C57BL/6	Saline 3d	AngII 3d
400	deviations	400	Irx2_400	0.721307256274802	0.00829255933928939	IC	C57BL/6	Saline 3d	AngII 3d
645	deviations	645	Cdc5l_645	0.721307256274802	-0.0150931565049791	IC	C57BL/6	Saline 3d	AngII 3d
776	deviations	776	Hmga1_776	0.721307256274802	0.017695321791654	IC	C57BL/6	Saline 3d	AngII 3d
777	deviations	777	Hmga1rs1_777	0.721307256274802	0.017695321791654	IC	C57BL/6	Saline 3d	AngII 3d
187	deviations	187	Zic4_187	0.725025102566951	-0.00483337297470449	IC	C57BL/6	Saline 3d	AngII 3d
214	deviations	214	Klf1_214	0.725025102566951	0.00302541040206352	IC	C57BL/6	Saline 3d	AngII 3d
644	deviations	644	Myb_644	0.727168673426944	0.0235526749844684	IC	C57BL/6	Saline 3d	AngII 3d
700	deviations	700	Nfatc2_700	0.727168673426944	0.00788991757071988	IC	C57BL/6	Saline 3d	AngII 3d
718	deviations	718	Sp110_718	0.727168673426944	-0.0032880073764023	IC	C57BL/6	Saline 3d	AngII 3d
719	deviations	719	AC1689771_719	0.727168673426944	-0.0032880073764023	IC	C57BL/6	Saline 3d	AngII 3d
95	deviations	95	Usf2_95	0.729940186737952	0.00432370133512776	IC	C57BL/6	Saline 3d	AngII 3d
716	deviations	716	Gmeb2_716	0.729940186737952	-0.0140352294523935	IC	C57BL/6	Saline 3d	AngII 3d
724	deviations	724	Nfic_724	0.729940186737952	0.00180478332730791	IC	C57BL/6	Saline 3d	AngII 3d
146	deviations	146	Ctcf_146	0.732949736595897	-0.00298836233583226	IC	C57BL/6	Saline 3d	AngII 3d
435	deviations	435	Irx4_435	0.732949736595897	-0.0144543649496904	IC	C57BL/6	Saline 3d	AngII 3d
520	deviations	520	Hmx3_520	0.732949736595897	-0.0139718485068931	IC	C57BL/6	Saline 3d	AngII 3d
588	deviations	588	NP_588	0.732949736595897	-0.0169827676394321	IC	C57BL/6	Saline 3d	AngII 3d
590	deviations	590	NP_590	0.732949736595897	-0.0139718485068931	IC	C57BL/6	Saline 3d	AngII 3d
721	deviations	721	IRC900814_721	0.732949736595897	-0.0256838723131867	IC	C57BL/6	Saline 3d	AngII 3d
826	deviations	826	Onecut1_826	0.732949736595897	-0.0130940528377325	IC	C57BL/6	Saline 3d	AngII 3d
827	deviations	827	Onecut2_827	0.732949736595897	-0.0130940528377325	IC	C57BL/6	Saline 3d	AngII 3d
17	deviations	17	Tcfe3_17	0.732996747743096	0.00411093104764087	IC	C57BL/6	Saline 3d	AngII 3d
80	deviations	80	Npas4_80	0.732996747743096	-0.00110290143056929	IC	C57BL/6	Saline 3d	AngII 3d
106	deviations	106	Atf1_106	0.732996747743096	0.0126461068557213	IC	C57BL/6	Saline 3d	AngII 3d
342	deviations	342	Gm5294_342	0.732996747743096	-0.0106041109489339	IC	C57BL/6	Saline 3d	AngII 3d
477	deviations	477	Dlx6_477	0.732996747743096	-0.0100021842218155	IC	C57BL/6	Saline 3d	AngII 3d
483	deviations	483	Irx3_483	0.732996747743096	-0.0128941729569042	IC	C57BL/6	Saline 3d	AngII 3d
628	deviations	628	Hsfy2_628	0.732996747743096	-0.0219267139057674	IC	C57BL/6	Saline 3d	AngII 3d
25	deviations	25	Arnt_25	0.734277569209251	-0.00407972866500492	IC	C57BL/6	Saline 3d	AngII 3d
170	deviations	170	Zfp282_170	0.734277569209251	-0.00109318945947253	IC	C57BL/6	Saline 3d	AngII 3d
531	deviations	531	Hoxd4_531	0.734277569209251	-0.00184539124627705	IC	C57BL/6	Saline 3d	AngII 3d
782	deviations	782	Tal1_782	0.734277569209251	-0.000792734893755527	IC	C57BL/6	Saline 3d	AngII 3d
783	deviations	783	Lyl1_783	0.734277569209251	-0.000792734893755527	IC	C57BL/6	Saline 3d	AngII 3d
46	deviations	46	Usf1_46	0.73466669126746	0.00753523411695742	IC	C57BL/6	Saline 3d	AngII 3d
703	deviations	703	Nfatc1_703	0.737015900694276	0.0104927309970501	IC	C57BL/6	Saline 3d	AngII 3d
461	deviations	461	Meis2_461	0.74020890399144	0.00556077382188128	IC	C57BL/6	Saline 3d	AngII 3d
713	deviations	713	Runx2_713	0.74020890399144	0.000835234011790743	IC	C57BL/6	Saline 3d	AngII 3d
730	deviations	730	Bbx_730	0.74020890399144	0.0117605214037787	IC	C57BL/6	Saline 3d	AngII 3d
769	deviations	769	Tbr1_769	0.74020890399144	-0.0113700209861201	IC	C57BL/6	Saline 3d	AngII 3d
403	deviations	403	Hoxc13_403	0.743867437678122	-0.0052211726628907	IC	C57BL/6	Saline 3d	AngII 3d
84	deviations	84	Nhlh2_84	0.747858586470795	0.00760638736364105	IC	C57BL/6	Saline 3d	AngII 3d
235	deviations	235	Zbtb3_235	0.748240037595795	0.00879209639166315	IC	C57BL/6	Saline 3d	AngII 3d
385	deviations	385	Gata5_385	0.748240037595795	0.00779157249829592	IC	C57BL/6	Saline 3d	AngII 3d
560	deviations	560	Hoxb8_560	0.748240037595795	0.00787739445108654	IC	C57BL/6	Saline 3d	AngII 3d
592	deviations	592	NP_592	0.748240037595795	0.00787739445108654	IC	C57BL/6	Saline 3d	AngII 3d
681	deviations	681	Nr3c2_681	0.748240037595795	0.00199075616673682	IC	C57BL/6	Saline 3d	AngII 3d
751	deviations	751	Sox4_751	0.748240037595795	-0.00591870502155295	IC	C57BL/6	Saline 3d	AngII 3d
629	deviations	629	Irf9_629	0.749611990988994	-0.0236395805332524	IC	C57BL/6	Saline 3d	AngII 3d
872	deviations	872	Wt1_872	0.752617255338479	-0.00167851194392882	IC	C57BL/6	Saline 3d	AngII 3d
690	deviations	690	Nr2f1_690	0.75268301637307	-0.0094993221602904	IC	C57BL/6	Saline 3d	AngII 3d
44	deviations	44	Npas2_44	0.753026041484303	-0.0108984603663344	IC	C57BL/6	Saline 3d	AngII 3d
250	deviations	250	Dmrtc2_250	0.753026041484303	-0.00117344462044543	IC	C57BL/6	Saline 3d	AngII 3d
411	deviations	411	Otx1_411	0.753026041484303	-0.00919431441149475	IC	C57BL/6	Saline 3d	AngII 3d
464	deviations	464	Pitx2_464	0.753026041484303	-0.00919431441149475	IC	C57BL/6	Saline 3d	AngII 3d
807	deviations	807	Maz_807	0.753026041484303	-0.0013350936947764	IC	C57BL/6	Saline 3d	AngII 3d
441	deviations	441	Hoxc5_441	0.754723862967756	0.0108281111061974	IC	C57BL/6	Saline 3d	AngII 3d
510	deviations	510	Hoxa5_510	0.755445563073284	0.0132785943230129	IC	C57BL/6	Saline 3d	AngII 3d
104	deviations	104	Fos_104	0.756167495480492	0.00990709374126448	IC	C57BL/6	Saline 3d	AngII 3d
160	deviations	160	Zfp187_160	0.771189825550006	0.0121944708398219	IC	C57BL/6	Saline 3d	AngII 3d
476	deviations	476	Nobox_476	0.771189825550006	0.00740491371646831	IC	C57BL/6	Saline 3d	AngII 3d
517	deviations	517	En2_517	0.771189825550006	0.00962844350736517	IC	C57BL/6	Saline 3d	AngII 3d
530	deviations	530	Hoxd1_530	0.771189825550006	0.00962844350736517	IC	C57BL/6	Saline 3d	AngII 3d
536	deviations	536	Nkx26_536	0.771189825550006	0.0103999373467772	IC	C57BL/6	Saline 3d	AngII 3d
55	deviations	55	Bhlhe40_55	0.773610128269245	0.0114639608787859	IC	C57BL/6	Saline 3d	AngII 3d
150	deviations	150	Sp2_150	0.773610128269245	0.00166070746148944	IC	C57BL/6	Saline 3d	AngII 3d
108	deviations	108	Bach1_108	0.775115365834656	-0.0140873766266207	IC	C57BL/6	Saline 3d	AngII 3d
127	deviations	127	Junb_127	0.775115365834656	-0.00491342571523184	IC	C57BL/6	Saline 3d	AngII 3d
687	deviations	687	Ar_687	0.775115365834656	-0.0087184799829497	IC	C57BL/6	Saline 3d	AngII 3d
121	deviations	121	Atf4_121	0.776488806332339	-0.00814057501441393	IC	C57BL/6	Saline 3d	AngII 3d
9	deviations	9	Arid5a_9	0.776555750560604	-0.0129006809619255	IC	C57BL/6	Saline 3d	AngII 3d
392	deviations	392	Dux_392	0.779562314586648	0.0126749257465941	IC	C57BL/6	Saline 3d	AngII 3d
81	deviations	81	Olig1_81	0.782243493767737	-0.0181243850373018	IC	C57BL/6	Saline 3d	AngII 3d
493	deviations	493	Six4_493	0.785908218786126	0.0127175898450813	IC	C57BL/6	Saline 3d	AngII 3d
514	deviations	514	Hoxb7_514	0.787936725496577	0.00846750052197871	IC	C57BL/6	Saline 3d	AngII 3d
404	deviations	404	Hoxc11_404	0.789699755855031	-0.00448614680057238	IC	C57BL/6	Saline 3d	AngII 3d
637	deviations	637	Naif1_637	0.789699755855031	0.0225508970880126	IC	C57BL/6	Saline 3d	AngII 3d
693	deviations	693	Pax9_693	0.793366917616505	-0.00658013870230697	IC	C57BL/6	Saline 3d	AngII 3d
772	deviations	772	Tbp_772	0.797933280698708	0.0112864229516614	IC	C57BL/6	Saline 3d	AngII 3d
773	deviations	773	Tbpl2_773	0.797933280698708	0.0112864229516614	IC	C57BL/6	Saline 3d	AngII 3d
864	deviations	864	Tbx15_864	0.797933280698708	-0.0113370740587898	IC	C57BL/6	Saline 3d	AngII 3d
865	deviations	865	Tbx22_865	0.797933280698708	-0.0113370740587898	IC	C57BL/6	Saline 3d	AngII 3d
866	deviations	866	Tbx18_866	0.797933280698708	-0.0113370740587898	IC	C57BL/6	Saline 3d	AngII 3d
604	deviations	604	NP_604	0.799959980809679	-0.0141405507424302	IC	C57BL/6	Saline 3d	AngII 3d
705	deviations	705	Rfx6_705	0.805924501577862	-0.0033584331498641	IC	C57BL/6	Saline 3d	AngII 3d
472	deviations	472	Pdx1_472	0.807295293502164	-0.0131043507034176	IC	C57BL/6	Saline 3d	AngII 3d
596	deviations	596	NP_596	0.80866578297784	0.0140816858094086	IC	C57BL/6	Saline 3d	AngII 3d
405	deviations	405	Hoxc8_405	0.812665750194764	0.0141216600352805	IC	C57BL/6	Saline 3d	AngII 3d
37	deviations	37	Myc_37	0.814163682348179	-0.003256443859384	IC	C57BL/6	Saline 3d	AngII 3d
240	deviations	240	Zfx_240	0.814163682348179	0.0110226906130125	IC	C57BL/6	Saline 3d	AngII 3d
425	deviations	425	Meis1_425	0.814163682348179	0.00466123283574916	IC	C57BL/6	Saline 3d	AngII 3d
433	deviations	433	Msx2_433	0.814163682348179	0.00320718378296337	IC	C57BL/6	Saline 3d	AngII 3d
444	deviations	444	Esx1_444	0.814163682348179	0.0141367234044606	IC	C57BL/6	Saline 3d	AngII 3d
578	deviations	578	Obox5_578	0.814163682348179	-0.00947551881367228	IC	C57BL/6	Saline 3d	AngII 3d
579	deviations	579	AC1890281_579	0.814163682348179	-0.00947551881367228	IC	C57BL/6	Saline 3d	AngII 3d
608	deviations	608	NP_608	0.814163682348179	-0.00947551881367228	IC	C57BL/6	Saline 3d	AngII 3d
609	deviations	609	Q8VHG7_609	0.814163682348179	-0.00947551881367228	IC	C57BL/6	Saline 3d	AngII 3d
67	deviations	67	Atoh8_67	0.817819392104811	-0.00248101852230913	IC	C57BL/6	Saline 3d	AngII 3d
172	deviations	172	Gfi1b_172	0.817877876515582	0.0095498719117382	IC	C57BL/6	Saline 3d	AngII 3d
551	deviations	551	Hoxd10_551	0.823170439552164	0.00992754008427951	IC	C57BL/6	Saline 3d	AngII 3d
309	deviations	309	Foxq1_309	0.824647304303525	-0.00415870085950643	IC	C57BL/6	Saline 3d	AngII 3d
489	deviations	489	Isl2_489	0.824647304303525	0.00295877359104463	IC	C57BL/6	Saline 3d	AngII 3d
529	deviations	529	Isl1_529	0.824647304303525	0.00295877359104463	IC	C57BL/6	Saline 3d	AngII 3d
587	deviations	587	NP_587	0.82633843095608	0.0168388159666974	IC	C57BL/6	Saline 3d	AngII 3d
565	deviations	565	Irx1_565	0.826394723390428	-0.00806861757052145	IC	C57BL/6	Saline 3d	AngII 3d
101	deviations	101	Nfe2l2_101	0.826451748504927	-0.00215914855365711	IC	C57BL/6	Saline 3d	AngII 3d
878	deviations	878	Zfp263_878	0.828141120831884	4.39726829301254e-07	IC	C57BL/6	Saline 3d	AngII 3d
119	deviations	119	Bach2_119	0.829234142383951	-0.000915565365954177	IC	C57BL/6	Saline 3d	AngII 3d
597	deviations	597	NP_597	0.829234142383951	0.00322521635052498	IC	C57BL/6	Saline 3d	AngII 3d
680	deviations	680	Nr2f2_680	0.829943667603369	-0.0104006996889172	IC	C57BL/6	Saline 3d	AngII 3d
733	deviations	733	Sox17_733	0.836199180384478	0.00775091189344645	IC	C57BL/6	Saline 3d	AngII 3d
40	deviations	40	Hes7_40	0.836263628462225	0.00196959115413762	IC	C57BL/6	Saline 3d	AngII 3d
50	deviations	50	Mycl1_50	0.836263628462225	-0.0121002045339692	IC	C57BL/6	Saline 3d	AngII 3d
65	deviations	65	Mycn_65	0.836263628462225	-0.0121002045339692	IC	C57BL/6	Saline 3d	AngII 3d
76	deviations	76	Mycs_76	0.836263628462225	-0.0121002045339692	IC	C57BL/6	Saline 3d	AngII 3d
251	deviations	251	Dmrt1_251	0.836263628462225	-0.000601338335626471	IC	C57BL/6	Saline 3d	AngII 3d
361	deviations	361	Foxl1_361	0.836263628462225	-0.00855166996948363	IC	C57BL/6	Saline 3d	AngII 3d
615	deviations	615	Pou1f1_615	0.836263628462225	-0.00661581391674796	IC	C57BL/6	Saline 3d	AngII 3d
619	deviations	619	Pou2f1_619	0.83832779342581	0.00168143435335533	IC	C57BL/6	Saline 3d	AngII 3d
638	deviations	638	Mef2c_638	0.83832779342581	-0.00745888239191234	IC	C57BL/6	Saline 3d	AngII 3d
387	deviations	387	Gata1_387	0.839683604270366	-0.00965554725338907	IC	C57BL/6	Saline 3d	AngII 3d
450	deviations	450	Tlx1_450	0.840242639718253	0.0102783109115366	IC	C57BL/6	Saline 3d	AngII 3d
522	deviations	522	Tlx3_522	0.840242639718253	0.0102783109115366	IC	C57BL/6	Saline 3d	AngII 3d
805	deviations	805	Rest_805	0.840242639718253	0.00312695460486114	IC	C57BL/6	Saline 3d	AngII 3d
876	deviations	876	Zfp263_876	0.840242639718253	-0.00048832277245655	IC	C57BL/6	Saline 3d	AngII 3d
190	deviations	190	Egr1_190	0.844096409832684	-0.000729930487006539	IC	C57BL/6	Saline 3d	AngII 3d
603	deviations	603	NP_603	0.844096409832684	-0.00967789609927885	IC	C57BL/6	Saline 3d	AngII 3d
607	deviations	607	NP_607	0.844096409832684	0.00171963201413566	IC	C57BL/6	Saline 3d	AngII 3d
761	deviations	761	Tbx4_761	0.844096409832684	-0.0050055673807291	IC	C57BL/6	Saline 3d	AngII 3d
764	deviations	764	Tbx5_764	0.844096409832684	-0.0050055673807291	IC	C57BL/6	Saline 3d	AngII 3d
429	deviations	429	Gsc_429	0.844479266044212	-0.00486620431448504	IC	C57BL/6	Saline 3d	AngII 3d
47	deviations	47	Ptf1a_47	0.845506768782966	0.00334111501102877	IC	C57BL/6	Saline 3d	AngII 3d
648	deviations	648	Terf2_648	0.847500486569556	0.00276536950011132	IC	C57BL/6	Saline 3d	AngII 3d
569	deviations	569	Obox3_569	0.848585870522904	-0.00267004370423775	IC	C57BL/6	Saline 3d	AngII 3d
580	deviations	580	Gm5889_580	0.848585870522904	-0.00267004370423775	IC	C57BL/6	Saline 3d	AngII 3d
750	deviations	750	Sox2_750	0.851220727902319	0.00709915051342968	IC	C57BL/6	Saline 3d	AngII 3d
64	deviations	64	Atoh7_64	0.854406868228533	-0.0103354335361321	IC	C57BL/6	Saline 3d	AngII 3d
249	deviations	249	Kdm2b_249	0.854406868228533	0.00440613400607121	IC	C57BL/6	Saline 3d	AngII 3d
307	deviations	307	Foxa2_307	0.854406868228533	-0.00525578824925702	IC	C57BL/6	Saline 3d	AngII 3d
595	deviations	595	NP_595	0.854406868228533	-0.0107555571235998	IC	C57BL/6	Saline 3d	AngII 3d
774	deviations	774	Prkrir_774	0.854406868228533	0.00186785107745972	IC	C57BL/6	Saline 3d	AngII 3d
23	deviations	23	Ascl2_23	0.854449755632777	0.000185469940517673	IC	C57BL/6	Saline 3d	AngII 3d
52	deviations	52	Clock_52	0.854449755632777	-0.014483993479613	IC	C57BL/6	Saline 3d	AngII 3d
56	deviations	56	Bhlhe41_56	0.854449755632777	0.0044203982143317	IC	C57BL/6	Saline 3d	AngII 3d
61	deviations	61	Scx_61	0.854449755632777	-0.000853518192661293	IC	C57BL/6	Saline 3d	AngII 3d
93	deviations	93	Tcf15_93	0.854449755632777	-0.000853518192661293	IC	C57BL/6	Saline 3d	AngII 3d
186	deviations	186	Prdm4_186	0.854449755632777	0.00290059861528472	IC	C57BL/6	Saline 3d	AngII 3d
466	deviations	466	Dmbx1_466	0.854449755632777	-0.00610248452621536	IC	C57BL/6	Saline 3d	AngII 3d
475	deviations	475	Pax4_475	0.854449755632777	0.024834685096488	IC	C57BL/6	Saline 3d	AngII 3d
553	deviations	553	Six1_553	0.854449755632777	-0.000113439007349978	IC	C57BL/6	Saline 3d	AngII 3d
617	deviations	617	Pou6f2_617	0.854449755632777	0.0145719721073468	IC	C57BL/6	Saline 3d	AngII 3d
780	deviations	780	Ascl1_780	0.854449755632777	0.000185469940517673	IC	C57BL/6	Saline 3d	AngII 3d
28	deviations	28	Ahr_28	0.859985242499466	-0.000897564712033706	IC	C57BL/6	Saline 3d	AngII 3d
36	deviations	36	Ahrr_36	0.859985242499466	-0.000897564712033706	IC	C57BL/6	Saline 3d	AngII 3d
460	deviations	460	Hoxd8_460	0.860807782317939	-0.00522748954281354	IC	C57BL/6	Saline 3d	AngII 3d
661	deviations	661	Rxrg_661	0.860807782317939	-0.0022694517843177	IC	C57BL/6	Saline 3d	AngII 3d
771	deviations	771	T_771	0.860807782317939	0.00224930417904259	IC	C57BL/6	Saline 3d	AngII 3d
343	deviations	343	Gm5294_343	0.861568374984056	-0.00652528985755065	IC	C57BL/6	Saline 3d	AngII 3d
369	deviations	369	Foxl1_369	0.861568374984056	-0.00652528985755065	IC	C57BL/6	Saline 3d	AngII 3d
97	deviations	97	Cebpd_97	0.869621949935449	-0.00987050142483389	IC	C57BL/6	Saline 3d	AngII 3d
130	deviations	130	Cebpb_130	0.869621949935449	-0.00987050142483389	IC	C57BL/6	Saline 3d	AngII 3d
618	deviations	618	Pou5f1_618	0.872536895833054	-0.00201554712926101	IC	C57BL/6	Saline 3d	AngII 3d
32	deviations	32	Srebf1_32	0.876559651005206	0.0110589094149006	IC	C57BL/6	Saline 3d	AngII 3d
117	deviations	117	Nfe2l1_117	0.876559651005206	-0.00585654482385993	IC	C57BL/6	Saline 3d	AngII 3d
147	deviations	147	Snai3_147	0.876559651005206	0.00410908976503995	IC	C57BL/6	Saline 3d	AngII 3d
197	deviations	197	Snai1_197	0.876559651005206	0.00410908976503995	IC	C57BL/6	Saline 3d	AngII 3d
383	deviations	383	Gata2_383	0.876559651005206	0.00350384911635814	IC	C57BL/6	Saline 3d	AngII 3d
467	deviations	467	Pax7_467	0.876559651005206	0.00240165311684245	IC	C57BL/6	Saline 3d	AngII 3d
486	deviations	486	Pbx4_486	0.876559651005206	0.00157926851157752	IC	C57BL/6	Saline 3d	AngII 3d
496	deviations	496	Pbx2_496	0.876559651005206	0.00157926851157752	IC	C57BL/6	Saline 3d	AngII 3d
507	deviations	507	Hoxa11_507	0.876559651005206	0.00215461713235755	IC	C57BL/6	Saline 3d	AngII 3d
616	deviations	616	Pou2f2_616	0.876559651005206	0.0129115838691225	IC	C57BL/6	Saline 3d	AngII 3d
642	deviations	642	Mecp2_642	0.876559651005206	-0.00223139499812819	IC	C57BL/6	Saline 3d	AngII 3d
699	deviations	699	Nfkb2_699	0.876559651005206	0.00289725267087483	IC	C57BL/6	Saline 3d	AngII 3d
701	deviations	701	Nfkb1_701	0.876559651005206	0.00627495347360967	IC	C57BL/6	Saline 3d	AngII 3d
742	deviations	742	Sox6_742	0.876559651005206	-0.0110771219041452	IC	C57BL/6	Saline 3d	AngII 3d
871	deviations	871	Nfe2l3_871	0.876559651005206	-0.00585654482385993	IC	C57BL/6	Saline 3d	AngII 3d
856	deviations	856	Relb_856	0.883214108260535	0.00581203500749323	IC	C57BL/6	Saline 3d	AngII 3d
574	deviations	574	Tlx2_574	0.886464127964824	0.00986709292275187	IC	C57BL/6	Saline 3d	AngII 3d
682	deviations	682	Rora_682	0.886464127964824	0.00877364234516491	IC	C57BL/6	Saline 3d	AngII 3d
639	deviations	639	Srf_639	0.896266218091768	-0.00345378185907293	IC	C57BL/6	Saline 3d	AngII 3d
679	deviations	679	Nr4a3_679	0.899186974977731	0.00384238161031965	IC	C57BL/6	Saline 3d	AngII 3d
684	deviations	684	Rorb_684	0.899186974977731	0.0025808670364961	IC	C57BL/6	Saline 3d	AngII 3d
71	deviations	71	Tcfl5_71	0.900613938624767	-0.000880643699497222	IC	C57BL/6	Saline 3d	AngII 3d
149	deviations	149	Ikzf1_149	0.900613938624767	-0.00510572608343867	IC	C57BL/6	Saline 3d	AngII 3d
183	deviations	183	Egr3_183	0.900613938624767	0.00145415770547062	IC	C57BL/6	Saline 3d	AngII 3d
421	deviations	421	Nkx25_421	0.900613938624767	0.00990187913601052	IC	C57BL/6	Saline 3d	AngII 3d
423	deviations	423	Hoxb1_423	0.900613938624767	-0.0033069991520753	IC	C57BL/6	Saline 3d	AngII 3d
568	deviations	568	Rhox8_568	0.900613938624767	-0.00818913561078119	IC	C57BL/6	Saline 3d	AngII 3d
671	deviations	671	Vdr_671	0.900613938624767	0.00687170467964317	IC	C57BL/6	Saline 3d	AngII 3d
696	deviations	696	Nfat5_696	0.900613938624767	0.00745510379675378	IC	C57BL/6	Saline 3d	AngII 3d
758	deviations	758	Stat2_758	0.900613938624767	0.00162476148239935	IC	C57BL/6	Saline 3d	AngII 3d
796	deviations	796	Ikzf4_796	0.900613938624767	-0.00510572608343867	IC	C57BL/6	Saline 3d	AngII 3d
843	deviations	843	Smarcc1_843	0.900613938624767	-0.00104964415915924	IC	C57BL/6	Saline 3d	AngII 3d
532	deviations	532	Hoxd11_532	0.901906296887501	-0.00488273821619214	IC	C57BL/6	Saline 3d	AngII 3d
90	deviations	90	Ebf1_90	0.902574500197921	-0.00644596860606753	IC	C57BL/6	Saline 3d	AngII 3d
39	deviations	39	Hes1_39	0.904309743919885	-0.00717386269621048	IC	C57BL/6	Saline 3d	AngII 3d
201	deviations	201	Dnajc21_201	0.904309743919885	0.00189113591575267	IC	C57BL/6	Saline 3d	AngII 3d
350	deviations	350	Gm5294_350	0.904309743919885	-0.0111561783197081	IC	C57BL/6	Saline 3d	AngII 3d
376	deviations	376	Foxl1_376	0.904309743919885	-0.0111561783197081	IC	C57BL/6	Saline 3d	AngII 3d
13	deviations	13	Ahctf1_13	0.909009831747074	0.00314924393750237	IC	C57BL/6	Saline 3d	AngII 3d
660	deviations	660	Nr2c1_660	0.919337997823852	0.000823825994860954	IC	C57BL/6	Saline 3d	AngII 3d
762	deviations	762	Tbx21_762	0.919337997823852	-0.00711685507955293	IC	C57BL/6	Saline 3d	AngII 3d
738	deviations	738	Sox5_738	0.919370648648987	-0.00766263368567531	IC	C57BL/6	Saline 3d	AngII 3d
414	deviations	414	Pknox1_414	0.920057209720245	0.00227878311676826	IC	C57BL/6	Saline 3d	AngII 3d
583	deviations	583	Hoxd3_583	0.920057209720245	0.00734922197760664	IC	C57BL/6	Saline 3d	AngII 3d
102	deviations	102	Mafk_102	0.920809939428438	-0.00347886479186967	IC	C57BL/6	Saline 3d	AngII 3d
386	deviations	386	Gata4_386	0.920809939428438	0.00538421105286174	IC	C57BL/6	Saline 3d	AngII 3d
394	deviations	394	Hoxb6_394	0.920809939428438	-0.0046767301583926	IC	C57BL/6	Saline 3d	AngII 3d
728	deviations	728	Cic_728	0.920809939428438	-0.0067808337866828	IC	C57BL/6	Saline 3d	AngII 3d
26	deviations	26	Arnt2_26	0.927755127205395	-0.000153339310922949	IC	C57BL/6	Saline 3d	AngII 3d
555	deviations	555	Pou3f2_555	0.927755127205395	0.0117600137524157	IC	C57BL/6	Saline 3d	AngII 3d
602	deviations	602	NP_602	0.927755127205395	-0.00223757681153654	IC	C57BL/6	Saline 3d	AngII 3d
712	deviations	712	Runx1_712	0.927755127205395	0.00156974340762255	IC	C57BL/6	Saline 3d	AngII 3d
858	deviations	858	Runx3_858	0.927755127205395	0.00156974340762255	IC	C57BL/6	Saline 3d	AngII 3d
649	deviations	649	Mypop_649	0.929015744184479	-0.00108210974746957	IC	C57BL/6	Saline 3d	AngII 3d
452	deviations	452	Pitx3_452	0.92904411814391	0.00319439145876389	IC	C57BL/6	Saline 3d	AngII 3d
210	deviations	210	Zbtb12_210	0.931839587022067	0.00705039156526598	IC	C57BL/6	Saline 3d	AngII 3d
349	deviations	349	Gm5294_349	0.93248045990917	0.00364144325940467	IC	C57BL/6	Saline 3d	AngII 3d
33	deviations	33	Id2_33	0.93621492663061	0.000686258631816393	IC	C57BL/6	Saline 3d	AngII 3d
74	deviations	74	Id1_74	0.93621492663061	0.000686258631816393	IC	C57BL/6	Saline 3d	AngII 3d
159	deviations	159	Fezf2_159	0.936921014611813	2.00874964462125e-05	IC	C57BL/6	Saline 3d	AngII 3d
177	deviations	177	Fezf1_177	0.936921014611813	2.00874964462125e-05	IC	C57BL/6	Saline 3d	AngII 3d
462	deviations	462	Nkx22_462	0.936921014611813	-0.00321891221666123	IC	C57BL/6	Saline 3d	AngII 3d
810	deviations	810	Klf10_810	0.936921014611813	0.00300395816897355	IC	C57BL/6	Saline 3d	AngII 3d
12	deviations	12	Setbp1_12	0.939220591832826	0.014064552360862	IC	C57BL/6	Saline 3d	AngII 3d
15	deviations	15	Phf21a_15	0.939220591832826	0.00623819601113449	IC	C57BL/6	Saline 3d	AngII 3d
154	deviations	154	Yy1_154	0.939220591832826	0.00415663175273201	IC	C57BL/6	Saline 3d	AngII 3d
264	deviations	264	E2f6_264	0.939220591832826	0.000375904841130696	IC	C57BL/6	Saline 3d	AngII 3d
512	deviations	512	Hoxb5_512	0.939220591832826	0.00779696072575179	IC	C57BL/6	Saline 3d	AngII 3d
546	deviations	546	Hoxb3_546	0.939220591832826	0.00370223265508855	IC	C57BL/6	Saline 3d	AngII 3d
726	deviations	726	Tcf7_726	0.939220591832826	0.00863534448624891	IC	C57BL/6	Saline 3d	AngII 3d
449	deviations	449	Hhex_449	0.940458888932734	-0.0074545554754981	IC	C57BL/6	Saline 3d	AngII 3d
255	deviations	255	Tfdp2_255	0.941180389155666	-0.000700891751931951	IC	C57BL/6	Saline 3d	AngII 3d
256	deviations	256	Tfdp1_256	0.941180389155666	-0.000700891751931951	IC	C57BL/6	Saline 3d	AngII 3d
396	deviations	396	Hoxa4_396	0.941180389155666	0.0108502451329886	IC	C57BL/6	Saline 3d	AngII 3d
521	deviations	521	Alx4_521	0.941180389155666	-0.00311497867947427	IC	C57BL/6	Saline 3d	AngII 3d
613	deviations	613	Pax3_613	0.941180389155666	-0.0168437726920764	IC	C57BL/6	Saline 3d	AngII 3d
562	deviations	562	Homez_562	0.941807907098989	-0.0231144487364165	IC	C57BL/6	Saline 3d	AngII 3d
437	deviations	437	Otx2_437	0.943986532861259	-0.00153771793211283	IC	C57BL/6	Saline 3d	AngII 3d
526	deviations	526	Crx_526	0.943986532861259	-0.00153771793211283	IC	C57BL/6	Saline 3d	AngII 3d
748	deviations	748	Sry_748	0.943986532861259	-0.00850067171167535	IC	C57BL/6	Saline 3d	AngII 3d
430	deviations	430	Six6_430	0.944421623630904	0.00432196885372145	IC	C57BL/6	Saline 3d	AngII 3d
501	deviations	501	Pknox2_501	0.944421623630904	0.00597844778443547	IC	C57BL/6	Saline 3d	AngII 3d
523	deviations	523	Hesx1_523	0.944421623630904	0.0105993352455543	IC	C57BL/6	Saline 3d	AngII 3d
525	deviations	525	Meis3_525	0.944421623630904	0.00142074561234632	IC	C57BL/6	Saline 3d	AngII 3d
704	deviations	704	Rfx5_704	0.944421623630904	-0.00360845246550924	IC	C57BL/6	Saline 3d	AngII 3d
837	deviations	837	Six5_837	0.944421623630904	0.00951181095032439	IC	C57BL/6	Saline 3d	AngII 3d
809	deviations	809	Ovol2_809	0.944444787926851	-0.00930609874564664	IC	C57BL/6	Saline 3d	AngII 3d
849	deviations	849	Pgr_849	0.945364752520442	-0.00426950973224983	IC	C57BL/6	Saline 3d	AngII 3d
91	deviations	91	Max_91	0.945984690949262	-0.00692958786208934	IC	C57BL/6	Saline 3d	AngII 3d
82	deviations	82	Ferd3l_82	0.947947499361981	0.00475828049952978	IC	C57BL/6	Saline 3d	AngII 3d
125	deviations	125	Cebpe_125	0.947947499361981	-2.97436316056519e-05	IC	C57BL/6	Saline 3d	AngII 3d
202	deviations	202	Zfp354c_202	0.947947499361981	-6.27972929502984e-05	IC	C57BL/6	Saline 3d	AngII 3d
253	deviations	253	Dmrta1_253	0.947947499361981	-0.000271714796887115	IC	C57BL/6	Saline 3d	AngII 3d
561	deviations	561	Pou3f4_561	0.947947499361981	0.00211224658847515	IC	C57BL/6	Saline 3d	AngII 3d
652	deviations	652	Gm98_652	0.947947499361981	-0.00304116170397374	IC	C57BL/6	Saline 3d	AngII 3d
789	deviations	789	Batf3_789	0.947947499361981	-0.0105223813849743	IC	C57BL/6	Saline 3d	AngII 3d
790	deviations	790	Batf_790	0.947947499361981	-0.0105223813849743	IC	C57BL/6	Saline 3d	AngII 3d
457	deviations	457	Barhl1_457	0.950338592844891	-0.00557074810922392	IC	C57BL/6	Saline 3d	AngII 3d
45	deviations	45	Myog_45	0.950654583381662	-0.00282382339302853	IC	C57BL/6	Saline 3d	AngII 3d
122	deviations	122	Crebzf_122	0.951265794903261	-0.0393136254481654	IC	C57BL/6	Saline 3d	AngII 3d
440	deviations	440	Hoxc10_440	0.960468341871454	0.00950636950286902	IC	C57BL/6	Saline 3d	AngII 3d
813	deviations	813	Mbtps2_813	0.960468341871454	0.00048789533403636	IC	C57BL/6	Saline 3d	AngII 3d
875	deviations	875	Zfp42_875	0.960468341871454	0.00048789533403636	IC	C57BL/6	Saline 3d	AngII 3d
173	deviations	173	Mecom_173	0.964018446414239	-0.00205035073879383	IC	C57BL/6	Saline 3d	AngII 3d
778	deviations	778	Myf5_778	0.964320562230355	0.00313307485727361	IC	C57BL/6	Saline 3d	AngII 3d
795	deviations	795	Bcl11a_795	0.96874846226668	-0.000200104099113838	IC	C57BL/6	Saline 3d	AngII 3d
814	deviations	814	Bcl11b_814	0.96874846226668	-0.000200104099113838	IC	C57BL/6	Saline 3d	AngII 3d
686	deviations	686	Rxrb_686	0.970515718931625	-0.00128916209174066	IC	C57BL/6	Saline 3d	AngII 3d
18	deviations	18	Mnt_18	0.971109648777291	-0.00834525812520738	IC	C57BL/6	Saline 3d	AngII 3d
432	deviations	432	Barx1_432	0.971109648777291	0.00473548041138212	IC	C57BL/6	Saline 3d	AngII 3d
434	deviations	434	Pitx1_434	0.971109648777291	-0.000719545329373131	IC	C57BL/6	Saline 3d	AngII 3d
611	deviations	611	Dobox4_611	0.971109648777291	0.0022045715947792	IC	C57BL/6	Saline 3d	AngII 3d
735	deviations	735	Sox10_735	0.971109648777291	-0.00380821714980393	IC	C57BL/6	Saline 3d	AngII 3d
729	deviations	729	Hmg20b_729	0.973449630132371	0.00472927164442279	IC	C57BL/6	Saline 3d	AngII 3d
243	deviations	243	Cenpb_243	0.974909260863467	-0.015297417674291	IC	C57BL/6	Saline 3d	AngII 3d
482	deviations	482	Isx_482	0.981028187631317	0.0144410589800328	IC	C57BL/6	Saline 3d	AngII 3d
516	deviations	516	Six3_516	0.981028187631317	0.000859089013827433	IC	C57BL/6	Saline 3d	AngII 3d
66	deviations	66	Hand1_66	0.981797055275171	0.00115068841001811	IC	C57BL/6	Saline 3d	AngII 3d
68	deviations	68	Hand2_68	0.981797055275171	0.00115068841001811	IC	C57BL/6	Saline 3d	AngII 3d
89	deviations	89	Arntl_89	0.981797055275171	-0.00292252219083597	IC	C57BL/6	Saline 3d	AngII 3d
137	deviations	137	Nfil3_137	0.981797055275171	0.0115255023552288	IC	C57BL/6	Saline 3d	AngII 3d
239	deviations	239	Zfp652_239	0.981797055275171	-0.00202402187827466	IC	C57BL/6	Saline 3d	AngII 3d
398	deviations	398	Meox1_398	0.981797055275171	0.00373625150746625	IC	C57BL/6	Saline 3d	AngII 3d
445	deviations	445	Six2_445	0.981797055275171	0.0018172269222377	IC	C57BL/6	Saline 3d	AngII 3d
542	deviations	542	Tgif1_542	0.981797055275171	0.00179091536849671	IC	C57BL/6	Saline 3d	AngII 3d
634	deviations	634	Irf6_634	0.981797055275171	0.000655864432180747	IC	C57BL/6	Saline 3d	AngII 3d
752	deviations	752	ENSMUSG00000079994_752	0.981797055275171	0.00686500195184832	IC	C57BL/6	Saline 3d	AngII 3d
763	deviations	763	Tbx1_763	0.981797055275171	0.000589637997608713	IC	C57BL/6	Saline 3d	AngII 3d
770	deviations	770	Tbx10_770	0.981797055275171	0.000589637997608713	IC	C57BL/6	Saline 3d	AngII 3d
847	deviations	847	Nr4a1_847	0.981797055275171	0.00171231657221793	IC	C57BL/6	Saline 3d	AngII 3d
155	deviations	155	Gli3_155	0.983117383879066	-0.00270592499209503	IC	C57BL/6	Saline 3d	AngII 3d
212	deviations	212	Zfp524_212	0.983117383879066	-0.000692095596816622	IC	C57BL/6	Saline 3d	AngII 3d
218	deviations	218	Zfp105_218	0.983117383879066	-0.00356244422332942	IC	C57BL/6	Saline 3d	AngII 3d
395	deviations	395	Hoxa10_395	0.983117383879066	0.00808499390317196	IC	C57BL/6	Saline 3d	AngII 3d
557	deviations	557	Nkx24_557	0.983117383879066	0.00619139727513027	IC	C57BL/6	Saline 3d	AngII 3d
702	deviations	702	Nfatc3_702	0.983117383879066	0.00507989672470364	IC	C57BL/6	Saline 3d	AngII 3d
725	deviations	725	Sox9_725	0.983117383879066	-0.00275419052692491	IC	C57BL/6	Saline 3d	AngII 3d
767	deviations	767	Tbx20_767	0.983117383879066	0.0048856171444098	IC	C57BL/6	Saline 3d	AngII 3d
801	deviations	801	Gli1_801	0.983117383879066	0.00419018284531131	IC	C57BL/6	Saline 3d	AngII 3d
815	deviations	815	Gli2_815	0.983117383879066	0.00419018284531131	IC	C57BL/6	Saline 3d	AngII 3d
842	deviations	842	Mef2d_842	0.983117383879066	-0.000721964228986339	IC	C57BL/6	Saline 3d	AngII 3d
846	deviations	846	Thrb_846	0.983117383879066	-0.00387364926733124	IC	C57BL/6	Saline 3d	AngII 3d
852	deviations	852	Thra_852	0.983117383879066	-0.00387364926733124	IC	C57BL/6	Saline 3d	AngII 3d
857	deviations	857	Nfatc4_857	0.983117383879066	0.00507989672470364	IC	C57BL/6	Saline 3d	AngII 3d
882	deviations	882	Mef2b_882	0.983117383879066	-0.000721964228986339	IC	C57BL/6	Saline 3d	AngII 3d
132	deviations	132	Nfe2_132	0.983378759514273	0.00277784942482236	IC	C57BL/6	Saline 3d	AngII 3d
584	deviations	584	Hoxa3_584	0.983378759514273	0.000896040877022386	IC	C57BL/6	Saline 3d	AngII 3d
741	deviations	741	Sox12_741	0.983378759514273	-0.00748242904010672	IC	C57BL/6	Saline 3d	AngII 3d
136	deviations	136	Mafb_136	0.987834094058092	-0.00328097625884535	IC	C57BL/6	Saline 3d	AngII 3d
352	deviations	352	Gm5294_352	0.987834094058092	0.00196397664216006	IC	C57BL/6	Saline 3d	AngII 3d
378	deviations	378	Foxl1_378	0.987834094058092	0.00196397664216006	IC	C57BL/6	Saline 3d	AngII 3d
714	deviations	714	Sp100_714	0.987834094058092	0.0142513157216302	IC	C57BL/6	Saline 3d	AngII 3d
743	deviations	743	Sox14_743	0.987834094058092	-0.00569900337179891	IC	C57BL/6	Saline 3d	AngII 3d
196	deviations	196	Zfp410_196	0.989477923184386	2.67758300391205e-06	IC	C57BL/6	Saline 3d	AngII 3d
859	deviations	859	Nfib_859	0.989477923184386	-0.00307889050615793	IC	C57BL/6	Saline 3d	AngII 3d
862	deviations	862	Nfia_862	0.989477923184386	-0.00307889050615793	IC	C57BL/6	Saline 3d	AngII 3d
143	deviations	143	Klf4_143	0.995014862916966	-0.00138306971751559	IC	C57BL/6	Saline 3d	AngII 3d
228	deviations	228	Zbtb6_228	0.995014862916966	0.00391355721551996	IC	C57BL/6	Saline 3d	AngII 3d
538	deviations	538	Gm4830_538	0.995014862916966	-0.000334352864945844	IC	C57BL/6	Saline 3d	AngII 3d
72	deviations	72	Olig2_72	0.996388293138765	-0.00403619963078995	IC	C57BL/6	Saline 3d	AngII 3d
51	deviations	51	Hes2_51	0.999031684107786	-0.000913199501224392	IC	C57BL/6	Saline 3d	AngII 3d
203	deviations	203	Zfp691_203	0.999031684107786	0.00682009669592929	IC	C57BL/6	Saline 3d	AngII 3d
226	deviations	226	Zscan20_226	0.999031684107786	0.00882314552934128	IC	C57BL/6	Saline 3d	AngII 3d
442	deviations	442	Gsc2_442	0.999031684107786	0.00962605258190992	IC	C57BL/6	Saline 3d	AngII 3d
524	deviations	524	ENSMUSG00000040953_524	0.999031684107786	0.00462917002702001	IC	C57BL/6	Saline 3d	AngII 3d
527	deviations	527	Obox6_527	0.999031684107786	0.00462917002702001	IC	C57BL/6	Saline 3d	AngII 3d
275.1	deviations	275	Ehf_275	0.00348894154067593	0.0338664957172726	IC	C57BL/6	Saline 3d	AngII 28d
843.1	deviations	843	Smarcc1_843	0.00348894154067593	0.0688778830726006	IC	C57BL/6	Saline 3d	AngII 28d
144.1	deviations	144	Plag1_144	0.00603605374790328	-0.0239422668977476	IC	C57BL/6	Saline 3d	AngII 28d
104.1	deviations	104	Fos_104	0.0107472517017487	0.0654953082736145	IC	C57BL/6	Saline 3d	AngII 28d
153.1	deviations	153	Patz1_153	0.0107472517017487	-0.0155594140316164	IC	C57BL/6	Saline 3d	AngII 28d
283.1	deviations	283	Elf4_283	0.0107472517017487	0.0292598844642991	IC	C57BL/6	Saline 3d	AngII 28d
286.1	deviations	286	Elf2_286	0.0107472517017487	0.0312392073355948	IC	C57BL/6	Saline 3d	AngII 28d
478.1	deviations	478	Dlx5_478	0.0107472517017487	0.0573767978828544	IC	C57BL/6	Saline 3d	AngII 28d
541.1	deviations	541	Dbx2_541	0.0107472517017487	0.0573767978828544	IC	C57BL/6	Saline 3d	AngII 28d
668.1	deviations	668	Esr2_668	0.0107472517017487	-0.0308421703335932	IC	C57BL/6	Saline 3d	AngII 28d
108.1	deviations	108	Bach1_108	0.0130916367263053	0.0584508556312816	IC	C57BL/6	Saline 3d	AngII 28d
267.1	deviations	267	Etv3_267	0.0135111165070704	0.0351086255706341	IC	C57BL/6	Saline 3d	AngII 28d
818.1	deviations	818	Glis3_818	0.0135111165070704	-0.0171536591719928	IC	C57BL/6	Saline 3d	AngII 28d
204.1	deviations	204	Zfp740_204	0.0149155474424388	-0.028179670438519	IC	C57BL/6	Saline 3d	AngII 28d
659.1	deviations	659	Nr2c2_659	0.0168269182272747	0.0228856735405824	IC	C57BL/6	Saline 3d	AngII 28d
98.1	deviations	98	Fosb_98	0.0279730963508164	0.0503808361249414	IC	C57BL/6	Saline 3d	AngII 28d
169.1	deviations	169	Zfp202_169	0.0279730963508164	-0.0280975918948672	IC	C57BL/6	Saline 3d	AngII 28d
274.1	deviations	274	Elk1_274	0.0279730963508164	0.0280776660336639	IC	C57BL/6	Saline 3d	AngII 28d
407.1	deviations	407	Evx2_407	0.0287583418417189	0.0517073735403144	IC	C57BL/6	Saline 3d	AngII 28d
193.1	deviations	193	Zfp281_193	0.0368642155973758	-0.0135169267603853	IC	C57BL/6	Saline 3d	AngII 28d
281.1	deviations	281	Elf5_281	0.0387266696883583	0.0296419199605287	IC	C57BL/6	Saline 3d	AngII 28d
820.1	deviations	820	Ctcfl_820	0.0387266696883583	0.0118682305330997	IC	C57BL/6	Saline 3d	AngII 28d
427.1	deviations	427	Dlx4_427	0.0426808805619608	0.0639163587149673	IC	C57BL/6	Saline 3d	AngII 28d
152.1	deviations	152	Plagl1_152	0.0519554051924914	-0.0296819759231994	IC	C57BL/6	Saline 3d	AngII 28d
272.1	deviations	272	Elk3_272	0.055855386062887	0.0241051545396115	IC	C57BL/6	Saline 3d	AngII 28d
207.1	deviations	207	Sp8_207	0.0596351856050727	-0.00967543394132299	IC	C57BL/6	Saline 3d	AngII 28d
222.1	deviations	222	Sp7_222	0.0596351856050727	-0.00967543394132299	IC	C57BL/6	Saline 3d	AngII 28d
231.1	deviations	231	Sp9_231	0.0596351856050727	-0.00967543394132299	IC	C57BL/6	Saline 3d	AngII 28d
276.1	deviations	276	Etv5_276	0.0596351856050727	0.0242655381127262	IC	C57BL/6	Saline 3d	AngII 28d
289.1	deviations	289	ENSMUSG00000044690_289	0.0596351856050727	0.0242655381127262	IC	C57BL/6	Saline 3d	AngII 28d
806.1	deviations	806	Klf15_806	0.0596351856050727	-0.0100379479661511	IC	C57BL/6	Saline 3d	AngII 28d
353.1	deviations	353	Gm5294_353	0.0619407318912501	0.0273050601950039	IC	C57BL/6	Saline 3d	AngII 28d
379.1	deviations	379	Foxl1_379	0.0619407318912501	0.0273050601950039	IC	C57BL/6	Saline 3d	AngII 28d
401.1	deviations	401	Dlx3_401	0.0839131996416289	0.0473656409253833	IC	C57BL/6	Saline 3d	AngII 28d
273.1	deviations	273	Gabpa_273	0.0936146040507801	0.0253996006558976	IC	C57BL/6	Saline 3d	AngII 28d
292.1	deviations	292	Gm4881_292	0.0936146040507801	0.0253996006558976	IC	C57BL/6	Saline 3d	AngII 28d
828.1	deviations	828	Ets2_828	0.0936146040507801	0.0253996006558976	IC	C57BL/6	Saline 3d	AngII 28d
215.1	deviations	215	Zscan4c_215	0.0968011174756593	-0.0235742648513487	IC	C57BL/6	Saline 3d	AngII 28d
232.1	deviations	232	Zscan4ps2_232	0.0968011174756593	-0.0235742648513487	IC	C57BL/6	Saline 3d	AngII 28d
233.1	deviations	233	Zscan4f_233	0.0968011174756593	-0.0235742648513487	IC	C57BL/6	Saline 3d	AngII 28d
242.1	deviations	242	Nfya_242	0.0968011174756593	0.0207228258650567	IC	C57BL/6	Saline 3d	AngII 28d
266.1	deviations	266	Elf3_266	0.0968011174756593	0.0240938384291403	IC	C57BL/6	Saline 3d	AngII 28d
268.1	deviations	268	Etv1_268	0.0968011174756593	0.0247190701641909	IC	C57BL/6	Saline 3d	AngII 28d
284.1	deviations	284	Ets1_284	0.0968011174756593	0.026270802791234	IC	C57BL/6	Saline 3d	AngII 28d
288.1	deviations	288	Erf_288	0.0968011174756593	0.025283334582468	IC	C57BL/6	Saline 3d	AngII 28d
415.1	deviations	415	Phox2a_415	0.0968011174756593	0.0580549504163086	IC	C57BL/6	Saline 3d	AngII 28d
418.1	deviations	418	Phox2b_418	0.0968011174756593	0.0580549504163086	IC	C57BL/6	Saline 3d	AngII 28d
754.1	deviations	754	Stat3_754	0.0968011174756593	0.0221423801311069	IC	C57BL/6	Saline 3d	AngII 28d
296.1	deviations	296	Gm4881_296	0.126326810976668	0.0211322865466586	IC	C57BL/6	Saline 3d	AngII 28d
43.1	deviations	43	Msc_43	0.139838558148609	-0.070567347187968	IC	C57BL/6	Saline 3d	AngII 28d
250.1	deviations	250	Dmrtc2_250	0.139838558148609	-0.0350725384303987	IC	C57BL/6	Saline 3d	AngII 28d
265.1	deviations	265	Sfpi1_265	0.139838558148609	0.0245532896439457	IC	C57BL/6	Saline 3d	AngII 28d
513.1	deviations	513	Pbx3_513	0.139838558148609	0.018545358952958	IC	C57BL/6	Saline 3d	AngII 28d
287.1	deviations	287	Erg_287	0.153581221829268	0.0260810792402352	IC	C57BL/6	Saline 3d	AngII 28d
291.1	deviations	291	Fev_291	0.17238020124327	0.0259506243950501	IC	C57BL/6	Saline 3d	AngII 28d
800.1	deviations	800	Zfp148_800	0.175950963744455	-0.00598929316133513	IC	C57BL/6	Saline 3d	AngII 28d
168.1	deviations	168	Zfp711_168	0.176016246596982	-0.0262912985539556	IC	C57BL/6	Saline 3d	AngII 28d
145.1	deviations	145	Klf5_145	0.200734225935771	-0.00646826858666059	IC	C57BL/6	Saline 3d	AngII 28d
270.1	deviations	270	Etv2_270	0.213425598375378	0.026527331328144	IC	C57BL/6	Saline 3d	AngII 28d
119.1	deviations	119	Bach2_119	0.219027351510226	0.0421289960798031	IC	C57BL/6	Saline 3d	AngII 28d
195.1	deviations	195	Zic5_195	0.219027351510226	-0.016584037281266	IC	C57BL/6	Saline 3d	AngII 28d
277.1	deviations	277	Fli1_277	0.219027351510226	0.0247098580292146	IC	C57BL/6	Saline 3d	AngII 28d
282.1	deviations	282	Etv6_282	0.219336721589041	0.0193157671890151	IC	C57BL/6	Saline 3d	AngII 28d
278.1	deviations	278	Etv4_278	0.219932338586505	0.0182373955304663	IC	C57BL/6	Saline 3d	AngII 28d
269.1	deviations	269	Spic_269	0.237025159236183	0.0178311603113671	IC	C57BL/6	Saline 3d	AngII 28d
299.1	deviations	299	Foxg1_299	0.237025159236183	-0.0358122194792138	IC	C57BL/6	Saline 3d	AngII 28d
49.1	deviations	49	Neurog2_49	0.239803606810226	-0.0394046043364885	IC	C57BL/6	Saline 3d	AngII 28d
75.1	deviations	75	Neurog3_75	0.239803606810226	-0.0394046043364885	IC	C57BL/6	Saline 3d	AngII 28d
148.1	deviations	148	Glis2_148	0.239803606810226	-0.0224693642635882	IC	C57BL/6	Saline 3d	AngII 28d
257.1	deviations	257	E2f4_257	0.239803606810226	0.0124411462531197	IC	C57BL/6	Saline 3d	AngII 28d
280.1	deviations	280	Elk4_280	0.239803606810226	0.0190110357227729	IC	C57BL/6	Saline 3d	AngII 28d
285.1	deviations	285	Elf1_285	0.239803606810226	0.0137911268667203	IC	C57BL/6	Saline 3d	AngII 28d
374.1	deviations	374	Foxl1_374	0.239803606810226	-0.0284945201430306	IC	C57BL/6	Saline 3d	AngII 28d
441.1	deviations	441	Hoxc5_441	0.239803606810226	-0.0263542416538035	IC	C57BL/6	Saline 3d	AngII 28d
494.1	deviations	494	Gbx2_494	0.239803606810226	0.0373687177311432	IC	C57BL/6	Saline 3d	AngII 28d
543.1	deviations	543	Msx1_543	0.239803606810226	0.0382077003924436	IC	C57BL/6	Saline 3d	AngII 28d
755.1	deviations	755	Stat5a_755	0.239803606810226	0.0190502643001798	IC	C57BL/6	Saline 3d	AngII 28d
795.1	deviations	795	Bcl11a_795	0.239803606810226	0.0121265045515042	IC	C57BL/6	Saline 3d	AngII 28d
814.1	deviations	814	Bcl11b_814	0.239803606810226	0.0121265045515042	IC	C57BL/6	Saline 3d	AngII 28d
849.1	deviations	849	Pgr_849	0.239803606810226	-0.0380337708261321	IC	C57BL/6	Saline 3d	AngII 28d
757.1	deviations	757	Stat1_757	0.241077076281492	0.0182493774607334	IC	C57BL/6	Saline 3d	AngII 28d
40.1	deviations	40	Hes7_40	0.245346164819959	0.025148897308176	IC	C57BL/6	Saline 3d	AngII 28d
615.1	deviations	615	Pou1f1_615	0.245346164819959	-0.0282825241796021	IC	C57BL/6	Saline 3d	AngII 28d
648.1	deviations	648	Terf2_648	0.245346164819959	0.0359223284905435	IC	C57BL/6	Saline 3d	AngII 28d
789.1	deviations	789	Batf3_789	0.245346164819959	0.0279619625759822	IC	C57BL/6	Saline 3d	AngII 28d
790.1	deviations	790	Batf_790	0.245346164819959	0.0279619625759822	IC	C57BL/6	Saline 3d	AngII 28d
833.1	deviations	833	Foxd4_833	0.245346164819959	-0.0303128934740392	IC	C57BL/6	Saline 3d	AngII 28d
56.1	deviations	56	Bhlhe41_56	0.26378745209913	0.0281253409802119	IC	C57BL/6	Saline 3d	AngII 28d
385.1	deviations	385	Gata5_385	0.283098581842273	0.0256853577053752	IC	C57BL/6	Saline 3d	AngII 28d
2.1	deviations	2	Tcfap2b_2	0.283548803129062	-0.0173637406959132	IC	C57BL/6	Saline 3d	AngII 28d
132.1	deviations	132	Nfe2_132	0.283548803129062	0.0260439120870685	IC	C57BL/6	Saline 3d	AngII 28d
290.1	deviations	290	Gm5454_290	0.283548803129062	0.0184779203208416	IC	C57BL/6	Saline 3d	AngII 28d
333.1	deviations	333	Gm5294_333	0.283548803129062	-0.0229260252445809	IC	C57BL/6	Saline 3d	AngII 28d
356.1	deviations	356	Foxl1_356	0.283548803129062	-0.0229260252445809	IC	C57BL/6	Saline 3d	AngII 28d
381.1	deviations	381	Foxl1_381	0.283548803129062	0.0140278631755442	IC	C57BL/6	Saline 3d	AngII 28d
577.1	deviations	577	Cphx_577	0.283548803129062	0.0260153310663676	IC	C57BL/6	Saline 3d	AngII 28d
629.1	deviations	629	Irf9_629	0.283548803129062	0.0285740902401208	IC	C57BL/6	Saline 3d	AngII 28d
635.1	deviations	635	Irf5_635	0.283548803129062	0.0486469965918362	IC	C57BL/6	Saline 3d	AngII 28d
382.1	deviations	382	Gata6_382	0.285408986850943	0.0232743762307572	IC	C57BL/6	Saline 3d	AngII 28d
627.1	deviations	627	Hsf4_627	0.285408986850943	0.0213800208845278	IC	C57BL/6	Saline 3d	AngII 28d
54.1	deviations	54	Figla_54	0.28569991146698	-0.0183685224012092	IC	C57BL/6	Saline 3d	AngII 28d
316.1	deviations	316	Foxc2_316	0.28569991146698	-0.0197003293624469	IC	C57BL/6	Saline 3d	AngII 28d
329.1	deviations	329	Foxs1_329	0.28569991146698	-0.0197003293624469	IC	C57BL/6	Saline 3d	AngII 28d
653.1	deviations	653	Pparg_653	0.289204401453856	-0.0253229868400661	IC	C57BL/6	Saline 3d	AngII 28d
816.1	deviations	816	Zfp219_816	0.289204401453856	-0.0100353820025989	IC	C57BL/6	Saline 3d	AngII 28d
630.1	deviations	630	Irf3_630	0.290428545277423	0.0250840911335402	IC	C57BL/6	Saline 3d	AngII 28d
321.1	deviations	321	Foxo6_321	0.300296996137615	-0.0317841093852203	IC	C57BL/6	Saline 3d	AngII 28d
422.1	deviations	422	Lhx1_422	0.300296996137615	0.0308410933236444	IC	C57BL/6	Saline 3d	AngII 28d
779.1	deviations	779	Mlxipl_779	0.300296996137615	0.0184704486568774	IC	C57BL/6	Saline 3d	AngII 28d
131.1	deviations	131	Nfil3_131	0.312760829574298	-0.0551302785532764	IC	C57BL/6	Saline 3d	AngII 28d
528.1	deviations	528	Dlx1_528	0.312760829574298	0.0311742943484254	IC	C57BL/6	Saline 3d	AngII 28d
759.1	deviations	759	Stat4_759	0.315971526567904	0.0200515863819428	IC	C57BL/6	Saline 3d	AngII 28d
42.1	deviations	42	Bhlhe22_42	0.326528011679163	-0.0391486953503045	IC	C57BL/6	Saline 3d	AngII 28d
99.1	deviations	99	Hlf_99	0.326528011679163	-0.0422463605834835	IC	C57BL/6	Saline 3d	AngII 28d
844.1	deviations	844	Nr1d1_844	0.341526458342943	-0.0209310290840956	IC	C57BL/6	Saline 3d	AngII 28d
845.1	deviations	845	Nr1d2_845	0.341526458342943	-0.0209310290840956	IC	C57BL/6	Saline 3d	AngII 28d
869.1	deviations	869	Hif3a_869	0.341526458342943	-0.0131083920358157	IC	C57BL/6	Saline 3d	AngII 28d
41.1	deviations	41	Tcfeb_41	0.342070366024446	0.0141582038374772	IC	C57BL/6	Saline 3d	AngII 28d
94.1	deviations	94	Atoh1_94	0.342070366024446	-0.0330328886620607	IC	C57BL/6	Saline 3d	AngII 28d
383.1	deviations	383	Gata2_383	0.342070366024446	0.0262598625456027	IC	C57BL/6	Saline 3d	AngII 28d
384.1	deviations	384	Gata3_384	0.342070366024446	0.0236343275191452	IC	C57BL/6	Saline 3d	AngII 28d
447.1	deviations	447	Rax_447	0.342070366024446	0.0303485598898054	IC	C57BL/6	Saline 3d	AngII 28d
491.1	deviations	491	Emx1_491	0.342070366024446	0.0406799635447203	IC	C57BL/6	Saline 3d	AngII 28d
751.1	deviations	751	Sox4_751	0.342070366024446	0.0140943901931799	IC	C57BL/6	Saline 3d	AngII 28d
784.1	deviations	784	Neurod1_784	0.342070366024446	-0.0330328886620607	IC	C57BL/6	Saline 3d	AngII 28d
786.1	deviations	786	Neurod6_786	0.342070366024446	-0.0330328886620607	IC	C57BL/6	Saline 3d	AngII 28d
787.1	deviations	787	Neurod4_787	0.342070366024446	-0.0330328886620607	IC	C57BL/6	Saline 3d	AngII 28d
799.1	deviations	799	Snai2_799	0.342070366024446	-0.00872974291387391	IC	C57BL/6	Saline 3d	AngII 28d
112.1	deviations	112	Atf2_112	0.347676636765623	-0.0311610270071409	IC	C57BL/6	Saline 3d	AngII 28d
325.1	deviations	325	Foxb2_325	0.354876748074012	-0.025324230375515	IC	C57BL/6	Saline 3d	AngII 28d
326.1	deviations	326	Foxb1_326	0.354876748074012	-0.025324230375515	IC	C57BL/6	Saline 3d	AngII 28d
443.1	deviations	443	Dlx2_443	0.360256732041342	0.0336467137793552	IC	C57BL/6	Saline 3d	AngII 28d
545.1	deviations	545	Nkx12_545	0.360256732041342	0.0302559827131983	IC	C57BL/6	Saline 3d	AngII 28d
55.1	deviations	55	Bhlhe40_55	0.365702766446235	0.022316906533611	IC	C57BL/6	Saline 3d	AngII 28d
77.1	deviations	77	Bhlhe23_77	0.365702766446235	-0.041140960731966	IC	C57BL/6	Saline 3d	AngII 28d
252.1	deviations	252	Dmrt3_252	0.365702766446235	-0.0363843088696951	IC	C57BL/6	Saline 3d	AngII 28d
313.1	deviations	313	Foxo4_313	0.367014789206851	-0.0302573408411152	IC	C57BL/6	Saline 3d	AngII 28d
468.1	deviations	468	Nkx11_468	0.367014789206851	0.0234675713886706	IC	C57BL/6	Saline 3d	AngII 28d
610.1	deviations	610	Nkx11_610	0.367014789206851	0.0234675713886706	IC	C57BL/6	Saline 3d	AngII 28d
669.1	deviations	669	Esrrb_669	0.367014789206851	-0.0141241298939047	IC	C57BL/6	Saline 3d	AngII 28d
701.1	deviations	701	Nfkb1_701	0.382186464367862	0.013564900333759	IC	C57BL/6	Saline 3d	AngII 28d
44.1	deviations	44	Npas2_44	0.384664191776134	-0.0223428828023054	IC	C57BL/6	Saline 3d	AngII 28d
402.1	deviations	402	Mnx1_402	0.384664191776134	0.026873573203321	IC	C57BL/6	Saline 3d	AngII 28d
643.1	deviations	643	Mybl2_643	0.384726138769024	0.0215596225490475	IC	C57BL/6	Saline 3d	AngII 28d
534.1	deviations	534	Hoxd9_534	0.385145705076169	-0.0224549370053825	IC	C57BL/6	Saline 3d	AngII 28d
91.1	deviations	91	Max_91	0.387844010569739	-0.0213245920095291	IC	C57BL/6	Saline 3d	AngII 28d
208.1	deviations	208	Zfa_208	0.387844010569739	-0.00716840810283005	IC	C57BL/6	Saline 3d	AngII 28d
213.1	deviations	213	Zfy1_213	0.387844010569739	-0.00716840810283005	IC	C57BL/6	Saline 3d	AngII 28d
310.1	deviations	310	Foxk2_310	0.387844010569739	-0.0294455016687265	IC	C57BL/6	Saline 3d	AngII 28d
319.1	deviations	319	Foxo3_319	0.387844010569739	-0.0294455016687265	IC	C57BL/6	Saline 3d	AngII 28d
324.1	deviations	324	Foxk1_324	0.387844010569739	-0.0294455016687265	IC	C57BL/6	Saline 3d	AngII 28d
479.1	deviations	479	Hoxa1_479	0.387844010569739	0.0430755118430326	IC	C57BL/6	Saline 3d	AngII 28d
523.1	deviations	523	Hesx1_523	0.387844010569739	-0.0197964475211952	IC	C57BL/6	Saline 3d	AngII 28d
571.1	deviations	571	Gbx1_571	0.387844010569739	0.0344402739945723	IC	C57BL/6	Saline 3d	AngII 28d
442.1	deviations	442	Gsc2_442	0.392509078943273	0.0298592180829942	IC	C57BL/6	Saline 3d	AngII 28d
95.1	deviations	95	Usf2_95	0.41033872570839	0.0150465764633025	IC	C57BL/6	Saline 3d	AngII 28d
628.1	deviations	628	Hsfy2_628	0.41033872570839	-0.0649881042516955	IC	C57BL/6	Saline 3d	AngII 28d
631.1	deviations	631	Irf1_631	0.41033872570839	0.0107976754446887	IC	C57BL/6	Saline 3d	AngII 28d
78.1	deviations	78	Olig3_78	0.41237051198312	0.0377107054524237	IC	C57BL/6	Saline 3d	AngII 28d
230.1	deviations	230	Insm1_230	0.413981220058346	-0.0109113528561154	IC	C57BL/6	Saline 3d	AngII 28d
294.1	deviations	294	Gm4881_294	0.413981220058346	0.0254022060559261	IC	C57BL/6	Saline 3d	AngII 28d
21.1	deviations	21	Twist2_21	0.416669331291027	-0.0370285311414791	IC	C57BL/6	Saline 3d	AngII 28d
181.1	deviations	181	Zic1_181	0.416669331291027	-0.0118303079062662	IC	C57BL/6	Saline 3d	AngII 28d
781.1	deviations	781	Tal2_781	0.416669331291027	-0.0370285311414791	IC	C57BL/6	Saline 3d	AngII 28d
114.1	deviations	114	Jdp2_114	0.417688101966102	-0.0282377774166271	IC	C57BL/6	Saline 3d	AngII 28d
320.1	deviations	320	Foxc1_320	0.417688101966102	-0.0187633429521633	IC	C57BL/6	Saline 3d	AngII 28d
519.1	deviations	519	Prrx2_519	0.420901808276153	0.0323899580787008	IC	C57BL/6	Saline 3d	AngII 28d
839.1	deviations	839	Prrxl1_839	0.420901808276153	0.0323899580787008	IC	C57BL/6	Saline 3d	AngII 28d
8.1	deviations	8	Arid5b_8	0.421631096297907	0.0708013958777456	IC	C57BL/6	Saline 3d	AngII 28d
260.1	deviations	260	E2f7_260	0.42636574391833	0.0206544484730951	IC	C57BL/6	Saline 3d	AngII 28d
431.1	deviations	431	Vsx2_431	0.42636574391833	0.0439392869645371	IC	C57BL/6	Saline 3d	AngII 28d
37.1	deviations	37	Myc_37	0.430393232541481	-0.0212444311459191	IC	C57BL/6	Saline 3d	AngII 28d
681.1	deviations	681	Nr3c2_681	0.441825706982368	-0.0307177335074454	IC	C57BL/6	Saline 3d	AngII 28d
649.1	deviations	649	Mypop_649	0.460343120367874	0.0277871350204346	IC	C57BL/6	Saline 3d	AngII 28d
676.1	deviations	676	Esrrg_676	0.460385465411887	-0.0164070079596177	IC	C57BL/6	Saline 3d	AngII 28d
16.1	deviations	16	Zfp957_16	0.46557881719348	0.0337361635977404	IC	C57BL/6	Saline 3d	AngII 28d
32.1	deviations	32	Srebf1_32	0.46557881719348	0.0207021871745986	IC	C57BL/6	Saline 3d	AngII 28d
105.1	deviations	105	Tef_105	0.46557881719348	-0.0330811516710226	IC	C57BL/6	Saline 3d	AngII 28d
146.1	deviations	146	Ctcf_146	0.46557881719348	0.00931495929187521	IC	C57BL/6	Saline 3d	AngII 28d
182.1	deviations	182	Zbtb1_182	0.46557881719348	0.0207832720044819	IC	C57BL/6	Saline 3d	AngII 28d
234.1	deviations	234	Egr4_234	0.46557881719348	0.0118679384481645	IC	C57BL/6	Saline 3d	AngII 28d
488.1	deviations	488	Barx2_488	0.46557881719348	0.0188352230110612	IC	C57BL/6	Saline 3d	AngII 28d
503.1	deviations	503	Hoxc9_503	0.46557881719348	0.0259202331266799	IC	C57BL/6	Saline 3d	AngII 28d
594.1	deviations	594	NP_594	0.46557881719348	0.0259202331266799	IC	C57BL/6	Saline 3d	AngII 28d
734.1	deviations	734	Lef1_734	0.46557881719348	0.0230033586617075	IC	C57BL/6	Saline 3d	AngII 28d
756.1	deviations	756	Stat5b_756	0.46557881719348	0.0152958757354063	IC	C57BL/6	Saline 3d	AngII 28d
864.1	deviations	864	Tbx15_864	0.46557881719348	-0.0266608538067344	IC	C57BL/6	Saline 3d	AngII 28d
865.1	deviations	865	Tbx22_865	0.46557881719348	-0.0266608538067344	IC	C57BL/6	Saline 3d	AngII 28d
866.1	deviations	866	Tbx18_866	0.46557881719348	-0.0266608538067344	IC	C57BL/6	Saline 3d	AngII 28d
22.1	deviations	22	Id3_22	0.468501500213708	-0.0130656985992237	IC	C57BL/6	Saline 3d	AngII 28d
35.1	deviations	35	Id4_35	0.468501500213708	-0.0130656985992237	IC	C57BL/6	Saline 3d	AngII 28d
637.1	deviations	637	Naif1_637	0.468501500213708	0.0523512617336858	IC	C57BL/6	Saline 3d	AngII 28d
127.1	deviations	127	Junb_127	0.47601187777822	0.0407249652393715	IC	C57BL/6	Saline 3d	AngII 28d
138.1	deviations	138	Nfil3_138	0.478563948393585	-0.0316613646410482	IC	C57BL/6	Saline 3d	AngII 28d
39.1	deviations	39	Hes1_39	0.478808606221569	0.0175405988367438	IC	C57BL/6	Saline 3d	AngII 28d
62.1	deviations	62	Mitf_62	0.482453265166442	0.0114119807595236	IC	C57BL/6	Saline 3d	AngII 28d
89.1	deviations	89	Arntl_89	0.482453265166442	0.013449416307685	IC	C57BL/6	Saline 3d	AngII 28d
103.1	deviations	103	Xbp1_103	0.482453265166442	-0.0406510600736191	IC	C57BL/6	Saline 3d	AngII 28d
167.1	deviations	167	Sp4_167	0.482453265166442	-0.00451673641605109	IC	C57BL/6	Saline 3d	AngII 28d
206.1	deviations	206	Osr1_206	0.482453265166442	0.0181212274348998	IC	C57BL/6	Saline 3d	AngII 28d
249.1	deviations	249	Kdm2b_249	0.482453265166442	0.0581498730456607	IC	C57BL/6	Saline 3d	AngII 28d
338.1	deviations	338	Gm5294_338	0.482453265166442	-0.0284839717124106	IC	C57BL/6	Saline 3d	AngII 28d
364.1	deviations	364	Foxl1_364	0.482453265166442	-0.0284839717124106	IC	C57BL/6	Saline 3d	AngII 28d
482.1	deviations	482	Isx_482	0.482453265166442	0.0346875706462524	IC	C57BL/6	Saline 3d	AngII 28d
573.1	deviations	573	Noto_573	0.482453265166442	0.0426704264121455	IC	C57BL/6	Saline 3d	AngII 28d
670.1	deviations	670	Ppara_670	0.482453265166442	0.0146211616426273	IC	C57BL/6	Saline 3d	AngII 28d
687.1	deviations	687	Ar_687	0.482453265166442	-0.0198509464609785	IC	C57BL/6	Saline 3d	AngII 28d
702.1	deviations	702	Nfatc3_702	0.482453265166442	-0.0128991942397297	IC	C57BL/6	Saline 3d	AngII 28d
728.1	deviations	728	Cic_728	0.482453265166442	0.0152403824728619	IC	C57BL/6	Saline 3d	AngII 28d
840.1	deviations	840	Pou4f2_840	0.482453265166442	-0.0128268115552235	IC	C57BL/6	Saline 3d	AngII 28d
841.1	deviations	841	Pou4f1_841	0.482453265166442	-0.0128268115552235	IC	C57BL/6	Saline 3d	AngII 28d
857.1	deviations	857	Nfatc4_857	0.482453265166442	-0.0128991942397297	IC	C57BL/6	Saline 3d	AngII 28d
872.1	deviations	872	Wt1_872	0.482453265166442	-0.00413556406785248	IC	C57BL/6	Saline 3d	AngII 28d
134.1	deviations	134	Crem_134	0.482481829449408	-0.0247993780853927	IC	C57BL/6	Saline 3d	AngII 28d
53.1	deviations	53	Tcfec_53	0.482677244971168	0.0118819100977703	IC	C57BL/6	Saline 3d	AngII 28d
308.1	deviations	308	Foxf2_308	0.482677244971168	-0.0240477901385176	IC	C57BL/6	Saline 3d	AngII 28d
312.1	deviations	312	Foxf1a_312	0.482677244971168	-0.0240477901385176	IC	C57BL/6	Saline 3d	AngII 28d
694.1	deviations	694	Pax5_694	0.482677244971168	-0.0114587571299276	IC	C57BL/6	Saline 3d	AngII 28d
613.1	deviations	613	Pax3_613	0.490452167614468	-0.0343913042336126	IC	C57BL/6	Saline 3d	AngII 28d
881.1	deviations	881	Mixl1_881	0.490452167614468	0.0274975873654622	IC	C57BL/6	Saline 3d	AngII 28d
139.1	deviations	139	Zeb1_139	0.492834937540719	-0.0110732250183665	IC	C57BL/6	Saline 3d	AngII 28d
314.1	deviations	314	Foxo1_314	0.501825592232203	-0.0194767479829529	IC	C57BL/6	Saline 3d	AngII 28d
211.1	deviations	211	Hic2_211	0.5022986691522	-0.013250872438342	IC	C57BL/6	Saline 3d	AngII 28d
17.1	deviations	17	Tcfe3_17	0.503935101925649	0.00789797000652109	IC	C57BL/6	Saline 3d	AngII 28d
50.1	deviations	50	Mycl1_50	0.503935101925649	-0.0175485751035388	IC	C57BL/6	Saline 3d	AngII 28d
65.1	deviations	65	Mycn_65	0.503935101925649	-0.0175485751035388	IC	C57BL/6	Saline 3d	AngII 28d
71.1	deviations	71	Tcfl5_71	0.503935101925649	0.0192811424370944	IC	C57BL/6	Saline 3d	AngII 28d
76.1	deviations	76	Mycs_76	0.503935101925649	-0.0175485751035388	IC	C57BL/6	Saline 3d	AngII 28d
125.1	deviations	125	Cebpe_125	0.503935101925649	0.026630211399239	IC	C57BL/6	Saline 3d	AngII 28d
135.1	deviations	135	Jund_135	0.503935101925649	0.0232340351747061	IC	C57BL/6	Saline 3d	AngII 28d
303.1	deviations	303	Foxj3_303	0.503935101925649	-0.0249330624063024	IC	C57BL/6	Saline 3d	AngII 28d
386.1	deviations	386	Gata4_386	0.503935101925649	0.0246716571960241	IC	C57BL/6	Saline 3d	AngII 28d
412.1	deviations	412	Rhox6_412	0.503935101925649	0.0270637337499356	IC	C57BL/6	Saline 3d	AngII 28d
419.1	deviations	419	Alx3_419	0.503935101925649	0.0327293614237103	IC	C57BL/6	Saline 3d	AngII 28d
433.1	deviations	433	Msx2_433	0.503935101925649	0.0236417279446034	IC	C57BL/6	Saline 3d	AngII 28d
454.1	deviations	454	Lhx4_454	0.503935101925649	0.0327293614237103	IC	C57BL/6	Saline 3d	AngII 28d
563.1	deviations	563	En1_563	0.503935101925649	0.0327293614237103	IC	C57BL/6	Saline 3d	AngII 28d
572.1	deviations	572	Rhox9_572	0.503935101925649	0.0270637337499356	IC	C57BL/6	Saline 3d	AngII 28d
618.1	deviations	618	Pou5f1_618	0.503935101925649	-0.018443693033519	IC	C57BL/6	Saline 3d	AngII 28d
724.1	deviations	724	Nfic_724	0.503935101925649	0.00453217988020058	IC	C57BL/6	Saline 3d	AngII 28d
830.1	deviations	830	Foxn2_830	0.503935101925649	-0.0249330624063024	IC	C57BL/6	Saline 3d	AngII 28d
832.1	deviations	832	Foxl2_832	0.503935101925649	-0.0249330624063024	IC	C57BL/6	Saline 3d	AngII 28d
834.1	deviations	834	ENSMUSG00000090020_834	0.503935101925649	-0.0249330624063024	IC	C57BL/6	Saline 3d	AngII 28d
48.1	deviations	48	Sohlh2_48	0.504507492173068	0.018370203778593	IC	C57BL/6	Saline 3d	AngII 28d
331.1	deviations	331	Gm5294_331	0.504507492173068	-0.0302471337097096	IC	C57BL/6	Saline 3d	AngII 28d
354.1	deviations	354	Foxl1_354	0.504507492173068	-0.0302471337097096	IC	C57BL/6	Saline 3d	AngII 28d
831.1	deviations	831	Foxa3_831	0.504507492173068	-0.0302471337097096	IC	C57BL/6	Saline 3d	AngII 28d
210.1	deviations	210	Zbtb12_210	0.507441324383197	0.0238006401732124	IC	C57BL/6	Saline 3d	AngII 28d
25.1	deviations	25	Arnt_25	0.508347514154294	0.0229423617854874	IC	C57BL/6	Saline 3d	AngII 28d
622.1	deviations	622	Pit1_622	0.508347514154294	-0.0238430376548862	IC	C57BL/6	Saline 3d	AngII 28d
564.1	deviations	564	Nkx29_564	0.5101521860796	0.0182642300651485	IC	C57BL/6	Saline 3d	AngII 28d
172.1	deviations	172	Gfi1b_172	0.510994491577092	0.0141689353908857	IC	C57BL/6	Saline 3d	AngII 28d
192.1	deviations	192	Rreb1_192	0.510994491577092	-0.00548212416334365	IC	C57BL/6	Saline 3d	AngII 28d
581.1	deviations	581	Hoxc4_581	0.510994491577092	-0.0153005035509628	IC	C57BL/6	Saline 3d	AngII 28d
224.1	deviations	224	Zfp143_224	0.511286625271211	0.0127462576166349	IC	C57BL/6	Saline 3d	AngII 28d
508.1	deviations	508	Hoxa9_508	0.519678892685945	0.0218466251512848	IC	C57BL/6	Saline 3d	AngII 28d
253.1	deviations	253	Dmrta1_253	0.532398233090769	-0.0213465948156463	IC	C57BL/6	Saline 3d	AngII 28d
586.1	deviations	586	NP_586	0.532398233090769	0.0374977138342911	IC	C57BL/6	Saline 3d	AngII 28d
775.1	deviations	775	Spz1_775	0.534675799094512	-0.0102795769024136	IC	C57BL/6	Saline 3d	AngII 28d
14.1	deviations	14	Hmga2_14	0.536761963427373	0.0298948151147311	IC	C57BL/6	Saline 3d	AngII 28d
20.1	deviations	20	Tcfap4_20	0.536761963427373	-0.0147184841493843	IC	C57BL/6	Saline 3d	AngII 28d
337.1	deviations	337	Gm5294_337	0.536761963427373	-0.0113601151400918	IC	C57BL/6	Saline 3d	AngII 28d
358.1	deviations	358	Foxl1_358	0.536761963427373	-0.0113601151400918	IC	C57BL/6	Saline 3d	AngII 28d
425.1	deviations	425	Meis1_425	0.536761963427373	-0.00977613038108678	IC	C57BL/6	Saline 3d	AngII 28d
492.1	deviations	492	Barhl2_492	0.536761963427373	0.0198676680037373	IC	C57BL/6	Saline 3d	AngII 28d
498.1	deviations	498	Lbx2_498	0.536761963427373	0.030957007859098	IC	C57BL/6	Saline 3d	AngII 28d
551.1	deviations	551	Hoxd10_551	0.536761963427373	0.0188994062908843	IC	C57BL/6	Saline 3d	AngII 28d
632.1	deviations	632	Irf4_632	0.536761963427373	0.0277959125493505	IC	C57BL/6	Saline 3d	AngII 28d
667.1	deviations	667	Nr2e1_667	0.536761963427373	0.0159855056561068	IC	C57BL/6	Saline 3d	AngII 28d
732.1	deviations	732	Tcf7l2_732	0.536761963427373	0.020524926169226	IC	C57BL/6	Saline 3d	AngII 28d
776.1	deviations	776	Hmga1_776	0.536761963427373	0.0298948151147311	IC	C57BL/6	Saline 3d	AngII 28d
777.1	deviations	777	Hmga1rs1_777	0.536761963427373	0.0298948151147311	IC	C57BL/6	Saline 3d	AngII 28d
271.1	deviations	271	Spib_271	0.537923889911251	0.00713836455534467	IC	C57BL/6	Saline 3d	AngII 28d
674.1	deviations	674	Esrra_674	0.54856453897324	-0.0110366755847319	IC	C57BL/6	Saline 3d	AngII 28d
133.1	deviations	133	Dbp_133	0.548948836683985	-0.0192143304496224	IC	C57BL/6	Saline 3d	AngII 28d
27.1	deviations	27	Mlx_27	0.552889674975561	0.00762610716195275	IC	C57BL/6	Saline 3d	AngII 28d
64.1	deviations	64	Atoh7_64	0.552889674975561	-0.0282880831611957	IC	C57BL/6	Saline 3d	AngII 28d
87.1	deviations	87	Bhlha15_87	0.552889674975561	-0.0138334676472964	IC	C57BL/6	Saline 3d	AngII 28d
109.1	deviations	109	Creb1_109	0.552889674975561	-0.0193618389100307	IC	C57BL/6	Saline 3d	AngII 28d
128.1	deviations	128	X9430076C15Rik_128	0.552889674975561	-0.0242802182658891	IC	C57BL/6	Saline 3d	AngII 28d
140.1	deviations	140	Zscan4_140	0.552889674975561	-0.0186025127720022	IC	C57BL/6	Saline 3d	AngII 28d
196.1	deviations	196	Zfp410_196	0.552889674975561	-0.0181972256471483	IC	C57BL/6	Saline 3d	AngII 28d
258.1	deviations	258	E2f3_258	0.552889674975561	0.0155643387566438	IC	C57BL/6	Saline 3d	AngII 28d
298.1	deviations	298	Foxj2_298	0.552889674975561	-0.0230789276606488	IC	C57BL/6	Saline 3d	AngII 28d
300.1	deviations	300	Foxp4_300	0.552889674975561	-0.0230789276606488	IC	C57BL/6	Saline 3d	AngII 28d
301.1	deviations	301	Foxp2_301	0.552889674975561	-0.0230789276606488	IC	C57BL/6	Saline 3d	AngII 28d
311.1	deviations	311	Foxp3_311	0.552889674975561	-0.0230789276606488	IC	C57BL/6	Saline 3d	AngII 28d
432.1	deviations	432	Barx1_432	0.552889674975561	-0.0167738547146159	IC	C57BL/6	Saline 3d	AngII 28d
490.1	deviations	490	Vsx1_490	0.552889674975561	0.0297906777313109	IC	C57BL/6	Saline 3d	AngII 28d
511.1	deviations	511	Hoxb4_511	0.552889674975561	-0.0149379883667219	IC	C57BL/6	Saline 3d	AngII 28d
650.1	deviations	650	Prdm11_650	0.552889674975561	0.042392498005262	IC	C57BL/6	Saline 3d	AngII 28d
655.1	deviations	655	Nr1h3_655	0.552889674975561	-0.0165945888413319	IC	C57BL/6	Saline 3d	AngII 28d
672.1	deviations	672	Nr1i2_672	0.552889674975561	-0.0157616893142648	IC	C57BL/6	Saline 3d	AngII 28d
688.1	deviations	688	Nr1h2_688	0.552889674975561	-0.0165945888413319	IC	C57BL/6	Saline 3d	AngII 28d
729.1	deviations	729	Hmg20b_729	0.552889674975561	0.0215612917126395	IC	C57BL/6	Saline 3d	AngII 28d
738.1	deviations	738	Sox5_738	0.552889674975561	0.00951645990622954	IC	C57BL/6	Saline 3d	AngII 28d
748.1	deviations	748	Sry_748	0.552889674975561	0.0126441502170005	IC	C57BL/6	Saline 3d	AngII 28d
824.1	deviations	824	Rbpj_824	0.552889674975561	0.0106095260679017	IC	C57BL/6	Saline 3d	AngII 28d
825.1	deviations	825	Rbpsuhrs3_825	0.552889674975561	0.0106095260679017	IC	C57BL/6	Saline 3d	AngII 28d
164.1	deviations	164	Zscan10_164	0.555062037179888	-0.0186090826245672	IC	C57BL/6	Saline 3d	AngII 28d
561.1	deviations	561	Pou3f4_561	0.555062037179888	-0.0213588892355677	IC	C57BL/6	Saline 3d	AngII 28d
46.1	deviations	46	Usf1_46	0.555176439291307	0.0104176301286291	IC	C57BL/6	Saline 3d	AngII 28d
61.1	deviations	61	Scx_61	0.558544434528133	-0.00699649317194888	IC	C57BL/6	Saline 3d	AngII 28d
93.1	deviations	93	Tcf15_93	0.558544434528133	-0.00699649317194888	IC	C57BL/6	Saline 3d	AngII 28d
302.1	deviations	302	Foxp1_302	0.558544434528133	-0.0283871074028587	IC	C57BL/6	Saline 3d	AngII 28d
471.1	deviations	471	Lhx5_471	0.558544434528133	0.0190801669674622	IC	C57BL/6	Saline 3d	AngII 28d
487.1	deviations	487	Pou2f3_487	0.558544434528133	-0.015084620634639	IC	C57BL/6	Saline 3d	AngII 28d
101.1	deviations	101	Nfe2l2_101	0.563385698205549	0.0121224273195946	IC	C57BL/6	Saline 3d	AngII 28d
654.1	deviations	654	Rarg_654	0.563917380962435	-0.0101314397121385	IC	C57BL/6	Saline 3d	AngII 28d
657.1	deviations	657	Nr2f6_657	0.564845955403467	-0.0134315850610252	IC	C57BL/6	Saline 3d	AngII 28d
52.1	deviations	52	Clock_52	0.57574213293626	-0.0244456921164344	IC	C57BL/6	Saline 3d	AngII 28d
121.1	deviations	121	Atf4_121	0.57574213293626	0.0282087459769476	IC	C57BL/6	Saline 3d	AngII 28d
124.1	deviations	124	Atf7_124	0.57574213293626	-0.0183844833760179	IC	C57BL/6	Saline 3d	AngII 28d
398.1	deviations	398	Meox1_398	0.57574213293626	0.025037423202287	IC	C57BL/6	Saline 3d	AngII 28d
450.1	deviations	450	Tlx1_450	0.57574213293626	-0.0157557091042686	IC	C57BL/6	Saline 3d	AngII 28d
522.1	deviations	522	Tlx3_522	0.57574213293626	-0.0157557091042686	IC	C57BL/6	Saline 3d	AngII 28d
525.1	deviations	525	Meis3_525	0.57574213293626	-0.00636329706348896	IC	C57BL/6	Saline 3d	AngII 28d
555.1	deviations	555	Pou3f2_555	0.57574213293626	-0.0215013939423997	IC	C57BL/6	Saline 3d	AngII 28d
693.1	deviations	693	Pax9_693	0.57574213293626	0.0198257404531477	IC	C57BL/6	Saline 3d	AngII 28d
262.1	deviations	262	E2f5_262	0.579660830167381	0.0146349806953879	IC	C57BL/6	Saline 3d	AngII 28d
785.1	deviations	785	Twist1_785	0.579660830167381	-0.0209393561667337	IC	C57BL/6	Saline 3d	AngII 28d
600.1	deviations	600	NP_600	0.582594589415279	0.0107162542172139	IC	C57BL/6	Saline 3d	AngII 28d
712.1	deviations	712	Runx1_712	0.582594589415279	0.0099197863612948	IC	C57BL/6	Saline 3d	AngII 28d
858.1	deviations	858	Runx3_858	0.582594589415279	0.0099197863612948	IC	C57BL/6	Saline 3d	AngII 28d
332.1	deviations	332	Gm5294_332	0.582979095731955	-0.0102579949154612	IC	C57BL/6	Saline 3d	AngII 28d
355.1	deviations	355	Foxl1_355	0.582979095731955	-0.0102579949154612	IC	C57BL/6	Saline 3d	AngII 28d
846.1	deviations	846	Thrb_846	0.588547338133887	-0.0235722456764732	IC	C57BL/6	Saline 3d	AngII 28d
852.1	deviations	852	Thra_852	0.588547338133887	-0.0235722456764732	IC	C57BL/6	Saline 3d	AngII 28d
187.1	deviations	187	Zic4_187	0.594349171818061	-0.00767149491115567	IC	C57BL/6	Saline 3d	AngII 28d
199.1	deviations	199	Zfp784_199	0.596638138631571	-0.0168857543905814	IC	C57BL/6	Saline 3d	AngII 28d
330.1	deviations	330	Foxd1_330	0.596638138631571	-0.0159855757605153	IC	C57BL/6	Saline 3d	AngII 28d
334.1	deviations	334	Gm5294_334	0.596638138631571	-0.0159855757605153	IC	C57BL/6	Saline 3d	AngII 28d
359.1	deviations	359	Foxl1_359	0.596638138631571	-0.0159855757605153	IC	C57BL/6	Saline 3d	AngII 28d
562.1	deviations	562	Homez_562	0.596638138631571	0.0754370144410048	IC	C57BL/6	Saline 3d	AngII 28d
636.1	deviations	636	Irf2_636	0.596638138631571	0.0127133271442089	IC	C57BL/6	Saline 3d	AngII 28d
747.1	deviations	747	Sox11_747	0.596638138631571	0.0097772743764144	IC	C57BL/6	Saline 3d	AngII 28d
220.1	deviations	220	Zfp637_220	0.605302759012425	-0.0158638965710921	IC	C57BL/6	Saline 3d	AngII 28d
537.1	deviations	537	Nkx23_537	0.605931198444159	0.0141164383393882	IC	C57BL/6	Saline 3d	AngII 28d
399.1	deviations	399	Nkx21_399	0.60979879807207	0.0188093895995204	IC	C57BL/6	Saline 3d	AngII 28d
28.1	deviations	28	Ahr_28	0.612692774029373	0.0102242084323074	IC	C57BL/6	Saline 3d	AngII 28d
36.1	deviations	36	Ahrr_36	0.612692774029373	0.0102242084323074	IC	C57BL/6	Saline 3d	AngII 28d
69.1	deviations	69	Neurod2_69	0.614145266750321	-0.0325993107253106	IC	C57BL/6	Saline 3d	AngII 28d
251.1	deviations	251	Dmrt1_251	0.616897049349982	-0.0137540945552798	IC	C57BL/6	Saline 3d	AngII 28d
570.1	deviations	570	Hmx1_570	0.616897049349982	0.0177639544695849	IC	C57BL/6	Saline 3d	AngII 28d
809.1	deviations	809	Ovol2_809	0.616897049349982	-0.0270088381942959	IC	C57BL/6	Saline 3d	AngII 28d
860.1	deviations	860	Smad4_860	0.62162331020467	0.0098207777534125	IC	C57BL/6	Saline 3d	AngII 28d
699.1	deviations	699	Nfkb2_699	0.626370446425171	-0.0116199138079007	IC	C57BL/6	Saline 3d	AngII 28d
457.1	deviations	457	Barhl1_457	0.631550458615208	0.0120052339938404	IC	C57BL/6	Saline 3d	AngII 28d
566.1	deviations	566	Tgif2_566	0.633860253498441	-0.00724442384486991	IC	C57BL/6	Saline 3d	AngII 28d
7.1	deviations	7	Arid3a_7	0.63684084231716	0.0139455088811947	IC	C57BL/6	Saline 3d	AngII 28d
587.1	deviations	587	NP_587	0.63684084231716	0.0197493478541156	IC	C57BL/6	Saline 3d	AngII 28d
79.1	deviations	79	Tcf21_79	0.641578742623159	-0.019509243665557	IC	C57BL/6	Saline 3d	AngII 28d
436.1	deviations	436	Otp_436	0.641578742623159	0.0134592856308382	IC	C57BL/6	Saline 3d	AngII 28d
506.1	deviations	506	Hoxa13_506	0.641578742623159	0.0148036489675301	IC	C57BL/6	Saline 3d	AngII 28d
524.1	deviations	524	ENSMUSG00000040953_524	0.641578742623159	-0.0143994684090681	IC	C57BL/6	Saline 3d	AngII 28d
527.1	deviations	527	Obox6_527	0.641578742623159	-0.0143994684090681	IC	C57BL/6	Saline 3d	AngII 28d
582.1	deviations	582	Hoxb2_582	0.641578742623159	0.0186366772773611	IC	C57BL/6	Saline 3d	AngII 28d
642.1	deviations	642	Mecp2_642	0.641578742623159	-0.00585992655437543	IC	C57BL/6	Saline 3d	AngII 28d
616.1	deviations	616	Pou2f2_616	0.645163140418824	-0.00932696611769011	IC	C57BL/6	Saline 3d	AngII 28d
691.1	deviations	691	Trp73_691	0.647927737594491	0.0286764950080681	IC	C57BL/6	Saline 3d	AngII 28d
596.1	deviations	596	NP_596	0.648620855612174	-0.0161787873385722	IC	C57BL/6	Saline 3d	AngII 28d
175.1	deviations	175	Mtf1_175	0.650350337907426	0.00912138445211136	IC	C57BL/6	Saline 3d	AngII 28d
306.1	deviations	306	Foxa1_306	0.650350337907426	-0.0118911008006167	IC	C57BL/6	Saline 3d	AngII 28d
461.1	deviations	461	Meis2_461	0.650350337907426	-0.00509685580131332	IC	C57BL/6	Saline 3d	AngII 28d
697.1	deviations	697	Rel_697	0.650350337907426	0.00568618172209333	IC	C57BL/6	Saline 3d	AngII 28d
714.1	deviations	714	Sp100_714	0.650350337907426	0.0480868496823779	IC	C57BL/6	Saline 3d	AngII 28d
769.1	deviations	769	Tbr1_769	0.650350337907426	0.00628892531125785	IC	C57BL/6	Saline 3d	AngII 28d
690.1	deviations	690	Nr2f1_690	0.650648851524092	-0.0162035323206596	IC	C57BL/6	Saline 3d	AngII 28d
31.1	deviations	31	Tcf3_31	0.652405742715409	-0.00950933045180474	IC	C57BL/6	Saline 3d	AngII 28d
129.1	deviations	129	Cebpg_129	0.652405742715409	-0.0255934484552176	IC	C57BL/6	Saline 3d	AngII 28d
165.1	deviations	165	Zfp523_165	0.652405742715409	0.00646175933121374	IC	C57BL/6	Saline 3d	AngII 28d
409.1	deviations	409	Hoxd12_409	0.652405742715409	0.019923891126511	IC	C57BL/6	Saline 3d	AngII 28d
502.1	deviations	502	Gsx2_502	0.652405742715409	0.0282880083930382	IC	C57BL/6	Saline 3d	AngII 28d
549.1	deviations	549	Hmx2_549	0.652405742715409	0.012722069531135	IC	C57BL/6	Saline 3d	AngII 28d
665.1	deviations	665	Hnf4a_665	0.652405742715409	-0.0121296943113437	IC	C57BL/6	Saline 3d	AngII 28d
122.1	deviations	122	Crebzf_122	0.65726617931001	-0.0574098967351132	IC	C57BL/6	Saline 3d	AngII 28d
297.1	deviations	297	Gm4881_297	0.658414875293611	0.00424083209491262	IC	C57BL/6	Saline 3d	AngII 28d
126.1	deviations	126	Jun_126	0.658738645859737	-0.030264397977815	IC	C57BL/6	Saline 3d	AngII 28d
499.1	deviations	499	Nkx61_499	0.661876203409404	0.0214011623990138	IC	C57BL/6	Saline 3d	AngII 28d
606.1	deviations	606	NP_606	0.661876203409404	0.0214011623990138	IC	C57BL/6	Saline 3d	AngII 28d
535.1	deviations	535	Emx2_535	0.668349672624169	0.0193978173157675	IC	C57BL/6	Saline 3d	AngII 28d
584.1	deviations	584	Hoxa3_584	0.668349672624169	0.0124093913716764	IC	C57BL/6	Saline 3d	AngII 28d
467.1	deviations	467	Pax7_467	0.670764594537312	0.00282616386903738	IC	C57BL/6	Saline 3d	AngII 28d
336.1	deviations	336	Gm5294_336	0.671775270478133	-0.00907865940659944	IC	C57BL/6	Saline 3d	AngII 28d
360.1	deviations	360	Foxl1_360	0.671775270478133	-0.00907865940659944	IC	C57BL/6	Saline 3d	AngII 28d
768.1	deviations	768	Eomes_768	0.671775270478133	-0.0141034124234096	IC	C57BL/6	Saline 3d	AngII 28d
190.1	deviations	190	Egr1_190	0.672663211384706	-0.000680555382237623	IC	C57BL/6	Saline 3d	AngII 28d
339.1	deviations	339	Gm5294_339	0.672663211384706	-0.0149045405585192	IC	C57BL/6	Saline 3d	AngII 28d
363.1	deviations	363	Foxl1_363	0.672663211384706	-0.0149045405585192	IC	C57BL/6	Saline 3d	AngII 28d
448.1	deviations	448	Cdx1_448	0.672663211384706	0.014482568895873	IC	C57BL/6	Saline 3d	AngII 28d
481.1	deviations	481	Cdx4_481	0.672663211384706	0.014482568895873	IC	C57BL/6	Saline 3d	AngII 28d
517.1	deviations	517	En2_517	0.672663211384706	0.0171863333776492	IC	C57BL/6	Saline 3d	AngII 28d
530.1	deviations	530	Hoxd1_530	0.672663211384706	0.0171863333776492	IC	C57BL/6	Saline 3d	AngII 28d
607.1	deviations	607	NP_607	0.672663211384706	0.00733020578866555	IC	C57BL/6	Saline 3d	AngII 28d
626.1	deviations	626	Hsf1_626	0.672663211384706	0.00977477859955089	IC	C57BL/6	Saline 3d	AngII 28d
647.1	deviations	647	Mybl1_647	0.672663211384706	0.0214573183101764	IC	C57BL/6	Saline 3d	AngII 28d
660.1	deviations	660	Nr2c1_660	0.672663211384706	-0.0104510179035497	IC	C57BL/6	Saline 3d	AngII 28d
765.1	deviations	765	Tbx3_765	0.672663211384706	-0.0110025686714531	IC	C57BL/6	Saline 3d	AngII 28d
863.1	deviations	863	Smad1_863	0.672663211384706	0.00385696000412077	IC	C57BL/6	Saline 3d	AngII 28d
883.1	deviations	883	Smad5_883	0.672663211384706	0.00385696000412077	IC	C57BL/6	Saline 3d	AngII 28d
218.1	deviations	218	Zfp105_218	0.683237267815499	0.00750665923227721	IC	C57BL/6	Saline 3d	AngII 28d
558.1	deviations	558	Obox1_558	0.683237267815499	0.0140984632263453	IC	C57BL/6	Saline 3d	AngII 28d
673.1	deviations	673	Nr3c1_673	0.683237267815499	-0.00799572901968204	IC	C57BL/6	Saline 3d	AngII 28d
760.1	deviations	760	Tbx2_760	0.683237267815499	-0.0105677105309194	IC	C57BL/6	Saline 3d	AngII 28d
876.1	deviations	876	Zfp263_876	0.683237267815499	-0.00387244263676415	IC	C57BL/6	Saline 3d	AngII 28d
1.1	deviations	1	Tcfap2a_1	0.68357357321873	-0.00483884536637906	IC	C57BL/6	Saline 3d	AngII 28d
5.1	deviations	5	Tcfap2d_5	0.68357357321873	-2.07698089057951e-05	IC	C57BL/6	Saline 3d	AngII 28d
18.1	deviations	18	Mnt_18	0.68357357321873	-0.0240575005212895	IC	C57BL/6	Saline 3d	AngII 28d
81.1	deviations	81	Olig1_81	0.68357357321873	-0.0159713573992397	IC	C57BL/6	Saline 3d	AngII 28d
84.1	deviations	84	Nhlh2_84	0.68357357321873	-0.00333108425021608	IC	C57BL/6	Saline 3d	AngII 28d
115.1	deviations	115	Cebpa_115	0.68357357321873	-0.0347075596191545	IC	C57BL/6	Saline 3d	AngII 28d
120.1	deviations	120	Nrl_120	0.68357357321873	0.00898734601183954	IC	C57BL/6	Saline 3d	AngII 28d
166.1	deviations	166	Ovol1_166	0.68357357321873	-0.0241943963689661	IC	C57BL/6	Saline 3d	AngII 28d
245.1	deviations	245	Onecut3_245	0.68357357321873	-0.013291581213072	IC	C57BL/6	Saline 3d	AngII 28d
259.1	deviations	259	E2f2_259	0.68357357321873	0.0127802925791583	IC	C57BL/6	Saline 3d	AngII 28d
388.1	deviations	388	Gcm1_388	0.68357357321873	-0.0173241908919146	IC	C57BL/6	Saline 3d	AngII 28d
414.1	deviations	414	Pknox1_414	0.68357357321873	-0.00690671524734845	IC	C57BL/6	Saline 3d	AngII 28d
426.1	deviations	426	Hnf1b_426	0.68357357321873	-0.00835844316325491	IC	C57BL/6	Saline 3d	AngII 28d
542.1	deviations	542	Tgif1_542	0.68357357321873	-0.00890003327154332	IC	C57BL/6	Saline 3d	AngII 28d
544.1	deviations	544	Duxbl_544	0.68357357321873	0.0115655031623272	IC	C57BL/6	Saline 3d	AngII 28d
575.1	deviations	575	Gm10391_575	0.68357357321873	0.0115655031623272	IC	C57BL/6	Saline 3d	AngII 28d
576.1	deviations	576	Gm10394_576	0.68357357321873	0.0115655031623272	IC	C57BL/6	Saline 3d	AngII 28d
700.1	deviations	700	Nfatc2_700	0.68357357321873	-0.0103595430890783	IC	C57BL/6	Saline 3d	AngII 28d
792.1	deviations	792	Mafa_792	0.68357357321873	0.00898734601183954	IC	C57BL/6	Saline 3d	AngII 28d
793.1	deviations	793	Maf_793	0.68357357321873	0.00898734601183954	IC	C57BL/6	Saline 3d	AngII 28d
246.1	deviations	246	Lin54_246	0.683621367859749	0.0105557819067283	IC	C57BL/6	Saline 3d	AngII 28d
640.1	deviations	640	Mef2a_640	0.683621367859749	-0.00578397510899236	IC	C57BL/6	Saline 3d	AngII 28d
501.1	deviations	501	Pknox2_501	0.684869038433714	-0.00657632282140902	IC	C57BL/6	Saline 3d	AngII 28d
766.1	deviations	766	Tbx19_766	0.686118534767047	-0.00736209193438769	IC	C57BL/6	Saline 3d	AngII 28d
136.1	deviations	136	Mafb_136	0.68696267148404	0.0111807712201759	IC	C57BL/6	Saline 3d	AngII 28d
29.1	deviations	29	Hey2_29	0.690929688896089	-0.00823039949182595	IC	C57BL/6	Saline 3d	AngII 28d
60.1	deviations	60	Heyl_60	0.690929688896089	-0.00823039949182595	IC	C57BL/6	Saline 3d	AngII 28d
73.1	deviations	73	Hey1_73	0.690929688896089	-0.00823039949182595	IC	C57BL/6	Saline 3d	AngII 28d
83.1	deviations	83	Hes5_83	0.690929688896089	-0.0211604864221786	IC	C57BL/6	Saline 3d	AngII 28d
180.1	deviations	180	Zfp300_180	0.690929688896089	-0.0154788645736657	IC	C57BL/6	Saline 3d	AngII 28d
191.1	deviations	191	Sp6_191	0.690929688896089	0.00277031148791471	IC	C57BL/6	Saline 3d	AngII 28d
238.1	deviations	238	Sp5_238	0.690929688896089	0.00277031148791471	IC	C57BL/6	Saline 3d	AngII 28d
612.1	deviations	612	Pax2_612	0.690929688896089	-0.0158442882647178	IC	C57BL/6	Saline 3d	AngII 28d
223.1	deviations	223	Zfp128_223	0.694727802329912	0.0152502238504307	IC	C57BL/6	Saline 3d	AngII 28d
393.1	deviations	393	Lhx2_393	0.694727802329912	0.0197259511706609	IC	C57BL/6	Saline 3d	AngII 28d
456.1	deviations	456	Lmx1a_456	0.694727802329912	0.0124729003629766	IC	C57BL/6	Saline 3d	AngII 28d
459.1	deviations	459	Lhx3_459	0.694727802329912	0.00774616526018534	IC	C57BL/6	Saline 3d	AngII 28d
469.1	deviations	469	Uncx_469	0.694727802329912	0.0283956776782015	IC	C57BL/6	Saline 3d	AngII 28d
675.1	deviations	675	Nr5a2_675	0.694727802329912	-0.00643550660921116	IC	C57BL/6	Saline 3d	AngII 28d
744.1	deviations	744	Tcf7l1_744	0.694727802329912	0.0122367217066843	IC	C57BL/6	Saline 3d	AngII 28d
758.1	deviations	758	Stat2_758	0.694727802329912	0.00699311448601067	IC	C57BL/6	Saline 3d	AngII 28d
848.1	deviations	848	Nr5a1_848	0.694727802329912	-0.00643550660921116	IC	C57BL/6	Saline 3d	AngII 28d
880.1	deviations	880	Foxm1_880	0.694727802329912	-0.00708308800391634	IC	C57BL/6	Saline 3d	AngII 28d
161.1	deviations	161	Osr2_161	0.694794124916665	0.01809198477856	IC	C57BL/6	Saline 3d	AngII 28d
26.1	deviations	26	Arnt2_26	0.700548612073556	-0.0149758522916935	IC	C57BL/6	Saline 3d	AngII 28d
59.1	deviations	59	Tcf12_59	0.700548612073556	-0.0052002579072096	IC	C57BL/6	Saline 3d	AngII 28d
118.1	deviations	118	Creb3l2_118	0.700548612073556	0.00971393909760354	IC	C57BL/6	Saline 3d	AngII 28d
189.1	deviations	189	Prdm1_189	0.700548612073556	-0.00423034351101355	IC	C57BL/6	Saline 3d	AngII 28d
309.1	deviations	309	Foxq1_309	0.700548612073556	-0.00351830332996812	IC	C57BL/6	Saline 3d	AngII 28d
408.1	deviations	408	Hoxd13_408	0.700548612073556	0.0143027134027186	IC	C57BL/6	Saline 3d	AngII 28d
567.1	deviations	567	Nkx63_567	0.700548612073556	0.0205666972208819	IC	C57BL/6	Saline 3d	AngII 28d
13.1	deviations	13	Ahctf1_13	0.700738753147723	0.00887587569007662	IC	C57BL/6	Saline 3d	AngII 28d
88.1	deviations	88	Tcf4_88	0.700738753147723	-0.00564200307870197	IC	C57BL/6	Saline 3d	AngII 28d
484.1	deviations	484	Irx5_484	0.700738753147723	-0.00115586613919981	IC	C57BL/6	Saline 3d	AngII 28d
521.1	deviations	521	Alx4_521	0.700738753147723	-0.01253319448297	IC	C57BL/6	Saline 3d	AngII 28d
842.1	deviations	842	Mef2d_842	0.700738753147723	-0.00234229903237072	IC	C57BL/6	Saline 3d	AngII 28d
867.1	deviations	867	Tead3_867	0.700738753147723	-0.0118908928506179	IC	C57BL/6	Saline 3d	AngII 28d
882.1	deviations	882	Mef2b_882	0.700738753147723	-0.00234229903237072	IC	C57BL/6	Saline 3d	AngII 28d
455.1	deviations	455	Prrx1_455	0.704135498675382	0.0189292136284592	IC	C57BL/6	Saline 3d	AngII 28d
695.1	deviations	695	Lcor_695	0.704135498675382	0.00340197326026864	IC	C57BL/6	Saline 3d	AngII 28d
143.1	deviations	143	Klf4_143	0.705032703796313	-0.00377229536838849	IC	C57BL/6	Saline 3d	AngII 28d
188.1	deviations	188	Egr2_188	0.706735024982345	-0.00387261159814484	IC	C57BL/6	Saline 3d	AngII 28d
170.1	deviations	170	Zfp282_170	0.707129478597514	-0.0103546484608801	IC	C57BL/6	Saline 3d	AngII 28d
209.1	deviations	209	Zfp161_209	0.707129478597514	-0.00934349583911277	IC	C57BL/6	Saline 3d	AngII 28d
264.1	deviations	264	E2f6_264	0.707129478597514	0.00696982953380605	IC	C57BL/6	Saline 3d	AngII 28d
791.1	deviations	791	Atf5_791	0.707129478597514	-0.0248931173075517	IC	C57BL/6	Saline 3d	AngII 28d
51.1	deviations	51	Hes2_51	0.707775184454541	-0.0115105500107891	IC	C57BL/6	Saline 3d	AngII 28d
346.1	deviations	346	Gm5294_346	0.707775184454541	-0.0121693082199219	IC	C57BL/6	Saline 3d	AngII 28d
372.1	deviations	372	Foxl1_372	0.707775184454541	-0.0121693082199219	IC	C57BL/6	Saline 3d	AngII 28d
380.1	deviations	380	Foxl1_380	0.707775184454541	0.00870865616165261	IC	C57BL/6	Saline 3d	AngII 28d
400.1	deviations	400	Irx2_400	0.707775184454541	0.00981612522420035	IC	C57BL/6	Saline 3d	AngII 28d
531.1	deviations	531	Hoxd4_531	0.707775184454541	-0.00611898679018969	IC	C57BL/6	Saline 3d	AngII 28d
434.1	deviations	434	Pitx1_434	0.709599971259486	0.0105127923023133	IC	C57BL/6	Saline 3d	AngII 28d
440.1	deviations	440	Hoxc10_440	0.709599971259486	0.0110454036852088	IC	C57BL/6	Saline 3d	AngII 28d
116.1	deviations	116	Creb3l3_116	0.710351661859627	-0.0140794326466199	IC	C57BL/6	Saline 3d	AngII 28d
621.1	deviations	621	Pit1_621	0.710351661859627	-0.00125143661954624	IC	C57BL/6	Saline 3d	AngII 28d
870.1	deviations	870	Creb3_870	0.710351661859627	-0.0140794326466199	IC	C57BL/6	Saline 3d	AngII 28d
726.1	deviations	726	Tcf7_726	0.712066280684103	0.0184570523634059	IC	C57BL/6	Saline 3d	AngII 28d
201.1	deviations	201	Dnajc21_201	0.713231511506427	0.00109264252718265	IC	C57BL/6	Saline 3d	AngII 28d
395.1	deviations	395	Hoxa10_395	0.713231511506427	0.0127547253148663	IC	C57BL/6	Saline 3d	AngII 28d
829.1	deviations	829	Foxn3_829	0.713231511506427	-0.0199561675351626	IC	C57BL/6	Saline 3d	AngII 28d
397.1	deviations	397	Sebox_397	0.719987764327698	0.0181530232409866	IC	C57BL/6	Saline 3d	AngII 28d
680.1	deviations	680	Nr2f2_680	0.719987764327698	-0.0126965049400009	IC	C57BL/6	Saline 3d	AngII 28d
686.1	deviations	686	Rxrb_686	0.719987764327698	-0.0104288506909819	IC	C57BL/6	Saline 3d	AngII 28d
141.1	deviations	141	Bcl6b_141	0.729952882700352	0.00708992841384143	IC	C57BL/6	Saline 3d	AngII 28d
237.1	deviations	237	Klf14_237	0.729952882700352	-0.00243313995309176	IC	C57BL/6	Saline 3d	AngII 28d
279.1	deviations	279	Spdef_279	0.729952882700352	0.00576637513862555	IC	C57BL/6	Saline 3d	AngII 28d
451.1	deviations	451	Lbx1_451	0.729952882700352	0.02862792976984	IC	C57BL/6	Saline 3d	AngII 28d
477.1	deviations	477	Dlx6_477	0.729952882700352	-0.00413487016493847	IC	C57BL/6	Saline 3d	AngII 28d
495.1	deviations	495	Hdx_495	0.729952882700352	0.00815580390438728	IC	C57BL/6	Saline 3d	AngII 28d
750.1	deviations	750	Sox2_750	0.729952882700352	0.00673345874756616	IC	C57BL/6	Saline 3d	AngII 28d
798.1	deviations	798	Klf11_798	0.729952882700352	-0.00243313995309176	IC	C57BL/6	Saline 3d	AngII 28d
817.1	deviations	817	Klf13_817	0.729952882700352	-0.00243313995309176	IC	C57BL/6	Saline 3d	AngII 28d
854.1	deviations	854	Pax8_854	0.729952882700352	0.00944905423819463	IC	C57BL/6	Saline 3d	AngII 28d
855.1	deviations	855	Pax1_855	0.729952882700352	0.00944905423819463	IC	C57BL/6	Saline 3d	AngII 28d
874.1	deviations	874	Klf16_874	0.729952882700352	-0.00243313995309176	IC	C57BL/6	Saline 3d	AngII 28d
504.1	deviations	504	Meox2_504	0.730091918155897	0.0240681179483552	IC	C57BL/6	Saline 3d	AngII 28d
403.1	deviations	403	Hoxc13_403	0.730232454936664	0.0133768494986374	IC	C57BL/6	Saline 3d	AngII 28d
658.1	deviations	658	Nr1i3_658	0.731967431912772	-0.00443608074183503	IC	C57BL/6	Saline 3d	AngII 28d
110.1	deviations	110	Atf3_110	0.735874940462565	-0.0205338188433768	IC	C57BL/6	Saline 3d	AngII 28d
444.1	deviations	444	Esx1_444	0.735874940462565	0.0181321569132591	IC	C57BL/6	Saline 3d	AngII 28d
520.1	deviations	520	Hmx3_520	0.735874940462565	0.00848020408952403	IC	C57BL/6	Saline 3d	AngII 28d
590.1	deviations	590	NP_590	0.735874940462565	0.00848020408952403	IC	C57BL/6	Saline 3d	AngII 28d
634.1	deviations	634	Irf6_634	0.735874940462565	0.0115167767201184	IC	C57BL/6	Saline 3d	AngII 28d
802.1	deviations	802	Sp3_802	0.737216472899089	0.00149409170780363	IC	C57BL/6	Saline 3d	AngII 28d
38.1	deviations	38	Srebf2_38	0.741097987991982	0.00603458862781649	IC	C57BL/6	Saline 3d	AngII 28d
651.1	deviations	651	Gm239_651	0.741097987991982	0.00823125270577673	IC	C57BL/6	Saline 3d	AngII 28d
430.1	deviations	430	Six6_430	0.750444796628121	-0.00822108309129231	IC	C57BL/6	Saline 3d	AngII 28d
19.1	deviations	19	Npas1_19	0.750972927597904	-0.0114054436408517	IC	C57BL/6	Saline 3d	AngII 28d
30.1	deviations	30	Sim1_30	0.750972927597904	-0.0114054436408517	IC	C57BL/6	Saline 3d	AngII 28d
34.1	deviations	34	Npas3_34	0.750972927597904	-0.0114054436408517	IC	C57BL/6	Saline 3d	AngII 28d
92.1	deviations	92	Sim2_92	0.750972927597904	-0.0114054436408517	IC	C57BL/6	Saline 3d	AngII 28d
107.1	deviations	107	Fosl1_107	0.750972927597904	0.0105841190375384	IC	C57BL/6	Saline 3d	AngII 28d
142.1	deviations	142	Sp1_142	0.750972927597904	-0.00158108334935755	IC	C57BL/6	Saline 3d	AngII 28d
226.1	deviations	226	Zscan20_226	0.750972927597904	0.0134408289876386	IC	C57BL/6	Saline 3d	AngII 28d
240.1	deviations	240	Zfx_240	0.750972927597904	-0.00333326023513856	IC	C57BL/6	Saline 3d	AngII 28d
244.1	deviations	244	Cux2_244	0.750972927597904	0.0144462627397317	IC	C57BL/6	Saline 3d	AngII 28d
307.1	deviations	307	Foxa2_307	0.750972927597904	0.00624715534126691	IC	C57BL/6	Saline 3d	AngII 28d
396.1	deviations	396	Hoxa4_396	0.750972927597904	-0.00392148003876801	IC	C57BL/6	Saline 3d	AngII 28d
420.1	deviations	420	Hoxa2_420	0.750972927597904	0.0168029518288383	IC	C57BL/6	Saline 3d	AngII 28d
439.1	deviations	439	Nkx31_439	0.750972927597904	0.00667451803620478	IC	C57BL/6	Saline 3d	AngII 28d
550.1	deviations	550	Hoxc12_550	0.750972927597904	0.0123259899540422	IC	C57BL/6	Saline 3d	AngII 28d
559.1	deviations	559	Bsx_559	0.750972927597904	0.0103791782925966	IC	C57BL/6	Saline 3d	AngII 28d
595.1	deviations	595	NP_595	0.750972927597904	0.0120765588267689	IC	C57BL/6	Saline 3d	AngII 28d
605.1	deviations	605	NP_605	0.750972927597904	0.0123259899540422	IC	C57BL/6	Saline 3d	AngII 28d
662.1	deviations	662	Rxra_662	0.750972927597904	-0.0107283013574933	IC	C57BL/6	Saline 3d	AngII 28d
721.1	deviations	721	IRC900814_721	0.750972927597904	-0.0255421021582542	IC	C57BL/6	Saline 3d	AngII 28d
731.1	deviations	731	Sox8_731	0.750972927597904	0.0137477042535352	IC	C57BL/6	Saline 3d	AngII 28d
746.1	deviations	746	Sox7_746	0.750972927597904	0.0137477042535352	IC	C57BL/6	Saline 3d	AngII 28d
96.1	deviations	96	Mga_96	0.75390945314358	0.00538222416752421	IC	C57BL/6	Saline 3d	AngII 28d
327.1	deviations	327	Foxd3_327	0.754388999327437	-0.00239695305498112	IC	C57BL/6	Saline 3d	AngII 28d
328.1	deviations	328	Foxe1_328	0.754388999327437	-0.00239695305498112	IC	C57BL/6	Saline 3d	AngII 28d
341.1	deviations	341	Gm5294_341	0.754388999327437	-0.00239695305498112	IC	C57BL/6	Saline 3d	AngII 28d
366.1	deviations	366	Foxl1_366	0.754388999327437	-0.00239695305498112	IC	C57BL/6	Saline 3d	AngII 28d
449.1	deviations	449	Hhex_449	0.754388999327437	-0.0114872205109562	IC	C57BL/6	Saline 3d	AngII 28d
593.1	deviations	593	NP_593	0.76364745531385	0.0186746478317127	IC	C57BL/6	Saline 3d	AngII 28d
589.1	deviations	589	NP_589	0.766197809918081	0.00734326690153927	IC	C57BL/6	Saline 3d	AngII 28d
151.1	deviations	151	Zbtb4_151	0.766544835675799	-0.00068263893418336	IC	C57BL/6	Saline 3d	AngII 28d
538.1	deviations	538	Gm4830_538	0.766544835675799	0.00869049962246671	IC	C57BL/6	Saline 3d	AngII 28d
162.1	deviations	162	Bcl6_162	0.770850023009815	0.00768429071988887	IC	C57BL/6	Saline 3d	AngII 28d
163.1	deviations	163	Zfp263_163	0.770850023009815	-0.0103628906467182	IC	C57BL/6	Saline 3d	AngII 28d
171.1	deviations	171	Klf7_171	0.770850023009815	0.00228713283103058	IC	C57BL/6	Saline 3d	AngII 28d
174.1	deviations	174	Zbtb7b_174	0.770850023009815	-0.0105589642509051	IC	C57BL/6	Saline 3d	AngII 28d
295.1	deviations	295	Gm4881_295	0.770850023009815	0.00750891221861103	IC	C57BL/6	Saline 3d	AngII 28d
317.1	deviations	317	Foxi1_317	0.770850023009815	-0.00594798841780426	IC	C57BL/6	Saline 3d	AngII 28d
318.1	deviations	318	Foxi2_318	0.770850023009815	-0.00594798841780426	IC	C57BL/6	Saline 3d	AngII 28d
323.1	deviations	323	Foxi3_323	0.770850023009815	-0.00594798841780426	IC	C57BL/6	Saline 3d	AngII 28d
340.1	deviations	340	Gm5294_340	0.770850023009815	-0.00594798841780426	IC	C57BL/6	Saline 3d	AngII 28d
350.1	deviations	350	Gm5294_350	0.770850023009815	-0.017569472695197	IC	C57BL/6	Saline 3d	AngII 28d
362.1	deviations	362	Foxl1_362	0.770850023009815	-0.00594798841780426	IC	C57BL/6	Saline 3d	AngII 28d
376.1	deviations	376	Foxl1_376	0.770850023009815	-0.017569472695197	IC	C57BL/6	Saline 3d	AngII 28d
387.1	deviations	387	Gata1_387	0.770850023009815	0.00873216881849269	IC	C57BL/6	Saline 3d	AngII 28d
473.1	deviations	473	Cdx2_473	0.770850023009815	0.0112460293728745	IC	C57BL/6	Saline 3d	AngII 28d
556.1	deviations	556	Gsx1_556	0.770850023009815	0.0192389429103956	IC	C57BL/6	Saline 3d	AngII 28d
733.1	deviations	733	Sox17_733	0.770850023009815	0.00341038343451305	IC	C57BL/6	Saline 3d	AngII 28d
877.1	deviations	877	Zfp263_877	0.770850023009815	-0.0103628906467182	IC	C57BL/6	Saline 3d	AngII 28d
604.1	deviations	604	NP_604	0.772800150733476	0.0102803329325877	IC	C57BL/6	Saline 3d	AngII 28d
682.1	deviations	682	Rora_682	0.772800150733476	-0.0116552303387439	IC	C57BL/6	Saline 3d	AngII 28d
771.1	deviations	771	T_771	0.772800150733476	-0.0106380553381412	IC	C57BL/6	Saline 3d	AngII 28d
837.1	deviations	837	Six5_837	0.772800150733476	0.0253600228064674	IC	C57BL/6	Saline 3d	AngII 28d
678.1	deviations	678	Rorc_678	0.773387015686127	-0.0108929531299902	IC	C57BL/6	Saline 3d	AngII 28d
63.1	deviations	63	Myf6_63	0.784152488060738	0.00734441168740526	IC	C57BL/6	Saline 3d	AngII 28d
453.1	deviations	453	Msx3_453	0.784152488060738	0.0116466129872091	IC	C57BL/6	Saline 3d	AngII 28d
578.1	deviations	578	Obox5_578	0.784152488060738	-0.0101597156161517	IC	C57BL/6	Saline 3d	AngII 28d
579.1	deviations	579	AC1890281_579	0.784152488060738	-0.0101597156161517	IC	C57BL/6	Saline 3d	AngII 28d
608.1	deviations	608	NP_608	0.784152488060738	-0.0101597156161517	IC	C57BL/6	Saline 3d	AngII 28d
609.1	deviations	609	Q8VHG7_609	0.784152488060738	-0.0101597156161517	IC	C57BL/6	Saline 3d	AngII 28d
619.1	deviations	619	Pou2f1_619	0.784152488060738	-0.00934959685819578	IC	C57BL/6	Saline 3d	AngII 28d
745.1	deviations	745	Sox21_745	0.784152488060738	0.0123278460212851	IC	C57BL/6	Saline 3d	AngII 28d
805.1	deviations	805	Rest_805	0.784152488060738	0.00417428892518652	IC	C57BL/6	Saline 3d	AngII 28d
45.1	deviations	45	Myog_45	0.785143281913258	0.00637386813033362	IC	C57BL/6	Saline 3d	AngII 28d
707.1	deviations	707	Rfx2_707	0.785143281913258	-0.00644012141488324	IC	C57BL/6	Saline 3d	AngII 28d
711.1	deviations	711	Rfx8_711	0.785143281913258	-0.00644012141488324	IC	C57BL/6	Saline 3d	AngII 28d
72.1	deviations	72	Olig2_72	0.789637670670813	-0.00911443642203269	IC	C57BL/6	Saline 3d	AngII 28d
462.1	deviations	462	Nkx22_462	0.790228008936028	0.00595367692012811	IC	C57BL/6	Saline 3d	AngII 28d
715.1	deviations	715	Gmeb1_715	0.793554259815942	0.0216662496315003	IC	C57BL/6	Saline 3d	AngII 28d
568.1	deviations	568	Rhox8_568	0.796497846670556	-0.010094768455192	IC	C57BL/6	Saline 3d	AngII 28d
645.1	deviations	645	Cdc5l_645	0.796497846670556	-0.0145839141930865	IC	C57BL/6	Saline 3d	AngII 28d
677.1	deviations	677	Nr4a2_677	0.796497846670556	-0.00454148283905669	IC	C57BL/6	Saline 3d	AngII 28d
497.1	deviations	497	Vax2_497	0.800217421686451	0.0201333314227169	IC	C57BL/6	Saline 3d	AngII 28d
850.1	deviations	850	Nr1h4_850	0.806882534158306	0.0106785741202755	IC	C57BL/6	Saline 3d	AngII 28d
851.1	deviations	851	Nr1h5_851	0.806882534158306	0.0106785741202755	IC	C57BL/6	Saline 3d	AngII 28d
540.1	deviations	540	Pou3f3_540	0.808843268862332	-0.0126906327256081	IC	C57BL/6	Saline 3d	AngII 28d
698.1	deviations	698	Rela_698	0.808843268862332	0.00812999925944009	IC	C57BL/6	Saline 3d	AngII 28d
15.1	deviations	15	Phf21a_15	0.808878103683566	-0.00209976354274865	IC	C57BL/6	Saline 3d	AngII 28d
351.1	deviations	351	Gm5294_351	0.808878103683566	-0.0187184746845906	IC	C57BL/6	Saline 3d	AngII 28d
352.1	deviations	352	Gm5294_352	0.808878103683566	0.00933913093623132	IC	C57BL/6	Saline 3d	AngII 28d
377.1	deviations	377	Foxl1_377	0.808878103683566	-0.0187184746845906	IC	C57BL/6	Saline 3d	AngII 28d
378.1	deviations	378	Foxl1_378	0.808878103683566	0.00933913093623132	IC	C57BL/6	Saline 3d	AngII 28d
424.1	deviations	424	Lhx9_424	0.808878103683566	0.0103577707426156	IC	C57BL/6	Saline 3d	AngII 28d
500.1	deviations	500	Arx_500	0.808878103683566	0.0103577707426156	IC	C57BL/6	Saline 3d	AngII 28d
601.1	deviations	601	NP_601	0.808878103683566	-0.010580430186334	IC	C57BL/6	Saline 3d	AngII 28d
315.1	deviations	315	Foxe3_315	0.810065464195272	-0.0194400130115619	IC	C57BL/6	Saline 3d	AngII 28d
322.1	deviations	322	Foxd2_322	0.810065464195272	-0.0194400130115619	IC	C57BL/6	Saline 3d	AngII 28d
12.1	deviations	12	Setbp1_12	0.812406128195021	0.0103771131916557	IC	C57BL/6	Saline 3d	AngII 28d
123.1	deviations	123	Mafg_123	0.812406128195021	-0.0044085218779408	IC	C57BL/6	Saline 3d	AngII 28d
156.1	deviations	156	Zkscan3_156	0.812406128195021	-0.00854907397847309	IC	C57BL/6	Saline 3d	AngII 28d
179.1	deviations	179	Mzf1_179	0.812406128195021	-0.00370270064610399	IC	C57BL/6	Saline 3d	AngII 28d
198.1	deviations	198	Hic1_198	0.812406128195021	0.00328614174617742	IC	C57BL/6	Saline 3d	AngII 28d
200.1	deviations	200	Zfp3_200	0.812406128195021	-0.00876802558292784	IC	C57BL/6	Saline 3d	AngII 28d
216.1	deviations	216	Zkscan4_216	0.812406128195021	-0.00854907397847309	IC	C57BL/6	Saline 3d	AngII 28d
390.1	deviations	390	Grhl1_390	0.812406128195021	0.0107169182141084	IC	C57BL/6	Saline 3d	AngII 28d
483.1	deviations	483	Irx3_483	0.812406128195021	-0.00322625269625564	IC	C57BL/6	Saline 3d	AngII 28d
664.1	deviations	664	Hnf4g_664	0.812406128195021	0.00501950482335498	IC	C57BL/6	Saline 3d	AngII 28d
684.1	deviations	684	Rorb_684	0.812406128195021	-0.0105995872946725	IC	C57BL/6	Saline 3d	AngII 28d
708.1	deviations	708	Rfx1_708	0.812406128195021	0.00381847239999051	IC	C57BL/6	Saline 3d	AngII 28d
847.1	deviations	847	Nr4a1_847	0.812406128195021	-0.00185455213679084	IC	C57BL/6	Saline 3d	AngII 28d
248.1	deviations	248	Mbd1_248	0.820731651667325	0.00385658130505784	IC	C57BL/6	Saline 3d	AngII 28d
229.1	deviations	229	Zic3_229	0.823757447750055	-0.00550219156594774	IC	C57BL/6	Saline 3d	AngII 28d
247.1	deviations	247	Cxxc1_247	0.823757447750055	0.00730069324905953	IC	C57BL/6	Saline 3d	AngII 28d
470.1	deviations	470	Hnf1a_470	0.823757447750055	-0.0114324694871937	IC	C57BL/6	Saline 3d	AngII 28d
588.1	deviations	588	NP_588	0.823757447750055	-0.00953019396224021	IC	C57BL/6	Saline 3d	AngII 28d
717.1	deviations	717	Sp140_717	0.823757447750055	-0.0154117381949888	IC	C57BL/6	Saline 3d	AngII 28d
720.1	deviations	720	IRC900814_720	0.823757447750055	-0.0154117381949888	IC	C57BL/6	Saline 3d	AngII 28d
741.1	deviations	741	Sox12_741	0.823757447750055	-0.0107435048221483	IC	C57BL/6	Saline 3d	AngII 28d
9.1	deviations	9	Arid5a_9	0.824741711844828	-0.018166022966445	IC	C57BL/6	Saline 3d	AngII 28d
304.1	deviations	304	Foxh1_304	0.832012131246823	-0.00936399582849785	IC	C57BL/6	Saline 3d	AngII 28d
365.1	deviations	365	Foxl1_365	0.832012131246823	4.7069489774034e-05	IC	C57BL/6	Saline 3d	AngII 28d
485.1	deviations	485	Irx6_485	0.832012131246823	-0.00579579081351096	IC	C57BL/6	Saline 3d	AngII 28d
661.1	deviations	661	Rxrg_661	0.832012131246823	-0.00824542387368997	IC	C57BL/6	Saline 3d	AngII 28d
663.1	deviations	663	Rarb_663	0.832012131246823	-0.00335598459506527	IC	C57BL/6	Saline 3d	AngII 28d
808.1	deviations	808	Zbtb7a_808	0.832012131246823	0.0109093809958074	IC	C57BL/6	Saline 3d	AngII 28d
812.1	deviations	812	Zbtb7c_812	0.832012131246823	0.0109093809958074	IC	C57BL/6	Saline 3d	AngII 28d
406.1	deviations	406	Hoxc6_406	0.832995021254605	-0.00885810765233688	IC	C57BL/6	Saline 3d	AngII 28d
413.1	deviations	413	Vax1_413	0.834746667361323	0.0200929537727972	IC	C57BL/6	Saline 3d	AngII 28d
710.1	deviations	710	Rfx3_710	0.835728908086015	-0.00795670196293569	IC	C57BL/6	Saline 3d	AngII 28d
476.1	deviations	476	Nobox_476	0.837864207997016	0.00840548092274302	IC	C57BL/6	Saline 3d	AngII 28d
423.1	deviations	423	Hoxb1_423	0.847708151832688	-0.00642573855580769	IC	C57BL/6	Saline 3d	AngII 28d
102.1	deviations	102	Mafk_102	0.848120856224246	0.00233614961291822	IC	C57BL/6	Saline 3d	AngII 28d
516.1	deviations	516	Six3_516	0.848120856224246	0.00549314371784486	IC	C57BL/6	Saline 3d	AngII 28d
57.1	deviations	57	Mesp2_57	0.849453996668905	-0.000905602305007205	IC	C57BL/6	Saline 3d	AngII 28d
58.1	deviations	58	Mesp1_58	0.849453996668905	-0.000905602305007205	IC	C57BL/6	Saline 3d	AngII 28d
66.1	deviations	66	Hand1_66	0.849453996668905	-0.0081595299067049	IC	C57BL/6	Saline 3d	AngII 28d
68.1	deviations	68	Hand2_68	0.849453996668905	-0.0081595299067049	IC	C57BL/6	Saline 3d	AngII 28d
147.1	deviations	147	Snai3_147	0.849453996668905	-0.00294327577656149	IC	C57BL/6	Saline 3d	AngII 28d
197.1	deviations	197	Snai1_197	0.849453996668905	-0.00294327577656149	IC	C57BL/6	Saline 3d	AngII 28d
445.1	deviations	445	Six2_445	0.849453996668905	-0.0111911849464303	IC	C57BL/6	Saline 3d	AngII 28d
853.1	deviations	853	Trp63_853	0.849453996668905	-0.00860894115146918	IC	C57BL/6	Saline 3d	AngII 28d
859.1	deviations	859	Nfib_859	0.849453996668905	-0.0112496917327124	IC	C57BL/6	Saline 3d	AngII 28d
862.1	deviations	862	Nfia_862	0.849453996668905	-0.0112496917327124	IC	C57BL/6	Saline 3d	AngII 28d
80.1	deviations	80	Npas4_80	0.856633561205588	0.0115755084551713	IC	C57BL/6	Saline 3d	AngII 28d
254.1	deviations	254	Dmrt2_254	0.856633561205588	-0.0030843248337768	IC	C57BL/6	Saline 3d	AngII 28d
536.1	deviations	536	Nkx26_536	0.856633561205588	0.00154416037931511	IC	C57BL/6	Saline 3d	AngII 28d
644.1	deviations	644	Myb_644	0.856633561205588	0.0135408283312724	IC	C57BL/6	Saline 3d	AngII 28d
753.1	deviations	753	Stat6_753	0.856633561205588	0.00968134065372762	IC	C57BL/6	Saline 3d	AngII 28d
113.1	deviations	113	Fosl2_113	0.856887967886569	-0.00946889974325025	IC	C57BL/6	Saline 3d	AngII 28d
557.1	deviations	557	Nkx24_557	0.856887967886569	0.012555895326596	IC	C57BL/6	Saline 3d	AngII 28d
752.1	deviations	752	ENSMUSG00000079994_752	0.856887967886569	0.0126823926077142	IC	C57BL/6	Saline 3d	AngII 28d
150.1	deviations	150	Sp2_150	0.857101186265238	-0.00124504646798079	IC	C57BL/6	Saline 3d	AngII 28d
689.1	deviations	689	Nr6a1_689	0.857314899820485	-0.00484131569691108	IC	C57BL/6	Saline 3d	AngII 28d
11.1	deviations	11	Arid2_11	0.857590178737324	-0.00407545768939284	IC	C57BL/6	Saline 3d	AngII 28d
47.1	deviations	47	Ptf1a_47	0.857590178737324	0.00440572304050246	IC	C57BL/6	Saline 3d	AngII 28d
106.1	deviations	106	Atf1_106	0.857590178737324	0.00783215927615419	IC	C57BL/6	Saline 3d	AngII 28d
154.1	deviations	154	Yy1_154	0.857590178737324	0.00349351079743525	IC	C57BL/6	Saline 3d	AngII 28d
404.1	deviations	404	Hoxc11_404	0.857590178737324	0.0146407847927787	IC	C57BL/6	Saline 3d	AngII 28d
474.1	deviations	474	Cux1_474	0.857590178737324	0.00880330120407941	IC	C57BL/6	Saline 3d	AngII 28d
554.1	deviations	554	Pbx1_554	0.857590178737324	-0.00567698873382673	IC	C57BL/6	Saline 3d	AngII 28d
727.1	deviations	727	Hbp1_727	0.857590178737324	0.00343212156723826	IC	C57BL/6	Saline 3d	AngII 28d
767.1	deviations	767	Tbx20_767	0.857590178737324	0.00579978086212091	IC	C57BL/6	Saline 3d	AngII 28d
811.1	deviations	811	Zfp384_811	0.857590178737324	-0.00631852851818179	IC	C57BL/6	Saline 3d	AngII 28d
345.1	deviations	345	Gm5294_345	0.858097692431896	-0.00319539477540371	IC	C57BL/6	Saline 3d	AngII 28d
368.1	deviations	368	Foxl1_368	0.858097692431896	-0.00307005724204182	IC	C57BL/6	Saline 3d	AngII 28d
371.1	deviations	371	Foxl1_371	0.858097692431896	-0.00319539477540371	IC	C57BL/6	Saline 3d	AngII 28d
438.1	deviations	438	Hmbox1_438	0.858097692431896	0.00134578627570745	IC	C57BL/6	Saline 3d	AngII 28d
620.1	deviations	620	Pou3f1_620	0.860200274640983	-0.00496460596801424	IC	C57BL/6	Saline 3d	AngII 28d
225.1	deviations	225	Zic2_225	0.860865207889523	-0.00282392711895887	IC	C57BL/6	Saline 3d	AngII 28d
597.1	deviations	597	NP_597	0.860865207889523	-0.00707343526405932	IC	C57BL/6	Saline 3d	AngII 28d
743.1	deviations	743	Sox14_743	0.860865207889523	0.00585036518633214	IC	C57BL/6	Saline 3d	AngII 28d
666.1	deviations	666	Esr1_666	0.864465836805276	-0.00299301580977414	IC	C57BL/6	Saline 3d	AngII 28d
85.1	deviations	85	Neurog1_85	0.868442833050908	-0.00999470849871904	IC	C57BL/6	Saline 3d	AngII 28d
100.1	deviations	100	Atf6b_100	0.869847233094711	-0.0080049683422341	IC	C57BL/6	Saline 3d	AngII 28d
111.1	deviations	111	Atf6_111	0.869847233094711	-0.0080049683422341	IC	C57BL/6	Saline 3d	AngII 28d
704.1	deviations	704	Rfx5_704	0.869847233094711	0.00383906009974761	IC	C57BL/6	Saline 3d	AngII 28d
176.1	deviations	176	Zbtb49_176	0.872811374692627	0.0020763256364542	IC	C57BL/6	Saline 3d	AngII 28d
344.1	deviations	344	Gm5294_344	0.872811374692627	0.00259610604707901	IC	C57BL/6	Saline 3d	AngII 28d
370.1	deviations	370	Foxl1_370	0.872811374692627	0.00259610604707901	IC	C57BL/6	Saline 3d	AngII 28d
475.1	deviations	475	Pax4_475	0.872811374692627	0.0142623172569126	IC	C57BL/6	Saline 3d	AngII 28d
716.1	deviations	716	Gmeb2_716	0.872811374692627	-0.00928445947546339	IC	C57BL/6	Saline 3d	AngII 28d
611.1	deviations	611	Dobox4_611	0.880142500799922	-0.00639345044623234	IC	C57BL/6	Saline 3d	AngII 28d
158.1	deviations	158	Zfp369_158	0.881157004109997	-0.000976253198630304	IC	C57BL/6	Saline 3d	AngII 28d
219.1	deviations	219	Zfp110_219	0.881157004109997	-0.000976253198630304	IC	C57BL/6	Saline 3d	AngII 28d
565.1	deviations	565	Irx1_565	0.881157004109997	-0.00228343310121908	IC	C57BL/6	Saline 3d	AngII 28d
3.1	deviations	3	Tcfap2c_3	0.881237453323847	-0.00220215921562086	IC	C57BL/6	Saline 3d	AngII 28d
212.1	deviations	212	Zfp524_212	0.881237453323847	-0.005821074857689	IC	C57BL/6	Saline 3d	AngII 28d
391.1	deviations	391	Tcfcp2l1_391	0.881237453323847	-0.00190139205559638	IC	C57BL/6	Saline 3d	AngII 28d
417.1	deviations	417	Nanog_417	0.881237453323847	0.00828910852149418	IC	C57BL/6	Saline 3d	AngII 28d
458.1	deviations	458	Lhx6_458	0.881237453323847	0.0267923626283681	IC	C57BL/6	Saline 3d	AngII 28d
585.1	deviations	585	NP_585	0.881237453323847	0.0267923626283681	IC	C57BL/6	Saline 3d	AngII 28d
692.1	deviations	692	Trp53_692	0.881237453323847	0.0110116555023606	IC	C57BL/6	Saline 3d	AngII 28d
836.1	deviations	836	Ubp1_836	0.881237453323847	-0.00190139205559638	IC	C57BL/6	Saline 3d	AngII 28d
868.1	deviations	868	Tead4_868	0.881237453323847	0.0036171461276657	IC	C57BL/6	Saline 3d	AngII 28d
159.1	deviations	159	Fezf2_159	0.882851912981057	-0.00602876519949989	IC	C57BL/6	Saline 3d	AngII 28d
177.1	deviations	177	Fezf1_177	0.882851912981057	-0.00602876519949989	IC	C57BL/6	Saline 3d	AngII 28d
625.1	deviations	625	Hsf2_625	0.882851912981057	0.00750791386981813	IC	C57BL/6	Saline 3d	AngII 28d
778.1	deviations	778	Myf5_778	0.882851912981057	0.000745934817707991	IC	C57BL/6	Saline 3d	AngII 28d
546.1	deviations	546	Hoxb3_546	0.889733633967666	-0.0020982237849444	IC	C57BL/6	Saline 3d	AngII 28d
263.1	deviations	263	E2f8_263	0.889947198408764	-0.00271150114425514	IC	C57BL/6	Saline 3d	AngII 28d
261.1	deviations	261	E2f1_261	0.8923823290927	0.00512659492119996	IC	C57BL/6	Saline 3d	AngII 28d
243.1	deviations	243	Cenpb_243	0.892494758984607	-0.00720622080807467	IC	C57BL/6	Saline 3d	AngII 28d
706.1	deviations	706	Rfx4_706	0.892494758984607	0.00304034439784348	IC	C57BL/6	Saline 3d	AngII 28d
772.1	deviations	772	Tbp_772	0.892494758984607	-0.0053739416921475	IC	C57BL/6	Saline 3d	AngII 28d
773.1	deviations	773	Tbpl2_773	0.892494758984607	-0.0053739416921475	IC	C57BL/6	Saline 3d	AngII 28d
227.1	deviations	227	Zfp238_227	0.894610113893205	-0.00940055554913008	IC	C57BL/6	Saline 3d	AngII 28d
703.1	deviations	703	Nfatc1_703	0.894610113893205	-0.00508666890504471	IC	C57BL/6	Saline 3d	AngII 28d
810.1	deviations	810	Klf10_810	0.894610113893205	-0.000503043464821423	IC	C57BL/6	Saline 3d	AngII 28d
4.1	deviations	4	Tcfap2e_4	0.900599443201602	-0.00414013686042315	IC	C57BL/6	Saline 3d	AngII 28d
10.1	deviations	10	Arid3c_10	0.900599443201602	0.00591033428867714	IC	C57BL/6	Saline 3d	AngII 28d
70.1	deviations	70	Mlxip_70	0.900599443201602	0.0027911701820505	IC	C57BL/6	Saline 3d	AngII 28d
97.1	deviations	97	Cebpd_97	0.900599443201602	-0.00214090309387425	IC	C57BL/6	Saline 3d	AngII 28d
130.1	deviations	130	Cebpb_130	0.900599443201602	-0.00214090309387425	IC	C57BL/6	Saline 3d	AngII 28d
137.1	deviations	137	Nfil3_137	0.900599443201602	0.000171074132101726	IC	C57BL/6	Saline 3d	AngII 28d
173.1	deviations	173	Mecom_173	0.900599443201602	-0.00292566743700889	IC	C57BL/6	Saline 3d	AngII 28d
202.1	deviations	202	Zfp354c_202	0.900599443201602	0.00421710235116995	IC	C57BL/6	Saline 3d	AngII 28d
228.1	deviations	228	Zbtb6_228	0.900599443201602	0.00815211558230589	IC	C57BL/6	Saline 3d	AngII 28d
239.1	deviations	239	Zfp652_239	0.900599443201602	-0.0135711265203224	IC	C57BL/6	Saline 3d	AngII 28d
394.1	deviations	394	Hoxb6_394	0.900599443201602	-0.00920458697019943	IC	C57BL/6	Saline 3d	AngII 28d
416.1	deviations	416	Pou6f1_416	0.900599443201602	-0.0013927418422962	IC	C57BL/6	Saline 3d	AngII 28d
421.1	deviations	421	Nkx25_421	0.900599443201602	0.00638396932227006	IC	C57BL/6	Saline 3d	AngII 28d
437.1	deviations	437	Otx2_437	0.900599443201602	0.00186871253993719	IC	C57BL/6	Saline 3d	AngII 28d
465.1	deviations	465	Lhx8_465	0.900599443201602	0.0102181112122428	IC	C57BL/6	Saline 3d	AngII 28d
480.1	deviations	480	Dbx1_480	0.900599443201602	0.00412890956939808	IC	C57BL/6	Saline 3d	AngII 28d
486.1	deviations	486	Pbx4_486	0.900599443201602	0.00612835308091125	IC	C57BL/6	Saline 3d	AngII 28d
496.1	deviations	496	Pbx2_496	0.900599443201602	0.00612835308091125	IC	C57BL/6	Saline 3d	AngII 28d
526.1	deviations	526	Crx_526	0.900599443201602	0.00186871253993719	IC	C57BL/6	Saline 3d	AngII 28d
574.1	deviations	574	Tlx2_574	0.900599443201602	0.00323077024105365	IC	C57BL/6	Saline 3d	AngII 28d
583.1	deviations	583	Hoxd3_583	0.900599443201602	0.00616383293112622	IC	C57BL/6	Saline 3d	AngII 28d
598.1	deviations	598	NP_598	0.900599443201602	0.00910726550189233	IC	C57BL/6	Saline 3d	AngII 28d
624.1	deviations	624	Pit1_624	0.900599443201602	-0.00117202455975877	IC	C57BL/6	Saline 3d	AngII 28d
683.1	deviations	683	Nr2e3_683	0.900599443201602	-0.00464633624353438	IC	C57BL/6	Saline 3d	AngII 28d
685.1	deviations	685	Rara_685	0.900599443201602	-0.000584358940848299	IC	C57BL/6	Saline 3d	AngII 28d
730.1	deviations	730	Bbx_730	0.900599443201602	0.00338594260125238	IC	C57BL/6	Saline 3d	AngII 28d
739.1	deviations	739	Sox3_739	0.900599443201602	-0.0223498790152469	IC	C57BL/6	Saline 3d	AngII 28d
749.1	deviations	749	Sox13_749	0.900599443201602	-8.51320630527418e-05	IC	C57BL/6	Saline 3d	AngII 28d
761.1	deviations	761	Tbx4_761	0.900599443201602	-0.00533883109264871	IC	C57BL/6	Saline 3d	AngII 28d
764.1	deviations	764	Tbx5_764	0.900599443201602	-0.00533883109264871	IC	C57BL/6	Saline 3d	AngII 28d
873.1	deviations	873	E4f1_873	0.900599443201602	-0.00172502564224399	IC	C57BL/6	Saline 3d	AngII 28d
569.1	deviations	569	Obox3_569	0.901120440121836	-0.00479231255040412	IC	C57BL/6	Saline 3d	AngII 28d
580.1	deviations	580	Gm5889_580	0.901120440121836	-0.00479231255040412	IC	C57BL/6	Saline 3d	AngII 28d
646.1	deviations	646	Smarcc2_646	0.901120440121836	0.00728323347637179	IC	C57BL/6	Saline 3d	AngII 28d
838.1	deviations	838	Nkx62_838	0.901120440121836	0.00653926106350784	IC	C57BL/6	Saline 3d	AngII 28d
235.1	deviations	235	Zbtb3_235	0.906992600673599	0.00547968824190223	IC	C57BL/6	Saline 3d	AngII 28d
361.1	deviations	361	Foxl1_361	0.906992600673599	-0.00380284074330961	IC	C57BL/6	Saline 3d	AngII 28d
599.1	deviations	599	NP_599	0.906992600673599	-0.00564233042002472	IC	C57BL/6	Saline 3d	AngII 28d
614.1	deviations	614	Pax6_614	0.906992600673599	0.00951443381375672	IC	C57BL/6	Saline 3d	AngII 28d
217.1	deviations	217	Zkscan5_217	0.91256054132126	-0.00465536816409481	IC	C57BL/6	Saline 3d	AngII 28d
460.1	deviations	460	Hoxd8_460	0.912772180144627	-0.00579799600313298	IC	C57BL/6	Saline 3d	AngII 28d
24.1	deviations	24	Myod1_24	0.912983899505711	-0.00264279813204332	IC	C57BL/6	Saline 3d	AngII 28d
705.1	deviations	705	Rfx6_705	0.918096730504205	-0.00166699509528045	IC	C57BL/6	Saline 3d	AngII 28d
794.1	deviations	794	Klf6_794	0.918096730504205	-1.94438396264318e-05	IC	C57BL/6	Saline 3d	AngII 28d
804.1	deviations	804	Klf3_804	0.918096730504205	-1.94438396264318e-05	IC	C57BL/6	Saline 3d	AngII 28d
819.1	deviations	819	Klf2_819	0.918096730504205	-1.94438396264318e-05	IC	C57BL/6	Saline 3d	AngII 28d
23.1	deviations	23	Ascl2_23	0.918562149429701	-0.00356133913630259	IC	C57BL/6	Saline 3d	AngII 28d
33.1	deviations	33	Id2_33	0.918562149429701	-0.00567209275302461	IC	C57BL/6	Saline 3d	AngII 28d
74.1	deviations	74	Id1_74	0.918562149429701	-0.00567209275302461	IC	C57BL/6	Saline 3d	AngII 28d
186.1	deviations	186	Prdm4_186	0.918562149429701	-0.000116397482579042	IC	C57BL/6	Saline 3d	AngII 28d
194.1	deviations	194	Klf8_194	0.918562149429701	0.00105587427371332	IC	C57BL/6	Saline 3d	AngII 28d
463.1	deviations	463	Shox2_463	0.918562149429701	0.00758955462459276	IC	C57BL/6	Saline 3d	AngII 28d
603.1	deviations	603	NP_603	0.918562149429701	0.0121991090107285	IC	C57BL/6	Saline 3d	AngII 28d
736.1	deviations	736	Sox30_736	0.918562149429701	-0.000606450623610422	IC	C57BL/6	Saline 3d	AngII 28d
780.1	deviations	780	Ascl1_780	0.918562149429701	-0.00356133913630259	IC	C57BL/6	Saline 3d	AngII 28d
155.1	deviations	155	Gli3_155	0.920951147971746	-0.00689569562530509	IC	C57BL/6	Saline 3d	AngII 28d
348.1	deviations	348	Gm5294_348	0.920951147971746	-0.00719514591284526	IC	C57BL/6	Saline 3d	AngII 28d
375.1	deviations	375	Foxl1_375	0.920951147971746	-0.00719514591284526	IC	C57BL/6	Saline 3d	AngII 28d
347.1	deviations	347	Gm5294_347	0.925790368986416	-0.00415488330964287	IC	C57BL/6	Saline 3d	AngII 28d
373.1	deviations	373	Foxl1_373	0.925790368986416	-0.00415488330964287	IC	C57BL/6	Saline 3d	AngII 28d
671.1	deviations	671	Vdr_671	0.925790368986416	0.00405512330933099	IC	C57BL/6	Saline 3d	AngII 28d
446.1	deviations	446	Pou4f3_446	0.926697176357658	-0.00754792280852447	IC	C57BL/6	Saline 3d	AngII 28d
718.1	deviations	718	Sp110_718	0.928416422367975	-0.00496292894606986	IC	C57BL/6	Saline 3d	AngII 28d
719.1	deviations	719	AC1689771_719	0.928416422367975	-0.00496292894606986	IC	C57BL/6	Saline 3d	AngII 28d
821.1	deviations	821	Ybx2_821	0.928416422367975	0.00447132115464152	IC	C57BL/6	Saline 3d	AngII 28d
822.1	deviations	822	Ybx1_822	0.928416422367975	0.00447132115464152	IC	C57BL/6	Saline 3d	AngII 28d
823.1	deviations	823	Csda_823	0.928416422367975	0.00447132115464152	IC	C57BL/6	Saline 3d	AngII 28d
725.1	deviations	725	Sox9_725	0.928969063290747	0.00439374409956048	IC	C57BL/6	Saline 3d	AngII 28d
6.1	deviations	6	Arid3b_6	0.929002106314394	0.00866244574075899	IC	C57BL/6	Saline 3d	AngII 28d
86.1	deviations	86	Nhlh1_86	0.929002106314394	-0.001599926796648	IC	C57BL/6	Saline 3d	AngII 28d
184.1	deviations	184	Klf9_184	0.929002106314394	-0.0103112547953532	IC	C57BL/6	Saline 3d	AngII 28d
623.1	deviations	623	Pit1_623	0.929002106314394	-0.00621331820980988	IC	C57BL/6	Saline 3d	AngII 28d
633.1	deviations	633	Irf7_633	0.929002106314394	-0.00174884797437362	IC	C57BL/6	Saline 3d	AngII 28d
638.1	deviations	638	Mef2c_638	0.929002106314394	-0.00243699871127422	IC	C57BL/6	Saline 3d	AngII 28d
722.1	deviations	722	Nfix_722	0.929002106314394	0.00252301655044294	IC	C57BL/6	Saline 3d	AngII 28d
548.1	deviations	548	Nkx32_548	0.929410383676915	0.00936123395209146	IC	C57BL/6	Saline 3d	AngII 28d
639.1	deviations	639	Srf_639	0.929410383676915	-0.0202509029526106	IC	C57BL/6	Saline 3d	AngII 28d
514.1	deviations	514	Hoxb7_514	0.92961446270141	-0.00498863031899242	IC	C57BL/6	Saline 3d	AngII 28d
602.1	deviations	602	NP_602	0.930164134745152	-0.00177377027236847	IC	C57BL/6	Saline 3d	AngII 28d
466.1	deviations	466	Dmbx1_466	0.932094818829816	-0.000576766996041633	IC	C57BL/6	Saline 3d	AngII 28d
782.1	deviations	782	Tal1_782	0.934223296541502	0.000981180518808575	IC	C57BL/6	Saline 3d	AngII 28d
783.1	deviations	783	Lyl1_783	0.934223296541502	0.000981180518808575	IC	C57BL/6	Saline 3d	AngII 28d
405.1	deviations	405	Hoxc8_405	0.937181664854165	-0.00116659641776274	IC	C57BL/6	Saline 3d	AngII 28d
185.1	deviations	185	Glis1_185	0.939002636664473	-0.0032913438081172	IC	C57BL/6	Saline 3d	AngII 28d
509.1	deviations	509	Hoxa7_509	0.939002636664473	0.00181894464318336	IC	C57BL/6	Saline 3d	AngII 28d
813.1	deviations	813	Mbtps2_813	0.939002636664473	0.000722310738962683	IC	C57BL/6	Saline 3d	AngII 28d
875.1	deviations	875	Zfp42_875	0.939002636664473	0.000722310738962683	IC	C57BL/6	Saline 3d	AngII 28d
552.1	deviations	552	Rhox11_552	0.93919902357988	-0.000437746751991673	IC	C57BL/6	Saline 3d	AngII 28d
236.1	deviations	236	Klf12_236	0.941453779127076	-7.59140380592258e-05	IC	C57BL/6	Saline 3d	AngII 28d
90.1	deviations	90	Ebf1_90	0.941511986181484	-0.00298469754874966	IC	C57BL/6	Saline 3d	AngII 28d
157.1	deviations	157	Hivep1_157	0.941511986181484	-0.00139865490288015	IC	C57BL/6	Saline 3d	AngII 28d
183.1	deviations	183	Egr3_183	0.941511986181484	0.000198497042339561	IC	C57BL/6	Saline 3d	AngII 28d
203.1	deviations	203	Zfp691_203	0.941511986181484	0.00143956757702564	IC	C57BL/6	Saline 3d	AngII 28d
214.1	deviations	214	Klf1_214	0.941511986181484	-0.00112516416202199	IC	C57BL/6	Saline 3d	AngII 28d
221.1	deviations	221	Scrt2_221	0.941511986181484	0.00432262070152199	IC	C57BL/6	Saline 3d	AngII 28d
241.1	deviations	241	Myt1l_241	0.941511986181484	-0.000220192214228872	IC	C57BL/6	Saline 3d	AngII 28d
293.1	deviations	293	Gm4881_293	0.941511986181484	-0.000250565998149217	IC	C57BL/6	Saline 3d	AngII 28d
428.1	deviations	428	Hoxb9_428	0.941511986181484	0.0055856467073906	IC	C57BL/6	Saline 3d	AngII 28d
452.1	deviations	452	Pitx3_452	0.941511986181484	0.0037153519388824	IC	C57BL/6	Saline 3d	AngII 28d
493.1	deviations	493	Six4_493	0.941511986181484	0.00380895519792167	IC	C57BL/6	Saline 3d	AngII 28d
532.1	deviations	532	Hoxd11_532	0.941511986181484	0.00468236978246078	IC	C57BL/6	Saline 3d	AngII 28d
560.1	deviations	560	Hoxb8_560	0.941511986181484	-0.00855798988229773	IC	C57BL/6	Saline 3d	AngII 28d
591.1	deviations	591	NP_591	0.941511986181484	0.0055856467073906	IC	C57BL/6	Saline 3d	AngII 28d
592.1	deviations	592	NP_592	0.941511986181484	-0.00855798988229773	IC	C57BL/6	Saline 3d	AngII 28d
617.1	deviations	617	Pou6f2_617	0.941511986181484	0.00714269583272429	IC	C57BL/6	Saline 3d	AngII 28d
656.1	deviations	656	Ppard_656	0.941511986181484	0.000258550311585354	IC	C57BL/6	Saline 3d	AngII 28d
696.1	deviations	696	Nfat5_696	0.941511986181484	-0.00124076112420967	IC	C57BL/6	Saline 3d	AngII 28d
709.1	deviations	709	Rfx7_709	0.941511986181484	-0.00342333244334523	IC	C57BL/6	Saline 3d	AngII 28d
713.1	deviations	713	Runx2_713	0.941511986181484	-0.00254324732140508	IC	C57BL/6	Saline 3d	AngII 28d
762.1	deviations	762	Tbx21_762	0.941511986181484	0.00039370108316502	IC	C57BL/6	Saline 3d	AngII 28d
763.1	deviations	763	Tbx1_763	0.941511986181484	0.00784785911912009	IC	C57BL/6	Saline 3d	AngII 28d
770.1	deviations	770	Tbx10_770	0.941511986181484	0.00784785911912009	IC	C57BL/6	Saline 3d	AngII 28d
774.1	deviations	774	Prkrir_774	0.941511986181484	0.00625599990379046	IC	C57BL/6	Saline 3d	AngII 28d
788.1	deviations	788	Ddit3_788	0.941511986181484	0.00975700188207748	IC	C57BL/6	Saline 3d	AngII 28d
797.1	deviations	797	Hivep2_797	0.941511986181484	-0.00139865490288015	IC	C57BL/6	Saline 3d	AngII 28d
803.1	deviations	803	Hivep3_803	0.941511986181484	-0.00139865490288015	IC	C57BL/6	Saline 3d	AngII 28d
807.1	deviations	807	Maz_807	0.941511986181484	-0.000195286982614714	IC	C57BL/6	Saline 3d	AngII 28d
742.1	deviations	742	Sox6_742	0.943763573279706	-0.0118250508567938	IC	C57BL/6	Saline 3d	AngII 28d
835.1	deviations	835	Gcm2_835	0.943763573279706	0.00288787268082408	IC	C57BL/6	Saline 3d	AngII 28d
878.1	deviations	878	Zfp263_878	0.943763573279706	0.00154097849143887	IC	C57BL/6	Saline 3d	AngII 28d
117.1	deviations	117	Nfe2l1_117	0.944629192721589	-0.000810769173580942	IC	C57BL/6	Saline 3d	AngII 28d
149.1	deviations	149	Ikzf1_149	0.944629192721589	-0.00372715243254751	IC	C57BL/6	Saline 3d	AngII 28d
305.1	deviations	305	Foxj1_305	0.944629192721589	-0.000491655292348653	IC	C57BL/6	Saline 3d	AngII 28d
335.1	deviations	335	Gm5294_335	0.944629192721589	-0.000491655292348653	IC	C57BL/6	Saline 3d	AngII 28d
357.1	deviations	357	Foxl1_357	0.944629192721589	-0.000491655292348653	IC	C57BL/6	Saline 3d	AngII 28d
553.1	deviations	553	Six1_553	0.944629192721589	0.00778987486654133	IC	C57BL/6	Saline 3d	AngII 28d
723.1	deviations	723	Smad3_723	0.944629192721589	7.59878519320713e-05	IC	C57BL/6	Saline 3d	AngII 28d
796.1	deviations	796	Ikzf4_796	0.944629192721589	-0.00372715243254751	IC	C57BL/6	Saline 3d	AngII 28d
801.1	deviations	801	Gli1_801	0.944629192721589	-0.00283759635458533	IC	C57BL/6	Saline 3d	AngII 28d
815.1	deviations	815	Gli2_815	0.944629192721589	-0.00283759635458533	IC	C57BL/6	Saline 3d	AngII 28d
861.1	deviations	861	Smad2_861	0.944629192721589	7.59878519320713e-05	IC	C57BL/6	Saline 3d	AngII 28d
871.1	deviations	871	Nfe2l3_871	0.944629192721589	-0.000810769173580942	IC	C57BL/6	Saline 3d	AngII 28d
884.1	deviations	884	Smad9_884	0.944629192721589	7.59878519320713e-05	IC	C57BL/6	Saline 3d	AngII 28d
826.1	deviations	826	Onecut1_826	0.950590711178849	-0.00340430664746481	IC	C57BL/6	Saline 3d	AngII 28d
827.1	deviations	827	Onecut2_827	0.950590711178849	-0.00340430664746481	IC	C57BL/6	Saline 3d	AngII 28d
740.1	deviations	740	Sox18_740	0.951761320151336	-0.00861093976911646	IC	C57BL/6	Saline 3d	AngII 28d
82.1	deviations	82	Ferd3l_82	0.952787581053367	0.0103152176385924	IC	C57BL/6	Saline 3d	AngII 28d
879.1	deviations	879	Dmrta2_879	0.952787581053367	-0.0120179526672035	IC	C57BL/6	Saline 3d	AngII 28d
178.1	deviations	178	Zkscan1_178	0.959098902496955	0.00895017245490372	IC	C57BL/6	Saline 3d	AngII 28d
342.1	deviations	342	Gm5294_342	0.959098902496955	0.0036175102583803	IC	C57BL/6	Saline 3d	AngII 28d
429.1	deviations	429	Gsc_429	0.959098902496955	-0.00264424323086506	IC	C57BL/6	Saline 3d	AngII 28d
515.1	deviations	515	Lmx1b_515	0.959098902496955	-0.000748391604971581	IC	C57BL/6	Saline 3d	AngII 28d
518.1	deviations	518	Hlx_518	0.959098902496955	-0.000748391604971581	IC	C57BL/6	Saline 3d	AngII 28d
539.1	deviations	539	Prop1_539	0.959098902496955	-0.000748391604971581	IC	C57BL/6	Saline 3d	AngII 28d
349.1	deviations	349	Gm5294_349	0.961878045056152	0.000309475140276301	IC	C57BL/6	Saline 3d	AngII 28d
392.1	deviations	392	Dux_392	0.963039934771047	-0.00371815114475735	IC	C57BL/6	Saline 3d	AngII 28d
856.1	deviations	856	Relb_856	0.963039934771047	0.00652981896024606	IC	C57BL/6	Saline 3d	AngII 28d
67.1	deviations	67	Atoh8_67	0.965321364919678	-0.00313314825130299	IC	C57BL/6	Saline 3d	AngII 28d
533.1	deviations	533	Hoxa6_533	0.966159025611089	-0.00174394717208354	IC	C57BL/6	Saline 3d	AngII 28d
641.1	deviations	641	Mbd2_641	0.966159025611089	-0.00295006029680567	IC	C57BL/6	Saline 3d	AngII 28d
737.1	deviations	737	Sox15_737	0.966159025611089	-0.0107896913676601	IC	C57BL/6	Saline 3d	AngII 28d
735.1	deviations	735	Sox10_735	0.966652575110618	-0.00718168108950792	IC	C57BL/6	Saline 3d	AngII 28d
505.1	deviations	505	Alx1_505	0.968112963792493	0.0104833057813259	IC	C57BL/6	Saline 3d	AngII 28d
510.1	deviations	510	Hoxa5_510	0.969570533644589	0.00370632158860441	IC	C57BL/6	Saline 3d	AngII 28d
435.1	deviations	435	Irx4_435	0.969582382634916	-0.000609149814890622	IC	C57BL/6	Saline 3d	AngII 28d
472.1	deviations	472	Pdx1_472	0.969582382634916	-0.00381211461823646	IC	C57BL/6	Saline 3d	AngII 28d
160.1	deviations	160	Zfp187_160	0.970236422528252	0.00578730804256169	IC	C57BL/6	Saline 3d	AngII 28d
410.1	deviations	410	Evx1_410	0.970236422528252	0.0101074351940911	IC	C57BL/6	Saline 3d	AngII 28d
679.1	deviations	679	Nr4a3_679	0.987081921897455	-0.00192710441620231	IC	C57BL/6	Saline 3d	AngII 28d
367.1	deviations	367	Foxl1_367	0.987204118991665	0.00347922030557486	IC	C57BL/6	Saline 3d	AngII 28d
507.1	deviations	507	Hoxa11_507	0.987204118991665	0.000680765958034811	IC	C57BL/6	Saline 3d	AngII 28d
512.1	deviations	512	Hoxb5_512	0.987204118991665	-0.00445527106199869	IC	C57BL/6	Saline 3d	AngII 28d
255.1	deviations	255	Tfdp2_255	0.989527716403055	0.00107205942639003	IC	C57BL/6	Saline 3d	AngII 28d
256.1	deviations	256	Tfdp1_256	0.989527716403055	0.00107205942639003	IC	C57BL/6	Saline 3d	AngII 28d
489.1	deviations	489	Isl2_489	0.989527716403055	-5.71433301026769e-05	IC	C57BL/6	Saline 3d	AngII 28d
529.1	deviations	529	Isl1_529	0.989527716403055	-5.71433301026769e-05	IC	C57BL/6	Saline 3d	AngII 28d
652.1	deviations	652	Gm98_652	0.989527716403055	-0.00142438770729493	IC	C57BL/6	Saline 3d	AngII 28d
205.1	deviations	205	Scrt1_205	0.996027526314247	-0.00251714880238205	IC	C57BL/6	Saline 3d	AngII 28d
343.1	deviations	343	Gm5294_343	0.996256084267245	-0.00250500929474691	IC	C57BL/6	Saline 3d	AngII 28d
369.1	deviations	369	Foxl1_369	0.996256084267245	-0.00250500929474691	IC	C57BL/6	Saline 3d	AngII 28d
389.1	deviations	389	Tcfcp2_389	0.996256084267245	0.0103119020491834	IC	C57BL/6	Saline 3d	AngII 28d
547.1	deviations	547	Hoxb13_547	0.996256084267245	0.00187751634944253	IC	C57BL/6	Saline 3d	AngII 28d
411.1	deviations	411	Otx1_411	0.997158874036768	-0.00332939886910342	IC	C57BL/6	Saline 3d	AngII 28d
464.1	deviations	464	Pitx2_464	0.997158874036768	-0.00332939886910342	IC	C57BL/6	Saline 3d	AngII 28d
204.2	deviations	204	Zfp740_204	3.35297510230003e-07	-0.0330076298710938	CD	C57BL/6	Saline 3d	AngII 3d
153.2	deviations	153	Patz1_153	2.6643716783935e-06	-0.018583044862366	CD	C57BL/6	Saline 3d	AngII 3d
193.2	deviations	193	Zfp281_193	0.000107929209187048	-0.0199629150385291	CD	C57BL/6	Saline 3d	AngII 3d
802.2	deviations	802	Sp3_802	0.000107929209187048	0.0121049676013584	CD	C57BL/6	Saline 3d	AngII 3d
99.2	deviations	99	Hlf_99	0.000243153173140678	-0.112283715505087	CD	C57BL/6	Saline 3d	AngII 3d
191.2	deviations	191	Sp6_191	0.000278621288574475	0.0127199490534984	CD	C57BL/6	Saline 3d	AngII 3d
238.2	deviations	238	Sp5_238	0.000278621288574475	0.0127199490534984	CD	C57BL/6	Saline 3d	AngII 3d
818.2	deviations	818	Glis3_818	0.000278621288574475	-0.0202604336796281	CD	C57BL/6	Saline 3d	AngII 3d
180.2	deviations	180	Zfp300_180	0.00056869790607311	-0.0746182413633328	CD	C57BL/6	Saline 3d	AngII 3d
391.2	deviations	391	Tcfcp2l1_391	0.000894634583729741	-0.0279204248625083	CD	C57BL/6	Saline 3d	AngII 3d
836.2	deviations	836	Ubp1_836	0.000894634583729741	-0.0279204248625083	CD	C57BL/6	Saline 3d	AngII 3d
105.2	deviations	105	Tef_105	0.00309527470644938	-0.0792879752738221	CD	C57BL/6	Saline 3d	AngII 3d
169.2	deviations	169	Zfp202_169	0.00437531670218551	-0.0265782070644859	CD	C57BL/6	Saline 3d	AngII 3d
195.2	deviations	195	Zic5_195	0.00796286070553171	-0.0196352017078788	CD	C57BL/6	Saline 3d	AngII 3d
214.2	deviations	214	Klf1_214	0.00902114906673356	0.0143544824570685	CD	C57BL/6	Saline 3d	AngII 3d
869.2	deviations	869	Hif3a_869	0.0109021327476397	-0.0170059077897614	CD	C57BL/6	Saline 3d	AngII 3d
194.2	deviations	194	Klf8_194	0.0118541960816897	0.00962897960747991	CD	C57BL/6	Saline 3d	AngII 3d
135.2	deviations	135	Jund_135	0.0134914301174537	0.0576232894052516	CD	C57BL/6	Saline 3d	AngII 3d
236.2	deviations	236	Klf12_236	0.0140952038091399	0.0108793943476629	CD	C57BL/6	Saline 3d	AngII 3d
816.2	deviations	816	Zfp219_816	0.0178758216911556	-0.0114314947167025	CD	C57BL/6	Saline 3d	AngII 3d
215.2	deviations	215	Zscan4c_215	0.0413028970977668	-0.0304407608385995	CD	C57BL/6	Saline 3d	AngII 3d
232.2	deviations	232	Zscan4ps2_232	0.0413028970977668	-0.0304407608385995	CD	C57BL/6	Saline 3d	AngII 3d
233.2	deviations	233	Zscan4f_233	0.0413028970977668	-0.0304407608385995	CD	C57BL/6	Saline 3d	AngII 3d
133.2	deviations	133	Dbp_133	0.0467932383149023	-0.0576950572705486	CD	C57BL/6	Saline 3d	AngII 3d
250.2	deviations	250	Dmrtc2_250	0.0481988108714817	-0.0383731907592161	CD	C57BL/6	Saline 3d	AngII 3d
267.2	deviations	267	Etv3_267	0.0534390899918121	0.0196109917908087	CD	C57BL/6	Saline 3d	AngII 3d
137.2	deviations	137	Nfil3_137	0.0566639999186022	-0.0562524643943465	CD	C57BL/6	Saline 3d	AngII 3d
811.2	deviations	811	Zfp384_811	0.0566639999186022	0.033046117778224	CD	C57BL/6	Saline 3d	AngII 3d
143.2	deviations	143	Klf4_143	0.0759661793708956	0.00767146297405127	CD	C57BL/6	Saline 3d	AngII 3d
171.2	deviations	171	Klf7_171	0.0859432735562025	0.00863868681582293	CD	C57BL/6	Saline 3d	AngII 3d
152.2	deviations	152	Plagl1_152	0.0903706586379738	-0.0225619946614085	CD	C57BL/6	Saline 3d	AngII 3d
144.2	deviations	144	Plag1_144	0.0975356671706161	-0.0115049576388688	CD	C57BL/6	Saline 3d	AngII 3d
646.2	deviations	646	Smarcc2_646	0.100727299609271	0.021028560206106	CD	C57BL/6	Saline 3d	AngII 3d
286.2	deviations	286	Elf2_286	0.111793147633652	0.0196702433411066	CD	C57BL/6	Saline 3d	AngII 3d
295.2	deviations	295	Gm4881_295	0.113616036808239	0.0177944014472863	CD	C57BL/6	Saline 3d	AngII 3d
192.2	deviations	192	Rreb1_192	0.116989350562519	-0.0113960898536276	CD	C57BL/6	Saline 3d	AngII 3d
384.2	deviations	384	Gata3_384	0.158077358121033	-0.0356905979913288	CD	C57BL/6	Saline 3d	AngII 3d
1.2	deviations	1	Tcfap2a_1	0.15840735542026	-0.0158364764123685	CD	C57BL/6	Saline 3d	AngII 3d
794.2	deviations	794	Klf6_794	0.15840735542026	0.00769494343174441	CD	C57BL/6	Saline 3d	AngII 3d
804.2	deviations	804	Klf3_804	0.15840735542026	0.00769494343174441	CD	C57BL/6	Saline 3d	AngII 3d
819.2	deviations	819	Klf2_819	0.15840735542026	0.00769494343174441	CD	C57BL/6	Saline 3d	AngII 3d
108.2	deviations	108	Bach1_108	0.17314544569558	0.03966377234562	CD	C57BL/6	Saline 3d	AngII 3d
288.2	deviations	288	Erf_288	0.175470479103243	0.0193033536992514	CD	C57BL/6	Saline 3d	AngII 3d
291.2	deviations	291	Fev_291	0.191140311149142	0.0223371672631452	CD	C57BL/6	Saline 3d	AngII 3d
718.2	deviations	718	Sp110_718	0.191140311149142	0.0178463317527838	CD	C57BL/6	Saline 3d	AngII 3d
719.2	deviations	719	AC1689771_719	0.191140311149142	0.0178463317527838	CD	C57BL/6	Saline 3d	AngII 3d
284.2	deviations	284	Ets1_284	0.194700422029141	0.0176313106040626	CD	C57BL/6	Saline 3d	AngII 3d
277.2	deviations	277	Fli1_277	0.195224076483398	0.0162551818550753	CD	C57BL/6	Saline 3d	AngII 3d
353.2	deviations	353	Gm5294_353	0.19965285692465	0.0196254771210083	CD	C57BL/6	Saline 3d	AngII 3d
379.2	deviations	379	Foxl1_379	0.19965285692465	0.0196254771210083	CD	C57BL/6	Saline 3d	AngII 3d
736.2	deviations	736	Sox30_736	0.206704013781823	-0.0266666000175512	CD	C57BL/6	Saline 3d	AngII 3d
131.2	deviations	131	Nfil3_131	0.208017006976677	-0.0530402966125604	CD	C57BL/6	Saline 3d	AngII 3d
148.2	deviations	148	Glis2_148	0.208017006976677	-0.0227285164093486	CD	C57BL/6	Saline 3d	AngII 3d
184.2	deviations	184	Klf9_184	0.208017006976677	0.0567946011645135	CD	C57BL/6	Saline 3d	AngII 3d
201.2	deviations	201	Dnajc21_201	0.208017006976677	-0.0140735732669245	CD	C57BL/6	Saline 3d	AngII 3d
257.2	deviations	257	E2f4_257	0.208017006976677	0.011347478475554	CD	C57BL/6	Saline 3d	AngII 3d
544.2	deviations	544	Duxbl_544	0.208017006976677	0.0226563301741463	CD	C57BL/6	Saline 3d	AngII 3d
575.2	deviations	575	Gm10391_575	0.208017006976677	0.0226563301741463	CD	C57BL/6	Saline 3d	AngII 3d
576.2	deviations	576	Gm10394_576	0.208017006976677	0.0226563301741463	CD	C57BL/6	Saline 3d	AngII 3d
631.2	deviations	631	Irf1_631	0.208017006976677	0.0115711669414577	CD	C57BL/6	Saline 3d	AngII 3d
636.2	deviations	636	Irf2_636	0.208017006976677	0.0282130006831506	CD	C57BL/6	Saline 3d	AngII 3d
854.2	deviations	854	Pax8_854	0.208017006976677	0.0254354383581932	CD	C57BL/6	Saline 3d	AngII 3d
855.2	deviations	855	Pax1_855	0.208017006976677	0.0254354383581932	CD	C57BL/6	Saline 3d	AngII 3d
11.2	deviations	11	Arid2_11	0.210408241359728	-0.0291459415253154	CD	C57BL/6	Saline 3d	AngII 3d
237.2	deviations	237	Klf14_237	0.210408241359728	0.00930086463867889	CD	C57BL/6	Saline 3d	AngII 3d
798.2	deviations	798	Klf11_798	0.210408241359728	0.00930086463867889	CD	C57BL/6	Saline 3d	AngII 3d
817.2	deviations	817	Klf13_817	0.210408241359728	0.00930086463867889	CD	C57BL/6	Saline 3d	AngII 3d
853.2	deviations	853	Trp63_853	0.210408241359728	-0.0166232497930493	CD	C57BL/6	Saline 3d	AngII 3d
874.2	deviations	874	Klf16_874	0.210408241359728	0.00930086463867889	CD	C57BL/6	Saline 3d	AngII 3d
97.2	deviations	97	Cebpd_97	0.212440816891263	0.0492084539718643	CD	C57BL/6	Saline 3d	AngII 3d
130.2	deviations	130	Cebpb_130	0.212440816891263	0.0492084539718643	CD	C57BL/6	Saline 3d	AngII 3d
287.2	deviations	287	Erg_287	0.212440816891263	0.0146468274302844	CD	C57BL/6	Saline 3d	AngII 3d
850.2	deviations	850	Nr1h4_850	0.213053933174471	-0.0254870589150807	CD	C57BL/6	Saline 3d	AngII 3d
851.2	deviations	851	Nr1h5_851	0.213053933174471	-0.0254870589150807	CD	C57BL/6	Saline 3d	AngII 3d
189.2	deviations	189	Prdm1_189	0.215412019408723	0.022355087576501	CD	C57BL/6	Saline 3d	AngII 3d
18.2	deviations	18	Mnt_18	0.22121850073152	-0.034279935305975	CD	C57BL/6	Saline 3d	AngII 3d
182.2	deviations	182	Zbtb1_182	0.22121850073152	0.0141723070765074	CD	C57BL/6	Saline 3d	AngII 3d
13.2	deviations	13	Ahctf1_13	0.22167231273365	0.0150777210289621	CD	C57BL/6	Saline 3d	AngII 3d
437.2	deviations	437	Otx2_437	0.233796138754755	-0.0277253447404388	CD	C57BL/6	Saline 3d	AngII 3d
526.2	deviations	526	Crx_526	0.233796138754755	-0.0277253447404388	CD	C57BL/6	Saline 3d	AngII 3d
283.2	deviations	283	Elf4_283	0.234676546683474	0.0129665567955606	CD	C57BL/6	Saline 3d	AngII 3d
57.2	deviations	57	Mesp2_57	0.241929916139624	-0.018231684991232	CD	C57BL/6	Saline 3d	AngII 3d
58.2	deviations	58	Mesp1_58	0.241929916139624	-0.018231684991232	CD	C57BL/6	Saline 3d	AngII 3d
275.2	deviations	275	Ehf_275	0.241929916139624	0.0170505610815709	CD	C57BL/6	Saline 3d	AngII 3d
327.2	deviations	327	Foxd3_327	0.241929916139624	0.0168296534284681	CD	C57BL/6	Saline 3d	AngII 3d
328.2	deviations	328	Foxe1_328	0.241929916139624	0.0168296534284681	CD	C57BL/6	Saline 3d	AngII 3d
341.2	deviations	341	Gm5294_341	0.241929916139624	0.0168296534284681	CD	C57BL/6	Saline 3d	AngII 3d
346.2	deviations	346	Gm5294_346	0.241929916139624	-0.0283756608433483	CD	C57BL/6	Saline 3d	AngII 3d
366.2	deviations	366	Foxl1_366	0.241929916139624	0.0168296534284681	CD	C57BL/6	Saline 3d	AngII 3d
372.2	deviations	372	Foxl1_372	0.241929916139624	-0.0283756608433483	CD	C57BL/6	Saline 3d	AngII 3d
429.2	deviations	429	Gsc_429	0.241929916139624	-0.0264137030660161	CD	C57BL/6	Saline 3d	AngII 3d
558.2	deviations	558	Obox1_558	0.241929916139624	-0.0221225628199104	CD	C57BL/6	Saline 3d	AngII 3d
623.2	deviations	623	Pit1_623	0.241929916139624	0.0226802631875444	CD	C57BL/6	Saline 3d	AngII 3d
633.2	deviations	633	Irf7_633	0.241929916139624	0.0189545603726005	CD	C57BL/6	Saline 3d	AngII 3d
653.2	deviations	653	Pparg_653	0.241929916139624	-0.024539555396414	CD	C57BL/6	Saline 3d	AngII 3d
668.2	deviations	668	Esr2_668	0.241929916139624	-0.0139150948208183	CD	C57BL/6	Saline 3d	AngII 3d
694.2	deviations	694	Pax5_694	0.241929916139624	0.022550373015871	CD	C57BL/6	Saline 3d	AngII 3d
45.2	deviations	45	Myog_45	0.244081531542731	-0.0109043760678291	CD	C57BL/6	Saline 3d	AngII 3d
150.2	deviations	150	Sp2_150	0.245855297633805	0.00419706112631987	CD	C57BL/6	Saline 3d	AngII 3d
473.2	deviations	473	Cdx2_473	0.245855297633805	0.0261195965053483	CD	C57BL/6	Saline 3d	AngII 3d
758.2	deviations	758	Stat2_758	0.245855297633805	0.0139766666420401	CD	C57BL/6	Saline 3d	AngII 3d
588.2	deviations	588	NP_588	0.249114079891622	-0.0420699550302717	CD	C57BL/6	Saline 3d	AngII 3d
242.2	deviations	242	Nfya_242	0.249376140512656	0.0161537292253947	CD	C57BL/6	Saline 3d	AngII 3d
560.2	deviations	560	Hoxb8_560	0.258110812839557	-0.0289037311640196	CD	C57BL/6	Saline 3d	AngII 3d
592.2	deviations	592	NP_592	0.258110812839557	-0.0289037311640196	CD	C57BL/6	Saline 3d	AngII 3d
607.2	deviations	607	NP_607	0.258110812839557	0.0139030834591124	CD	C57BL/6	Saline 3d	AngII 3d
689.2	deviations	689	Nr6a1_689	0.258110812839557	-0.017800928278982	CD	C57BL/6	Saline 3d	AngII 3d
562.2	deviations	562	Homez_562	0.258294718759716	0.0935923085968205	CD	C57BL/6	Saline 3d	AngII 3d
5.2	deviations	5	Tcfap2d_5	0.264240800994338	-0.00886476741885376	CD	C57BL/6	Saline 3d	AngII 3d
274.2	deviations	274	Elk1_274	0.264240800994338	0.0144155499442003	CD	C57BL/6	Saline 3d	AngII 3d
352.2	deviations	352	Gm5294_352	0.264240800994338	0.0188225547001822	CD	C57BL/6	Saline 3d	AngII 3d
378.2	deviations	378	Foxl1_378	0.264240800994338	0.0188225547001822	CD	C57BL/6	Saline 3d	AngII 3d
20.2	deviations	20	Tcfap4_20	0.268203529114062	-0.0180578533940862	CD	C57BL/6	Saline 3d	AngII 3d
728.2	deviations	728	Cic_728	0.271510116470671	-0.0178542182191617	CD	C57BL/6	Saline 3d	AngII 3d
452.2	deviations	452	Pitx3_452	0.278300816482286	-0.0220760657328216	CD	C57BL/6	Saline 3d	AngII 3d
282.2	deviations	282	Etv6_282	0.279684119679286	0.0136764114038968	CD	C57BL/6	Saline 3d	AngII 3d
465.2	deviations	465	Lhx8_465	0.279684119679286	0.0194901571443754	CD	C57BL/6	Saline 3d	AngII 3d
119.2	deviations	119	Bach2_119	0.282598683896218	0.0309305261807867	CD	C57BL/6	Saline 3d	AngII 3d
386.2	deviations	386	Gata4_386	0.28927136253858	-0.028609301082208	CD	C57BL/6	Saline 3d	AngII 3d
79.2	deviations	79	Tcf21_79	0.29904865860153	-0.0174620181434311	CD	C57BL/6	Saline 3d	AngII 3d
524.2	deviations	524	ENSMUSG00000040953_524	0.29904865860153	-0.0198273481218588	CD	C57BL/6	Saline 3d	AngII 3d
527.2	deviations	527	Obox6_527	0.29904865860153	-0.0198273481218588	CD	C57BL/6	Saline 3d	AngII 3d
659.2	deviations	659	Nr2c2_659	0.29904865860153	0.014982224575016	CD	C57BL/6	Saline 3d	AngII 3d
846.2	deviations	846	Thrb_846	0.330092276529251	-0.0264689094905709	CD	C57BL/6	Saline 3d	AngII 3d
852.2	deviations	852	Thra_852	0.330092276529251	-0.0264689094905709	CD	C57BL/6	Saline 3d	AngII 3d
149.2	deviations	149	Ikzf1_149	0.336509085546739	0.0257152482267346	CD	C57BL/6	Saline 3d	AngII 3d
296.2	deviations	296	Gm4881_296	0.336509085546739	0.0146149436386744	CD	C57BL/6	Saline 3d	AngII 3d
753.2	deviations	753	Stat6_753	0.336509085546739	0.0150425739693994	CD	C57BL/6	Saline 3d	AngII 3d
796.2	deviations	796	Ikzf4_796	0.336509085546739	0.0257152482267346	CD	C57BL/6	Saline 3d	AngII 3d
90.2	deviations	90	Ebf1_90	0.342982132434522	-0.0133232470736216	CD	C57BL/6	Saline 3d	AngII 3d
693.2	deviations	693	Pax9_693	0.350209211874767	0.0191130364034562	CD	C57BL/6	Saline 3d	AngII 3d
217.2	deviations	217	Zkscan5_217	0.355804860728173	0.0155099310303162	CD	C57BL/6	Saline 3d	AngII 3d
240.2	deviations	240	Zfx_240	0.356186436528842	-0.0182107138209792	CD	C57BL/6	Saline 3d	AngII 3d
643.2	deviations	643	Mybl2_643	0.359000708592804	0.0344763306398239	CD	C57BL/6	Saline 3d	AngII 3d
338.2	deviations	338	Gm5294_338	0.364714099008205	0.0301698244149254	CD	C57BL/6	Saline 3d	AngII 3d
364.2	deviations	364	Foxl1_364	0.364714099008205	0.0301698244149254	CD	C57BL/6	Saline 3d	AngII 3d
7.2	deviations	7	Arid3a_7	0.370077121982472	0.0198253638067729	CD	C57BL/6	Saline 3d	AngII 3d
116.2	deviations	116	Creb3l3_116	0.370077121982472	-0.0213225562246128	CD	C57BL/6	Saline 3d	AngII 3d
174.2	deviations	174	Zbtb7b_174	0.370077121982472	-0.0133126071208554	CD	C57BL/6	Saline 3d	AngII 3d
246.2	deviations	246	Lin54_246	0.370077121982472	0.0255665567609287	CD	C57BL/6	Saline 3d	AngII 3d
317.2	deviations	317	Foxi1_317	0.370077121982472	-0.0100367269887789	CD	C57BL/6	Saline 3d	AngII 3d
318.2	deviations	318	Foxi2_318	0.370077121982472	-0.0100367269887789	CD	C57BL/6	Saline 3d	AngII 3d
323.2	deviations	323	Foxi3_323	0.370077121982472	-0.0100367269887789	CD	C57BL/6	Saline 3d	AngII 3d
340.2	deviations	340	Gm5294_340	0.370077121982472	-0.0100367269887789	CD	C57BL/6	Saline 3d	AngII 3d
362.2	deviations	362	Foxl1_362	0.370077121982472	-0.0100367269887789	CD	C57BL/6	Saline 3d	AngII 3d
476.2	deviations	476	Nobox_476	0.370077121982472	-0.0239407162769527	CD	C57BL/6	Saline 3d	AngII 3d
600.2	deviations	600	NP_600	0.370077121982472	0.0245663357517159	CD	C57BL/6	Saline 3d	AngII 3d
805.2	deviations	805	Rest_805	0.370077121982472	0.00952262494636073	CD	C57BL/6	Saline 3d	AngII 3d
870.2	deviations	870	Creb3_870	0.370077121982472	-0.0213225562246128	CD	C57BL/6	Saline 3d	AngII 3d
107.2	deviations	107	Fosl1_107	0.374231405251481	0.0302779428650078	CD	C57BL/6	Saline 3d	AngII 3d
314.2	deviations	314	Foxo1_314	0.374231405251481	0.0159457619914599	CD	C57BL/6	Saline 3d	AngII 3d
741.2	deviations	741	Sox12_741	0.374231405251481	-0.0192128528448147	CD	C57BL/6	Saline 3d	AngII 3d
228.2	deviations	228	Zbtb6_228	0.374912639580533	0.0134236593191218	CD	C57BL/6	Saline 3d	AngII 3d
261.2	deviations	261	E2f1_261	0.374912639580533	0.00848062744606188	CD	C57BL/6	Saline 3d	AngII 3d
383.2	deviations	383	Gata2_383	0.392342661740928	-0.0201374856745896	CD	C57BL/6	Saline 3d	AngII 3d
551.2	deviations	551	Hoxd10_551	0.392342661740928	0.0225419509642087	CD	C57BL/6	Saline 3d	AngII 3d
666.2	deviations	666	Esr1_666	0.392342661740928	-0.0141387868680342	CD	C57BL/6	Saline 3d	AngII 3d
789.2	deviations	789	Batf3_789	0.392342661740928	0.0267498533559254	CD	C57BL/6	Saline 3d	AngII 3d
790.2	deviations	790	Batf_790	0.392342661740928	0.0267498533559254	CD	C57BL/6	Saline 3d	AngII 3d
538.2	deviations	538	Gm4830_538	0.395181279568735	-0.0197536454545709	CD	C57BL/6	Saline 3d	AngII 3d
460.2	deviations	460	Hoxd8_460	0.395460117494851	-0.0264470927543188	CD	C57BL/6	Saline 3d	AngII 3d
840.2	deviations	840	Pou4f2_840	0.395460117494851	-0.0156055574529237	CD	C57BL/6	Saline 3d	AngII 3d
841.2	deviations	841	Pou4f1_841	0.395460117494851	-0.0156055574529237	CD	C57BL/6	Saline 3d	AngII 3d
513.2	deviations	513	Pbx3_513	0.403945263424453	0.00963712917109305	CD	C57BL/6	Saline 3d	AngII 3d
698.2	deviations	698	Rela_698	0.418080961507785	0.0113104774736577	CD	C57BL/6	Saline 3d	AngII 3d
145.2	deviations	145	Klf5_145	0.422439358129675	0.00305938773640298	CD	C57BL/6	Saline 3d	AngII 3d
290.2	deviations	290	Gm5454_290	0.422439358129675	0.0156600686285701	CD	C57BL/6	Saline 3d	AngII 3d
276.2	deviations	276	Etv5_276	0.423946407941472	0.0135352473949287	CD	C57BL/6	Saline 3d	AngII 3d
289.2	deviations	289	ENSMUSG00000044690_289	0.423946407941472	0.0135352473949287	CD	C57BL/6	Saline 3d	AngII 3d
577.2	deviations	577	Cphx_577	0.435376208352437	0.0178848187173212	CD	C57BL/6	Saline 3d	AngII 3d
717.2	deviations	717	Sp140_717	0.446957949747395	0.0385500475125434	CD	C57BL/6	Saline 3d	AngII 3d
720.2	deviations	720	IRC900814_720	0.446957949747395	0.0385500475125434	CD	C57BL/6	Saline 3d	AngII 3d
146.2	deviations	146	Ctcf_146	0.450933566435457	-0.00757063300540767	CD	C57BL/6	Saline 3d	AngII 3d
82.2	deviations	82	Ferd3l_82	0.460008181075711	-0.0151450844097248	CD	C57BL/6	Saline 3d	AngII 3d
138.2	deviations	138	Nfil3_138	0.460008181075711	-0.0310180494636107	CD	C57BL/6	Saline 3d	AngII 3d
112.2	deviations	112	Atf2_112	0.46253424459769	-0.0184812673911046	CD	C57BL/6	Saline 3d	AngII 3d
38.2	deviations	38	Srebf2_38	0.462962828667594	0.0294469574968132	CD	C57BL/6	Saline 3d	AngII 3d
40.2	deviations	40	Hes7_40	0.462962828667594	-0.0116451307899702	CD	C57BL/6	Saline 3d	AngII 3d
466.2	deviations	466	Dmbx1_466	0.462962828667594	-0.0189454068075589	CD	C57BL/6	Saline 3d	AngII 3d
124.2	deviations	124	Atf7_124	0.468449760717393	-0.0168876191468227	CD	C57BL/6	Saline 3d	AngII 3d
266.2	deviations	266	Elf3_266	0.468449760717393	0.0144304260414694	CD	C57BL/6	Saline 3d	AngII 3d
270.2	deviations	270	Etv2_270	0.468449760717393	0.0122148165102606	CD	C57BL/6	Saline 3d	AngII 3d
602.2	deviations	602	NP_602	0.468449760717393	0.0198132396059533	CD	C57BL/6	Saline 3d	AngII 3d
661.2	deviations	661	Rxrg_661	0.468449760717393	-0.0127561339922118	CD	C57BL/6	Saline 3d	AngII 3d
29.2	deviations	29	Hey2_29	0.469705657790153	-0.0255513163629445	CD	C57BL/6	Saline 3d	AngII 3d
60.2	deviations	60	Heyl_60	0.469705657790153	-0.0255513163629445	CD	C57BL/6	Saline 3d	AngII 3d
73.2	deviations	73	Hey1_73	0.469705657790153	-0.0255513163629445	CD	C57BL/6	Saline 3d	AngII 3d
80.2	deviations	80	Npas4_80	0.469705657790153	0.0301000224346194	CD	C57BL/6	Saline 3d	AngII 3d
126.2	deviations	126	Jun_126	0.469705657790153	0.0303859648021465	CD	C57BL/6	Saline 3d	AngII 3d
209.2	deviations	209	Zfp161_209	0.469705657790153	-0.00887122115772621	CD	C57BL/6	Saline 3d	AngII 3d
262.2	deviations	262	E2f5_262	0.469705657790153	0.0158767657684851	CD	C57BL/6	Saline 3d	AngII 3d
268.2	deviations	268	Etv1_268	0.469705657790153	0.0137735113351532	CD	C57BL/6	Saline 3d	AngII 3d
272.2	deviations	272	Elk3_272	0.469705657790153	0.010959389002865	CD	C57BL/6	Saline 3d	AngII 3d
273.2	deviations	273	Gabpa_273	0.469705657790153	0.00865995996573704	CD	C57BL/6	Saline 3d	AngII 3d
292.2	deviations	292	Gm4881_292	0.469705657790153	0.00865995996573704	CD	C57BL/6	Saline 3d	AngII 3d
368.2	deviations	368	Foxl1_368	0.469705657790153	-0.0101223236583509	CD	C57BL/6	Saline 3d	AngII 3d
382.2	deviations	382	Gata6_382	0.469705657790153	-0.0225885537245442	CD	C57BL/6	Saline 3d	AngII 3d
392.2	deviations	392	Dux_392	0.469705657790153	0.0193649743554794	CD	C57BL/6	Saline 3d	AngII 3d
434.2	deviations	434	Pitx1_434	0.469705657790153	-0.0179172190888456	CD	C57BL/6	Saline 3d	AngII 3d
514.2	deviations	514	Hoxb7_514	0.469705657790153	-0.0197864349367117	CD	C57BL/6	Saline 3d	AngII 3d
649.2	deviations	649	Mypop_649	0.469705657790153	0.0245643479250698	CD	C57BL/6	Saline 3d	AngII 3d
674.2	deviations	674	Esrra_674	0.469705657790153	-0.0117232401910299	CD	C57BL/6	Saline 3d	AngII 3d
696.2	deviations	696	Nfat5_696	0.469705657790153	0.0187376407987843	CD	C57BL/6	Saline 3d	AngII 3d
704.2	deviations	704	Rfx5_704	0.469705657790153	-0.0102266572862091	CD	C57BL/6	Saline 3d	AngII 3d
706.2	deviations	706	Rfx4_706	0.469705657790153	-0.0109169319731954	CD	C57BL/6	Saline 3d	AngII 3d
722.2	deviations	722	Nfix_722	0.469705657790153	-0.0103807888187926	CD	C57BL/6	Saline 3d	AngII 3d
727.2	deviations	727	Hbp1_727	0.469705657790153	0.0219031892669108	CD	C57BL/6	Saline 3d	AngII 3d
748.2	deviations	748	Sry_748	0.469705657790153	-0.0145607029852386	CD	C57BL/6	Saline 3d	AngII 3d
806.2	deviations	806	Klf15_806	0.469705657790153	-0.00258926363674226	CD	C57BL/6	Saline 3d	AngII 3d
809.2	deviations	809	Ovol2_809	0.469705657790153	0.0247086574544766	CD	C57BL/6	Saline 3d	AngII 3d
828.2	deviations	828	Ets2_828	0.469705657790153	0.00865995996573704	CD	C57BL/6	Saline 3d	AngII 3d
863.2	deviations	863	Smad1_863	0.469705657790153	0.00583182632181726	CD	C57BL/6	Saline 3d	AngII 3d
867.2	deviations	867	Tead3_867	0.469705657790153	0.00899288846233282	CD	C57BL/6	Saline 3d	AngII 3d
883.2	deviations	883	Smad5_883	0.469705657790153	0.00583182632181726	CD	C57BL/6	Saline 3d	AngII 3d
78.2	deviations	78	Olig3_78	0.48347575981772	-0.0258231918046843	CD	C57BL/6	Saline 3d	AngII 3d
127.2	deviations	127	Junb_127	0.48431005455241	0.0321975290309092	CD	C57BL/6	Saline 3d	AngII 3d
685.2	deviations	685	Rara_685	0.48849915291939	-0.0105284937991691	CD	C57BL/6	Saline 3d	AngII 3d
683.2	deviations	683	Nr2e3_683	0.489349834123853	0.0145707227670385	CD	C57BL/6	Saline 3d	AngII 3d
279.2	deviations	279	Spdef_279	0.49826854431711	0.0113812552256124	CD	C57BL/6	Saline 3d	AngII 3d
645.2	deviations	645	Cdc5l_645	0.498804660418659	0.00993140144735895	CD	C57BL/6	Saline 3d	AngII 3d
756.2	deviations	756	Stat5b_756	0.498804660418659	0.0162929758217778	CD	C57BL/6	Saline 3d	AngII 3d
843.2	deviations	843	Smarcc1_843	0.498804660418659	0.0260264524753151	CD	C57BL/6	Saline 3d	AngII 3d
411.2	deviations	411	Otx1_411	0.505029557945375	-0.0144955568592454	CD	C57BL/6	Saline 3d	AngII 3d
464.2	deviations	464	Pitx2_464	0.505029557945375	-0.0144955568592454	CD	C57BL/6	Saline 3d	AngII 3d
533.2	deviations	533	Hoxa6_533	0.505029557945375	-0.0212094646373266	CD	C57BL/6	Saline 3d	AngII 3d
596.2	deviations	596	NP_596	0.505029557945375	-0.0180903747234797	CD	C57BL/6	Saline 3d	AngII 3d
663.2	deviations	663	Rarb_663	0.505711102315253	-0.00913194134938225	CD	C57BL/6	Saline 3d	AngII 3d
707.2	deviations	707	Rfx2_707	0.505711102315253	-0.0139963921529832	CD	C57BL/6	Saline 3d	AngII 3d
711.2	deviations	711	Rfx8_711	0.505711102315253	-0.0139963921529832	CD	C57BL/6	Saline 3d	AngII 3d
102.2	deviations	102	Mafk_102	0.506291511418045	0.0149089704907452	CD	C57BL/6	Saline 3d	AngII 3d
212.2	deviations	212	Zfp524_212	0.506291511418045	0.01333907341753	CD	C57BL/6	Saline 3d	AngII 3d
281.2	deviations	281	Elf5_281	0.506291511418045	0.0123948712752252	CD	C57BL/6	Saline 3d	AngII 3d
333.2	deviations	333	Gm5294_333	0.506291511418045	-0.0101303116035096	CD	C57BL/6	Saline 3d	AngII 3d
356.2	deviations	356	Foxl1_356	0.506291511418045	-0.0101303116035096	CD	C57BL/6	Saline 3d	AngII 3d
278.2	deviations	278	Etv4_278	0.507002801147375	0.0124584772137081	CD	C57BL/6	Saline 3d	AngII 3d
394.2	deviations	394	Hoxb6_394	0.508243041271486	-0.0268439454085018	CD	C57BL/6	Saline 3d	AngII 3d
662.2	deviations	662	Rxra_662	0.50922875683986	-0.00979705184134145	CD	C57BL/6	Saline 3d	AngII 3d
98.2	deviations	98	Fosb_98	0.513419203364259	0.022893634761233	CD	C57BL/6	Saline 3d	AngII 3d
136.2	deviations	136	Mafb_136	0.513419203364259	-0.0124758281600999	CD	C57BL/6	Saline 3d	AngII 3d
206.2	deviations	206	Osr1_206	0.513419203364259	0.0137154890038017	CD	C57BL/6	Saline 3d	AngII 3d
224.2	deviations	224	Zfp143_224	0.513419203364259	0.00817962609060724	CD	C57BL/6	Saline 3d	AngII 3d
344.2	deviations	344	Gm5294_344	0.513419203364259	0.0135326559363681	CD	C57BL/6	Saline 3d	AngII 3d
370.2	deviations	370	Foxl1_370	0.513419203364259	0.0135326559363681	CD	C57BL/6	Saline 3d	AngII 3d
509.2	deviations	509	Hoxa7_509	0.513419203364259	-0.0235050015130493	CD	C57BL/6	Saline 3d	AngII 3d
641.2	deviations	641	Mbd2_641	0.513419203364259	0.00373931136882663	CD	C57BL/6	Saline 3d	AngII 3d
83.2	deviations	83	Hes5_83	0.516291656664047	-0.0287487290648418	CD	C57BL/6	Saline 3d	AngII 3d
474.2	deviations	474	Cux1_474	0.522603410390113	-0.0129187474249386	CD	C57BL/6	Saline 3d	AngII 3d
686.2	deviations	686	Rxrb_686	0.525779113321349	-0.00875756332898133	CD	C57BL/6	Saline 3d	AngII 3d
627.2	deviations	627	Hsf4_627	0.535386999360233	-0.0132233487184788	CD	C57BL/6	Saline 3d	AngII 3d
467.2	deviations	467	Pax7_467	0.544028980480256	-0.026294189858873	CD	C57BL/6	Saline 3d	AngII 3d
760.2	deviations	760	Tbx2_760	0.544028980480256	0.0160293992659723	CD	C57BL/6	Saline 3d	AngII 3d
670.2	deviations	670	Ppara_670	0.546752162988047	-0.0152784778617495	CD	C57BL/6	Saline 3d	AngII 3d
412.2	deviations	412	Rhox6_412	0.547075231526959	-0.0213799137842356	CD	C57BL/6	Saline 3d	AngII 3d
572.2	deviations	572	Rhox9_572	0.547075231526959	-0.0213799137842356	CD	C57BL/6	Saline 3d	AngII 3d
650.2	deviations	650	Prdm11_650	0.547075231526959	0.0200005737845468	CD	C57BL/6	Saline 3d	AngII 3d
448.2	deviations	448	Cdx1_448	0.549780630791938	0.0198338774458889	CD	C57BL/6	Saline 3d	AngII 3d
481.2	deviations	481	Cdx4_481	0.549780630791938	0.0198338774458889	CD	C57BL/6	Saline 3d	AngII 3d
512.2	deviations	512	Hoxb5_512	0.549780630791938	-0.018486915072012	CD	C57BL/6	Saline 3d	AngII 3d
675.2	deviations	675	Nr5a2_675	0.549780630791938	-0.00925198961634514	CD	C57BL/6	Saline 3d	AngII 3d
690.2	deviations	690	Nr2f1_690	0.549780630791938	-0.0115475620416747	CD	C57BL/6	Saline 3d	AngII 3d
848.2	deviations	848	Nr5a1_848	0.549780630791938	-0.00925198961634514	CD	C57BL/6	Saline 3d	AngII 3d
701.2	deviations	701	Nfkb1_701	0.560541262583554	0.0109134393002212	CD	C57BL/6	Saline 3d	AngII 3d
800.2	deviations	800	Zfp148_800	0.560541262583554	-0.00270149341424219	CD	C57BL/6	Saline 3d	AngII 3d
385.2	deviations	385	Gata5_385	0.566732976614987	-0.0225595265082849	CD	C57BL/6	Saline 3d	AngII 3d
676.2	deviations	676	Esrrg_676	0.566732976614987	-0.0111499158781727	CD	C57BL/6	Saline 3d	AngII 3d
87.2	deviations	87	Bhlha15_87	0.567798799184424	0.0197206757371984	CD	C57BL/6	Saline 3d	AngII 3d
387.2	deviations	387	Gata1_387	0.567798799184424	-0.018587134297586	CD	C57BL/6	Saline 3d	AngII 3d
669.2	deviations	669	Esrrb_669	0.567798799184424	-0.0120619682567123	CD	C57BL/6	Saline 3d	AngII 3d
3.2	deviations	3	Tcfap2c_3	0.578712527256667	-0.00602057676822385	CD	C57BL/6	Saline 3d	AngII 3d
410.2	deviations	410	Evx1_410	0.581037043395046	-0.0174856388444463	CD	C57BL/6	Saline 3d	AngII 3d
405.2	deviations	405	Hoxc8_405	0.589657976191249	-0.0199601030174298	CD	C57BL/6	Saline 3d	AngII 3d
463.2	deviations	463	Shox2_463	0.589657976191249	-0.0205365944227616	CD	C57BL/6	Saline 3d	AngII 3d
260.2	deviations	260	E2f7_260	0.596274594579147	0.0193575317122623	CD	C57BL/6	Saline 3d	AngII 3d
32.2	deviations	32	Srebf1_32	0.596472464842093	0.0267739272252942	CD	C57BL/6	Saline 3d	AngII 3d
687.2	deviations	687	Ar_687	0.596472464842093	0.012181216495727	CD	C57BL/6	Saline 3d	AngII 3d
860.2	deviations	860	Smad4_860	0.602279302161371	0.0106444485037541	CD	C57BL/6	Saline 3d	AngII 3d
77.2	deviations	77	Bhlhe23_77	0.615160759277829	-0.0256681302949873	CD	C57BL/6	Saline 3d	AngII 3d
820.2	deviations	820	Ctcfl_820	0.615160759277829	-0.00367731088732865	CD	C57BL/6	Saline 3d	AngII 3d
612.2	deviations	612	Pax2_612	0.625763108848738	0.0232705057799964	CD	C57BL/6	Saline 3d	AngII 3d
709.2	deviations	709	Rfx7_709	0.625869325398809	-0.0116962420675007	CD	C57BL/6	Saline 3d	AngII 3d
765.2	deviations	765	Tbx3_765	0.629207981446357	0.0144923675774334	CD	C57BL/6	Saline 3d	AngII 3d
561.2	deviations	561	Pou3f4_561	0.635331373334797	-0.0197331921626541	CD	C57BL/6	Saline 3d	AngII 3d
672.2	deviations	672	Nr1i2_672	0.635331373334797	-0.0123664866902114	CD	C57BL/6	Saline 3d	AngII 3d
16.2	deviations	16	Zfp957_16	0.639684835284222	-0.0189010614677649	CD	C57BL/6	Saline 3d	AngII 3d
350.2	deviations	350	Gm5294_350	0.639684835284222	-0.0102908427386403	CD	C57BL/6	Saline 3d	AngII 3d
376.2	deviations	376	Foxl1_376	0.639684835284222	-0.0102908427386403	CD	C57BL/6	Saline 3d	AngII 3d
433.2	deviations	433	Msx2_433	0.639684835284222	-0.0152797363412195	CD	C57BL/6	Saline 3d	AngII 3d
223.2	deviations	223	Zfp128_223	0.645301839524643	-0.0490249154979825	CD	C57BL/6	Saline 3d	AngII 3d
320.2	deviations	320	Foxc1_320	0.645301839524643	-0.0033151440551631	CD	C57BL/6	Saline 3d	AngII 3d
556.2	deviations	556	Gsx1_556	0.645301839524643	-0.0143109568946004	CD	C57BL/6	Saline 3d	AngII 3d
713.2	deviations	713	Runx2_713	0.645301839524643	0.00933384552252506	CD	C57BL/6	Saline 3d	AngII 3d
71.2	deviations	71	Tcfl5_71	0.653380567513643	-0.00695358652744001	CD	C57BL/6	Saline 3d	AngII 3d
101.2	deviations	101	Nfe2l2_101	0.653380567513643	-0.00955415135616144	CD	C57BL/6	Saline 3d	AngII 3d
203.2	deviations	203	Zfp691_203	0.653380567513643	0.0152567675117751	CD	C57BL/6	Saline 3d	AngII 3d
880.2	deviations	880	Foxm1_880	0.653380567513643	-0.008423581222225	CD	C57BL/6	Saline 3d	AngII 3d
128.2	deviations	128	X9430076C15Rik_128	0.658928402869811	-0.0149768009464961	CD	C57BL/6	Saline 3d	AngII 3d
241.2	deviations	241	Myt1l_241	0.659163086549655	0.00679731711509625	CD	C57BL/6	Saline 3d	AngII 3d
499.2	deviations	499	Nkx61_499	0.659163086549655	-0.0155606412554899	CD	C57BL/6	Saline 3d	AngII 3d
606.2	deviations	606	NP_606	0.659163086549655	-0.0155606412554899	CD	C57BL/6	Saline 3d	AngII 3d
8.2	deviations	8	Arid5b_8	0.665830133897856	0.0326200249528558	CD	C57BL/6	Saline 3d	AngII 3d
249.2	deviations	249	Kdm2b_249	0.665830133897856	0.0393668207644716	CD	C57BL/6	Saline 3d	AngII 3d
393.2	deviations	393	Lhx2_393	0.68451069689357	-0.013676536561074	CD	C57BL/6	Saline 3d	AngII 3d
447.2	deviations	447	Rax_447	0.687523440045965	-0.0230948689954974	CD	C57BL/6	Saline 3d	AngII 3d
567.2	deviations	567	Nkx63_567	0.687523440045965	-0.0149814099565859	CD	C57BL/6	Saline 3d	AngII 3d
703.2	deviations	703	Nfatc1_703	0.687523440045965	0.0159182659090968	CD	C57BL/6	Saline 3d	AngII 3d
168.2	deviations	168	Zfp711_168	0.689166457057723	-0.00944869149173136	CD	C57BL/6	Saline 3d	AngII 3d
343.2	deviations	343	Gm5294_343	0.689166457057723	0.0110706448294971	CD	C57BL/6	Saline 3d	AngII 3d
369.2	deviations	369	Foxl1_369	0.689166457057723	0.0110706448294971	CD	C57BL/6	Saline 3d	AngII 3d
550.2	deviations	550	Hoxc12_550	0.689166457057723	0.0198716660559244	CD	C57BL/6	Saline 3d	AngII 3d
605.2	deviations	605	NP_605	0.689166457057723	0.0198716660559244	CD	C57BL/6	Saline 3d	AngII 3d
220.2	deviations	220	Zfp637_220	0.693971221154217	-0.012205868349091	CD	C57BL/6	Saline 3d	AngII 3d
123.2	deviations	123	Mafg_123	0.704655604180415	-0.0121493294174322	CD	C57BL/6	Saline 3d	AngII 3d
497.2	deviations	497	Vax2_497	0.7116047211097	-0.0229253424261896	CD	C57BL/6	Saline 3d	AngII 3d
652.2	deviations	652	Gm98_652	0.7116047211097	0.0254328627369574	CD	C57BL/6	Saline 3d	AngII 3d
142.2	deviations	142	Sp1_142	0.712055326471324	0.00214285706154068	CD	C57BL/6	Saline 3d	AngII 3d
420.2	deviations	420	Hoxa2_420	0.712055326471324	-0.0156344866154979	CD	C57BL/6	Saline 3d	AngII 3d
104.2	deviations	104	Fos_104	0.715867332027061	0.0258877560520551	CD	C57BL/6	Saline 3d	AngII 3d
230.2	deviations	230	Insm1_230	0.715867332027061	-0.00633034133104956	CD	C57BL/6	Saline 3d	AngII 3d
648.2	deviations	648	Terf2_648	0.715867332027061	-0.0145878438497837	CD	C57BL/6	Saline 3d	AngII 3d
95.2	deviations	95	Usf2_95	0.717042462659973	0.00697543361280705	CD	C57BL/6	Saline 3d	AngII 3d
218.2	deviations	218	Zfp105_218	0.718843241794899	-0.00817660584406633	CD	C57BL/6	Saline 3d	AngII 3d
227.2	deviations	227	Zfp238_227	0.719791629003514	0.0106614359386029	CD	C57BL/6	Saline 3d	AngII 3d
330.2	deviations	330	Foxd1_330	0.719791629003514	-0.00498501397948586	CD	C57BL/6	Saline 3d	AngII 3d
334.2	deviations	334	Gm5294_334	0.719791629003514	-0.00498501397948586	CD	C57BL/6	Saline 3d	AngII 3d
359.2	deviations	359	Foxl1_359	0.719791629003514	-0.00498501397948586	CD	C57BL/6	Saline 3d	AngII 3d
380.2	deviations	380	Foxl1_380	0.719791629003514	-0.00453469264097256	CD	C57BL/6	Saline 3d	AngII 3d
755.2	deviations	755	Stat5a_755	0.719791629003514	0.0135851191083706	CD	C57BL/6	Saline 3d	AngII 3d
568.2	deviations	568	Rhox8_568	0.720377449803417	-0.00908362784238255	CD	C57BL/6	Saline 3d	AngII 3d
12.2	deviations	12	Setbp1_12	0.721848742536841	0.0643479764547908	CD	C57BL/6	Saline 3d	AngII 3d
647.2	deviations	647	Mybl1_647	0.721848742536841	0.0209793788359805	CD	C57BL/6	Saline 3d	AngII 3d
725.2	deviations	725	Sox9_725	0.721848742536841	0.0132398383765733	CD	C57BL/6	Saline 3d	AngII 3d
109.2	deviations	109	Creb1_109	0.722733807483001	-0.00685727904707851	CD	C57BL/6	Saline 3d	AngII 3d
508.2	deviations	508	Hoxa9_508	0.722733807483001	0.0140233587747485	CD	C57BL/6	Saline 3d	AngII 3d
808.2	deviations	808	Zbtb7a_808	0.722733807483001	0.0111412094007966	CD	C57BL/6	Saline 3d	AngII 3d
812.2	deviations	812	Zbtb7c_812	0.722733807483001	0.0111412094007966	CD	C57BL/6	Saline 3d	AngII 3d
603.2	deviations	603	NP_603	0.736670846475523	0.0277837387895329	CD	C57BL/6	Saline 3d	AngII 3d
511.2	deviations	511	Hoxb4_511	0.738844682397679	-0.0147143872297146	CD	C57BL/6	Saline 3d	AngII 3d
46.2	deviations	46	Usf1_46	0.740083706736159	0.00588378982367053	CD	C57BL/6	Saline 3d	AngII 3d
543.2	deviations	543	Msx1_543	0.740083706736159	-0.0214777426791775	CD	C57BL/6	Saline 3d	AngII 3d
248.2	deviations	248	Mbd1_248	0.741955960107242	0.024358396236172	CD	C57BL/6	Saline 3d	AngII 3d
25.2	deviations	25	Arnt_25	0.750414641976488	0.0133940372606157	CD	C57BL/6	Saline 3d	AngII 3d
103.2	deviations	103	Xbp1_103	0.750414641976488	0.0155494476191359	CD	C57BL/6	Saline 3d	AngII 3d
710.2	deviations	710	Rfx3_710	0.750414641976488	-0.00963813569743736	CD	C57BL/6	Saline 3d	AngII 3d
457.2	deviations	457	Barhl1_457	0.752002788196479	-0.0154085564720443	CD	C57BL/6	Saline 3d	AngII 3d
692.2	deviations	692	Trp53_692	0.752002788196479	-0.0124294137939134	CD	C57BL/6	Saline 3d	AngII 3d
9.2	deviations	9	Arid5a_9	0.752091831490283	0.0125319102366052	CD	C57BL/6	Saline 3d	AngII 3d
52.2	deviations	52	Clock_52	0.752091831490283	-0.0151069879824334	CD	C57BL/6	Saline 3d	AngII 3d
81.2	deviations	81	Olig1_81	0.752091831490283	-0.0207308611513285	CD	C57BL/6	Saline 3d	AngII 3d
134.2	deviations	134	Crem_134	0.752091831490283	-0.0119381035411071	CD	C57BL/6	Saline 3d	AngII 3d
468.2	deviations	468	Nkx11_468	0.752784379460957	-0.0200959751035893	CD	C57BL/6	Saline 3d	AngII 3d
610.2	deviations	610	Nkx11_610	0.752784379460957	-0.0200959751035893	CD	C57BL/6	Saline 3d	AngII 3d
17.2	deviations	17	Tcfe3_17	0.754635083381272	0.0112994083691247	CD	C57BL/6	Saline 3d	AngII 3d
23.2	deviations	23	Ascl2_23	0.754635083381272	-0.00934543582658537	CD	C57BL/6	Saline 3d	AngII 3d
673.2	deviations	673	Nr3c1_673	0.754635083381272	-0.00761657179852679	CD	C57BL/6	Saline 3d	AngII 3d
702.2	deviations	702	Nfatc3_702	0.754635083381272	0.0103720810929038	CD	C57BL/6	Saline 3d	AngII 3d
780.2	deviations	780	Ascl1_780	0.754635083381272	-0.00934543582658537	CD	C57BL/6	Saline 3d	AngII 3d
857.2	deviations	857	Nfatc4_857	0.754635083381272	0.0103720810929038	CD	C57BL/6	Saline 3d	AngII 3d
66.2	deviations	66	Hand1_66	0.755421736560593	-0.0106966724493303	CD	C57BL/6	Saline 3d	AngII 3d
68.2	deviations	68	Hand2_68	0.755421736560593	-0.0106966724493303	CD	C57BL/6	Saline 3d	AngII 3d
69.2	deviations	69	Neurod2_69	0.755421736560593	-0.0230381784667317	CD	C57BL/6	Saline 3d	AngII 3d
140.2	deviations	140	Zscan4_140	0.755421736560593	-0.0167529327456565	CD	C57BL/6	Saline 3d	AngII 3d
239.2	deviations	239	Zfp652_239	0.755421736560593	-0.00355225153398693	CD	C57BL/6	Saline 3d	AngII 3d
381.2	deviations	381	Foxl1_381	0.755421736560593	-0.00483210761476949	CD	C57BL/6	Saline 3d	AngII 3d
449.2	deviations	449	Hhex_449	0.755421736560593	0.0214565420078283	CD	C57BL/6	Saline 3d	AngII 3d
554.2	deviations	554	Pbx1_554	0.755421736560593	-0.012742598923903	CD	C57BL/6	Saline 3d	AngII 3d
581.2	deviations	581	Hoxc4_581	0.755421736560593	-0.0102091722160345	CD	C57BL/6	Saline 3d	AngII 3d
654.2	deviations	654	Rarg_654	0.755421736560593	-0.00763368301098856	CD	C57BL/6	Saline 3d	AngII 3d
159.2	deviations	159	Fezf2_159	0.758083700513586	0.0100961729462906	CD	C57BL/6	Saline 3d	AngII 3d
177.2	deviations	177	Fezf1_177	0.758083700513586	0.0100961729462906	CD	C57BL/6	Saline 3d	AngII 3d
125.2	deviations	125	Cebpe_125	0.763430723902998	0.0126392917088133	CD	C57BL/6	Saline 3d	AngII 3d
611.2	deviations	611	Dobox4_611	0.768795970769781	-0.00734263810869536	CD	C57BL/6	Saline 3d	AngII 3d
769.2	deviations	769	Tbr1_769	0.768897377993382	0.0159528181970253	CD	C57BL/6	Saline 3d	AngII 3d
263.2	deviations	263	E2f8_263	0.776250047724589	0.0133571420039363	CD	C57BL/6	Saline 3d	AngII 3d
495.2	deviations	495	Hdx_495	0.776250047724589	0.0137975312691373	CD	C57BL/6	Saline 3d	AngII 3d
638.2	deviations	638	Mef2c_638	0.777509009608034	-0.00674868074377853	CD	C57BL/6	Saline 3d	AngII 3d
763.2	deviations	763	Tbx1_763	0.777509009608034	0.0127507157351319	CD	C57BL/6	Saline 3d	AngII 3d
770.2	deviations	770	Tbx10_770	0.777509009608034	0.0127507157351319	CD	C57BL/6	Saline 3d	AngII 3d
28.2	deviations	28	Ahr_28	0.77979467280082	0.0110244143493536	CD	C57BL/6	Saline 3d	AngII 3d
36.2	deviations	36	Ahrr_36	0.77979467280082	0.0110244143493536	CD	C57BL/6	Saline 3d	AngII 3d
121.2	deviations	121	Atf4_121	0.77979467280082	-0.0257646651108681	CD	C57BL/6	Saline 3d	AngII 3d
207.2	deviations	207	Sp8_207	0.77979467280082	-0.00274717946807419	CD	C57BL/6	Saline 3d	AngII 3d
222.2	deviations	222	Sp7_222	0.77979467280082	-0.00274717946807419	CD	C57BL/6	Saline 3d	AngII 3d
231.2	deviations	231	Sp9_231	0.77979467280082	-0.00274717946807419	CD	C57BL/6	Saline 3d	AngII 3d
271.2	deviations	271	Spib_271	0.780856264309228	-0.00691534422647148	CD	C57BL/6	Saline 3d	AngII 3d
26.2	deviations	26	Arnt2_26	0.781889941514297	0.0183938520180473	CD	C57BL/6	Saline 3d	AngII 3d
132.2	deviations	132	Nfe2_132	0.781889941514297	-0.00908295691767438	CD	C57BL/6	Saline 3d	AngII 3d
705.2	deviations	705	Rfx6_705	0.781889941514297	-0.00343060075117608	CD	C57BL/6	Saline 3d	AngII 3d
91.2	deviations	91	Max_91	0.789777830175172	-0.0115763363411938	CD	C57BL/6	Saline 3d	AngII 3d
414.2	deviations	414	Pknox1_414	0.790539957008804	0.00632672905062639	CD	C57BL/6	Saline 3d	AngII 3d
70.2	deviations	70	Mlxip_70	0.799357319816549	-0.0154673911540377	CD	C57BL/6	Saline 3d	AngII 3d
120.2	deviations	120	Nrl_120	0.799357319816549	-0.00819497999283154	CD	C57BL/6	Saline 3d	AngII 3d
484.2	deviations	484	Irx5_484	0.799357319816549	0.00613945673655933	CD	C57BL/6	Saline 3d	AngII 3d
792.2	deviations	792	Mafa_792	0.799357319816549	-0.00819497999283154	CD	C57BL/6	Saline 3d	AngII 3d
793.2	deviations	793	Maf_793	0.799357319816549	-0.00819497999283154	CD	C57BL/6	Saline 3d	AngII 3d
483.2	deviations	483	Irx3_483	0.80449655540697	-0.0188310629840908	CD	C57BL/6	Saline 3d	AngII 3d
24.2	deviations	24	Myod1_24	0.807140835064259	-0.00675277270848919	CD	C57BL/6	Saline 3d	AngII 3d
211.2	deviations	211	Hic2_211	0.807140835064259	-0.011487979386787	CD	C57BL/6	Saline 3d	AngII 3d
440.2	deviations	440	Hoxc10_440	0.807140835064259	-0.0083811834300226	CD	C57BL/6	Saline 3d	AngII 3d
141.2	deviations	141	Bcl6b_141	0.811052213670348	0.00591575387451375	CD	C57BL/6	Saline 3d	AngII 3d
428.2	deviations	428	Hoxb9_428	0.811052213670348	0.00640025884006968	CD	C57BL/6	Saline 3d	AngII 3d
591.2	deviations	591	NP_591	0.811052213670348	0.00640025884006968	CD	C57BL/6	Saline 3d	AngII 3d
202.2	deviations	202	Zfp354c_202	0.816413390654248	0.00438280159315971	CD	C57BL/6	Saline 3d	AngII 3d
243.2	deviations	243	Cenpb_243	0.816413390654248	-0.0122023833760423	CD	C57BL/6	Saline 3d	AngII 3d
297.2	deviations	297	Gm4881_297	0.816413390654248	0.00409964171796278	CD	C57BL/6	Saline 3d	AngII 3d
307.2	deviations	307	Foxa2_307	0.816413390654248	0.00668581876820474	CD	C57BL/6	Saline 3d	AngII 3d
351.2	deviations	351	Gm5294_351	0.816413390654248	-0.00491527942596996	CD	C57BL/6	Saline 3d	AngII 3d
377.2	deviations	377	Foxl1_377	0.816413390654248	-0.00491527942596996	CD	C57BL/6	Saline 3d	AngII 3d
569.2	deviations	569	Obox3_569	0.816413390654248	-0.00553080317854277	CD	C57BL/6	Saline 3d	AngII 3d
580.2	deviations	580	Gm5889_580	0.816413390654248	-0.00553080317854277	CD	C57BL/6	Saline 3d	AngII 3d
597.2	deviations	597	NP_597	0.816413390654248	-0.0110786574809517	CD	C57BL/6	Saline 3d	AngII 3d
681.2	deviations	681	Nr3c2_681	0.816413390654248	-0.0225029637675093	CD	C57BL/6	Saline 3d	AngII 3d
872.2	deviations	872	Wt1_872	0.816413390654248	0.00159766377753839	CD	C57BL/6	Saline 3d	AngII 3d
208.2	deviations	208	Zfa_208	0.817088998183413	-0.00598221350098457	CD	C57BL/6	Saline 3d	AngII 3d
213.2	deviations	213	Zfy1_213	0.817088998183413	-0.00598221350098457	CD	C57BL/6	Saline 3d	AngII 3d
413.2	deviations	413	Vax1_413	0.817088998183413	-0.0207993503778356	CD	C57BL/6	Saline 3d	AngII 3d
435.2	deviations	435	Irx4_435	0.817088998183413	-0.00667042849495108	CD	C57BL/6	Saline 3d	AngII 3d
438.2	deviations	438	Hmbox1_438	0.817088998183413	0.0139810031727794	CD	C57BL/6	Saline 3d	AngII 3d
502.2	deviations	502	Gsx2_502	0.817088998183413	-0.0117784434934129	CD	C57BL/6	Saline 3d	AngII 3d
665.2	deviations	665	Hnf4a_665	0.817088998183413	-0.00955570512812151	CD	C57BL/6	Saline 3d	AngII 3d
752.2	deviations	752	ENSMUSG00000079994_752	0.817088998183413	-0.0136002060649409	CD	C57BL/6	Saline 3d	AngII 3d
439.2	deviations	439	Nkx31_439	0.819457322880092	-0.00798920714938506	CD	C57BL/6	Saline 3d	AngII 3d
229.2	deviations	229	Zic3_229	0.819978209230234	-0.00374291709334954	CD	C57BL/6	Saline 3d	AngII 3d
708.2	deviations	708	Rfx1_708	0.821733498835904	-0.00512422336417399	CD	C57BL/6	Saline 3d	AngII 3d
450.2	deviations	450	Tlx1_450	0.823399922535036	0.0110242324414349	CD	C57BL/6	Saline 3d	AngII 3d
522.2	deviations	522	Tlx3_522	0.823399922535036	0.0110242324414349	CD	C57BL/6	Saline 3d	AngII 3d
775.2	deviations	775	Spz1_775	0.827229767470381	-0.0141302847143627	CD	C57BL/6	Saline 3d	AngII 3d
856.2	deviations	856	Relb_856	0.827229767470381	0.00751317739113095	CD	C57BL/6	Saline 3d	AngII 3d
745.2	deviations	745	Sox21_745	0.828993212672341	-0.00794664359253914	CD	C57BL/6	Saline 3d	AngII 3d
768.2	deviations	768	Eomes_768	0.832362275314212	-0.0106516291706982	CD	C57BL/6	Saline 3d	AngII 3d
864.2	deviations	864	Tbx15_864	0.832362275314212	0.0168108683160928	CD	C57BL/6	Saline 3d	AngII 3d
865.2	deviations	865	Tbx22_865	0.832362275314212	0.0168108683160928	CD	C57BL/6	Saline 3d	AngII 3d
866.2	deviations	866	Tbx18_866	0.832362275314212	0.0168108683160928	CD	C57BL/6	Saline 3d	AngII 3d
54.2	deviations	54	Figla_54	0.832682655185122	-0.00634593501763044	CD	C57BL/6	Saline 3d	AngII 3d
84.2	deviations	84	Nhlh2_84	0.832682655185122	0.00596675088378674	CD	C57BL/6	Saline 3d	AngII 3d
451.2	deviations	451	Lbx1_451	0.832682655185122	-0.014950725301634	CD	C57BL/6	Saline 3d	AngII 3d
559.2	deviations	559	Bsx_559	0.832682655185122	-0.0117836116046399	CD	C57BL/6	Saline 3d	AngII 3d
634.2	deviations	634	Irf6_634	0.832682655185122	-0.0175865664003064	CD	C57BL/6	Saline 3d	AngII 3d
762.2	deviations	762	Tbx21_762	0.832682655185122	-0.0189644094842945	CD	C57BL/6	Saline 3d	AngII 3d
801.2	deviations	801	Gli1_801	0.832682655185122	0.0055144168914623	CD	C57BL/6	Saline 3d	AngII 3d
807.2	deviations	807	Maz_807	0.832682655185122	-0.000799160556559159	CD	C57BL/6	Saline 3d	AngII 3d
815.2	deviations	815	Gli2_815	0.832682655185122	0.0055144168914623	CD	C57BL/6	Saline 3d	AngII 3d
51.2	deviations	51	Hes2_51	0.836495405021037	-0.0158260126472982	CD	C57BL/6	Saline 3d	AngII 3d
252.2	deviations	252	Dmrt3_252	0.836495405021037	-0.0119088551711394	CD	C57BL/6	Saline 3d	AngII 3d
523.2	deviations	523	Hesx1_523	0.836495405021037	-0.000973222315516518	CD	C57BL/6	Saline 3d	AngII 3d
564.2	deviations	564	Nkx29_564	0.837667049609916	-0.00537812378297389	CD	C57BL/6	Saline 3d	AngII 3d
43.2	deviations	43	Msc_43	0.838669643082175	-0.00480656911114668	CD	C57BL/6	Saline 3d	AngII 3d
53.2	deviations	53	Tcfec_53	0.838669643082175	0.00916873776680246	CD	C57BL/6	Saline 3d	AngII 3d
199.2	deviations	199	Zfp784_199	0.838669643082175	-0.00753179395435931	CD	C57BL/6	Saline 3d	AngII 3d
247.2	deviations	247	Cxxc1_247	0.838669643082175	0.0137575907163746	CD	C57BL/6	Saline 3d	AngII 3d
280.2	deviations	280	Elk4_280	0.838669643082175	0.00601867225834242	CD	C57BL/6	Saline 3d	AngII 3d
419.2	deviations	419	Alx3_419	0.838669643082175	-0.011545554768462	CD	C57BL/6	Saline 3d	AngII 3d
421.2	deviations	421	Nkx25_421	0.838669643082175	0.00892619758184449	CD	C57BL/6	Saline 3d	AngII 3d
454.2	deviations	454	Lhx4_454	0.838669643082175	-0.011545554768462	CD	C57BL/6	Saline 3d	AngII 3d
488.2	deviations	488	Barx2_488	0.838669643082175	0.00436692251050772	CD	C57BL/6	Saline 3d	AngII 3d
536.2	deviations	536	Nkx26_536	0.838669643082175	-0.00654359412866598	CD	C57BL/6	Saline 3d	AngII 3d
563.2	deviations	563	En1_563	0.838669643082175	-0.011545554768462	CD	C57BL/6	Saline 3d	AngII 3d
570.2	deviations	570	Hmx1_570	0.838669643082175	0.00602772881922391	CD	C57BL/6	Saline 3d	AngII 3d
639.2	deviations	639	Srf_639	0.838669643082175	-0.0118047916182375	CD	C57BL/6	Saline 3d	AngII 3d
678.2	deviations	678	Rorc_678	0.838669643082175	-0.00375975164535533	CD	C57BL/6	Saline 3d	AngII 3d
684.2	deviations	684	Rorb_684	0.838669643082175	0.00968200059755595	CD	C57BL/6	Saline 3d	AngII 3d
699.2	deviations	699	Nfkb2_699	0.838669643082175	-0.00423993047177626	CD	C57BL/6	Saline 3d	AngII 3d
744.2	deviations	744	Tcf7l1_744	0.838669643082175	0.00592539721347397	CD	C57BL/6	Saline 3d	AngII 3d
795.2	deviations	795	Bcl11a_795	0.838669643082175	0.00762937647616348	CD	C57BL/6	Saline 3d	AngII 3d
814.2	deviations	814	Bcl11b_814	0.838669643082175	0.00762937647616348	CD	C57BL/6	Saline 3d	AngII 3d
390.2	deviations	390	Grhl1_390	0.839263210731944	-0.00727771518171211	CD	C57BL/6	Saline 3d	AngII 3d
482.2	deviations	482	Isx_482	0.839263210731944	-0.000159984786767726	CD	C57BL/6	Saline 3d	AngII 3d
771.2	deviations	771	T_771	0.841361982095251	0.00691580750117682	CD	C57BL/6	Saline 3d	AngII 3d
778.2	deviations	778	Myf5_778	0.84586589140049	-0.00835582920829043	CD	C57BL/6	Saline 3d	AngII 3d
161.2	deviations	161	Osr2_161	0.847066148322651	0.0155991237675135	CD	C57BL/6	Saline 3d	AngII 3d
546.2	deviations	546	Hoxb3_546	0.848868753972524	-0.0136574390401158	CD	C57BL/6	Saline 3d	AngII 3d
64.2	deviations	64	Atoh7_64	0.856707789950491	-0.0158310552605362	CD	C57BL/6	Saline 3d	AngII 3d
337.2	deviations	337	Gm5294_337	0.856707789950491	-0.00555089771588679	CD	C57BL/6	Saline 3d	AngII 3d
342.2	deviations	342	Gm5294_342	0.856707789950491	0.00936044670543685	CD	C57BL/6	Saline 3d	AngII 3d
358.2	deviations	358	Foxl1_358	0.856707789950491	-0.00555089771588679	CD	C57BL/6	Saline 3d	AngII 3d
453.2	deviations	453	Msx3_453	0.856707789950491	-0.0148580527960465	CD	C57BL/6	Saline 3d	AngII 3d
479.2	deviations	479	Hoxa1_479	0.856707789950491	-0.0121779797166377	CD	C57BL/6	Saline 3d	AngII 3d
613.2	deviations	613	Pax3_613	0.856707789950491	0.0170169935323452	CD	C57BL/6	Saline 3d	AngII 3d
664.2	deviations	664	Hnf4g_664	0.856707789950491	0.00729717652126148	CD	C57BL/6	Saline 3d	AngII 3d
14.2	deviations	14	Hmga2_14	0.86067913090352	0.00853677560716452	CD	C57BL/6	Saline 3d	AngII 3d
498.2	deviations	498	Lbx2_498	0.86067913090352	-0.00779205146949513	CD	C57BL/6	Saline 3d	AngII 3d
721.2	deviations	721	IRC900814_721	0.86067913090352	0.024377194614187	CD	C57BL/6	Saline 3d	AngII 3d
754.2	deviations	754	Stat3_754	0.86067913090352	0.00249900095512405	CD	C57BL/6	Saline 3d	AngII 3d
776.2	deviations	776	Hmga1_776	0.86067913090352	0.00853677560716452	CD	C57BL/6	Saline 3d	AngII 3d
777.2	deviations	777	Hmga1rs1_777	0.86067913090352	0.00853677560716452	CD	C57BL/6	Saline 3d	AngII 3d
630.2	deviations	630	Irf3_630	0.866386957276746	0.00304579942652716	CD	C57BL/6	Saline 3d	AngII 3d
198.2	deviations	198	Hic1_198	0.872708581675037	-0.0103930590771149	CD	C57BL/6	Saline 3d	AngII 3d
532.2	deviations	532	Hoxd11_532	0.874223365940061	0.0111497342625855	CD	C57BL/6	Saline 3d	AngII 3d
39.2	deviations	39	Hes1_39	0.878449382735931	-0.0033179292235687	CD	C57BL/6	Saline 3d	AngII 3d
235.2	deviations	235	Zbtb3_235	0.882982442631308	-0.00447445823401271	CD	C57BL/6	Saline 3d	AngII 3d
118.2	deviations	118	Creb3l2_118	0.884516421089049	-0.0166691805125774	CD	C57BL/6	Saline 3d	AngII 3d
712.2	deviations	712	Runx1_712	0.884516421089049	-0.00473034861347448	CD	C57BL/6	Saline 3d	AngII 3d
858.2	deviations	858	Runx3_858	0.884516421089049	-0.00473034861347448	CD	C57BL/6	Saline 3d	AngII 3d
37.2	deviations	37	Myc_37	0.884528098165461	-0.0100169485532384	CD	C57BL/6	Saline 3d	AngII 3d
41.2	deviations	41	Tcfeb_41	0.885294000106831	0.00601916183407624	CD	C57BL/6	Saline 3d	AngII 3d
50.2	deviations	50	Mycl1_50	0.885294000106831	-0.0076980906303494	CD	C57BL/6	Saline 3d	AngII 3d
63.2	deviations	63	Myf6_63	0.885294000106831	0.00669502407106899	CD	C57BL/6	Saline 3d	AngII 3d
65.2	deviations	65	Mycn_65	0.885294000106831	-0.0076980906303494	CD	C57BL/6	Saline 3d	AngII 3d
76.2	deviations	76	Mycs_76	0.885294000106831	-0.0076980906303494	CD	C57BL/6	Saline 3d	AngII 3d
154.2	deviations	154	Yy1_154	0.885294000106831	-0.00232980935562065	CD	C57BL/6	Saline 3d	AngII 3d
165.2	deviations	165	Zfp523_165	0.885294000106831	-6.73175424540217e-05	CD	C57BL/6	Saline 3d	AngII 3d
200.2	deviations	200	Zfp3_200	0.885294000106831	0.011625883727247	CD	C57BL/6	Saline 3d	AngII 3d
225.2	deviations	225	Zic2_225	0.885294000106831	-0.00586154727270427	CD	C57BL/6	Saline 3d	AngII 3d
265.2	deviations	265	Sfpi1_265	0.885294000106831	0.0038498655351045	CD	C57BL/6	Saline 3d	AngII 3d
303.2	deviations	303	Foxj3_303	0.885294000106831	0.0122958729226285	CD	C57BL/6	Saline 3d	AngII 3d
406.2	deviations	406	Hoxc6_406	0.885294000106831	-0.000907405524228869	CD	C57BL/6	Saline 3d	AngII 3d
430.2	deviations	430	Six6_430	0.885294000106831	0.0123376404244174	CD	C57BL/6	Saline 3d	AngII 3d
442.2	deviations	442	Gsc2_442	0.885294000106831	-0.0156885253040526	CD	C57BL/6	Saline 3d	AngII 3d
478.2	deviations	478	Dlx5_478	0.885294000106831	0.00396229778510379	CD	C57BL/6	Saline 3d	AngII 3d
486.2	deviations	486	Pbx4_486	0.885294000106831	0.00318352262421217	CD	C57BL/6	Saline 3d	AngII 3d
496.2	deviations	496	Pbx2_496	0.885294000106831	0.00318352262421217	CD	C57BL/6	Saline 3d	AngII 3d
504.2	deviations	504	Meox2_504	0.885294000106831	-0.0079696025216575	CD	C57BL/6	Saline 3d	AngII 3d
506.2	deviations	506	Hoxa13_506	0.885294000106831	0.00716585375074908	CD	C57BL/6	Saline 3d	AngII 3d
541.2	deviations	541	Dbx2_541	0.885294000106831	0.00396229778510379	CD	C57BL/6	Saline 3d	AngII 3d
658.2	deviations	658	Nr1i3_658	0.885294000106831	0.00676191166600359	CD	C57BL/6	Saline 3d	AngII 3d
677.2	deviations	677	Nr4a2_677	0.885294000106831	0.00714696061933107	CD	C57BL/6	Saline 3d	AngII 3d
738.2	deviations	738	Sox5_738	0.885294000106831	-0.00381568153349422	CD	C57BL/6	Saline 3d	AngII 3d
810.2	deviations	810	Klf10_810	0.885294000106831	0.00348550599382058	CD	C57BL/6	Saline 3d	AngII 3d
830.2	deviations	830	Foxn2_830	0.885294000106831	0.0122958729226285	CD	C57BL/6	Saline 3d	AngII 3d
832.2	deviations	832	Foxl2_832	0.885294000106831	0.0122958729226285	CD	C57BL/6	Saline 3d	AngII 3d
834.2	deviations	834	ENSMUSG00000090020_834	0.885294000106831	0.0122958729226285	CD	C57BL/6	Saline 3d	AngII 3d
878.2	deviations	878	Zfp263_878	0.885294000106831	-0.000532351047214943	CD	C57BL/6	Saline 3d	AngII 3d
714.2	deviations	714	Sp100_714	0.892113383183021	-0.0099590087589478	CD	C57BL/6	Saline 3d	AngII 3d
62.2	deviations	62	Mitf_62	0.894470568397644	0.00532978151844569	CD	C57BL/6	Saline 3d	AngII 3d
139.2	deviations	139	Zeb1_139	0.894470568397644	-0.00184877002890988	CD	C57BL/6	Saline 3d	AngII 3d
398.2	deviations	398	Meox1_398	0.894470568397644	-0.0103603400196195	CD	C57BL/6	Saline 3d	AngII 3d
485.2	deviations	485	Irx6_485	0.894470568397644	-0.00563531526072378	CD	C57BL/6	Saline 3d	AngII 3d
625.2	deviations	625	Hsf2_625	0.894470568397644	0.0105801191453371	CD	C57BL/6	Saline 3d	AngII 3d
424.2	deviations	424	Lhx9_424	0.894958711310682	-0.00925586941906926	CD	C57BL/6	Saline 3d	AngII 3d
500.2	deviations	500	Arx_500	0.894958711310682	-0.00925586941906926	CD	C57BL/6	Saline 3d	AngII 3d
785.2	deviations	785	Twist1_785	0.894958711310682	0.00830502126374822	CD	C57BL/6	Saline 3d	AngII 3d
403.2	deviations	403	Hoxc13_403	0.89604250353227	0.00951953558974512	CD	C57BL/6	Saline 3d	AngII 3d
456.2	deviations	456	Lmx1a_456	0.89604250353227	-0.0107197118370063	CD	C57BL/6	Saline 3d	AngII 3d
584.2	deviations	584	Hoxa3_584	0.89604250353227	-0.00556585995814479	CD	C57BL/6	Saline 3d	AngII 3d
88.2	deviations	88	Tcf4_88	0.89728123469359	-0.00842936631329445	CD	C57BL/6	Saline 3d	AngII 3d
396.2	deviations	396	Hoxa4_396	0.899103827854056	-0.00281917967067704	CD	C57BL/6	Saline 3d	AngII 3d
234.2	deviations	234	Egr4_234	0.899399193464504	0.00363073916417659	CD	C57BL/6	Saline 3d	AngII 3d
555.2	deviations	555	Pou3f2_555	0.899399193464504	0.00276767488200502	CD	C57BL/6	Saline 3d	AngII 3d
700.2	deviations	700	Nfatc2_700	0.899399193464504	0.00920760088132527	CD	C57BL/6	Saline 3d	AngII 3d
766.2	deviations	766	Tbx19_766	0.899399193464504	-0.0115353191047395	CD	C57BL/6	Saline 3d	AngII 3d
190.2	deviations	190	Egr1_190	0.901007630372674	-0.000195332348121994	CD	C57BL/6	Saline 3d	AngII 3d
446.2	deviations	446	Pou4f3_446	0.901007630372674	-0.0103418300430907	CD	C57BL/6	Saline 3d	AngII 3d
47.2	deviations	47	Ptf1a_47	0.903410529942148	0.00335402688191439	CD	C57BL/6	Saline 3d	AngII 3d
316.2	deviations	316	Foxc2_316	0.905969522007368	-0.00344948946373999	CD	C57BL/6	Saline 3d	AngII 3d
329.2	deviations	329	Foxs1_329	0.905969522007368	-0.00344948946373999	CD	C57BL/6	Saline 3d	AngII 3d
619.2	deviations	619	Pou2f1_619	0.905969522007368	0.00864646385021277	CD	C57BL/6	Saline 3d	AngII 3d
691.2	deviations	691	Trp73_691	0.908371091372597	-0.00522085503709791	CD	C57BL/6	Saline 3d	AngII 3d
779.2	deviations	779	Mlxipl_779	0.911353701129463	0.0100747096172281	CD	C57BL/6	Saline 3d	AngII 3d
187.2	deviations	187	Zic4_187	0.91186712522417	0.00594755697825793	CD	C57BL/6	Saline 3d	AngII 3d
244.2	deviations	244	Cux2_244	0.915890896244606	0.0210660312028124	CD	C57BL/6	Saline 3d	AngII 3d
285.2	deviations	285	Elf1_285	0.915890896244606	0.00104180629029586	CD	C57BL/6	Saline 3d	AngII 3d
336.2	deviations	336	Gm5294_336	0.915890896244606	-0.00407801885420472	CD	C57BL/6	Saline 3d	AngII 3d
360.2	deviations	360	Foxl1_360	0.915890896244606	-0.00407801885420472	CD	C57BL/6	Saline 3d	AngII 3d
549.2	deviations	549	Hmx2_549	0.915890896244606	-0.000668635657177161	CD	C57BL/6	Saline 3d	AngII 3d
2.2	deviations	2	Tcfap2b_2	0.92087096551522	-0.00575755008749349	CD	C57BL/6	Saline 3d	AngII 3d
4.2	deviations	4	Tcfap2e_4	0.92087096551522	-0.00185115380966174	CD	C57BL/6	Saline 3d	AngII 3d
147.2	deviations	147	Snai3_147	0.92087096551522	-0.00702922092343517	CD	C57BL/6	Saline 3d	AngII 3d
167.2	deviations	167	Sp4_167	0.92087096551522	-0.00134990007678313	CD	C57BL/6	Saline 3d	AngII 3d
172.2	deviations	172	Gfi1b_172	0.92087096551522	0.00647460751827738	CD	C57BL/6	Saline 3d	AngII 3d
197.2	deviations	197	Snai1_197	0.92087096551522	-0.00702922092343517	CD	C57BL/6	Saline 3d	AngII 3d
310.2	deviations	310	Foxk2_310	0.92087096551522	0.011004437873802	CD	C57BL/6	Saline 3d	AngII 3d
319.2	deviations	319	Foxo3_319	0.92087096551522	0.011004437873802	CD	C57BL/6	Saline 3d	AngII 3d
324.2	deviations	324	Foxk1_324	0.92087096551522	0.011004437873802	CD	C57BL/6	Saline 3d	AngII 3d
404.2	deviations	404	Hoxc11_404	0.92087096551522	-1.4269261773163e-05	CD	C57BL/6	Saline 3d	AngII 3d
459.2	deviations	459	Lhx3_459	0.92087096551522	-0.00253323831755619	CD	C57BL/6	Saline 3d	AngII 3d
598.2	deviations	598	NP_598	0.92087096551522	0.0150726456144304	CD	C57BL/6	Saline 3d	AngII 3d
735.2	deviations	735	Sox10_735	0.92087096551522	0.00879836874672511	CD	C57BL/6	Saline 3d	AngII 3d
759.2	deviations	759	Stat4_759	0.92087096551522	0.00137076933919968	CD	C57BL/6	Saline 3d	AngII 3d
160.2	deviations	160	Zfp187_160	0.921446333576545	0.0258423143407869	CD	C57BL/6	Saline 3d	AngII 3d
503.2	deviations	503	Hoxc9_503	0.921446333576545	0.00964680132166209	CD	C57BL/6	Saline 3d	AngII 3d
594.2	deviations	594	NP_594	0.921446333576545	0.00964680132166209	CD	C57BL/6	Saline 3d	AngII 3d
115.2	deviations	115	Cebpa_115	0.921976575049102	-0.0219770828990267	CD	C57BL/6	Saline 3d	AngII 3d
117.2	deviations	117	Nfe2l1_117	0.921976575049102	-0.0101609324130145	CD	C57BL/6	Saline 3d	AngII 3d
332.2	deviations	332	Gm5294_332	0.921976575049102	-0.00373814579174665	CD	C57BL/6	Saline 3d	AngII 3d
355.2	deviations	355	Foxl1_355	0.921976575049102	-0.00373814579174665	CD	C57BL/6	Saline 3d	AngII 3d
395.2	deviations	395	Hoxa10_395	0.921976575049102	0.00515738604576922	CD	C57BL/6	Saline 3d	AngII 3d
431.2	deviations	431	Vsx2_431	0.921976575049102	0.00794106772991063	CD	C57BL/6	Saline 3d	AngII 3d
461.2	deviations	461	Meis2_461	0.921976575049102	-0.00399445835029492	CD	C57BL/6	Saline 3d	AngII 3d
510.2	deviations	510	Hoxa5_510	0.921976575049102	-0.0100013404484606	CD	C57BL/6	Saline 3d	AngII 3d
537.2	deviations	537	Nkx23_537	0.921976575049102	0.00767106515288258	CD	C57BL/6	Saline 3d	AngII 3d
604.2	deviations	604	NP_604	0.921976575049102	-0.00607589007770159	CD	C57BL/6	Saline 3d	AngII 3d
617.2	deviations	617	Pou6f2_617	0.921976575049102	-0.00202067487215334	CD	C57BL/6	Saline 3d	AngII 3d
667.2	deviations	667	Nr2e1_667	0.921976575049102	-0.00692186052509555	CD	C57BL/6	Saline 3d	AngII 3d
695.2	deviations	695	Lcor_695	0.921976575049102	0.00545100106444477	CD	C57BL/6	Saline 3d	AngII 3d
726.2	deviations	726	Tcf7_726	0.921976575049102	-0.00578020981916975	CD	C57BL/6	Saline 3d	AngII 3d
733.2	deviations	733	Sox17_733	0.921976575049102	-0.0121753622350857	CD	C57BL/6	Saline 3d	AngII 3d
734.2	deviations	734	Lef1_734	0.921976575049102	0.00657667026293917	CD	C57BL/6	Saline 3d	AngII 3d
737.2	deviations	737	Sox15_737	0.921976575049102	0.00368014642872142	CD	C57BL/6	Saline 3d	AngII 3d
871.2	deviations	871	Nfe2l3_871	0.921976575049102	-0.0101609324130145	CD	C57BL/6	Saline 3d	AngII 3d
325.2	deviations	325	Foxb2_325	0.922214269401752	0.00704813650978197	CD	C57BL/6	Saline 3d	AngII 3d
326.2	deviations	326	Foxb1_326	0.922214269401752	0.00704813650978197	CD	C57BL/6	Saline 3d	AngII 3d
422.2	deviations	422	Lhx1_422	0.922334536016055	-0.00415907002657926	CD	C57BL/6	Saline 3d	AngII 3d
96.2	deviations	96	Mga_96	0.922700917925751	0.00663782363110895	CD	C57BL/6	Saline 3d	AngII 3d
113.2	deviations	113	Fosl2_113	0.922700917925751	-0.00465028959237237	CD	C57BL/6	Saline 3d	AngII 3d
221.2	deviations	221	Scrt2_221	0.922700917925751	-0.00347332440599848	CD	C57BL/6	Saline 3d	AngII 3d
86.2	deviations	86	Nhlh1_86	0.923104128163329	0.00389057972820669	CD	C57BL/6	Saline 3d	AngII 3d
170.2	deviations	170	Zfp282_170	0.923550057201597	0.0108169797582639	CD	C57BL/6	Saline 3d	AngII 3d
416.2	deviations	416	Pou6f1_416	0.923550057201597	0.00232897164296657	CD	C57BL/6	Saline 3d	AngII 3d
423.2	deviations	423	Hoxb1_423	0.923550057201597	0.00422768152873694	CD	C57BL/6	Saline 3d	AngII 3d
477.2	deviations	477	Dlx6_477	0.923550057201597	-0.015789877046604	CD	C57BL/6	Saline 3d	AngII 3d
519.2	deviations	519	Prrx2_519	0.923550057201597	-0.00219254942490232	CD	C57BL/6	Saline 3d	AngII 3d
552.2	deviations	552	Rhox11_552	0.923550057201597	0.00102323540872095	CD	C57BL/6	Saline 3d	AngII 3d
621.2	deviations	621	Pit1_621	0.923550057201597	-0.00265099347674094	CD	C57BL/6	Saline 3d	AngII 3d
624.2	deviations	624	Pit1_624	0.923550057201597	0.0060291574578724	CD	C57BL/6	Saline 3d	AngII 3d
637.2	deviations	637	Naif1_637	0.923550057201597	-0.00804888719745523	CD	C57BL/6	Saline 3d	AngII 3d
656.2	deviations	656	Ppard_656	0.923550057201597	0.00279122113534478	CD	C57BL/6	Saline 3d	AngII 3d
723.2	deviations	723	Smad3_723	0.923550057201597	0.0066845836382104	CD	C57BL/6	Saline 3d	AngII 3d
730.2	deviations	730	Bbx_730	0.923550057201597	0.00165708906651065	CD	C57BL/6	Saline 3d	AngII 3d
839.2	deviations	839	Prrxl1_839	0.923550057201597	-0.00219254942490232	CD	C57BL/6	Saline 3d	AngII 3d
861.2	deviations	861	Smad2_861	0.923550057201597	0.0066845836382104	CD	C57BL/6	Saline 3d	AngII 3d
876.2	deviations	876	Zfp263_876	0.923550057201597	0.00107432570541711	CD	C57BL/6	Saline 3d	AngII 3d
884.2	deviations	884	Smad9_884	0.923550057201597	0.0066845836382104	CD	C57BL/6	Saline 3d	AngII 3d
417.2	deviations	417	Nanog_417	0.931399273072432	-0.0150552250740343	CD	C57BL/6	Saline 3d	AngII 3d
158.2	deviations	158	Zfp369_158	0.932493037281781	0.0054246209756474	CD	C57BL/6	Saline 3d	AngII 3d
219.2	deviations	219	Zfp110_219	0.932493037281781	0.0054246209756474	CD	C57BL/6	Saline 3d	AngII 3d
426.2	deviations	426	Hnf1b_426	0.932627268980937	0.00116889049740843	CD	C57BL/6	Saline 3d	AngII 3d
408.2	deviations	408	Hoxd13_408	0.934268788304447	0.0117355853422408	CD	C57BL/6	Saline 3d	AngII 3d
471.2	deviations	471	Lhx5_471	0.934268788304447	-0.00353853792671728	CD	C57BL/6	Saline 3d	AngII 3d
583.2	deviations	583	Hoxd3_583	0.934268788304447	-0.010376945472554	CD	C57BL/6	Saline 3d	AngII 3d
657.2	deviations	657	Nr2f6_657	0.934268788304447	0.00469162864395446	CD	C57BL/6	Saline 3d	AngII 3d
10.2	deviations	10	Arid3c_10	0.934687885035962	-0.00383705850985596	CD	C57BL/6	Saline 3d	AngII 3d
264.2	deviations	264	E2f6_264	0.934687885035962	0.000386797981200807	CD	C57BL/6	Saline 3d	AngII 3d
306.2	deviations	306	Foxa1_306	0.934687885035962	-0.00475586400882579	CD	C57BL/6	Saline 3d	AngII 3d
365.2	deviations	365	Foxl1_365	0.934687885035962	0.00084235650943966	CD	C57BL/6	Saline 3d	AngII 3d
595.2	deviations	595	NP_595	0.934687885035962	0.0133799263821169	CD	C57BL/6	Saline 3d	AngII 3d
6.2	deviations	6	Arid3b_6	0.935611793218189	0.000269978649994305	CD	C57BL/6	Saline 3d	AngII 3d
157.2	deviations	157	Hivep1_157	0.935611793218189	-0.00704933088234051	CD	C57BL/6	Saline 3d	AngII 3d
188.2	deviations	188	Egr2_188	0.935611793218189	0.00495717469122003	CD	C57BL/6	Saline 3d	AngII 3d
196.2	deviations	196	Zfp410_196	0.935611793218189	0.00192052140409692	CD	C57BL/6	Saline 3d	AngII 3d
443.2	deviations	443	Dlx2_443	0.935611793218189	-0.00449023618242708	CD	C57BL/6	Saline 3d	AngII 3d
469.2	deviations	469	Uncx_469	0.935611793218189	-0.0033929020330223	CD	C57BL/6	Saline 3d	AngII 3d
490.2	deviations	490	Vsx1_490	0.935611793218189	-0.010012317850092	CD	C57BL/6	Saline 3d	AngII 3d
565.2	deviations	565	Irx1_565	0.935611793218189	-0.0140063483912783	CD	C57BL/6	Saline 3d	AngII 3d
761.2	deviations	761	Tbx4_761	0.935611793218189	0.00888892843880057	CD	C57BL/6	Saline 3d	AngII 3d
764.2	deviations	764	Tbx5_764	0.935611793218189	0.00888892843880057	CD	C57BL/6	Saline 3d	AngII 3d
797.2	deviations	797	Hivep2_797	0.935611793218189	-0.00704933088234051	CD	C57BL/6	Saline 3d	AngII 3d
803.2	deviations	803	Hivep3_803	0.935611793218189	-0.00704933088234051	CD	C57BL/6	Saline 3d	AngII 3d
615.2	deviations	615	Pou1f1_615	0.937529152128013	0.00646165985987731	CD	C57BL/6	Saline 3d	AngII 3d
757.2	deviations	757	Stat1_757	0.937529152128013	0.00150152133832594	CD	C57BL/6	Saline 3d	AngII 3d
31.2	deviations	31	Tcf3_31	0.943074086671471	-0.00534634417147244	CD	C57BL/6	Saline 3d	AngII 3d
72.2	deviations	72	Olig2_72	0.943488872548613	0.0135089797099705	CD	C57BL/6	Saline 3d	AngII 3d
110.2	deviations	110	Atf3_110	0.944443155347281	-0.00761574642184428	CD	C57BL/6	Saline 3d	AngII 3d
716.2	deviations	716	Gmeb2_716	0.945666384511753	-0.0152581951702059	CD	C57BL/6	Saline 3d	AngII 3d
293.2	deviations	293	Gm4881_293	0.947697165194931	0.00182963495535075	CD	C57BL/6	Saline 3d	AngII 3d
114.2	deviations	114	Jdp2_114	0.948254033942566	-8.30400180578238e-05	CD	C57BL/6	Saline 3d	AngII 3d
642.2	deviations	642	Mecp2_642	0.948254033942566	0.00338681001890123	CD	C57BL/6	Saline 3d	AngII 3d
164.2	deviations	164	Zscan10_164	0.949743012592811	-0.000416467919314912	CD	C57BL/6	Saline 3d	AngII 3d
61.2	deviations	61	Scx_61	0.950973212782652	-0.00269373892047656	CD	C57BL/6	Saline 3d	AngII 3d
93.2	deviations	93	Tcf15_93	0.950973212782652	-0.00269373892047656	CD	C57BL/6	Saline 3d	AngII 3d
100.2	deviations	100	Atf6b_100	0.950973212782652	-0.00361660055105768	CD	C57BL/6	Saline 3d	AngII 3d
111.2	deviations	111	Atf6_111	0.950973212782652	-0.00361660055105768	CD	C57BL/6	Saline 3d	AngII 3d
173.2	deviations	173	Mecom_173	0.950973212782652	0.00776299712309477	CD	C57BL/6	Saline 3d	AngII 3d
251.2	deviations	251	Dmrt1_251	0.950973212782652	-0.0031494803810441	CD	C57BL/6	Saline 3d	AngII 3d
302.2	deviations	302	Foxp1_302	0.950973212782652	0.00808856181882103	CD	C57BL/6	Saline 3d	AngII 3d
349.2	deviations	349	Gm5294_349	0.950973212782652	0.000608923298643736	CD	C57BL/6	Saline 3d	AngII 3d
409.2	deviations	409	Hoxd12_409	0.950973212782652	-6.38256423639814e-05	CD	C57BL/6	Saline 3d	AngII 3d
531.2	deviations	531	Hoxd4_531	0.950973212782652	0.00687303880319956	CD	C57BL/6	Saline 3d	AngII 3d
732.2	deviations	732	Tcf7l2_732	0.950973212782652	0.00817700310083595	CD	C57BL/6	Saline 3d	AngII 3d
868.2	deviations	868	Tead4_868	0.950973212782652	0.00315910757451014	CD	C57BL/6	Saline 3d	AngII 3d
655.2	deviations	655	Nr1h3_655	0.951009680662412	0.00396664250977516	CD	C57BL/6	Saline 3d	AngII 3d
688.2	deviations	688	Nr1h2_688	0.951009680662412	0.00396664250977516	CD	C57BL/6	Saline 3d	AngII 3d
151.2	deviations	151	Zbtb4_151	0.954488879434155	0.00293879990729351	CD	C57BL/6	Saline 3d	AngII 3d
185.2	deviations	185	Glis1_185	0.954488879434155	-0.00566334493646899	CD	C57BL/6	Saline 3d	AngII 3d
226.2	deviations	226	Zscan20_226	0.954488879434155	-0.00334087567223856	CD	C57BL/6	Saline 3d	AngII 3d
401.2	deviations	401	Dlx3_401	0.954488879434155	0.00504021069992006	CD	C57BL/6	Saline 3d	AngII 3d
415.2	deviations	415	Phox2a_415	0.954488879434155	-0.00488462327776178	CD	C57BL/6	Saline 3d	AngII 3d
418.2	deviations	418	Phox2b_418	0.954488879434155	-0.00488462327776178	CD	C57BL/6	Saline 3d	AngII 3d
445.2	deviations	445	Six2_445	0.954488879434155	0.00692579480928125	CD	C57BL/6	Saline 3d	AngII 3d
494.2	deviations	494	Gbx2_494	0.954488879434155	-0.00968173825138403	CD	C57BL/6	Saline 3d	AngII 3d
540.2	deviations	540	Pou3f3_540	0.954488879434155	-0.00320216649145636	CD	C57BL/6	Saline 3d	AngII 3d
571.2	deviations	571	Gbx1_571	0.954488879434155	-0.00336578100738553	CD	C57BL/6	Saline 3d	AngII 3d
750.2	deviations	750	Sox2_750	0.954488879434155	0.00281304109862517	CD	C57BL/6	Saline 3d	AngII 3d
788.2	deviations	788	Ddit3_788	0.954488879434155	0.0069160387334375	CD	C57BL/6	Saline 3d	AngII 3d
859.2	deviations	859	Nfib_859	0.954488879434155	-0.00616243713627543	CD	C57BL/6	Saline 3d	AngII 3d
862.2	deviations	862	Nfia_862	0.954488879434155	-0.00616243713627543	CD	C57BL/6	Saline 3d	AngII 3d
557.2	deviations	557	Nkx24_557	0.955169677200136	0.00070550465472405	CD	C57BL/6	Saline 3d	AngII 3d
628.2	deviations	628	Hsfy2_628	0.957682896162106	0.0146739471602342	CD	C57BL/6	Saline 3d	AngII 3d
59.2	deviations	59	Tcf12_59	0.964536664077855	-0.00446195442804408	CD	C57BL/6	Saline 3d	AngII 3d
492.2	deviations	492	Barhl2_492	0.964536664077855	-0.0100500503799744	CD	C57BL/6	Saline 3d	AngII 3d
44.2	deviations	44	Npas2_44	0.968047091679897	-0.00797055063220316	CD	C57BL/6	Saline 3d	AngII 3d
516.2	deviations	516	Six3_516	0.968047091679897	-0.00114519118241571	CD	C57BL/6	Saline 3d	AngII 3d
747.2	deviations	747	Sox11_747	0.968047091679897	-0.00432902837455413	CD	C57BL/6	Saline 3d	AngII 3d
782.2	deviations	782	Tal1_782	0.968047091679897	0.00143831301477231	CD	C57BL/6	Saline 3d	AngII 3d
783.2	deviations	783	Lyl1_783	0.968047091679897	0.00143831301477231	CD	C57BL/6	Saline 3d	AngII 3d
879.2	deviations	879	Dmrta2_879	0.968047091679897	0.00747498005207259	CD	C57BL/6	Saline 3d	AngII 3d
545.2	deviations	545	Nkx12_545	0.968457093088255	-0.00517461335836142	CD	C57BL/6	Saline 3d	AngII 3d
48.2	deviations	48	Sohlh2_48	0.969908392102333	-0.000175855442942175	CD	C57BL/6	Saline 3d	AngII 3d
15.2	deviations	15	Phf21a_15	0.970707868351778	0.00570602833583956	CD	C57BL/6	Saline 3d	AngII 3d
22.2	deviations	22	Id3_22	0.970707868351778	-0.00125769459179777	CD	C57BL/6	Saline 3d	AngII 3d
35.2	deviations	35	Id4_35	0.970707868351778	-0.00125769459179777	CD	C57BL/6	Saline 3d	AngII 3d
94.2	deviations	94	Atoh1_94	0.970707868351778	-0.0123293213634674	CD	C57BL/6	Saline 3d	AngII 3d
129.2	deviations	129	Cebpg_129	0.970707868351778	-0.00265011422014447	CD	C57BL/6	Saline 3d	AngII 3d
156.2	deviations	156	Zkscan3_156	0.970707868351778	-0.00520872914355257	CD	C57BL/6	Saline 3d	AngII 3d
179.2	deviations	179	Mzf1_179	0.970707868351778	0.000581822616740162	CD	C57BL/6	Saline 3d	AngII 3d
216.2	deviations	216	Zkscan4_216	0.970707868351778	-0.00520872914355257	CD	C57BL/6	Saline 3d	AngII 3d
254.2	deviations	254	Dmrt2_254	0.970707868351778	0.00291400904110517	CD	C57BL/6	Saline 3d	AngII 3d
304.2	deviations	304	Foxh1_304	0.970707868351778	-0.000457485842458791	CD	C57BL/6	Saline 3d	AngII 3d
313.2	deviations	313	Foxo4_313	0.970707868351778	0.00604228055722421	CD	C57BL/6	Saline 3d	AngII 3d
315.2	deviations	315	Foxe3_315	0.970707868351778	0.0026070641515597	CD	C57BL/6	Saline 3d	AngII 3d
322.2	deviations	322	Foxd2_322	0.970707868351778	0.0026070641515597	CD	C57BL/6	Saline 3d	AngII 3d
501.2	deviations	501	Pknox2_501	0.970707868351778	-0.0056182507712661	CD	C57BL/6	Saline 3d	AngII 3d
586.2	deviations	586	NP_586	0.970707868351778	-0.00533727449010878	CD	C57BL/6	Saline 3d	AngII 3d
599.2	deviations	599	NP_599	0.970707868351778	0.00820205024745112	CD	C57BL/6	Saline 3d	AngII 3d
620.2	deviations	620	Pou3f1_620	0.970707868351778	-0.00327313406744412	CD	C57BL/6	Saline 3d	AngII 3d
644.2	deviations	644	Myb_644	0.970707868351778	-0.00617951320298266	CD	C57BL/6	Saline 3d	AngII 3d
697.2	deviations	697	Rel_697	0.970707868351778	0.00967559002366455	CD	C57BL/6	Saline 3d	AngII 3d
724.2	deviations	724	Nfic_724	0.970707868351778	-0.00399894962971114	CD	C57BL/6	Saline 3d	AngII 3d
772.2	deviations	772	Tbp_772	0.970707868351778	0.00397326041207839	CD	C57BL/6	Saline 3d	AngII 3d
773.2	deviations	773	Tbpl2_773	0.970707868351778	0.00397326041207839	CD	C57BL/6	Saline 3d	AngII 3d
784.2	deviations	784	Neurod1_784	0.970707868351778	-0.0123293213634674	CD	C57BL/6	Saline 3d	AngII 3d
786.2	deviations	786	Neurod6_786	0.970707868351778	-0.0123293213634674	CD	C57BL/6	Saline 3d	AngII 3d
787.2	deviations	787	Neurod4_787	0.970707868351778	-0.0123293213634674	CD	C57BL/6	Saline 3d	AngII 3d
838.2	deviations	838	Nkx62_838	0.970707868351778	-0.00468167244496265	CD	C57BL/6	Saline 3d	AngII 3d
844.2	deviations	844	Nr1d1_844	0.970707868351778	-0.00345007997582184	CD	C57BL/6	Saline 3d	AngII 3d
845.2	deviations	845	Nr1d2_845	0.970707868351778	-0.00345007997582184	CD	C57BL/6	Saline 3d	AngII 3d
847.2	deviations	847	Nr4a1_847	0.970707868351778	-0.000250997854843241	CD	C57BL/6	Saline 3d	AngII 3d
873.2	deviations	873	E4f1_873	0.970707868351778	0.00466011595133178	CD	C57BL/6	Saline 3d	AngII 3d
397.2	deviations	397	Sebox_397	0.972338841916965	-0.00622384655991678	CD	C57BL/6	Saline 3d	AngII 3d
402.2	deviations	402	Mnx1_402	0.972338841916965	-0.000965921569785914	CD	C57BL/6	Saline 3d	AngII 3d
578.2	deviations	578	Obox5_578	0.972338841916965	-0.00331854848911475	CD	C57BL/6	Saline 3d	AngII 3d
579.2	deviations	579	AC1890281_579	0.972338841916965	-0.00331854848911475	CD	C57BL/6	Saline 3d	AngII 3d
608.2	deviations	608	NP_608	0.972338841916965	-0.00331854848911475	CD	C57BL/6	Saline 3d	AngII 3d
609.2	deviations	609	Q8VHG7_609	0.972338841916965	-0.00331854848911475	CD	C57BL/6	Saline 3d	AngII 3d
751.2	deviations	751	Sox4_751	0.972338841916965	-0.0020808814293539	CD	C57BL/6	Saline 3d	AngII 3d
19.2	deviations	19	Npas1_19	0.972675366689252	0.0129401431051253	CD	C57BL/6	Saline 3d	AngII 3d
30.2	deviations	30	Sim1_30	0.972675366689252	0.0129401431051253	CD	C57BL/6	Saline 3d	AngII 3d
33.2	deviations	33	Id2_33	0.972675366689252	-0.00284512266971591	CD	C57BL/6	Saline 3d	AngII 3d
34.2	deviations	34	Npas3_34	0.972675366689252	0.0129401431051253	CD	C57BL/6	Saline 3d	AngII 3d
42.2	deviations	42	Bhlhe22_42	0.972675366689252	-0.00384773438939581	CD	C57BL/6	Saline 3d	AngII 3d
55.2	deviations	55	Bhlhe40_55	0.972675366689252	-0.000409455792170287	CD	C57BL/6	Saline 3d	AngII 3d
74.2	deviations	74	Id1_74	0.972675366689252	-0.00284512266971591	CD	C57BL/6	Saline 3d	AngII 3d
92.2	deviations	92	Sim2_92	0.972675366689252	0.0129401431051253	CD	C57BL/6	Saline 3d	AngII 3d
106.2	deviations	106	Atf1_106	0.972675366689252	-0.00216723543434698	CD	C57BL/6	Saline 3d	AngII 3d
163.2	deviations	163	Zfp263_163	0.972675366689252	0.000268153870976301	CD	C57BL/6	Saline 3d	AngII 3d
166.2	deviations	166	Ovol1_166	0.972675366689252	0.00128019743068156	CD	C57BL/6	Saline 3d	AngII 3d
181.2	deviations	181	Zic1_181	0.972675366689252	0.000870519763469794	CD	C57BL/6	Saline 3d	AngII 3d
186.2	deviations	186	Prdm4_186	0.972675366689252	0.000480864055610731	CD	C57BL/6	Saline 3d	AngII 3d
205.2	deviations	205	Scrt1_205	0.972675366689252	-0.00232418495871469	CD	C57BL/6	Saline 3d	AngII 3d
255.2	deviations	255	Tfdp2_255	0.972675366689252	0.00183559886254344	CD	C57BL/6	Saline 3d	AngII 3d
256.2	deviations	256	Tfdp1_256	0.972675366689252	0.00183559886254344	CD	C57BL/6	Saline 3d	AngII 3d
259.2	deviations	259	E2f2_259	0.972675366689252	-0.00404244385604709	CD	C57BL/6	Saline 3d	AngII 3d
269.2	deviations	269	Spic_269	0.972675366689252	0.00405370316589747	CD	C57BL/6	Saline 3d	AngII 3d
339.2	deviations	339	Gm5294_339	0.972675366689252	0.00651129569208117	CD	C57BL/6	Saline 3d	AngII 3d
348.2	deviations	348	Gm5294_348	0.972675366689252	0.00384388470211884	CD	C57BL/6	Saline 3d	AngII 3d
363.2	deviations	363	Foxl1_363	0.972675366689252	0.00651129569208117	CD	C57BL/6	Saline 3d	AngII 3d
367.2	deviations	367	Foxl1_367	0.972675366689252	0.00364165974873869	CD	C57BL/6	Saline 3d	AngII 3d
375.2	deviations	375	Foxl1_375	0.972675366689252	0.00384388470211884	CD	C57BL/6	Saline 3d	AngII 3d
388.2	deviations	388	Gcm1_388	0.972675366689252	-0.00467602093025827	CD	C57BL/6	Saline 3d	AngII 3d
389.2	deviations	389	Tcfcp2_389	0.972675366689252	7.30362569162368e-05	CD	C57BL/6	Saline 3d	AngII 3d
399.2	deviations	399	Nkx21_399	0.972675366689252	0.00178349206830596	CD	C57BL/6	Saline 3d	AngII 3d
407.2	deviations	407	Evx2_407	0.972675366689252	0.00421186882607438	CD	C57BL/6	Saline 3d	AngII 3d
425.2	deviations	425	Meis1_425	0.972675366689252	-0.00259291212475582	CD	C57BL/6	Saline 3d	AngII 3d
444.2	deviations	444	Esx1_444	0.972675366689252	0.00260089907017486	CD	C57BL/6	Saline 3d	AngII 3d
458.2	deviations	458	Lhx6_458	0.972675366689252	0.00201998904331848	CD	C57BL/6	Saline 3d	AngII 3d
472.2	deviations	472	Pdx1_472	0.972675366689252	-0.010976288534804	CD	C57BL/6	Saline 3d	AngII 3d
480.2	deviations	480	Dbx1_480	0.972675366689252	-0.00346225788011664	CD	C57BL/6	Saline 3d	AngII 3d
489.2	deviations	489	Isl2_489	0.972675366689252	0.00317485149528737	CD	C57BL/6	Saline 3d	AngII 3d
491.2	deviations	491	Emx1_491	0.972675366689252	-0.00633982487496328	CD	C57BL/6	Saline 3d	AngII 3d
515.2	deviations	515	Lmx1b_515	0.972675366689252	0.00373691874868463	CD	C57BL/6	Saline 3d	AngII 3d
518.2	deviations	518	Hlx_518	0.972675366689252	0.00373691874868463	CD	C57BL/6	Saline 3d	AngII 3d
520.2	deviations	520	Hmx3_520	0.972675366689252	-0.00302285944474985	CD	C57BL/6	Saline 3d	AngII 3d
521.2	deviations	521	Alx4_521	0.972675366689252	-0.00491739795103612	CD	C57BL/6	Saline 3d	AngII 3d
529.2	deviations	529	Isl1_529	0.972675366689252	0.00317485149528737	CD	C57BL/6	Saline 3d	AngII 3d
534.2	deviations	534	Hoxd9_534	0.972675366689252	-0.00304395803760376	CD	C57BL/6	Saline 3d	AngII 3d
539.2	deviations	539	Prop1_539	0.972675366689252	0.00373691874868463	CD	C57BL/6	Saline 3d	AngII 3d
542.2	deviations	542	Tgif1_542	0.972675366689252	-0.00152863579012275	CD	C57BL/6	Saline 3d	AngII 3d
553.2	deviations	553	Six1_553	0.972675366689252	0.00312356131622566	CD	C57BL/6	Saline 3d	AngII 3d
574.2	deviations	574	Tlx2_574	0.972675366689252	-0.00653106128689843	CD	C57BL/6	Saline 3d	AngII 3d
585.2	deviations	585	NP_585	0.972675366689252	0.00201998904331848	CD	C57BL/6	Saline 3d	AngII 3d
589.2	deviations	589	NP_589	0.972675366689252	0.0059275877542973	CD	C57BL/6	Saline 3d	AngII 3d
590.2	deviations	590	NP_590	0.972675366689252	-0.00302285944474985	CD	C57BL/6	Saline 3d	AngII 3d
593.2	deviations	593	NP_593	0.972675366689252	0.00887421179669436	CD	C57BL/6	Saline 3d	AngII 3d
601.2	deviations	601	NP_601	0.972675366689252	0.00650525242167086	CD	C57BL/6	Saline 3d	AngII 3d
614.2	deviations	614	Pax6_614	0.972675366689252	-0.00235142937639525	CD	C57BL/6	Saline 3d	AngII 3d
629.2	deviations	629	Irf9_629	0.972675366689252	-0.00316603835924116	CD	C57BL/6	Saline 3d	AngII 3d
640.2	deviations	640	Mef2a_640	0.972675366689252	0.00696400243627365	CD	C57BL/6	Saline 3d	AngII 3d
660.2	deviations	660	Nr2c1_660	0.972675366689252	0.000308920419058265	CD	C57BL/6	Saline 3d	AngII 3d
731.2	deviations	731	Sox8_731	0.972675366689252	-0.000871981426188162	CD	C57BL/6	Saline 3d	AngII 3d
740.2	deviations	740	Sox18_740	0.972675366689252	0.000424603383653445	CD	C57BL/6	Saline 3d	AngII 3d
746.2	deviations	746	Sox7_746	0.972675366689252	-0.000871981426188162	CD	C57BL/6	Saline 3d	AngII 3d
749.2	deviations	749	Sox13_749	0.972675366689252	0.00461494083411386	CD	C57BL/6	Saline 3d	AngII 3d
767.2	deviations	767	Tbx20_767	0.972675366689252	0.00387705193228997	CD	C57BL/6	Saline 3d	AngII 3d
799.2	deviations	799	Snai2_799	0.972675366689252	0.00560566592926363	CD	C57BL/6	Saline 3d	AngII 3d
813.2	deviations	813	Mbtps2_813	0.972675366689252	-0.000475032445131291	CD	C57BL/6	Saline 3d	AngII 3d
821.2	deviations	821	Ybx2_821	0.972675366689252	-0.00474218854129304	CD	C57BL/6	Saline 3d	AngII 3d
822.2	deviations	822	Ybx1_822	0.972675366689252	-0.00474218854129304	CD	C57BL/6	Saline 3d	AngII 3d
823.2	deviations	823	Csda_823	0.972675366689252	-0.00474218854129304	CD	C57BL/6	Saline 3d	AngII 3d
826.2	deviations	826	Onecut1_826	0.972675366689252	0.00302296708265284	CD	C57BL/6	Saline 3d	AngII 3d
827.2	deviations	827	Onecut2_827	0.972675366689252	0.00302296708265284	CD	C57BL/6	Saline 3d	AngII 3d
835.2	deviations	835	Gcm2_835	0.972675366689252	0.0121888261246247	CD	C57BL/6	Saline 3d	AngII 3d
875.2	deviations	875	Zfp42_875	0.972675366689252	-0.000475032445131291	CD	C57BL/6	Saline 3d	AngII 3d
877.2	deviations	877	Zfp263_877	0.972675366689252	0.000268153870976301	CD	C57BL/6	Saline 3d	AngII 3d
881.2	deviations	881	Mixl1_881	0.972675366689252	-0.00604268103930138	CD	C57BL/6	Saline 3d	AngII 3d
67.2	deviations	67	Atoh8_67	0.973507236550523	-0.00067236953205585	CD	C57BL/6	Saline 3d	AngII 3d
85.2	deviations	85	Neurog1_85	0.973507236550523	-0.00311269699979957	CD	C57BL/6	Saline 3d	AngII 3d
155.2	deviations	155	Gli3_155	0.973507236550523	0.00271655725281748	CD	C57BL/6	Saline 3d	AngII 3d
162.2	deviations	162	Bcl6_162	0.973507236550523	0.0025321399238085	CD	C57BL/6	Saline 3d	AngII 3d
176.2	deviations	176	Zbtb49_176	0.973507236550523	-0.000313405469097205	CD	C57BL/6	Saline 3d	AngII 3d
258.2	deviations	258	E2f3_258	0.973507236550523	-0.00600432297180937	CD	C57BL/6	Saline 3d	AngII 3d
298.2	deviations	298	Foxj2_298	0.973507236550523	0.00450421202002539	CD	C57BL/6	Saline 3d	AngII 3d
300.2	deviations	300	Foxp4_300	0.973507236550523	0.00450421202002539	CD	C57BL/6	Saline 3d	AngII 3d
301.2	deviations	301	Foxp2_301	0.973507236550523	0.00450421202002539	CD	C57BL/6	Saline 3d	AngII 3d
311.2	deviations	311	Foxp3_311	0.973507236550523	0.00450421202002539	CD	C57BL/6	Saline 3d	AngII 3d
345.2	deviations	345	Gm5294_345	0.973507236550523	-0.013654609660905	CD	C57BL/6	Saline 3d	AngII 3d
371.2	deviations	371	Foxl1_371	0.973507236550523	-0.013654609660905	CD	C57BL/6	Saline 3d	AngII 3d
462.2	deviations	462	Nkx22_462	0.973507236550523	-0.000700822318787276	CD	C57BL/6	Saline 3d	AngII 3d
470.2	deviations	470	Hnf1a_470	0.973507236550523	-0.0032148835928053	CD	C57BL/6	Saline 3d	AngII 3d
507.2	deviations	507	Hoxa11_507	0.973507236550523	-0.00193148550708811	CD	C57BL/6	Saline 3d	AngII 3d
525.2	deviations	525	Meis3_525	0.973507236550523	0.00202278491630491	CD	C57BL/6	Saline 3d	AngII 3d
547.2	deviations	547	Hoxb13_547	0.973507236550523	0.00610159303077468	CD	C57BL/6	Saline 3d	AngII 3d
618.2	deviations	618	Pou5f1_618	0.973507236550523	-0.00429582331844807	CD	C57BL/6	Saline 3d	AngII 3d
626.2	deviations	626	Hsf1_626	0.973507236550523	0.000228541811789561	CD	C57BL/6	Saline 3d	AngII 3d
632.2	deviations	632	Irf4_632	0.973507236550523	0.00480716262474848	CD	C57BL/6	Saline 3d	AngII 3d
635.2	deviations	635	Irf5_635	0.973507236550523	-0.00240627336845948	CD	C57BL/6	Saline 3d	AngII 3d
679.2	deviations	679	Nr4a3_679	0.973507236550523	-0.00180847386663663	CD	C57BL/6	Saline 3d	AngII 3d
739.2	deviations	739	Sox3_739	0.973507236550523	-0.00206668973259811	CD	C57BL/6	Saline 3d	AngII 3d
774.2	deviations	774	Prkrir_774	0.973507236550523	0.00390317125991496	CD	C57BL/6	Saline 3d	AngII 3d
837.2	deviations	837	Six5_837	0.973507236550523	0.0107507804523629	CD	C57BL/6	Saline 3d	AngII 3d
842.2	deviations	842	Mef2d_842	0.973507236550523	-0.00476729959368051	CD	C57BL/6	Saline 3d	AngII 3d
882.2	deviations	882	Mef2b_882	0.973507236550523	-0.00476729959368051	CD	C57BL/6	Saline 3d	AngII 3d
122.2	deviations	122	Crebzf_122	0.975274286064063	-0.0119384245785555	CD	C57BL/6	Saline 3d	AngII 3d
56.2	deviations	56	Bhlhe41_56	0.977946764794106	0.00306714445083322	CD	C57BL/6	Saline 3d	AngII 3d
89.2	deviations	89	Arntl_89	0.980778815768702	-0.000382498875400688	CD	C57BL/6	Saline 3d	AngII 3d
309.2	deviations	309	Foxq1_309	0.980778815768702	0.00414198306396775	CD	C57BL/6	Saline 3d	AngII 3d
331.2	deviations	331	Gm5294_331	0.980778815768702	0.00239448491158799	CD	C57BL/6	Saline 3d	AngII 3d
354.2	deviations	354	Foxl1_354	0.980778815768702	0.00239448491158799	CD	C57BL/6	Saline 3d	AngII 3d
436.2	deviations	436	Otp_436	0.980778815768702	0.00325418620151206	CD	C57BL/6	Saline 3d	AngII 3d
528.2	deviations	528	Dlx1_528	0.980778815768702	-0.00555966379815426	CD	C57BL/6	Saline 3d	AngII 3d
548.2	deviations	548	Nkx32_548	0.980778815768702	-0.00393395775391207	CD	C57BL/6	Saline 3d	AngII 3d
682.2	deviations	682	Rora_682	0.980778815768702	0.00782560540670842	CD	C57BL/6	Saline 3d	AngII 3d
831.2	deviations	831	Foxa3_831	0.980778815768702	0.00239448491158799	CD	C57BL/6	Saline 3d	AngII 3d
849.2	deviations	849	Pgr_849	0.980778815768702	-0.000588675089706468	CD	C57BL/6	Saline 3d	AngII 3d
791.2	deviations	791	Atf5_791	0.98251966412819	-0.00364233500443303	CD	C57BL/6	Saline 3d	AngII 3d
49.2	deviations	49	Neurog2_49	0.983236674386912	0.00421842206260332	CD	C57BL/6	Saline 3d	AngII 3d
75.2	deviations	75	Neurog3_75	0.983236674386912	0.00421842206260332	CD	C57BL/6	Saline 3d	AngII 3d
245.2	deviations	245	Onecut3_245	0.983236674386912	0.00564937764789883	CD	C57BL/6	Saline 3d	AngII 3d
535.2	deviations	535	Emx2_535	0.983236674386912	-0.0104779152153128	CD	C57BL/6	Saline 3d	AngII 3d
616.2	deviations	616	Pou2f2_616	0.983236674386912	-0.00197156788525717	CD	C57BL/6	Saline 3d	AngII 3d
622.2	deviations	622	Pit1_622	0.983236674386912	0.00162727248779661	CD	C57BL/6	Saline 3d	AngII 3d
671.2	deviations	671	Vdr_671	0.983236674386912	0.00621625693949955	CD	C57BL/6	Saline 3d	AngII 3d
175.2	deviations	175	Mtf1_175	0.986521108961528	-0.00396058016287742	CD	C57BL/6	Saline 3d	AngII 3d
505.2	deviations	505	Alx1_505	0.987573609509687	-0.00525323684151245	CD	C57BL/6	Saline 3d	AngII 3d
27.2	deviations	27	Mlx_27	0.988590924177035	0.00260875402698043	CD	C57BL/6	Saline 3d	AngII 3d
210.2	deviations	210	Zbtb12_210	0.988590924177035	-0.00964853092585618	CD	C57BL/6	Saline 3d	AngII 3d
308.2	deviations	308	Foxf2_308	0.988590924177035	0.00560238491089692	CD	C57BL/6	Saline 3d	AngII 3d
312.2	deviations	312	Foxf1a_312	0.988590924177035	0.00560238491089692	CD	C57BL/6	Saline 3d	AngII 3d
347.2	deviations	347	Gm5294_347	0.988590924177035	-0.00485093363708693	CD	C57BL/6	Saline 3d	AngII 3d
373.2	deviations	373	Foxl1_373	0.988590924177035	-0.00485093363708693	CD	C57BL/6	Saline 3d	AngII 3d
374.2	deviations	374	Foxl1_374	0.988590924177035	-0.00166589108978223	CD	C57BL/6	Saline 3d	AngII 3d
400.2	deviations	400	Irx2_400	0.988590924177035	-0.00737316906780845	CD	C57BL/6	Saline 3d	AngII 3d
432.2	deviations	432	Barx1_432	0.988590924177035	-0.00433295503751287	CD	C57BL/6	Saline 3d	AngII 3d
455.2	deviations	455	Prrx1_455	0.988590924177035	0.000231180518276738	CD	C57BL/6	Saline 3d	AngII 3d
475.2	deviations	475	Pax4_475	0.988590924177035	0.00636748537334878	CD	C57BL/6	Saline 3d	AngII 3d
487.2	deviations	487	Pou2f3_487	0.988590924177035	-0.00285792209212458	CD	C57BL/6	Saline 3d	AngII 3d
582.2	deviations	582	Hoxb2_582	0.988590924177035	-0.00383733469563608	CD	C57BL/6	Saline 3d	AngII 3d
587.2	deviations	587	NP_587	0.988590924177035	-0.00803538606828053	CD	C57BL/6	Saline 3d	AngII 3d
742.2	deviations	742	Sox6_742	0.988590924177035	0.000881640592128988	CD	C57BL/6	Saline 3d	AngII 3d
743.2	deviations	743	Sox14_743	0.988590924177035	-0.00266423629590136	CD	C57BL/6	Saline 3d	AngII 3d
441.2	deviations	441	Hoxc5_441	0.989186793285652	-0.00662312308993783	CD	C57BL/6	Saline 3d	AngII 3d
833.2	deviations	833	Foxd4_833	0.989563173166596	0.00421519477705638	CD	C57BL/6	Saline 3d	AngII 3d
21.2	deviations	21	Twist2_21	0.990131317136935	-0.00928292749948613	CD	C57BL/6	Saline 3d	AngII 3d
427.2	deviations	427	Dlx4_427	0.990131317136935	-0.00228646566528481	CD	C57BL/6	Saline 3d	AngII 3d
566.2	deviations	566	Tgif2_566	0.990131317136935	-0.000747107801660334	CD	C57BL/6	Saline 3d	AngII 3d
651.2	deviations	651	Gm239_651	0.990131317136935	0.00254551638113662	CD	C57BL/6	Saline 3d	AngII 3d
781.2	deviations	781	Tal2_781	0.990131317136935	-0.00928292749948613	CD	C57BL/6	Saline 3d	AngII 3d
321.2	deviations	321	Foxo6_321	0.990721502371834	0.00712718752657832	CD	C57BL/6	Saline 3d	AngII 3d
299.2	deviations	299	Foxg1_299	0.990877207216537	0.00496529142305785	CD	C57BL/6	Saline 3d	AngII 3d
573.2	deviations	573	Noto_573	0.993997904087109	0.0034684103593443	CD	C57BL/6	Saline 3d	AngII 3d
680.2	deviations	680	Nr2f2_680	0.993997904087109	-0.000193356754643249	CD	C57BL/6	Saline 3d	AngII 3d
183.2	deviations	183	Egr3_183	0.99548302516094	0.00268376609490169	CD	C57BL/6	Saline 3d	AngII 3d
294.2	deviations	294	Gm4881_294	0.99548302516094	-0.00149890762647978	CD	C57BL/6	Saline 3d	AngII 3d
361.2	deviations	361	Foxl1_361	0.99548302516094	0.00457407561395373	CD	C57BL/6	Saline 3d	AngII 3d
517.2	deviations	517	En2_517	0.99548302516094	0.00256852133053258	CD	C57BL/6	Saline 3d	AngII 3d
530.2	deviations	530	Hoxd1_530	0.99548302516094	0.00256852133053258	CD	C57BL/6	Saline 3d	AngII 3d
715.2	deviations	715	Gmeb1_715	0.99548302516094	-0.00123005959130607	CD	C57BL/6	Saline 3d	AngII 3d
729.2	deviations	729	Hmg20b_729	0.99548302516094	0.0024331187408423	CD	C57BL/6	Saline 3d	AngII 3d
178.2	deviations	178	Zkscan1_178	0.995567087020904	0.006628035199393	CD	C57BL/6	Saline 3d	AngII 3d
253.2	deviations	253	Dmrta1_253	0.995567087020904	0.00586823529154789	CD	C57BL/6	Saline 3d	AngII 3d
824.2	deviations	824	Rbpj_824	0.996652565017151	-0.00200132361899208	CD	C57BL/6	Saline 3d	AngII 3d
825.2	deviations	825	Rbpsuhrs3_825	0.996652565017151	-0.00200132361899208	CD	C57BL/6	Saline 3d	AngII 3d
829.2	deviations	829	Foxn3_829	0.996652565017151	0.00462722911278482	CD	C57BL/6	Saline 3d	AngII 3d
305.2	deviations	305	Foxj1_305	0.999150562096687	-0.000770627354668207	CD	C57BL/6	Saline 3d	AngII 3d
335.2	deviations	335	Gm5294_335	0.999150562096687	-0.000770627354668207	CD	C57BL/6	Saline 3d	AngII 3d
357.2	deviations	357	Foxl1_357	0.999150562096687	-0.000770627354668207	CD	C57BL/6	Saline 3d	AngII 3d
493.2	deviations	493	Six4_493	0.999150562096687	0.000392221110420955	CD	C57BL/6	Saline 3d	AngII 3d
286.3	deviations	286	Elf2_286	0.00611160690922634	0.0397836253747338	CD	C57BL/6	Saline 3d	AngII 28d
274.3	deviations	274	Elk1_274	0.00639431293677137	0.038095335965259	CD	C57BL/6	Saline 3d	AngII 28d
275.3	deviations	275	Ehf_275	0.00639431293677137	0.0433188662894302	CD	C57BL/6	Saline 3d	AngII 28d
283.3	deviations	283	Elf4_283	0.0194444082854613	0.0330176931745726	CD	C57BL/6	Saline 3d	AngII 28d
272.3	deviations	272	Elk3_272	0.0227632169931686	0.0342438204109302	CD	C57BL/6	Saline 3d	AngII 28d
281.3	deviations	281	Elf5_281	0.0281394473954077	0.035783169032945	CD	C57BL/6	Saline 3d	AngII 28d
802.3	deviations	802	Sp3_802	0.0281394473954077	0.0112137248753471	CD	C57BL/6	Saline 3d	AngII 28d
174.3	deviations	174	Zbtb7b_174	0.0334340626627996	-0.0291257955690433	CD	C57BL/6	Saline 3d	AngII 28d
273.3	deviations	273	Gabpa_273	0.0334340626627996	0.0306945751783569	CD	C57BL/6	Saline 3d	AngII 28d
292.3	deviations	292	Gm4881_292	0.0334340626627996	0.0306945751783569	CD	C57BL/6	Saline 3d	AngII 28d
828.3	deviations	828	Ets2_828	0.0334340626627996	0.0306945751783569	CD	C57BL/6	Saline 3d	AngII 28d
267.3	deviations	267	Etv3_267	0.0355606617345328	0.0361972619009449	CD	C57BL/6	Saline 3d	AngII 28d
290.3	deviations	290	Gm5454_290	0.0355606617345328	0.0327498250234903	CD	C57BL/6	Saline 3d	AngII 28d
278.3	deviations	278	Etv4_278	0.0355906915118384	0.030922652672902	CD	C57BL/6	Saline 3d	AngII 28d
769.3	deviations	769	Tbr1_769	0.0371157940775813	0.058601034874037	CD	C57BL/6	Saline 3d	AngII 28d
171.3	deviations	171	Klf7_171	0.0378723580762532	0.0116102660033026	CD	C57BL/6	Saline 3d	AngII 28d
266.3	deviations	266	Elf3_266	0.0378723580762532	0.0354378562896171	CD	C57BL/6	Saline 3d	AngII 28d
646.3	deviations	646	Smarcc2_646	0.0378723580762532	0.030092547699555	CD	C57BL/6	Saline 3d	AngII 28d
849.3	deviations	849	Pgr_849	0.0378723580762532	0.0424822715594281	CD	C57BL/6	Saline 3d	AngII 28d
150.3	deviations	150	Sp2_150	0.0395574415120063	0.00729234375470908	CD	C57BL/6	Saline 3d	AngII 28d
268.3	deviations	268	Etv1_268	0.0409259030344453	0.0305423846787555	CD	C57BL/6	Saline 3d	AngII 28d
760.3	deviations	760	Tbx2_760	0.0409259030344453	0.0473540728469761	CD	C57BL/6	Saline 3d	AngII 28d
191.3	deviations	191	Sp6_191	0.042600457655068	0.0102752627095278	CD	C57BL/6	Saline 3d	AngII 28d
238.3	deviations	238	Sp5_238	0.042600457655068	0.0102752627095278	CD	C57BL/6	Saline 3d	AngII 28d
276.3	deviations	276	Etv5_276	0.042600457655068	0.0286563499280858	CD	C57BL/6	Saline 3d	AngII 28d
280.3	deviations	280	Elk4_280	0.042600457655068	0.0316842345177181	CD	C57BL/6	Saline 3d	AngII 28d
289.3	deviations	289	ENSMUSG00000044690_289	0.042600457655068	0.0286563499280858	CD	C57BL/6	Saline 3d	AngII 28d
153.3	deviations	153	Patz1_153	0.0487464672563385	-0.0123325698882149	CD	C57BL/6	Saline 3d	AngII 28d
295.3	deviations	295	Gm4881_295	0.0502970617755694	0.0279532411004649	CD	C57BL/6	Saline 3d	AngII 28d
765.3	deviations	765	Tbx3_765	0.052086365873906	0.0424731859301564	CD	C57BL/6	Saline 3d	AngII 28d
137.3	deviations	137	Nfil3_137	0.0533956310317141	-0.0645619245816451	CD	C57BL/6	Saline 3d	AngII 28d
465.3	deviations	465	Lhx8_465	0.0533956310317141	0.0471523002776908	CD	C57BL/6	Saline 3d	AngII 28d
282.3	deviations	282	Etv6_282	0.0567374770766301	0.0335248280723998	CD	C57BL/6	Saline 3d	AngII 28d
204.3	deviations	204	Zfp740_204	0.0642770722274245	-0.0153879801177267	CD	C57BL/6	Saline 3d	AngII 28d
659.3	deviations	659	Nr2c2_659	0.0642770722274245	0.0236500836307127	CD	C57BL/6	Saline 3d	AngII 28d
763.3	deviations	763	Tbx1_763	0.0699780054938836	0.0442270595817958	CD	C57BL/6	Saline 3d	AngII 28d
770.3	deviations	770	Tbx10_770	0.0699780054938836	0.0442270595817958	CD	C57BL/6	Saline 3d	AngII 28d
257.3	deviations	257	E2f4_257	0.0738342109772828	0.0178195463867385	CD	C57BL/6	Saline 3d	AngII 28d
277.3	deviations	277	Fli1_277	0.0793694924346766	0.0310265974151456	CD	C57BL/6	Saline 3d	AngII 28d
8.3	deviations	8	Arid5b_8	0.0826574758293637	0.110279741937736	CD	C57BL/6	Saline 3d	AngII 28d
116.3	deviations	116	Creb3l3_116	0.0847127845711224	-0.0373481831383333	CD	C57BL/6	Saline 3d	AngII 28d
870.3	deviations	870	Creb3_870	0.0847127845711224	-0.0373481831383333	CD	C57BL/6	Saline 3d	AngII 28d
702.3	deviations	702	Nfatc3_702	0.0907682285473099	-0.0407728020333924	CD	C57BL/6	Saline 3d	AngII 28d
857.3	deviations	857	Nfatc4_857	0.0907682285473099	-0.0407728020333924	CD	C57BL/6	Saline 3d	AngII 28d
124.3	deviations	124	Atf7_124	0.09236949347252	-0.0397532567533127	CD	C57BL/6	Saline 3d	AngII 28d
194.3	deviations	194	Klf8_194	0.0978353961970455	0.00925816913244057	CD	C57BL/6	Saline 3d	AngII 28d
236.3	deviations	236	Klf12_236	0.120985895333663	0.00947107575661804	CD	C57BL/6	Saline 3d	AngII 28d
284.3	deviations	284	Ets1_284	0.120985895333663	0.0285169457592312	CD	C57BL/6	Saline 3d	AngII 28d
287.3	deviations	287	Erg_287	0.120985895333663	0.0290611336174547	CD	C57BL/6	Saline 3d	AngII 28d
291.3	deviations	291	Fev_291	0.120985895333663	0.0325911267328982	CD	C57BL/6	Saline 3d	AngII 28d
296.3	deviations	296	Gm4881_296	0.120985895333663	0.0295294308221434	CD	C57BL/6	Saline 3d	AngII 28d
195.3	deviations	195	Zic5_195	0.131425963347276	-0.0180157244294533	CD	C57BL/6	Saline 3d	AngII 28d
143.3	deviations	143	Klf4_143	0.140264468862634	0.00756202960038199	CD	C57BL/6	Saline 3d	AngII 28d
214.3	deviations	214	Klf1_214	0.142763088537024	0.0122375096926772	CD	C57BL/6	Saline 3d	AngII 28d
133.3	deviations	133	Dbp_133	0.15212617488373	-0.0492967154634106	CD	C57BL/6	Saline 3d	AngII 28d
409.3	deviations	409	Hoxd12_409	0.174780092497184	-0.0348909650277346	CD	C57BL/6	Saline 3d	AngII 28d
767.3	deviations	767	Tbx20_767	0.174780092497184	0.039750339172663	CD	C57BL/6	Saline 3d	AngII 28d
320.3	deviations	320	Foxc1_320	0.178548101343033	-0.0164646055805209	CD	C57BL/6	Saline 3d	AngII 28d
66.3	deviations	66	Hand1_66	0.178962695993083	-0.0255787997061709	CD	C57BL/6	Saline 3d	AngII 28d
68.3	deviations	68	Hand2_68	0.178962695993083	-0.0255787997061709	CD	C57BL/6	Saline 3d	AngII 28d
180.3	deviations	180	Zfp300_180	0.184941347523895	-0.0467907164870771	CD	C57BL/6	Saline 3d	AngII 28d
288.3	deviations	288	Erf_288	0.184941347523895	0.0273473631574245	CD	C57BL/6	Saline 3d	AngII 28d
636.3	deviations	636	Irf2_636	0.184941347523895	0.0281778188963278	CD	C57BL/6	Saline 3d	AngII 28d
696.3	deviations	696	Nfat5_696	0.184941347523895	-0.0261778953318079	CD	C57BL/6	Saline 3d	AngII 28d
297.3	deviations	297	Gm4881_297	0.188492077775824	0.0147319379115065	CD	C57BL/6	Saline 3d	AngII 28d
100.3	deviations	100	Atf6b_100	0.189649714837669	-0.0354224217428217	CD	C57BL/6	Saline 3d	AngII 28d
111.3	deviations	111	Atf6_111	0.189649714837669	-0.0354224217428217	CD	C57BL/6	Saline 3d	AngII 28d
182.3	deviations	182	Zbtb1_182	0.189649714837669	0.0247091628218903	CD	C57BL/6	Saline 3d	AngII 28d
503.3	deviations	503	Hoxc9_503	0.189649714837669	-0.0309297959832366	CD	C57BL/6	Saline 3d	AngII 28d
594.3	deviations	594	NP_594	0.189649714837669	-0.0309297959832366	CD	C57BL/6	Saline 3d	AngII 28d
758.3	deviations	758	Stat2_758	0.189649714837669	0.0140537821893221	CD	C57BL/6	Saline 3d	AngII 28d
818.3	deviations	818	Glis3_818	0.189649714837669	-0.00993117949835235	CD	C57BL/6	Saline 3d	AngII 28d
347.3	deviations	347	Gm5294_347	0.197014632620938	-0.0209425479939152	CD	C57BL/6	Saline 3d	AngII 28d
373.3	deviations	373	Foxl1_373	0.197014632620938	-0.0209425479939152	CD	C57BL/6	Saline 3d	AngII 28d
279.3	deviations	279	Spdef_279	0.219542589003223	0.0270719296836164	CD	C57BL/6	Saline 3d	AngII 28d
118.3	deviations	118	Creb3l2_118	0.22297477682828	-0.037225281694013	CD	C57BL/6	Saline 3d	AngII 28d
227.3	deviations	227	Zfp238_227	0.250979377164377	0.022438657521589	CD	C57BL/6	Saline 3d	AngII 28d
163.3	deviations	163	Zfp263_163	0.274518956063471	-0.0217339114602589	CD	C57BL/6	Saline 3d	AngII 28d
877.3	deviations	877	Zfp263_877	0.274518956063471	-0.0217339114602589	CD	C57BL/6	Saline 3d	AngII 28d
155.3	deviations	155	Gli3_155	0.278730918809771	-0.0128649680445527	CD	C57BL/6	Saline 3d	AngII 28d
631.3	deviations	631	Irf1_631	0.278730918809771	0.0148388424518536	CD	C57BL/6	Saline 3d	AngII 28d
864.3	deviations	864	Tbx15_864	0.278730918809771	0.0418772730570401	CD	C57BL/6	Saline 3d	AngII 28d
865.3	deviations	865	Tbx22_865	0.278730918809771	0.0418772730570401	CD	C57BL/6	Saline 3d	AngII 28d
866.3	deviations	866	Tbx18_866	0.278730918809771	0.0418772730570401	CD	C57BL/6	Saline 3d	AngII 28d
703.3	deviations	703	Nfatc1_703	0.287290343095717	-0.0279296110050672	CD	C57BL/6	Saline 3d	AngII 28d
754.3	deviations	754	Stat3_754	0.287290343095717	0.0184526371870872	CD	C57BL/6	Saline 3d	AngII 28d
99.3	deviations	99	Hlf_99	0.30112506271673	-0.0658884463044004	CD	C57BL/6	Saline 3d	AngII 28d
687.3	deviations	687	Ar_687	0.301132478045292	0.0284382394987937	CD	C57BL/6	Saline 3d	AngII 28d
5.3	deviations	5	Tcfap2d_5	0.30613581253548	0.00758647656228292	CD	C57BL/6	Saline 3d	AngII 28d
28.3	deviations	28	Ahr_28	0.30613581253548	0.0226080394673328	CD	C57BL/6	Saline 3d	AngII 28d
36.3	deviations	36	Ahrr_36	0.30613581253548	0.0226080394673328	CD	C57BL/6	Saline 3d	AngII 28d
550.3	deviations	550	Hoxc12_550	0.30613581253548	-0.0294124640693892	CD	C57BL/6	Saline 3d	AngII 28d
605.3	deviations	605	NP_605	0.30613581253548	-0.0294124640693892	CD	C57BL/6	Saline 3d	AngII 28d
700.3	deviations	700	Nfatc2_700	0.30613581253548	-0.0225864100133848	CD	C57BL/6	Saline 3d	AngII 28d
751.3	deviations	751	Sox4_751	0.30613581253548	0.0163889340135298	CD	C57BL/6	Saline 3d	AngII 28d
112.3	deviations	112	Atf2_112	0.314536654974524	-0.0301718330894364	CD	C57BL/6	Saline 3d	AngII 28d
169.3	deviations	169	Zfp202_169	0.314536654974524	-0.02031090826933	CD	C57BL/6	Saline 3d	AngII 28d
212.3	deviations	212	Zfp524_212	0.314536654974524	0.0192261525889024	CD	C57BL/6	Saline 3d	AngII 28d
414.3	deviations	414	Pknox1_414	0.314536654974524	0.0170803131538272	CD	C57BL/6	Saline 3d	AngII 28d
715.3	deviations	715	Gmeb1_715	0.314536654974524	-0.0519731808134132	CD	C57BL/6	Saline 3d	AngII 28d
723.3	deviations	723	Smad3_723	0.314536654974524	0.0276860867541952	CD	C57BL/6	Saline 3d	AngII 28d
761.3	deviations	761	Tbx4_761	0.314536654974524	0.0346245063533524	CD	C57BL/6	Saline 3d	AngII 28d
764.3	deviations	764	Tbx5_764	0.314536654974524	0.0346245063533524	CD	C57BL/6	Saline 3d	AngII 28d
861.3	deviations	861	Smad2_861	0.314536654974524	0.0276860867541952	CD	C57BL/6	Saline 3d	AngII 28d
884.3	deviations	884	Smad9_884	0.314536654974524	0.0276860867541952	CD	C57BL/6	Saline 3d	AngII 28d
680.3	deviations	680	Nr2f2_680	0.326627635666036	0.0162299241241289	CD	C57BL/6	Saline 3d	AngII 28d
261.3	deviations	261	E2f1_261	0.343845329046094	0.0122980086321993	CD	C57BL/6	Saline 3d	AngII 28d
38.3	deviations	38	Srebf2_38	0.350640035900584	0.0439940281304838	CD	C57BL/6	Saline 3d	AngII 28d
794.3	deviations	794	Klf6_794	0.350640035900584	0.00807574393128822	CD	C57BL/6	Saline 3d	AngII 28d
804.3	deviations	804	Klf3_804	0.350640035900584	0.00807574393128822	CD	C57BL/6	Saline 3d	AngII 28d
819.3	deviations	819	Klf2_819	0.350640035900584	0.00807574393128822	CD	C57BL/6	Saline 3d	AngII 28d
109.3	deviations	109	Creb1_109	0.357534601503374	-0.0282581766937906	CD	C57BL/6	Saline 3d	AngII 28d
678.3	deviations	678	Rorc_678	0.358193418726346	-0.0180332636086742	CD	C57BL/6	Saline 3d	AngII 28d
788.3	deviations	788	Ddit3_788	0.358193418726346	0.0313468733899532	CD	C57BL/6	Saline 3d	AngII 28d
734.3	deviations	734	Lef1_734	0.360306619679451	0.0259411294773318	CD	C57BL/6	Saline 3d	AngII 28d
404.3	deviations	404	Hoxc11_404	0.364615761546242	-0.029496073952495	CD	C57BL/6	Saline 3d	AngII 28d
604.3	deviations	604	NP_604	0.364615761546242	-0.0281463966222376	CD	C57BL/6	Saline 3d	AngII 28d
820.3	deviations	820	Ctcfl_820	0.369300213222637	0.0100729128865263	CD	C57BL/6	Saline 3d	AngII 28d
132.3	deviations	132	Nfe2_132	0.371372893238258	-0.0239252762766209	CD	C57BL/6	Saline 3d	AngII 28d
237.3	deviations	237	Klf14_237	0.371372893238258	0.00632018102735707	CD	C57BL/6	Saline 3d	AngII 28d
352.3	deviations	352	Gm5294_352	0.371372893238258	0.0192293153889645	CD	C57BL/6	Saline 3d	AngII 28d
378.3	deviations	378	Foxl1_378	0.371372893238258	0.0192293153889645	CD	C57BL/6	Saline 3d	AngII 28d
400.3	deviations	400	Irx2_400	0.371372893238258	-0.0358898635265843	CD	C57BL/6	Saline 3d	AngII 28d
560.3	deviations	560	Hoxb8_560	0.371372893238258	-0.0404522822023698	CD	C57BL/6	Saline 3d	AngII 28d
592.3	deviations	592	NP_592	0.371372893238258	-0.0404522822023698	CD	C57BL/6	Saline 3d	AngII 28d
652.3	deviations	652	Gm98_652	0.371372893238258	0.037480450983931	CD	C57BL/6	Saline 3d	AngII 28d
721.3	deviations	721	IRC900814_721	0.371372893238258	0.0693644293414987	CD	C57BL/6	Saline 3d	AngII 28d
798.3	deviations	798	Klf11_798	0.371372893238258	0.00632018102735707	CD	C57BL/6	Saline 3d	AngII 28d
817.3	deviations	817	Klf13_817	0.371372893238258	0.00632018102735707	CD	C57BL/6	Saline 3d	AngII 28d
874.3	deviations	874	Klf16_874	0.371372893238258	0.00632018102735707	CD	C57BL/6	Saline 3d	AngII 28d
507.3	deviations	507	Hoxa11_507	0.389637119740089	-0.0316096220451854	CD	C57BL/6	Saline 3d	AngII 28d
534.3	deviations	534	Hoxd9_534	0.389637119740089	-0.0308715593056874	CD	C57BL/6	Saline 3d	AngII 28d
396.3	deviations	396	Hoxa4_396	0.389988561140596	-0.0285436582058249	CD	C57BL/6	Saline 3d	AngII 28d
670.3	deviations	670	Ppara_670	0.405213313388255	-0.0218844399339142	CD	C57BL/6	Saline 3d	AngII 28d
846.3	deviations	846	Thrb_846	0.406366863035698	-0.0251892158652939	CD	C57BL/6	Saline 3d	AngII 28d
852.3	deviations	852	Thra_852	0.406366863035698	-0.0251892158652939	CD	C57BL/6	Saline 3d	AngII 28d
547.3	deviations	547	Hoxb13_547	0.406404552513153	-0.0194215523281595	CD	C57BL/6	Saline 3d	AngII 28d
285.3	deviations	285	Elf1_285	0.408722435011587	0.0135973377737524	CD	C57BL/6	Saline 3d	AngII 28d
101.3	deviations	101	Nfe2l2_101	0.4135524351906	-0.0179879155203301	CD	C57BL/6	Saline 3d	AngII 28d
145.3	deviations	145	Klf5_145	0.4135524351906	0.00483488059491037	CD	C57BL/6	Saline 3d	AngII 28d
431.3	deviations	431	Vsx2_431	0.4135524351906	0.0390665492876247	CD	C57BL/6	Saline 3d	AngII 28d
581.3	deviations	581	Hoxc4_581	0.4135524351906	-0.0320316989656065	CD	C57BL/6	Saline 3d	AngII 28d
587.3	deviations	587	NP_587	0.4135524351906	-0.0463430458124908	CD	C57BL/6	Saline 3d	AngII 28d
732.3	deviations	732	Tcf7l2_732	0.4135524351906	0.0208649305420445	CD	C57BL/6	Saline 3d	AngII 28d
840.3	deviations	840	Pou4f2_840	0.4135524351906	-0.0204366889775877	CD	C57BL/6	Saline 3d	AngII 28d
841.3	deviations	841	Pou4f1_841	0.4135524351906	-0.0204366889775877	CD	C57BL/6	Saline 3d	AngII 28d
863.3	deviations	863	Smad1_863	0.4135524351906	0.00682559454219326	CD	C57BL/6	Saline 3d	AngII 28d
883.3	deviations	883	Smad5_883	0.4135524351906	0.00682559454219326	CD	C57BL/6	Saline 3d	AngII 28d
621.3	deviations	621	Pit1_621	0.428685779194182	-0.0227600024074312	CD	C57BL/6	Saline 3d	AngII 28d
32.3	deviations	32	Srebf1_32	0.43987922581079	0.0347925512187114	CD	C57BL/6	Saline 3d	AngII 28d
134.3	deviations	134	Crem_134	0.452082660250536	-0.0258980773066669	CD	C57BL/6	Saline 3d	AngII 28d
408.3	deviations	408	Hoxd13_408	0.452082660250536	-0.0132107758638674	CD	C57BL/6	Saline 3d	AngII 28d
511.3	deviations	511	Hoxb4_511	0.452082660250536	-0.0287928460333558	CD	C57BL/6	Saline 3d	AngII 28d
816.3	deviations	816	Zfp219_816	0.452082660250536	-0.00577621950623807	CD	C57BL/6	Saline 3d	AngII 28d
873.3	deviations	873	E4f1_873	0.454792740437229	-0.0333906367181242	CD	C57BL/6	Saline 3d	AngII 28d
146.3	deviations	146	Ctcf_146	0.459962694603422	0.0128514542079126	CD	C57BL/6	Saline 3d	AngII 28d
768.3	deviations	768	Eomes_768	0.472202918200117	0.0251585501009582	CD	C57BL/6	Saline 3d	AngII 28d
471.3	deviations	471	Lhx5_471	0.484690739806241	-0.0276626364252699	CD	C57BL/6	Saline 3d	AngII 28d
626.3	deviations	626	Hsf1_626	0.494840645724507	0.0182414437340456	CD	C57BL/6	Saline 3d	AngII 28d
147.3	deviations	147	Snai3_147	0.497091820183604	0.0164961559943015	CD	C57BL/6	Saline 3d	AngII 28d
197.3	deviations	197	Snai1_197	0.497091820183604	0.0164961559943015	CD	C57BL/6	Saline 3d	AngII 28d
428.3	deviations	428	Hoxb9_428	0.497091820183604	-0.0259476295135303	CD	C57BL/6	Saline 3d	AngII 28d
483.3	deviations	483	Irx3_483	0.497091820183604	-0.0295831299461245	CD	C57BL/6	Saline 3d	AngII 28d
591.3	deviations	591	NP_591	0.497091820183604	-0.0259476295135303	CD	C57BL/6	Saline 3d	AngII 28d
599.3	deviations	599	NP_599	0.497091820183604	-0.0272194439936072	CD	C57BL/6	Saline 3d	AngII 28d
650.3	deviations	650	Prdm11_650	0.497516931418447	0.029442532410978	CD	C57BL/6	Saline 3d	AngII 28d
314.3	deviations	314	Foxo1_314	0.506193589907145	0.0175895553705891	CD	C57BL/6	Saline 3d	AngII 28d
480.3	deviations	480	Dbx1_480	0.506193589907145	-0.0221361505170787	CD	C57BL/6	Saline 3d	AngII 28d
501.3	deviations	501	Pknox2_501	0.506193589907145	0.0122725323460597	CD	C57BL/6	Saline 3d	AngII 28d
574.3	deviations	574	Tlx2_574	0.510577552108476	-0.0186073480475172	CD	C57BL/6	Saline 3d	AngII 28d
618.3	deviations	618	Pou5f1_618	0.511065194370106	-0.0204079216827484	CD	C57BL/6	Saline 3d	AngII 28d
330.3	deviations	330	Foxd1_330	0.521458901066797	-0.0106625252520865	CD	C57BL/6	Saline 3d	AngII 28d
334.3	deviations	334	Gm5294_334	0.521458901066797	-0.0106625252520865	CD	C57BL/6	Saline 3d	AngII 28d
359.3	deviations	359	Foxl1_359	0.521458901066797	-0.0106625252520865	CD	C57BL/6	Saline 3d	AngII 28d
542.3	deviations	542	Tgif1_542	0.521458901066797	0.0163899328869875	CD	C57BL/6	Saline 3d	AngII 28d
525.3	deviations	525	Meis3_525	0.528644149380975	0.0129349404042743	CD	C57BL/6	Saline 3d	AngII 28d
84.3	deviations	84	Nhlh2_84	0.537702417659249	0.0173652499516736	CD	C57BL/6	Saline 3d	AngII 28d
221.3	deviations	221	Scrt2_221	0.543055451180428	0.0205109146241317	CD	C57BL/6	Saline 3d	AngII 28d
269.3	deviations	269	Spic_269	0.543055451180428	0.0141133806521862	CD	C57BL/6	Saline 3d	AngII 28d
385.3	deviations	385	Gata5_385	0.543055451180428	0.0220473884848049	CD	C57BL/6	Saline 3d	AngII 28d
96.3	deviations	96	Mga_96	0.554642348228647	0.0196563552725362	CD	C57BL/6	Saline 3d	AngII 28d
205.3	deviations	205	Scrt1_205	0.554642348228647	0.0179531395783919	CD	C57BL/6	Saline 3d	AngII 28d
460.3	deviations	460	Hoxd8_460	0.554642348228647	-0.0374331642643411	CD	C57BL/6	Saline 3d	AngII 28d
856.3	deviations	856	Relb_856	0.554642348228647	-0.0160986683769597	CD	C57BL/6	Saline 3d	AngII 28d
189.3	deviations	189	Prdm1_189	0.567287170664085	0.0149718321490576	CD	C57BL/6	Saline 3d	AngII 28d
625.3	deviations	625	Hsf2_625	0.576567333053207	0.0254316532166618	CD	C57BL/6	Saline 3d	AngII 28d
681.3	deviations	681	Nr3c2_681	0.576567333053207	0.0212881102491478	CD	C57BL/6	Saline 3d	AngII 28d
403.3	deviations	403	Hoxc13_403	0.581018604297189	-0.0173457484753812	CD	C57BL/6	Saline 3d	AngII 28d
422.3	deviations	422	Lhx1_422	0.58835184042191	-0.0291344711597338	CD	C57BL/6	Saline 3d	AngII 28d
149.3	deviations	149	Ikzf1_149	0.5897444435152	0.0148491041535653	CD	C57BL/6	Saline 3d	AngII 28d
185.3	deviations	185	Glis1_185	0.5897444435152	-0.0155963746486439	CD	C57BL/6	Saline 3d	AngII 28d
249.3	deviations	249	Kdm2b_249	0.5897444435152	0.0351237158733573	CD	C57BL/6	Saline 3d	AngII 28d
271.3	deviations	271	Spib_271	0.5897444435152	-0.00954394348610889	CD	C57BL/6	Saline 3d	AngII 28d
316.3	deviations	316	Foxc2_316	0.5897444435152	-0.0129052938869324	CD	C57BL/6	Saline 3d	AngII 28d
329.3	deviations	329	Foxs1_329	0.5897444435152	-0.0129052938869324	CD	C57BL/6	Saline 3d	AngII 28d
589.3	deviations	589	NP_589	0.5897444435152	-0.0234512820440749	CD	C57BL/6	Saline 3d	AngII 28d
675.3	deviations	675	Nr5a2_675	0.5897444435152	-0.0105152946837119	CD	C57BL/6	Saline 3d	AngII 28d
796.3	deviations	796	Ikzf4_796	0.5897444435152	0.0148491041535653	CD	C57BL/6	Saline 3d	AngII 28d
848.3	deviations	848	Nr5a1_848	0.5897444435152	-0.0105152946837119	CD	C57BL/6	Saline 3d	AngII 28d
514.3	deviations	514	Hoxb7_514	0.59434364305331	-0.0283135148994991	CD	C57BL/6	Saline 3d	AngII 28d
128.3	deviations	128	X9430076C15Rik_128	0.596683649258794	-0.0263880896490559	CD	C57BL/6	Saline 3d	AngII 28d
218.3	deviations	218	Zfp105_218	0.596683649258794	-0.0120306251865933	CD	C57BL/6	Saline 3d	AngII 28d
223.3	deviations	223	Zfp128_223	0.596683649258794	-0.0442632322533862	CD	C57BL/6	Saline 3d	AngII 28d
459.3	deviations	459	Lhx3_459	0.596683649258794	-0.0235886743909597	CD	C57BL/6	Saline 3d	AngII 28d
860.3	deviations	860	Smad4_860	0.596683649258794	0.00702421447481067	CD	C57BL/6	Saline 3d	AngII 28d
15.3	deviations	15	Phf21a_15	0.60211340314017	-0.0156104155640873	CD	C57BL/6	Saline 3d	AngII 28d
24.3	deviations	24	Myod1_24	0.60211340314017	0.0140950711705146	CD	C57BL/6	Saline 3d	AngII 28d
86.3	deviations	86	Nhlh1_86	0.60211340314017	0.0153004007749269	CD	C57BL/6	Saline 3d	AngII 28d
453.3	deviations	453	Msx3_453	0.60211340314017	-0.0313747941219931	CD	C57BL/6	Saline 3d	AngII 28d
566.3	deviations	566	Tgif2_566	0.60211340314017	0.0130652532857116	CD	C57BL/6	Saline 3d	AngII 28d
234.3	deviations	234	Egr4_234	0.606836492181323	0.00930559889705656	CD	C57BL/6	Saline 3d	AngII 28d
29.3	deviations	29	Hey2_29	0.609670573900752	-0.0221569391963951	CD	C57BL/6	Saline 3d	AngII 28d
60.3	deviations	60	Heyl_60	0.609670573900752	-0.0221569391963951	CD	C57BL/6	Saline 3d	AngII 28d
73.3	deviations	73	Hey1_73	0.609670573900752	-0.0221569391963951	CD	C57BL/6	Saline 3d	AngII 28d
692.3	deviations	692	Trp53_692	0.610633812224481	-0.025448430476978	CD	C57BL/6	Saline 3d	AngII 28d
217.3	deviations	217	Zkscan5_217	0.619259274264097	0.0135139473522847	CD	C57BL/6	Saline 3d	AngII 28d
16.3	deviations	16	Zfp957_16	0.622664705877657	-0.0290085695997167	CD	C57BL/6	Saline 3d	AngII 28d
135.3	deviations	135	Jund_135	0.622664705877657	0.0241924259839959	CD	C57BL/6	Saline 3d	AngII 28d
152.3	deviations	152	Plagl1_152	0.622664705877657	-0.0134507100706932	CD	C57BL/6	Saline 3d	AngII 28d
202.3	deviations	202	Zfp354c_202	0.622664705877657	0.0111178681585246	CD	C57BL/6	Saline 3d	AngII 28d
262.3	deviations	262	E2f5_262	0.622664705877657	0.028599380931183	CD	C57BL/6	Saline 3d	AngII 28d
293.3	deviations	293	Gm4881_293	0.622664705877657	0.0108340930046818	CD	C57BL/6	Saline 3d	AngII 28d
309.3	deviations	309	Foxq1_309	0.622664705877657	0.0166818406019409	CD	C57BL/6	Saline 3d	AngII 28d
345.3	deviations	345	Gm5294_345	0.622664705877657	0.024346717886872	CD	C57BL/6	Saline 3d	AngII 28d
371.3	deviations	371	Foxl1_371	0.622664705877657	0.024346717886872	CD	C57BL/6	Saline 3d	AngII 28d
838.3	deviations	838	Nkx62_838	0.626597372598227	-0.0123831054400073	CD	C57BL/6	Saline 3d	AngII 28d
551.3	deviations	551	Hoxd10_551	0.632477391973646	-0.0162965327016468	CD	C57BL/6	Saline 3d	AngII 28d
157.3	deviations	157	Hivep1_157	0.64406940014136	-0.0189481588724068	CD	C57BL/6	Saline 3d	AngII 28d
241.3	deviations	241	Myt1l_241	0.64406940014136	0.0132909639490125	CD	C57BL/6	Saline 3d	AngII 28d
509.3	deviations	509	Hoxa7_509	0.64406940014136	-0.0246580688937435	CD	C57BL/6	Saline 3d	AngII 28d
617.3	deviations	617	Pou6f2_617	0.64406940014136	0.016756827178774	CD	C57BL/6	Saline 3d	AngII 28d
713.3	deviations	713	Runx2_713	0.64406940014136	0.0118980641971116	CD	C57BL/6	Saline 3d	AngII 28d
797.3	deviations	797	Hivep2_797	0.64406940014136	-0.0189481588724068	CD	C57BL/6	Saline 3d	AngII 28d
803.3	deviations	803	Hivep3_803	0.64406940014136	-0.0189481588724068	CD	C57BL/6	Saline 3d	AngII 28d
749.3	deviations	749	Sox13_749	0.644234067600921	0.0230780941858311	CD	C57BL/6	Saline 3d	AngII 28d
782.3	deviations	782	Tal1_782	0.645072883867056	0.0144007571749193	CD	C57BL/6	Saline 3d	AngII 28d
783.3	deviations	783	Lyl1_783	0.645072883867056	0.0144007571749193	CD	C57BL/6	Saline 3d	AngII 28d
717.3	deviations	717	Sp140_717	0.656165939459496	0.0533504505157184	CD	C57BL/6	Saline 3d	AngII 28d
720.3	deviations	720	IRC900814_720	0.656165939459496	0.0533504505157184	CD	C57BL/6	Saline 3d	AngII 28d
673.3	deviations	673	Nr3c1_673	0.659302725003715	0.0106071793295532	CD	C57BL/6	Saline 3d	AngII 28d
206.3	deviations	206	Osr1_206	0.66238479847857	0.0170757871333018	CD	C57BL/6	Saline 3d	AngII 28d
427.3	deviations	427	Dlx4_427	0.66238479847857	-0.0162150470340165	CD	C57BL/6	Saline 3d	AngII 28d
727.3	deviations	727	Hbp1_727	0.66238479847857	0.0201917303505564	CD	C57BL/6	Saline 3d	AngII 28d
52.3	deviations	52	Clock_52	0.666049622474746	-0.0218544761776538	CD	C57BL/6	Saline 3d	AngII 28d
90.3	deviations	90	Ebf1_90	0.66872756787404	-0.0163688723165842	CD	C57BL/6	Saline 3d	AngII 28d
533.3	deviations	533	Hoxa6_533	0.66872756787404	-0.0293048755226238	CD	C57BL/6	Saline 3d	AngII 28d
835.3	deviations	835	Gcm2_835	0.66872756787404	0.0282756018192691	CD	C57BL/6	Saline 3d	AngII 28d
138.3	deviations	138	Nfil3_138	0.669363748785164	-0.0203654760485964	CD	C57BL/6	Saline 3d	AngII 28d
186.3	deviations	186	Prdm4_186	0.669363748785164	0.0142608981476571	CD	C57BL/6	Saline 3d	AngII 28d
486.3	deviations	486	Pbx4_486	0.669363748785164	0.0131899260220625	CD	C57BL/6	Saline 3d	AngII 28d
496.3	deviations	496	Pbx2_496	0.669363748785164	0.0131899260220625	CD	C57BL/6	Saline 3d	AngII 28d
512.3	deviations	512	Hoxb5_512	0.669363748785164	-0.0274068822682827	CD	C57BL/6	Saline 3d	AngII 28d
557.3	deviations	557	Nkx24_557	0.669363748785164	-0.0117244120352969	CD	C57BL/6	Saline 3d	AngII 28d
103.3	deviations	103	Xbp1_103	0.673390984531885	-0.0267470241785552	CD	C57BL/6	Saline 3d	AngII 28d
160.3	deviations	160	Zfp187_160	0.673390984531885	0.0544566890225612	CD	C57BL/6	Saline 3d	AngII 28d
750.3	deviations	750	Sox2_750	0.673698324172299	0.0127646149604809	CD	C57BL/6	Saline 3d	AngII 28d
353.3	deviations	353	Gm5294_353	0.675804297331559	0.0158544980860502	CD	C57BL/6	Saline 3d	AngII 28d
379.3	deviations	379	Foxl1_379	0.675804297331559	0.0158544980860502	CD	C57BL/6	Saline 3d	AngII 28d
389.3	deviations	389	Tcfcp2_389	0.680061179796422	-0.0729170878682615	CD	C57BL/6	Saline 3d	AngII 28d
405.3	deviations	405	Hoxc8_405	0.697594702624413	-0.023504567001385	CD	C57BL/6	Saline 3d	AngII 28d
726.3	deviations	726	Tcf7_726	0.697594702624413	0.0168753390671747	CD	C57BL/6	Saline 3d	AngII 28d
779.3	deviations	779	Mlxipl_779	0.702439184704836	0.0145033827995716	CD	C57BL/6	Saline 3d	AngII 28d
651.3	deviations	651	Gm239_651	0.70327826135888	0.0388139878687922	CD	C57BL/6	Saline 3d	AngII 28d
43.3	deviations	43	Msc_43	0.707141783651622	-0.0178369690584381	CD	C57BL/6	Saline 3d	AngII 28d
12.3	deviations	12	Setbp1_12	0.712223056220733	0.0636462854198763	CD	C57BL/6	Saline 3d	AngII 28d
306.3	deviations	306	Foxa1_306	0.712223056220733	-0.0102817781178519	CD	C57BL/6	Saline 3d	AngII 28d
615.3	deviations	615	Pou1f1_615	0.712223056220733	-0.0136199670791059	CD	C57BL/6	Saline 3d	AngII 28d
639.3	deviations	639	Srf_639	0.712223056220733	-0.0356667505509581	CD	C57BL/6	Saline 3d	AngII 28d
641.3	deviations	641	Mbd2_641	0.712223056220733	0.00498345079179415	CD	C57BL/6	Saline 3d	AngII 28d
762.3	deviations	762	Tbx21_762	0.712223056220733	-0.026164853238105	CD	C57BL/6	Saline 3d	AngII 28d
778.3	deviations	778	Myf5_778	0.712223056220733	-0.00689742419137831	CD	C57BL/6	Saline 3d	AngII 28d
506.3	deviations	506	Hoxa13_506	0.712614385804207	-0.0141472308548398	CD	C57BL/6	Saline 3d	AngII 28d
635.3	deviations	635	Irf5_635	0.713011969812018	0.0136641862438912	CD	C57BL/6	Saline 3d	AngII 28d
2.3	deviations	2	Tcfap2b_2	0.717941845561964	0.00744681591597969	CD	C57BL/6	Saline 3d	AngII 28d
244.3	deviations	244	Cux2_244	0.727456887067556	0.0399652092686108	CD	C57BL/6	Saline 3d	AngII 28d
53.3	deviations	53	Tcfec_53	0.734293133463935	0.0137099366800685	CD	C57BL/6	Saline 3d	AngII 28d
264.3	deviations	264	E2f6_264	0.734293133463935	0.00526182640467799	CD	C57BL/6	Saline 3d	AngII 28d
426.3	deviations	426	Hnf1b_426	0.734293133463935	0.0234884795185384	CD	C57BL/6	Saline 3d	AngII 28d
350.3	deviations	350	Gm5294_350	0.735143389516652	-0.0175234252445291	CD	C57BL/6	Saline 3d	AngII 28d
376.3	deviations	376	Foxl1_376	0.735143389516652	-0.0175234252445291	CD	C57BL/6	Saline 3d	AngII 28d
161.3	deviations	161	Osr2_161	0.739074729480476	0.0131479064269459	CD	C57BL/6	Saline 3d	AngII 28d
676.3	deviations	676	Esrrg_676	0.739074729480476	-0.00719259555583708	CD	C57BL/6	Saline 3d	AngII 28d
82.3	deviations	82	Ferd3l_82	0.751756705516775	0.00594558110904289	CD	C57BL/6	Saline 3d	AngII 28d
184.3	deviations	184	Klf9_184	0.751756705516775	0.0382942423349271	CD	C57BL/6	Saline 3d	AngII 28d
339.3	deviations	339	Gm5294_339	0.751890983820459	0.011709914229506	CD	C57BL/6	Saline 3d	AngII 28d
363.3	deviations	363	Foxl1_363	0.751890983820459	0.011709914229506	CD	C57BL/6	Saline 3d	AngII 28d
425.3	deviations	425	Meis1_425	0.751890983820459	0.0101401816118971	CD	C57BL/6	Saline 3d	AngII 28d
544.3	deviations	544	Duxbl_544	0.751890983820459	0.0193297021168103	CD	C57BL/6	Saline 3d	AngII 28d
561.3	deviations	561	Pou3f4_561	0.751890983820459	-0.0142987934165975	CD	C57BL/6	Saline 3d	AngII 28d
575.3	deviations	575	Gm10391_575	0.751890983820459	0.0193297021168103	CD	C57BL/6	Saline 3d	AngII 28d
576.3	deviations	576	Gm10394_576	0.751890983820459	0.0193297021168103	CD	C57BL/6	Saline 3d	AngII 28d
611.3	deviations	611	Dobox4_611	0.751890983820459	0.0127555981616642	CD	C57BL/6	Saline 3d	AngII 28d
735.3	deviations	735	Sox10_735	0.751890983820459	0.0248196466893279	CD	C57BL/6	Saline 3d	AngII 28d
869.3	deviations	869	Hif3a_869	0.751890983820459	-0.00500601699994883	CD	C57BL/6	Saline 3d	AngII 28d
789.3	deviations	789	Batf3_789	0.754948761284671	0.0197008215785498	CD	C57BL/6	Saline 3d	AngII 28d
790.3	deviations	790	Batf_790	0.754948761284671	0.0197008215785498	CD	C57BL/6	Saline 3d	AngII 28d
17.3	deviations	17	Tcfe3_17	0.763145333018404	0.013581662678571	CD	C57BL/6	Saline 3d	AngII 28d
215.3	deviations	215	Zscan4c_215	0.763684174238039	-0.0130293160452459	CD	C57BL/6	Saline 3d	AngII 28d
232.3	deviations	232	Zscan4ps2_232	0.763684174238039	-0.0130293160452459	CD	C57BL/6	Saline 3d	AngII 28d
233.3	deviations	233	Zscan4f_233	0.763684174238039	-0.0130293160452459	CD	C57BL/6	Saline 3d	AngII 28d
62.3	deviations	62	Mitf_62	0.764728759207974	0.0113138624106164	CD	C57BL/6	Saline 3d	AngII 28d
714.3	deviations	714	Sp100_714	0.77194475555671	-0.0378471441134948	CD	C57BL/6	Saline 3d	AngII 28d
37.3	deviations	37	Myc_37	0.7730262705006	-0.0151630021058434	CD	C57BL/6	Saline 3d	AngII 28d
753.3	deviations	753	Stat6_753	0.7730262705006	0.00664145873666152	CD	C57BL/6	Saline 3d	AngII 28d
42.3	deviations	42	Bhlhe22_42	0.774641734945675	-0.0279801960950819	CD	C57BL/6	Saline 3d	AngII 28d
168.3	deviations	168	Zfp711_168	0.774641734945675	-0.00205257910323273	CD	C57BL/6	Saline 3d	AngII 28d
250.3	deviations	250	Dmrtc2_250	0.776275629560208	-0.00882449933022737	CD	C57BL/6	Saline 3d	AngII 28d
387.3	deviations	387	Gata1_387	0.776275629560208	-0.0191042384081355	CD	C57BL/6	Saline 3d	AngII 28d
448.3	deviations	448	Cdx1_448	0.78617872641137	-0.0145632197086597	CD	C57BL/6	Saline 3d	AngII 28d
481.3	deviations	481	Cdx4_481	0.78617872641137	-0.0145632197086597	CD	C57BL/6	Saline 3d	AngII 28d
113.3	deviations	113	Fosl2_113	0.789914487132713	-0.0146538546844114	CD	C57BL/6	Saline 3d	AngII 28d
607.3	deviations	607	NP_607	0.789914487132713	0.00888355814620683	CD	C57BL/6	Saline 3d	AngII 28d
39.3	deviations	39	Hes1_39	0.794644496327719	0.0148289853091951	CD	C57BL/6	Saline 3d	AngII 28d
718.3	deviations	718	Sp110_718	0.798932126721909	0.00753159356155083	CD	C57BL/6	Saline 3d	AngII 28d
719.3	deviations	719	AC1689771_719	0.798932126721909	0.00753159356155083	CD	C57BL/6	Saline 3d	AngII 28d
10.3	deviations	10	Arid3c_10	0.799200654887181	-0.010923826338264	CD	C57BL/6	Saline 3d	AngII 28d
23.3	deviations	23	Ascl2_23	0.799200654887181	0.00974040007480504	CD	C57BL/6	Saline 3d	AngII 28d
69.3	deviations	69	Neurod2_69	0.799200654887181	-0.0293750913166695	CD	C57BL/6	Saline 3d	AngII 28d
432.3	deviations	432	Barx1_432	0.799200654887181	-0.0251593354067312	CD	C57BL/6	Saline 3d	AngII 28d
490.3	deviations	490	Vsx1_490	0.799200654887181	-0.0208513121488505	CD	C57BL/6	Saline 3d	AngII 28d
517.3	deviations	517	En2_517	0.799200654887181	0.0222013719779619	CD	C57BL/6	Saline 3d	AngII 28d
530.3	deviations	530	Hoxd1_530	0.799200654887181	0.0222013719779619	CD	C57BL/6	Saline 3d	AngII 28d
548.3	deviations	548	Nkx32_548	0.799200654887181	-0.0270040073607705	CD	C57BL/6	Saline 3d	AngII 28d
584.3	deviations	584	Hoxa3_584	0.799200654887181	-0.0144202046343406	CD	C57BL/6	Saline 3d	AngII 28d
710.3	deviations	710	Rfx3_710	0.799200654887181	-0.00947667471928525	CD	C57BL/6	Saline 3d	AngII 28d
725.3	deviations	725	Sox9_725	0.799200654887181	0.0139233392230932	CD	C57BL/6	Saline 3d	AngII 28d
780.3	deviations	780	Ascl1_780	0.799200654887181	0.00974040007480504	CD	C57BL/6	Saline 3d	AngII 28d
806.3	deviations	806	Klf15_806	0.799200654887181	-0.0028265399733461	CD	C57BL/6	Saline 3d	AngII 28d
165.3	deviations	165	Zfp523_165	0.800876728369594	0.005320375677477	CD	C57BL/6	Saline 3d	AngII 28d
105.3	deviations	105	Tef_105	0.802042577780525	-0.0262758359920005	CD	C57BL/6	Saline 3d	AngII 28d
114.3	deviations	114	Jdp2_114	0.803212119482255	-0.0139240070453597	CD	C57BL/6	Saline 3d	AngII 28d
722.3	deviations	722	Nfix_722	0.804899413070967	-0.00719007833112024	CD	C57BL/6	Saline 3d	AngII 28d
110.3	deviations	110	Atf3_110	0.805688855399887	-0.0204405820666149	CD	C57BL/6	Saline 3d	AngII 28d
162.3	deviations	162	Bcl6_162	0.805688855399887	0.0130516421784076	CD	C57BL/6	Saline 3d	AngII 28d
179.3	deviations	179	Mzf1_179	0.805688855399887	0.0162963400143191	CD	C57BL/6	Saline 3d	AngII 28d
588.3	deviations	588	NP_588	0.805688855399887	-0.0272028881224566	CD	C57BL/6	Saline 3d	AngII 28d
733.3	deviations	733	Sox17_733	0.805688855399887	-0.0161276383176241	CD	C57BL/6	Saline 3d	AngII 28d
13.3	deviations	13	Ahctf1_13	0.809959037314887	-0.0039342058269109	CD	C57BL/6	Saline 3d	AngII 28d
56.3	deviations	56	Bhlhe41_56	0.809976214905793	0.0133586094529364	CD	C57BL/6	Saline 3d	AngII 28d
79.3	deviations	79	Tcf21_79	0.809976214905793	-0.0113345925822499	CD	C57BL/6	Saline 3d	AngII 28d
436.3	deviations	436	Otp_436	0.809976214905793	-0.0059852337653593	CD	C57BL/6	Saline 3d	AngII 28d
577.3	deviations	577	Cphx_577	0.813419869823398	0.00846187109588941	CD	C57BL/6	Saline 3d	AngII 28d
612.3	deviations	612	Pax2_612	0.813419869823398	0.0128173403431613	CD	C57BL/6	Saline 3d	AngII 28d
248.3	deviations	248	Mbd1_248	0.815146949537701	0.0162866263300846	CD	C57BL/6	Saline 3d	AngII 28d
242.3	deviations	242	Nfya_242	0.820470167687995	0.00995669654580153	CD	C57BL/6	Saline 3d	AngII 28d
87.3	deviations	87	Bhlha15_87	0.821479854065604	-0.0174300520568069	CD	C57BL/6	Saline 3d	AngII 28d
190.3	deviations	190	Egr1_190	0.821479854065604	0.00528594073286908	CD	C57BL/6	Saline 3d	AngII 28d
498.3	deviations	498	Lbx2_498	0.821479854065604	0.0203276313482992	CD	C57BL/6	Saline 3d	AngII 28d
657.3	deviations	657	Nr2f6_657	0.821479854065604	0.0110631100913177	CD	C57BL/6	Saline 3d	AngII 28d
716.3	deviations	716	Gmeb2_716	0.821479854065604	-0.0250464022639064	CD	C57BL/6	Saline 3d	AngII 28d
230.3	deviations	230	Insm1_230	0.831963163997851	-0.00881937005311342	CD	C57BL/6	Saline 3d	AngII 28d
95.3	deviations	95	Usf2_95	0.839404151814968	0.00616992880835788	CD	C57BL/6	Saline 3d	AngII 28d
11.3	deviations	11	Arid2_11	0.844302603979854	-0.0167639927933385	CD	C57BL/6	Saline 3d	AngII 28d
19.3	deviations	19	Npas1_19	0.844302603979854	-0.00841555683683674	CD	C57BL/6	Saline 3d	AngII 28d
21.3	deviations	21	Twist2_21	0.844302603979854	0.00272919201235613	CD	C57BL/6	Saline 3d	AngII 28d
22.3	deviations	22	Id3_22	0.844302603979854	-0.00150942491784896	CD	C57BL/6	Saline 3d	AngII 28d
30.3	deviations	30	Sim1_30	0.844302603979854	-0.00841555683683674	CD	C57BL/6	Saline 3d	AngII 28d
34.3	deviations	34	Npas3_34	0.844302603979854	-0.00841555683683674	CD	C57BL/6	Saline 3d	AngII 28d
35.3	deviations	35	Id4_35	0.844302603979854	-0.00150942491784896	CD	C57BL/6	Saline 3d	AngII 28d
41.3	deviations	41	Tcfeb_41	0.844302603979854	0.00676289171661866	CD	C57BL/6	Saline 3d	AngII 28d
50.3	deviations	50	Mycl1_50	0.844302603979854	-0.00936875382955375	CD	C57BL/6	Saline 3d	AngII 28d
64.3	deviations	64	Atoh7_64	0.844302603979854	-0.0249232155373472	CD	C57BL/6	Saline 3d	AngII 28d
65.3	deviations	65	Mycn_65	0.844302603979854	-0.00936875382955375	CD	C57BL/6	Saline 3d	AngII 28d
70.3	deviations	70	Mlxip_70	0.844302603979854	-0.0100142632232371	CD	C57BL/6	Saline 3d	AngII 28d
76.3	deviations	76	Mycs_76	0.844302603979854	-0.00936875382955375	CD	C57BL/6	Saline 3d	AngII 28d
91.3	deviations	91	Max_91	0.844302603979854	-0.0144598725477197	CD	C57BL/6	Saline 3d	AngII 28d
92.3	deviations	92	Sim2_92	0.844302603979854	-0.00841555683683674	CD	C57BL/6	Saline 3d	AngII 28d
122.3	deviations	122	Crebzf_122	0.844302603979854	-0.0258792886241602	CD	C57BL/6	Saline 3d	AngII 28d
127.3	deviations	127	Junb_127	0.844302603979854	0.0210977248118351	CD	C57BL/6	Saline 3d	AngII 28d
144.3	deviations	144	Plag1_144	0.844302603979854	-0.00104117563999139	CD	C57BL/6	Saline 3d	AngII 28d
159.3	deviations	159	Fezf2_159	0.844302603979854	-0.00449576338873974	CD	C57BL/6	Saline 3d	AngII 28d
177.3	deviations	177	Fezf1_177	0.844302603979854	-0.00449576338873974	CD	C57BL/6	Saline 3d	AngII 28d
198.3	deviations	198	Hic1_198	0.844302603979854	-0.0111030891644755	CD	C57BL/6	Saline 3d	AngII 28d
201.3	deviations	201	Dnajc21_201	0.844302603979854	-0.00743053978876166	CD	C57BL/6	Saline 3d	AngII 28d
203.3	deviations	203	Zfp691_203	0.844302603979854	-0.00953567643739742	CD	C57BL/6	Saline 3d	AngII 28d
211.3	deviations	211	Hic2_211	0.844302603979854	-0.00793977887405794	CD	C57BL/6	Saline 3d	AngII 28d
226.3	deviations	226	Zscan20_226	0.844302603979854	0.0103897002277464	CD	C57BL/6	Saline 3d	AngII 28d
240.3	deviations	240	Zfx_240	0.844302603979854	0.0140817876473552	CD	C57BL/6	Saline 3d	AngII 28d
246.3	deviations	246	Lin54_246	0.844302603979854	0.0114065489900657	CD	C57BL/6	Saline 3d	AngII 28d
255.3	deviations	255	Tfdp2_255	0.844302603979854	-0.00964798745544175	CD	C57BL/6	Saline 3d	AngII 28d
256.3	deviations	256	Tfdp1_256	0.844302603979854	-0.00964798745544175	CD	C57BL/6	Saline 3d	AngII 28d
307.3	deviations	307	Foxa2_307	0.844302603979854	0.00581746639417646	CD	C57BL/6	Saline 3d	AngII 28d
317.3	deviations	317	Foxi1_317	0.844302603979854	-0.0054945149971489	CD	C57BL/6	Saline 3d	AngII 28d
318.3	deviations	318	Foxi2_318	0.844302603979854	-0.0054945149971489	CD	C57BL/6	Saline 3d	AngII 28d
323.3	deviations	323	Foxi3_323	0.844302603979854	-0.0054945149971489	CD	C57BL/6	Saline 3d	AngII 28d
332.3	deviations	332	Gm5294_332	0.844302603979854	-0.00609681935778546	CD	C57BL/6	Saline 3d	AngII 28d
340.3	deviations	340	Gm5294_340	0.844302603979854	-0.0054945149971489	CD	C57BL/6	Saline 3d	AngII 28d
342.3	deviations	342	Gm5294_342	0.844302603979854	0.0119226007409885	CD	C57BL/6	Saline 3d	AngII 28d
346.3	deviations	346	Gm5294_346	0.844302603979854	-0.0124039302052245	CD	C57BL/6	Saline 3d	AngII 28d
355.3	deviations	355	Foxl1_355	0.844302603979854	-0.00609681935778546	CD	C57BL/6	Saline 3d	AngII 28d
362.3	deviations	362	Foxl1_362	0.844302603979854	-0.0054945149971489	CD	C57BL/6	Saline 3d	AngII 28d
372.3	deviations	372	Foxl1_372	0.844302603979854	-0.0124039302052245	CD	C57BL/6	Saline 3d	AngII 28d
388.3	deviations	388	Gcm1_388	0.844302603979854	0.0201411259844013	CD	C57BL/6	Saline 3d	AngII 28d
392.3	deviations	392	Dux_392	0.844302603979854	0.00205033800922511	CD	C57BL/6	Saline 3d	AngII 28d
395.3	deviations	395	Hoxa10_395	0.844302603979854	-0.0097443294026451	CD	C57BL/6	Saline 3d	AngII 28d
410.3	deviations	410	Evx1_410	0.844302603979854	-0.011270480360213	CD	C57BL/6	Saline 3d	AngII 28d
412.3	deviations	412	Rhox6_412	0.844302603979854	0.0177478544661161	CD	C57BL/6	Saline 3d	AngII 28d
417.3	deviations	417	Nanog_417	0.844302603979854	-0.0298811895931695	CD	C57BL/6	Saline 3d	AngII 28d
419.3	deviations	419	Alx3_419	0.844302603979854	0.0127217312277838	CD	C57BL/6	Saline 3d	AngII 28d
420.3	deviations	420	Hoxa2_420	0.844302603979854	-0.00731000773885245	CD	C57BL/6	Saline 3d	AngII 28d
423.3	deviations	423	Hoxb1_423	0.844302603979854	0.0137009096150822	CD	C57BL/6	Saline 3d	AngII 28d
429.3	deviations	429	Gsc_429	0.844302603979854	0.0100161158726146	CD	C57BL/6	Saline 3d	AngII 28d
434.3	deviations	434	Pitx1_434	0.844302603979854	0.00574120312745107	CD	C57BL/6	Saline 3d	AngII 28d
442.3	deviations	442	Gsc2_442	0.844302603979854	0.0156262104063898	CD	C57BL/6	Saline 3d	AngII 28d
443.3	deviations	443	Dlx2_443	0.844302603979854	-0.0153026290957153	CD	C57BL/6	Saline 3d	AngII 28d
446.3	deviations	446	Pou4f3_446	0.844302603979854	-0.0176657735447916	CD	C57BL/6	Saline 3d	AngII 28d
450.3	deviations	450	Tlx1_450	0.844302603979854	0.0166694162415433	CD	C57BL/6	Saline 3d	AngII 28d
454.3	deviations	454	Lhx4_454	0.844302603979854	0.0127217312277838	CD	C57BL/6	Saline 3d	AngII 28d
474.3	deviations	474	Cux1_474	0.844302603979854	-0.00918662463723633	CD	C57BL/6	Saline 3d	AngII 28d
475.3	deviations	475	Pax4_475	0.844302603979854	0.0263929411937694	CD	C57BL/6	Saline 3d	AngII 28d
489.3	deviations	489	Isl2_489	0.844302603979854	-0.023996172339084	CD	C57BL/6	Saline 3d	AngII 28d
495.3	deviations	495	Hdx_495	0.844302603979854	0.0104717299026056	CD	C57BL/6	Saline 3d	AngII 28d
497.3	deviations	497	Vax2_497	0.844302603979854	-0.0213585841286229	CD	C57BL/6	Saline 3d	AngII 28d
504.3	deviations	504	Meox2_504	0.844302603979854	0.00913178953600764	CD	C57BL/6	Saline 3d	AngII 28d
508.3	deviations	508	Hoxa9_508	0.844302603979854	0.0164996952295482	CD	C57BL/6	Saline 3d	AngII 28d
513.3	deviations	513	Pbx3_513	0.844302603979854	0.00625193877044491	CD	C57BL/6	Saline 3d	AngII 28d
522.3	deviations	522	Tlx3_522	0.844302603979854	0.0166694162415433	CD	C57BL/6	Saline 3d	AngII 28d
528.3	deviations	528	Dlx1_528	0.844302603979854	-0.0169934544233495	CD	C57BL/6	Saline 3d	AngII 28d
529.3	deviations	529	Isl1_529	0.844302603979854	-0.023996172339084	CD	C57BL/6	Saline 3d	AngII 28d
553.3	deviations	553	Six1_553	0.844302603979854	0.0195666009413332	CD	C57BL/6	Saline 3d	AngII 28d
563.3	deviations	563	En1_563	0.844302603979854	0.0127217312277838	CD	C57BL/6	Saline 3d	AngII 28d
568.3	deviations	568	Rhox8_568	0.844302603979854	-0.0120747726571419	CD	C57BL/6	Saline 3d	AngII 28d
572.3	deviations	572	Rhox9_572	0.844302603979854	0.0177478544661161	CD	C57BL/6	Saline 3d	AngII 28d
578.3	deviations	578	Obox5_578	0.844302603979854	0.0103989101684014	CD	C57BL/6	Saline 3d	AngII 28d
579.3	deviations	579	AC1890281_579	0.844302603979854	0.0103989101684014	CD	C57BL/6	Saline 3d	AngII 28d
597.3	deviations	597	NP_597	0.844302603979854	0.0221992614931016	CD	C57BL/6	Saline 3d	AngII 28d
600.3	deviations	600	NP_600	0.844302603979854	0.0102580327867609	CD	C57BL/6	Saline 3d	AngII 28d
602.3	deviations	602	NP_602	0.844302603979854	-0.00882763626231773	CD	C57BL/6	Saline 3d	AngII 28d
603.3	deviations	603	NP_603	0.844302603979854	0.0239713236332416	CD	C57BL/6	Saline 3d	AngII 28d
608.3	deviations	608	NP_608	0.844302603979854	0.0103989101684014	CD	C57BL/6	Saline 3d	AngII 28d
609.3	deviations	609	Q8VHG7_609	0.844302603979854	0.0103989101684014	CD	C57BL/6	Saline 3d	AngII 28d
622.3	deviations	622	Pit1_622	0.844302603979854	-0.00372463133805793	CD	C57BL/6	Saline 3d	AngII 28d
624.3	deviations	624	Pit1_624	0.844302603979854	0.0130636467432633	CD	C57BL/6	Saline 3d	AngII 28d
632.3	deviations	632	Irf4_632	0.844302603979854	0.0201277240405298	CD	C57BL/6	Saline 3d	AngII 28d
645.3	deviations	645	Cdc5l_645	0.844302603979854	0.0114412773249488	CD	C57BL/6	Saline 3d	AngII 28d
648.3	deviations	648	Terf2_648	0.844302603979854	-0.0128956738349366	CD	C57BL/6	Saline 3d	AngII 28d
649.3	deviations	649	Mypop_649	0.844302603979854	0.0204338480744632	CD	C57BL/6	Saline 3d	AngII 28d
664.3	deviations	664	Hnf4g_664	0.844302603979854	0.0169432318286023	CD	C57BL/6	Saline 3d	AngII 28d
668.3	deviations	668	Esr2_668	0.844302603979854	-0.00472128036117832	CD	C57BL/6	Saline 3d	AngII 28d
674.3	deviations	674	Esrra_674	0.844302603979854	-0.00597483101992506	CD	C57BL/6	Saline 3d	AngII 28d
724.3	deviations	724	Nfic_724	0.844302603979854	0.00356048385970067	CD	C57BL/6	Saline 3d	AngII 28d
729.3	deviations	729	Hmg20b_729	0.844302603979854	-0.0114085884563273	CD	C57BL/6	Saline 3d	AngII 28d
736.3	deviations	736	Sox30_736	0.844302603979854	-0.00310099992046418	CD	C57BL/6	Saline 3d	AngII 28d
738.3	deviations	738	Sox5_738	0.844302603979854	0.0163904102168871	CD	C57BL/6	Saline 3d	AngII 28d
755.3	deviations	755	Stat5a_755	0.844302603979854	0.009363483295569	CD	C57BL/6	Saline 3d	AngII 28d
756.3	deviations	756	Stat5b_756	0.844302603979854	0.0149735469055987	CD	C57BL/6	Saline 3d	AngII 28d
766.3	deviations	766	Tbx19_766	0.844302603979854	0.0164935567085442	CD	C57BL/6	Saline 3d	AngII 28d
781.3	deviations	781	Tal2_781	0.844302603979854	0.00272919201235613	CD	C57BL/6	Saline 3d	AngII 28d
795.3	deviations	795	Bcl11a_795	0.844302603979854	0.00588987337694845	CD	C57BL/6	Saline 3d	AngII 28d
814.3	deviations	814	Bcl11b_814	0.844302603979854	0.00588987337694845	CD	C57BL/6	Saline 3d	AngII 28d
821.3	deviations	821	Ybx2_821	0.844302603979854	-0.0191658678661595	CD	C57BL/6	Saline 3d	AngII 28d
822.3	deviations	822	Ybx1_822	0.844302603979854	-0.0191658678661595	CD	C57BL/6	Saline 3d	AngII 28d
823.3	deviations	823	Csda_823	0.844302603979854	-0.0191658678661595	CD	C57BL/6	Saline 3d	AngII 28d
867.3	deviations	867	Tead3_867	0.844302603979854	0.00494317741588414	CD	C57BL/6	Saline 3d	AngII 28d
868.3	deviations	868	Tead4_868	0.844302603979854	0.00883050717133831	CD	C57BL/6	Saline 3d	AngII 28d
881.3	deviations	881	Mixl1_881	0.844302603979854	0.013965816173394	CD	C57BL/6	Saline 3d	AngII 28d
398.3	deviations	398	Meox1_398	0.845305133212613	-0.0117998275304695	CD	C57BL/6	Saline 3d	AngII 28d
771.3	deviations	771	T_771	0.845305133212613	0.00623014777227258	CD	C57BL/6	Saline 3d	AngII 28d
120.3	deviations	120	Nrl_120	0.846478610719074	0.011223980137384	CD	C57BL/6	Saline 3d	AngII 28d
380.3	deviations	380	Foxl1_380	0.846478610719074	-0.00625016689439666	CD	C57BL/6	Saline 3d	AngII 28d
461.3	deviations	461	Meis2_461	0.846478610719074	0.00646014596842869	CD	C57BL/6	Saline 3d	AngII 28d
634.3	deviations	634	Irf6_634	0.846478610719074	0.00481472874887925	CD	C57BL/6	Saline 3d	AngII 28d
792.3	deviations	792	Mafa_792	0.846478610719074	0.011223980137384	CD	C57BL/6	Saline 3d	AngII 28d
793.3	deviations	793	Maf_793	0.846478610719074	0.011223980137384	CD	C57BL/6	Saline 3d	AngII 28d
97.3	deviations	97	Cebpd_97	0.85555435762185	0.0239580425534824	CD	C57BL/6	Saline 3d	AngII 28d
130.3	deviations	130	Cebpb_130	0.85555435762185	0.0239580425534824	CD	C57BL/6	Saline 3d	AngII 28d
394.3	deviations	394	Hoxb6_394	0.85555435762185	-0.0111540336934964	CD	C57BL/6	Saline 3d	AngII 28d
647.3	deviations	647	Mybl1_647	0.85555435762185	0.022004172523167	CD	C57BL/6	Saline 3d	AngII 28d
44.3	deviations	44	Npas2_44	0.855601548158395	-0.0134973935779046	CD	C57BL/6	Saline 3d	AngII 28d
488.3	deviations	488	Barx2_488	0.856169602552016	-0.0133895734622696	CD	C57BL/6	Saline 3d	AngII 28d
567.3	deviations	567	Nkx63_567	0.856169602552016	-0.00772673858285574	CD	C57BL/6	Saline 3d	AngII 28d
121.3	deviations	121	Atf4_121	0.856256220809823	-0.00419124377020154	CD	C57BL/6	Saline 3d	AngII 28d
170.3	deviations	170	Zfp282_170	0.856256220809823	0.0116381797419245	CD	C57BL/6	Saline 3d	AngII 28d
304.3	deviations	304	Foxh1_304	0.856256220809823	0.00857767521078221	CD	C57BL/6	Saline 3d	AngII 28d
397.3	deviations	397	Sebox_397	0.856256220809823	-0.0161361503529981	CD	C57BL/6	Saline 3d	AngII 28d
516.3	deviations	516	Six3_516	0.856256220809823	0.0118225467537948	CD	C57BL/6	Saline 3d	AngII 28d
546.3	deviations	546	Hoxb3_546	0.856256220809823	-0.019686888216768	CD	C57BL/6	Saline 3d	AngII 28d
699.3	deviations	699	Nfkb2_699	0.856256220809823	0.0149422126523684	CD	C57BL/6	Saline 3d	AngII 28d
843.3	deviations	843	Smarcc1_843	0.856256220809823	-0.00068634255205256	CD	C57BL/6	Saline 3d	AngII 28d
876.3	deviations	876	Zfp263_876	0.856256220809823	0.00145488142946725	CD	C57BL/6	Saline 3d	AngII 28d
458.3	deviations	458	Lhx6_458	0.857326870212696	0.0228482258267589	CD	C57BL/6	Saline 3d	AngII 28d
585.3	deviations	585	NP_585	0.857326870212696	0.0228482258267589	CD	C57BL/6	Saline 3d	AngII 28d
457.3	deviations	457	Barhl1_457	0.857401345010302	-0.00813264337378317	CD	C57BL/6	Saline 3d	AngII 28d
349.3	deviations	349	Gm5294_349	0.862570703184821	0.00535075273548913	CD	C57BL/6	Saline 3d	AngII 28d
6.3	deviations	6	Arid3b_6	0.866428053046999	-0.0160855989932939	CD	C57BL/6	Saline 3d	AngII 28d
85.3	deviations	85	Neurog1_85	0.866428053046999	0.0139129091673699	CD	C57BL/6	Saline 3d	AngII 28d
402.3	deviations	402	Mnx1_402	0.871061111186836	-0.00691918145345368	CD	C57BL/6	Saline 3d	AngII 28d
515.3	deviations	515	Lmx1b_515	0.871061111186836	-0.00507147897546891	CD	C57BL/6	Saline 3d	AngII 28d
518.3	deviations	518	Hlx_518	0.871061111186836	-0.00507147897546891	CD	C57BL/6	Saline 3d	AngII 28d
539.3	deviations	539	Prop1_539	0.871061111186836	-0.00507147897546891	CD	C57BL/6	Saline 3d	AngII 28d
628.3	deviations	628	Hsfy2_628	0.871061111186836	0.0235045650799585	CD	C57BL/6	Saline 3d	AngII 28d
653.3	deviations	653	Pparg_653	0.871061111186836	0.00702455749924357	CD	C57BL/6	Saline 3d	AngII 28d
54.3	deviations	54	Figla_54	0.872234685154054	0.00424570668930285	CD	C57BL/6	Saline 3d	AngII 28d
374.3	deviations	374	Foxl1_374	0.872234685154054	0.00426468242475387	CD	C57BL/6	Saline 3d	AngII 28d
564.3	deviations	564	Nkx29_564	0.872234685154054	-0.00690936450945819	CD	C57BL/6	Saline 3d	AngII 28d
662.3	deviations	662	Rxra_662	0.872320809811672	0.00937559713958485	CD	C57BL/6	Saline 3d	AngII 28d
708.3	deviations	708	Rfx1_708	0.875639063461017	0.0103682834818453	CD	C57BL/6	Saline 3d	AngII 28d
690.3	deviations	690	Nr2f1_690	0.879422282936067	0.00570240149643226	CD	C57BL/6	Saline 3d	AngII 28d
46.3	deviations	46	Usf1_46	0.881618437091185	0.0040012321238505	CD	C57BL/6	Saline 3d	AngII 28d
383.3	deviations	383	Gata2_383	0.881618437091185	-0.0117967594022556	CD	C57BL/6	Saline 3d	AngII 28d
772.3	deviations	772	Tbp_772	0.881618437091185	-0.00071394480257846	CD	C57BL/6	Saline 3d	AngII 28d
773.3	deviations	773	Tbpl2_773	0.881618437091185	-0.00071394480257846	CD	C57BL/6	Saline 3d	AngII 28d
51.3	deviations	51	Hes2_51	0.881827944353097	0.00718374660156592	CD	C57BL/6	Saline 3d	AngII 28d
305.3	deviations	305	Foxj1_305	0.881827944353097	0.00291236220741338	CD	C57BL/6	Saline 3d	AngII 28d
335.3	deviations	335	Gm5294_335	0.881827944353097	0.00291236220741338	CD	C57BL/6	Saline 3d	AngII 28d
357.3	deviations	357	Foxl1_357	0.881827944353097	0.00291236220741338	CD	C57BL/6	Saline 3d	AngII 28d
492.3	deviations	492	Barhl2_492	0.881827944353097	-0.0101196487308127	CD	C57BL/6	Saline 3d	AngII 28d
854.3	deviations	854	Pax8_854	0.881827944353097	0.0122390381971451	CD	C57BL/6	Saline 3d	AngII 28d
855.3	deviations	855	Pax1_855	0.881827944353097	0.0122390381971451	CD	C57BL/6	Saline 3d	AngII 28d
187.3	deviations	187	Zic4_187	0.88376372310312	0.00456090536633605	CD	C57BL/6	Saline 3d	AngII 28d
382.3	deviations	382	Gata6_382	0.885699880044463	0.00387095047363787	CD	C57BL/6	Saline 3d	AngII 28d
40.3	deviations	40	Hes7_40	0.899606563865191	0.010410919309341	CD	C57BL/6	Saline 3d	AngII 28d
697.3	deviations	697	Rel_697	0.899698255509116	-0.00573908899159144	CD	C57BL/6	Saline 3d	AngII 28d
536.3	deviations	536	Nkx26_536	0.899886388210219	-0.010010495236929	CD	C57BL/6	Saline 3d	AngII 28d
694.3	deviations	694	Pax5_694	0.899886388210219	0.00665303555485745	CD	C57BL/6	Saline 3d	AngII 28d
623.3	deviations	623	Pit1_623	0.9018251151053	0.00885087600609968	CD	C57BL/6	Saline 3d	AngII 28d
520.3	deviations	520	Hmx3_520	0.902939538251489	-0.0031596272451437	CD	C57BL/6	Saline 3d	AngII 28d
590.3	deviations	590	NP_590	0.902939538251489	-0.0031596272451437	CD	C57BL/6	Saline 3d	AngII 28d
3.3	deviations	3	Tcfap2c_3	0.907068094783797	0.00391808253554433	CD	C57BL/6	Saline 3d	AngII 28d
63.3	deviations	63	Myf6_63	0.907068094783797	0.0084574404245989	CD	C57BL/6	Saline 3d	AngII 28d
239.3	deviations	239	Zfp652_239	0.907068094783797	-0.00686329294058949	CD	C57BL/6	Saline 3d	AngII 28d
411.3	deviations	411	Otx1_411	0.907068094783797	0.00362633829593707	CD	C57BL/6	Saline 3d	AngII 28d
462.3	deviations	462	Nkx22_462	0.907068094783797	-0.00826664580647958	CD	C57BL/6	Saline 3d	AngII 28d
464.3	deviations	464	Pitx2_464	0.907068094783797	0.00362633829593707	CD	C57BL/6	Saline 3d	AngII 28d
466.3	deviations	466	Dmbx1_466	0.907068094783797	0.00224719022511844	CD	C57BL/6	Saline 3d	AngII 28d
644.3	deviations	644	Myb_644	0.907068094783797	-0.00869837727441135	CD	C57BL/6	Saline 3d	AngII 28d
744.3	deviations	744	Tcf7l1_744	0.907068094783797	0.00693720735981868	CD	C57BL/6	Saline 3d	AngII 28d
752.3	deviations	752	ENSMUSG00000079994_752	0.907068094783797	0.00749816042035225	CD	C57BL/6	Saline 3d	AngII 28d
774.3	deviations	774	Prkrir_774	0.907068094783797	0.0159282347564811	CD	C57BL/6	Saline 3d	AngII 28d
826.3	deviations	826	Onecut1_826	0.907068094783797	0.0118506551487018	CD	C57BL/6	Saline 3d	AngII 28d
827.3	deviations	827	Onecut2_827	0.907068094783797	0.0118506551487018	CD	C57BL/6	Saline 3d	AngII 28d
156.3	deviations	156	Zkscan3_156	0.91277101206913	0.00161763795399835	CD	C57BL/6	Saline 3d	AngII 28d
196.3	deviations	196	Zfp410_196	0.91277101206913	0.0123923349380573	CD	C57BL/6	Saline 3d	AngII 28d
216.3	deviations	216	Zkscan4_216	0.91277101206913	0.00161763795399835	CD	C57BL/6	Saline 3d	AngII 28d
424.3	deviations	424	Lhx9_424	0.91277101206913	0.00969690228599755	CD	C57BL/6	Saline 3d	AngII 28d
500.3	deviations	500	Arx_500	0.91277101206913	0.00969690228599755	CD	C57BL/6	Saline 3d	AngII 28d
745.3	deviations	745	Sox21_745	0.91277101206913	-0.00042934105347632	CD	C57BL/6	Saline 3d	AngII 28d
730.3	deviations	730	Bbx_730	0.912889733424759	-0.00995537655694107	CD	C57BL/6	Saline 3d	AngII 28d
61.3	deviations	61	Scx_61	0.913584428646327	-0.00209763870783741	CD	C57BL/6	Saline 3d	AngII 28d
93.3	deviations	93	Tcf15_93	0.913584428646327	-0.00209763870783741	CD	C57BL/6	Saline 3d	AngII 28d
104.3	deviations	104	Fos_104	0.915111397534164	-0.0051572240998629	CD	C57BL/6	Saline 3d	AngII 28d
115.3	deviations	115	Cebpa_115	0.915111397534164	-0.0096820808162987	CD	C57BL/6	Saline 3d	AngII 28d
554.3	deviations	554	Pbx1_554	0.915111397534164	0.0156706039435247	CD	C57BL/6	Saline 3d	AngII 28d
661.3	deviations	661	Rxrg_661	0.915111397534164	-0.00045398221085796	CD	C57BL/6	Saline 3d	AngII 28d
704.3	deviations	704	Rfx5_704	0.915111397534164	-0.00637865304922229	CD	C57BL/6	Saline 3d	AngII 28d
142.3	deviations	142	Sp1_142	0.919304053914231	0.00174930520870252	CD	C57BL/6	Saline 3d	AngII 28d
482.3	deviations	482	Isx_482	0.921362314229913	0.0151156930640018	CD	C57BL/6	Saline 3d	AngII 28d
640.3	deviations	640	Mef2a_640	0.921362314229913	0.00743672785944961	CD	C57BL/6	Saline 3d	AngII 28d
499.3	deviations	499	Nkx61_499	0.923420730131242	-0.00689612011561172	CD	C57BL/6	Saline 3d	AngII 28d
606.3	deviations	606	NP_606	0.923420730131242	-0.00689612011561172	CD	C57BL/6	Saline 3d	AngII 28d
166.3	deviations	166	Ovol1_166	0.93049393815418	0.00797250511055621	CD	C57BL/6	Saline 3d	AngII 28d
176.3	deviations	176	Zbtb49_176	0.93049393815418	-0.0142364851398819	CD	C57BL/6	Saline 3d	AngII 28d
439.3	deviations	439	Nkx31_439	0.93049393815418	-0.0198975607202835	CD	C57BL/6	Saline 3d	AngII 28d
493.3	deviations	493	Six4_493	0.93049393815418	0.0193665870246522	CD	C57BL/6	Saline 3d	AngII 28d
502.3	deviations	502	Gsx2_502	0.93049393815418	-0.0105764960509822	CD	C57BL/6	Saline 3d	AngII 28d
505.3	deviations	505	Alx1_505	0.93049393815418	-1.05433413426365e-05	CD	C57BL/6	Saline 3d	AngII 28d
538.3	deviations	538	Gm4830_538	0.93049393815418	0.00231875572180267	CD	C57BL/6	Saline 3d	AngII 28d
555.3	deviations	555	Pou3f2_555	0.93049393815418	0.00516163557997344	CD	C57BL/6	Saline 3d	AngII 28d
583.3	deviations	583	Hoxd3_583	0.93049393815418	-0.00555443508669196	CD	C57BL/6	Saline 3d	AngII 28d
614.3	deviations	614	Pax6_614	0.93049393815418	0.0128656861847489	CD	C57BL/6	Saline 3d	AngII 28d
693.3	deviations	693	Pax9_693	0.93049393815418	0.00419465590404183	CD	C57BL/6	Saline 3d	AngII 28d
800.3	deviations	800	Zfp148_800	0.93049393815418	-0.00113983183915355	CD	C57BL/6	Saline 3d	AngII 28d
808.3	deviations	808	Zbtb7a_808	0.93049393815418	0.00663350734862235	CD	C57BL/6	Saline 3d	AngII 28d
812.3	deviations	812	Zbtb7c_812	0.93049393815418	0.00663350734862235	CD	C57BL/6	Saline 3d	AngII 28d
859.3	deviations	859	Nfib_859	0.93049393815418	0.00407062852402146	CD	C57BL/6	Saline 3d	AngII 28d
862.3	deviations	862	Nfia_862	0.93049393815418	0.00407062852402146	CD	C57BL/6	Saline 3d	AngII 28d
9.3	deviations	9	Arid5a_9	0.935680441594141	-0.00998417762674252	CD	C57BL/6	Saline 3d	AngII 28d
401.3	deviations	401	Dlx3_401	0.935680441594141	0.0138188162450504	CD	C57BL/6	Saline 3d	AngII 28d
14.3	deviations	14	Hmga2_14	0.936897067827114	-0.012217370366572	CD	C57BL/6	Saline 3d	AngII 28d
25.3	deviations	25	Arnt_25	0.936897067827114	0.0138135546566501	CD	C57BL/6	Saline 3d	AngII 28d
55.3	deviations	55	Bhlhe40_55	0.936897067827114	0.00759485925850935	CD	C57BL/6	Saline 3d	AngII 28d
78.3	deviations	78	Olig3_78	0.936897067827114	0.00396447872228719	CD	C57BL/6	Saline 3d	AngII 28d
83.3	deviations	83	Hes5_83	0.936897067827114	-0.0156386108154745	CD	C57BL/6	Saline 3d	AngII 28d
125.3	deviations	125	Cebpe_125	0.936897067827114	-0.0163956860556801	CD	C57BL/6	Saline 3d	AngII 28d
126.3	deviations	126	Jun_126	0.936897067827114	-0.0084430468785293	CD	C57BL/6	Saline 3d	AngII 28d
158.3	deviations	158	Zfp369_158	0.936897067827114	0.00568094701153842	CD	C57BL/6	Saline 3d	AngII 28d
188.3	deviations	188	Egr2_188	0.936897067827114	0.00401420870091491	CD	C57BL/6	Saline 3d	AngII 28d
219.3	deviations	219	Zfp110_219	0.936897067827114	0.00568094701153842	CD	C57BL/6	Saline 3d	AngII 28d
260.3	deviations	260	E2f7_260	0.936897067827114	-0.0103179559100538	CD	C57BL/6	Saline 3d	AngII 28d
299.3	deviations	299	Foxg1_299	0.936897067827114	0.00122706831637447	CD	C57BL/6	Saline 3d	AngII 28d
321.3	deviations	321	Foxo6_321	0.936897067827114	0.00694461745793594	CD	C57BL/6	Saline 3d	AngII 28d
351.3	deviations	351	Gm5294_351	0.936897067827114	0.010648108587532	CD	C57BL/6	Saline 3d	AngII 28d
377.3	deviations	377	Foxl1_377	0.936897067827114	0.010648108587532	CD	C57BL/6	Saline 3d	AngII 28d
390.3	deviations	390	Grhl1_390	0.936897067827114	-0.00433954936344319	CD	C57BL/6	Saline 3d	AngII 28d
393.3	deviations	393	Lhx2_393	0.936897067827114	0.00810912230570946	CD	C57BL/6	Saline 3d	AngII 28d
406.3	deviations	406	Hoxc6_406	0.936897067827114	-0.00103339170082137	CD	C57BL/6	Saline 3d	AngII 28d
413.3	deviations	413	Vax1_413	0.936897067827114	-0.0169270893375864	CD	C57BL/6	Saline 3d	AngII 28d
435.3	deviations	435	Irx4_435	0.936897067827114	0.00774686704190652	CD	C57BL/6	Saline 3d	AngII 28d
438.3	deviations	438	Hmbox1_438	0.936897067827114	0.020837583316148	CD	C57BL/6	Saline 3d	AngII 28d
441.3	deviations	441	Hoxc5_441	0.936897067827114	-0.0092015510175714	CD	C57BL/6	Saline 3d	AngII 28d
451.3	deviations	451	Lbx1_451	0.936897067827114	0.0111502115083025	CD	C57BL/6	Saline 3d	AngII 28d
473.3	deviations	473	Cdx2_473	0.936897067827114	-0.00609910345153509	CD	C57BL/6	Saline 3d	AngII 28d
479.3	deviations	479	Hoxa1_479	0.936897067827114	0.00894138823770648	CD	C57BL/6	Saline 3d	AngII 28d
543.3	deviations	543	Msx1_543	0.936897067827114	-0.0106567998642083	CD	C57BL/6	Saline 3d	AngII 28d
558.3	deviations	558	Obox1_558	0.936897067827114	0.00194349338512545	CD	C57BL/6	Saline 3d	AngII 28d
559.3	deviations	559	Bsx_559	0.936897067827114	-0.00711515198275298	CD	C57BL/6	Saline 3d	AngII 28d
570.3	deviations	570	Hmx1_570	0.936897067827114	-0.0135261734186905	CD	C57BL/6	Saline 3d	AngII 28d
582.3	deviations	582	Hoxb2_582	0.936897067827114	-0.0151124364176022	CD	C57BL/6	Saline 3d	AngII 28d
695.3	deviations	695	Lcor_695	0.936897067827114	0.0104431189611593	CD	C57BL/6	Saline 3d	AngII 28d
698.3	deviations	698	Rela_698	0.936897067827114	-0.0114047965351258	CD	C57BL/6	Saline 3d	AngII 28d
701.3	deviations	701	Nfkb1_701	0.936897067827114	-0.0076396590915482	CD	C57BL/6	Saline 3d	AngII 28d
739.3	deviations	739	Sox3_739	0.936897067827114	-0.00546143211487175	CD	C57BL/6	Saline 3d	AngII 28d
743.3	deviations	743	Sox14_743	0.936897067827114	-0.00844580484744604	CD	C57BL/6	Saline 3d	AngII 28d
759.3	deviations	759	Stat4_759	0.936897067827114	0.00071940668305718	CD	C57BL/6	Saline 3d	AngII 28d
776.3	deviations	776	Hmga1_776	0.936897067827114	-0.012217370366572	CD	C57BL/6	Saline 3d	AngII 28d
777.3	deviations	777	Hmga1rs1_777	0.936897067827114	-0.012217370366572	CD	C57BL/6	Saline 3d	AngII 28d
813.3	deviations	813	Mbtps2_813	0.936897067827114	0.00179735622847681	CD	C57BL/6	Saline 3d	AngII 28d
829.3	deviations	829	Foxn3_829	0.936897067827114	-0.007439383469553	CD	C57BL/6	Saline 3d	AngII 28d
833.3	deviations	833	Foxd4_833	0.936897067827114	-0.00827148667496011	CD	C57BL/6	Saline 3d	AngII 28d
837.3	deviations	837	Six5_837	0.936897067827114	0.0105611908027538	CD	C57BL/6	Saline 3d	AngII 28d
875.3	deviations	875	Zfp42_875	0.936897067827114	0.00179735622847681	CD	C57BL/6	Saline 3d	AngII 28d
630.3	deviations	630	Irf3_630	0.949095243621649	-0.011035352104517	CD	C57BL/6	Saline 3d	AngII 28d
131.3	deviations	131	Nfil3_131	0.94926599377757	0.0129406997717372	CD	C57BL/6	Saline 3d	AngII 28d
1.3	deviations	1	Tcfap2a_1	0.949743789934529	-0.00356000232885388	CD	C57BL/6	Saline 3d	AngII 28d
7.3	deviations	7	Arid3a_7	0.949743789934529	0.00938637504476414	CD	C57BL/6	Saline 3d	AngII 28d
31.3	deviations	31	Tcf3_31	0.949743789934529	-0.0078482441965797	CD	C57BL/6	Saline 3d	AngII 28d
49.3	deviations	49	Neurog2_49	0.949743789934529	-0.00283696767549476	CD	C57BL/6	Saline 3d	AngII 28d
59.3	deviations	59	Tcf12_59	0.949743789934529	0.00760880089771371	CD	C57BL/6	Saline 3d	AngII 28d
75.3	deviations	75	Neurog3_75	0.949743789934529	-0.00283696767549476	CD	C57BL/6	Saline 3d	AngII 28d
94.3	deviations	94	Atoh1_94	0.949743789934529	-0.0160284762280203	CD	C57BL/6	Saline 3d	AngII 28d
98.3	deviations	98	Fosb_98	0.949743789934529	-0.000363554092074506	CD	C57BL/6	Saline 3d	AngII 28d
123.3	deviations	123	Mafg_123	0.949743789934529	-0.00453282579494748	CD	C57BL/6	Saline 3d	AngII 28d
136.3	deviations	136	Mafb_136	0.949743789934529	-0.005654781970867	CD	C57BL/6	Saline 3d	AngII 28d
207.3	deviations	207	Sp8_207	0.949743789934529	0.00104562314907008	CD	C57BL/6	Saline 3d	AngII 28d
210.3	deviations	210	Zbtb12_210	0.949743789934529	0.00441656440366774	CD	C57BL/6	Saline 3d	AngII 28d
222.3	deviations	222	Sp7_222	0.949743789934529	0.00104562314907008	CD	C57BL/6	Saline 3d	AngII 28d
224.3	deviations	224	Zfp143_224	0.949743789934529	0.0048614506511518	CD	C57BL/6	Saline 3d	AngII 28d
231.3	deviations	231	Sp9_231	0.949743789934529	0.00104562314907008	CD	C57BL/6	Saline 3d	AngII 28d
235.3	deviations	235	Zbtb3_235	0.949743789934529	0.00913437564802982	CD	C57BL/6	Saline 3d	AngII 28d
253.3	deviations	253	Dmrta1_253	0.949743789934529	-0.00816365264158779	CD	C57BL/6	Saline 3d	AngII 28d
331.3	deviations	331	Gm5294_331	0.949743789934529	-0.00269915707248068	CD	C57BL/6	Saline 3d	AngII 28d
338.3	deviations	338	Gm5294_338	0.949743789934529	0.00344397243188416	CD	C57BL/6	Saline 3d	AngII 28d
348.3	deviations	348	Gm5294_348	0.949743789934529	-0.00118898253677761	CD	C57BL/6	Saline 3d	AngII 28d
354.3	deviations	354	Foxl1_354	0.949743789934529	-0.00269915707248068	CD	C57BL/6	Saline 3d	AngII 28d
361.3	deviations	361	Foxl1_361	0.949743789934529	0.00258569879124032	CD	C57BL/6	Saline 3d	AngII 28d
364.3	deviations	364	Foxl1_364	0.949743789934529	0.00344397243188416	CD	C57BL/6	Saline 3d	AngII 28d
375.3	deviations	375	Foxl1_375	0.949743789934529	-0.00118898253677761	CD	C57BL/6	Saline 3d	AngII 28d
476.3	deviations	476	Nobox_476	0.949743789934529	-0.0127095060606031	CD	C57BL/6	Saline 3d	AngII 28d
521.3	deviations	521	Alx4_521	0.949743789934529	0.0110942535768357	CD	C57BL/6	Saline 3d	AngII 28d
523.3	deviations	523	Hesx1_523	0.949743789934529	-0.00308657613834692	CD	C57BL/6	Saline 3d	AngII 28d
562.3	deviations	562	Homez_562	0.949743789934529	0.0258161259068441	CD	C57BL/6	Saline 3d	AngII 28d
619.3	deviations	619	Pou2f1_619	0.949743789934529	-0.00208616111882595	CD	C57BL/6	Saline 3d	AngII 28d
627.3	deviations	627	Hsf4_627	0.949743789934529	0.00838418227465793	CD	C57BL/6	Saline 3d	AngII 28d
669.3	deviations	669	Esrrb_669	0.949743789934529	0.0026881408487536	CD	C57BL/6	Saline 3d	AngII 28d
671.3	deviations	671	Vdr_671	0.949743789934529	-0.00354211909255399	CD	C57BL/6	Saline 3d	AngII 28d
686.3	deviations	686	Rxrb_686	0.949743789934529	0.00785016552428871	CD	C57BL/6	Saline 3d	AngII 28d
689.3	deviations	689	Nr6a1_689	0.949743789934529	0.00571963136461051	CD	C57BL/6	Saline 3d	AngII 28d
742.3	deviations	742	Sox6_742	0.949743789934529	-0.00209307340839072	CD	C57BL/6	Saline 3d	AngII 28d
784.3	deviations	784	Neurod1_784	0.949743789934529	-0.0160284762280203	CD	C57BL/6	Saline 3d	AngII 28d
786.3	deviations	786	Neurod6_786	0.949743789934529	-0.0160284762280203	CD	C57BL/6	Saline 3d	AngII 28d
787.3	deviations	787	Neurod4_787	0.949743789934529	-0.0160284762280203	CD	C57BL/6	Saline 3d	AngII 28d
807.3	deviations	807	Maz_807	0.949743789934529	0.00125650240541597	CD	C57BL/6	Saline 3d	AngII 28d
831.3	deviations	831	Foxa3_831	0.949743789934529	-0.00269915707248068	CD	C57BL/6	Saline 3d	AngII 28d
850.3	deviations	850	Nr1h4_850	0.949743789934529	-0.00411478289178353	CD	C57BL/6	Saline 3d	AngII 28d
851.3	deviations	851	Nr1h5_851	0.949743789934529	-0.00411478289178353	CD	C57BL/6	Saline 3d	AngII 28d
879.3	deviations	879	Dmrta2_879	0.949743789934529	0.0232928389448758	CD	C57BL/6	Saline 3d	AngII 28d
325.3	deviations	325	Foxb2_325	0.950142515657431	0.0017549227727779	CD	C57BL/6	Saline 3d	AngII 28d
326.3	deviations	326	Foxb1_326	0.950142515657431	0.0017549227727779	CD	C57BL/6	Saline 3d	AngII 28d
391.3	deviations	391	Tcfcp2l1_391	0.950142515657431	-0.00139374942992159	CD	C57BL/6	Saline 3d	AngII 28d
836.3	deviations	836	Ubp1_836	0.950142515657431	-0.00139374942992159	CD	C57BL/6	Saline 3d	AngII 28d
247.3	deviations	247	Cxxc1_247	0.951577816679092	-0.00574805218599796	CD	C57BL/6	Saline 3d	AngII 28d
151.3	deviations	151	Zbtb4_151	0.952636241300484	-0.00394137893754159	CD	C57BL/6	Saline 3d	AngII 28d
193.3	deviations	193	Zfp281_193	0.952636241300484	-0.00460410412658294	CD	C57BL/6	Saline 3d	AngII 28d
245.3	deviations	245	Onecut3_245	0.952636241300484	0.0120481120660399	CD	C57BL/6	Saline 3d	AngII 28d
302.3	deviations	302	Foxp1_302	0.952636241300484	0.00650908369615491	CD	C57BL/6	Saline 3d	AngII 28d
367.3	deviations	367	Foxl1_367	0.952636241300484	0.00327519538042735	CD	C57BL/6	Saline 3d	AngII 28d
445.3	deviations	445	Six2_445	0.952636241300484	0.00561773121434105	CD	C57BL/6	Saline 3d	AngII 28d
447.3	deviations	447	Rax_447	0.952636241300484	-0.00686528782918809	CD	C57BL/6	Saline 3d	AngII 28d
571.3	deviations	571	Gbx1_571	0.952636241300484	0.00885359828854655	CD	C57BL/6	Saline 3d	AngII 28d
573.3	deviations	573	Noto_573	0.952636241300484	-0.00107280823011249	CD	C57BL/6	Saline 3d	AngII 28d
663.3	deviations	663	Rarb_663	0.952636241300484	-0.000585679922278953	CD	C57BL/6	Saline 3d	AngII 28d
824.3	deviations	824	Rbpj_824	0.952636241300484	-0.0044758755233656	CD	C57BL/6	Saline 3d	AngII 28d
825.3	deviations	825	Rbpsuhrs3_825	0.952636241300484	-0.0044758755233656	CD	C57BL/6	Saline 3d	AngII 28d
844.3	deviations	844	Nr1d1_844	0.952636241300484	0.00716039884889508	CD	C57BL/6	Saline 3d	AngII 28d
845.3	deviations	845	Nr1d2_845	0.952636241300484	0.00716039884889508	CD	C57BL/6	Saline 3d	AngII 28d
853.3	deviations	853	Trp63_853	0.952636241300484	-0.00342122220849324	CD	C57BL/6	Saline 3d	AngII 28d
106.3	deviations	106	Atf1_106	0.953250697762843	0.0051646665292584	CD	C57BL/6	Saline 3d	AngII 28d
18.3	deviations	18	Mnt_18	0.955049392523566	-0.00522797011033988	CD	C57BL/6	Saline 3d	AngII 28d
102.3	deviations	102	Mafk_102	0.955049392523566	0.00829923237013814	CD	C57BL/6	Saline 3d	AngII 28d
119.3	deviations	119	Bach2_119	0.955049392523566	-0.000284418305094243	CD	C57BL/6	Saline 3d	AngII 28d
140.3	deviations	140	Zscan4_140	0.955049392523566	-0.0114307285501652	CD	C57BL/6	Saline 3d	AngII 28d
148.3	deviations	148	Glis2_148	0.955049392523566	0.00747672200627951	CD	C57BL/6	Saline 3d	AngII 28d
167.3	deviations	167	Sp4_167	0.955049392523566	0.0022405166133131	CD	C57BL/6	Saline 3d	AngII 28d
183.3	deviations	183	Egr3_183	0.955049392523566	0.000771295464901632	CD	C57BL/6	Saline 3d	AngII 28d
228.3	deviations	228	Zbtb6_228	0.955049392523566	0.00273286110585759	CD	C57BL/6	Saline 3d	AngII 28d
243.3	deviations	243	Cenpb_243	0.955049392523566	0.00407583719626906	CD	C57BL/6	Saline 3d	AngII 28d
251.3	deviations	251	Dmrt1_251	0.955049392523566	0.00630741826541746	CD	C57BL/6	Saline 3d	AngII 28d
252.3	deviations	252	Dmrt3_252	0.955049392523566	-0.00614770136121114	CD	C57BL/6	Saline 3d	AngII 28d
254.3	deviations	254	Dmrt2_254	0.955049392523566	0.00356686066206083	CD	C57BL/6	Saline 3d	AngII 28d
258.3	deviations	258	E2f3_258	0.955049392523566	0.00791142845363559	CD	C57BL/6	Saline 3d	AngII 28d
294.3	deviations	294	Gm4881_294	0.955049392523566	-0.00485337124101503	CD	C57BL/6	Saline 3d	AngII 28d
310.3	deviations	310	Foxk2_310	0.955049392523566	0.00224094951492931	CD	C57BL/6	Saline 3d	AngII 28d
313.3	deviations	313	Foxo4_313	0.955049392523566	0.00273570755563564	CD	C57BL/6	Saline 3d	AngII 28d
319.3	deviations	319	Foxo3_319	0.955049392523566	0.00224094951492931	CD	C57BL/6	Saline 3d	AngII 28d
324.3	deviations	324	Foxk1_324	0.955049392523566	0.00224094951492931	CD	C57BL/6	Saline 3d	AngII 28d
327.3	deviations	327	Foxd3_327	0.955049392523566	0.00207901042978956	CD	C57BL/6	Saline 3d	AngII 28d
328.3	deviations	328	Foxe1_328	0.955049392523566	0.00207901042978956	CD	C57BL/6	Saline 3d	AngII 28d
336.3	deviations	336	Gm5294_336	0.955049392523566	-0.000240250671828361	CD	C57BL/6	Saline 3d	AngII 28d
337.3	deviations	337	Gm5294_337	0.955049392523566	-0.00442017655076198	CD	C57BL/6	Saline 3d	AngII 28d
341.3	deviations	341	Gm5294_341	0.955049392523566	0.00207901042978956	CD	C57BL/6	Saline 3d	AngII 28d
358.3	deviations	358	Foxl1_358	0.955049392523566	-0.00442017655076198	CD	C57BL/6	Saline 3d	AngII 28d
360.3	deviations	360	Foxl1_360	0.955049392523566	-0.000240250671828361	CD	C57BL/6	Saline 3d	AngII 28d
366.3	deviations	366	Foxl1_366	0.955049392523566	0.00207901042978956	CD	C57BL/6	Saline 3d	AngII 28d
399.3	deviations	399	Nkx21_399	0.955049392523566	-0.00436025578978159	CD	C57BL/6	Saline 3d	AngII 28d
430.3	deviations	430	Six6_430	0.955049392523566	0.00298139037090366	CD	C57BL/6	Saline 3d	AngII 28d
433.3	deviations	433	Msx2_433	0.955049392523566	-0.00672791841597259	CD	C57BL/6	Saline 3d	AngII 28d
440.3	deviations	440	Hoxc10_440	0.955049392523566	-0.000200041008471035	CD	C57BL/6	Saline 3d	AngII 28d
456.3	deviations	456	Lmx1a_456	0.955049392523566	0.00296378959808012	CD	C57BL/6	Saline 3d	AngII 28d
470.3	deviations	470	Hnf1a_470	0.955049392523566	-0.000325823583032075	CD	C57BL/6	Saline 3d	AngII 28d
485.3	deviations	485	Irx6_485	0.955049392523566	-0.0105093596436737	CD	C57BL/6	Saline 3d	AngII 28d
491.3	deviations	491	Emx1_491	0.955049392523566	-0.00512859692380734	CD	C57BL/6	Saline 3d	AngII 28d
519.3	deviations	519	Prrx2_519	0.955049392523566	0.00688768066655802	CD	C57BL/6	Saline 3d	AngII 28d
531.3	deviations	531	Hoxd4_531	0.955049392523566	-0.00944685583392751	CD	C57BL/6	Saline 3d	AngII 28d
535.3	deviations	535	Emx2_535	0.955049392523566	0.000590793444525083	CD	C57BL/6	Saline 3d	AngII 28d
540.3	deviations	540	Pou3f3_540	0.955049392523566	0.00180636167597182	CD	C57BL/6	Saline 3d	AngII 28d
549.3	deviations	549	Hmx2_549	0.955049392523566	-0.0174698157114555	CD	C57BL/6	Saline 3d	AngII 28d
565.3	deviations	565	Irx1_565	0.955049392523566	-0.00388481093435433	CD	C57BL/6	Saline 3d	AngII 28d
633.3	deviations	633	Irf7_633	0.955049392523566	-0.00227860008659507	CD	C57BL/6	Saline 3d	AngII 28d
637.3	deviations	637	Naif1_637	0.955049392523566	-0.0158116305993909	CD	C57BL/6	Saline 3d	AngII 28d
654.3	deviations	654	Rarg_654	0.955049392523566	0.0024743020313456	CD	C57BL/6	Saline 3d	AngII 28d
655.3	deviations	655	Nr1h3_655	0.955049392523566	-0.000595884934154824	CD	C57BL/6	Saline 3d	AngII 28d
660.3	deviations	660	Nr2c1_660	0.955049392523566	0.00734214513618513	CD	C57BL/6	Saline 3d	AngII 28d
666.3	deviations	666	Esr1_666	0.955049392523566	0.00643062498185151	CD	C57BL/6	Saline 3d	AngII 28d
677.3	deviations	677	Nr4a2_677	0.955049392523566	-0.00435821274023472	CD	C57BL/6	Saline 3d	AngII 28d
682.3	deviations	682	Rora_682	0.955049392523566	0.00572355013424691	CD	C57BL/6	Saline 3d	AngII 28d
683.3	deviations	683	Nr2e3_683	0.955049392523566	0.00622006177453742	CD	C57BL/6	Saline 3d	AngII 28d
688.3	deviations	688	Nr1h2_688	0.955049392523566	-0.000595884934154824	CD	C57BL/6	Saline 3d	AngII 28d
691.3	deviations	691	Trp73_691	0.955049392523566	0.000287083469458188	CD	C57BL/6	Saline 3d	AngII 28d
706.3	deviations	706	Rfx4_706	0.955049392523566	-0.00127066285142104	CD	C57BL/6	Saline 3d	AngII 28d
707.3	deviations	707	Rfx2_707	0.955049392523566	0.00464199869124825	CD	C57BL/6	Saline 3d	AngII 28d
711.3	deviations	711	Rfx8_711	0.955049392523566	0.00464199869124825	CD	C57BL/6	Saline 3d	AngII 28d
712.3	deviations	712	Runx1_712	0.955049392523566	-0.000117517377580759	CD	C57BL/6	Saline 3d	AngII 28d
747.3	deviations	747	Sox11_747	0.955049392523566	0.0024536284842517	CD	C57BL/6	Saline 3d	AngII 28d
839.3	deviations	839	Prrxl1_839	0.955049392523566	0.00688768066655802	CD	C57BL/6	Saline 3d	AngII 28d
858.3	deviations	858	Runx3_858	0.955049392523566	-0.000117517377580759	CD	C57BL/6	Saline 3d	AngII 28d
47.3	deviations	47	Ptf1a_47	0.956045345526843	0.00102584785168717	CD	C57BL/6	Saline 3d	AngII 28d
117.3	deviations	117	Nfe2l1_117	0.956045345526843	-0.00218174565954602	CD	C57BL/6	Saline 3d	AngII 28d
139.3	deviations	139	Zeb1_139	0.956045345526843	-0.00041666383573085	CD	C57BL/6	Saline 3d	AngII 28d
684.3	deviations	684	Rorb_684	0.956045345526843	-0.000794290261473984	CD	C57BL/6	Saline 3d	AngII 28d
791.3	deviations	791	Atf5_791	0.956045345526843	-0.00323213239282759	CD	C57BL/6	Saline 3d	AngII 28d
871.3	deviations	871	Nfe2l3_871	0.956045345526843	-0.00218174565954602	CD	C57BL/6	Saline 3d	AngII 28d
141.3	deviations	141	Bcl6b_141	0.956585781456169	0.00504903959298679	CD	C57BL/6	Saline 3d	AngII 28d
537.3	deviations	537	Nkx23_537	0.956585781456169	-0.00697437106838181	CD	C57BL/6	Saline 3d	AngII 28d
616.3	deviations	616	Pou2f2_616	0.956585781456169	0.00701527107072945	CD	C57BL/6	Saline 3d	AngII 28d
809.3	deviations	809	Ovol2_809	0.956585781456169	0.00856778592628071	CD	C57BL/6	Saline 3d	AngII 28d
679.3	deviations	679	Nr4a3_679	0.956815878212992	-0.000495121007405223	CD	C57BL/6	Saline 3d	AngII 28d
229.3	deviations	229	Zic3_229	0.958786186090354	-0.000513277092310241	CD	C57BL/6	Saline 3d	AngII 28d
407.3	deviations	407	Evx2_407	0.958786186090354	0.00880254521469232	CD	C57BL/6	Saline 3d	AngII 28d
107.3	deviations	107	Fosl1_107	0.960391397960184	0.00840197696149843	CD	C57BL/6	Saline 3d	AngII 28d
129.3	deviations	129	Cebpg_129	0.960391397960184	0.00205725943942076	CD	C57BL/6	Saline 3d	AngII 28d
225.3	deviations	225	Zic2_225	0.960391397960184	-0.00196924610204026	CD	C57BL/6	Saline 3d	AngII 28d
259.3	deviations	259	E2f2_259	0.960391397960184	0.0140522715035294	CD	C57BL/6	Saline 3d	AngII 28d
303.3	deviations	303	Foxj3_303	0.960391397960184	-0.00195563896903589	CD	C57BL/6	Saline 3d	AngII 28d
308.3	deviations	308	Foxf2_308	0.960391397960184	0.000674322712901534	CD	C57BL/6	Saline 3d	AngII 28d
312.3	deviations	312	Foxf1a_312	0.960391397960184	0.000674322712901534	CD	C57BL/6	Saline 3d	AngII 28d
315.3	deviations	315	Foxe3_315	0.960391397960184	-0.0056979831118313	CD	C57BL/6	Saline 3d	AngII 28d
322.3	deviations	322	Foxd2_322	0.960391397960184	-0.0056979831118313	CD	C57BL/6	Saline 3d	AngII 28d
344.3	deviations	344	Gm5294_344	0.960391397960184	0.00319559320189206	CD	C57BL/6	Saline 3d	AngII 28d
368.3	deviations	368	Foxl1_368	0.960391397960184	-0.0028263324553364	CD	C57BL/6	Saline 3d	AngII 28d
370.3	deviations	370	Foxl1_370	0.960391397960184	0.00319559320189206	CD	C57BL/6	Saline 3d	AngII 28d
386.3	deviations	386	Gata4_386	0.960391397960184	-0.00668801642091703	CD	C57BL/6	Saline 3d	AngII 28d
416.3	deviations	416	Pou6f1_416	0.960391397960184	0.00459666587542028	CD	C57BL/6	Saline 3d	AngII 28d
421.3	deviations	421	Nkx25_421	0.960391397960184	-0.000388844579273713	CD	C57BL/6	Saline 3d	AngII 28d
449.3	deviations	449	Hhex_449	0.960391397960184	0.00420855172814275	CD	C57BL/6	Saline 3d	AngII 28d
452.3	deviations	452	Pitx3_452	0.960391397960184	-0.000285573020031646	CD	C57BL/6	Saline 3d	AngII 28d
487.3	deviations	487	Pou2f3_487	0.960391397960184	0.00601456841477864	CD	C57BL/6	Saline 3d	AngII 28d
494.3	deviations	494	Gbx2_494	0.960391397960184	-0.00935839529156866	CD	C57BL/6	Saline 3d	AngII 28d
595.3	deviations	595	NP_595	0.960391397960184	0.0138723186599171	CD	C57BL/6	Saline 3d	AngII 28d
643.3	deviations	643	Mybl2_643	0.960391397960184	-0.00254663347662965	CD	C57BL/6	Saline 3d	AngII 28d
656.3	deviations	656	Ppard_656	0.960391397960184	-0.00249311721525205	CD	C57BL/6	Saline 3d	AngII 28d
667.3	deviations	667	Nr2e1_667	0.960391397960184	-0.002516502871029	CD	C57BL/6	Saline 3d	AngII 28d
672.3	deviations	672	Nr1i2_672	0.960391397960184	-0.00302441300467951	CD	C57BL/6	Saline 3d	AngII 28d
830.3	deviations	830	Foxn2_830	0.960391397960184	-0.00195563896903589	CD	C57BL/6	Saline 3d	AngII 28d
832.3	deviations	832	Foxl2_832	0.960391397960184	-0.00195563896903589	CD	C57BL/6	Saline 3d	AngII 28d
834.3	deviations	834	ENSMUSG00000090020_834	0.960391397960184	-0.00195563896903589	CD	C57BL/6	Saline 3d	AngII 28d
872.3	deviations	872	Wt1_872	0.960391397960184	-0.000266709907439658	CD	C57BL/6	Saline 3d	AngII 28d
48.3	deviations	48	Sohlh2_48	0.961681681145086	0.00681183034139898	CD	C57BL/6	Saline 3d	AngII 28d
265.3	deviations	265	Sfpi1_265	0.961681681145086	-0.00236246842046335	CD	C57BL/6	Saline 3d	AngII 28d
586.3	deviations	586	NP_586	0.961681681145086	0.0118516134419112	CD	C57BL/6	Saline 3d	AngII 28d
665.3	deviations	665	Hnf4a_665	0.961681681145086	0.00875806710373491	CD	C57BL/6	Saline 3d	AngII 28d
209.3	deviations	209	Zfp161_209	0.963739992589968	0.00537374466539296	CD	C57BL/6	Saline 3d	AngII 28d
192.3	deviations	192	Rreb1_192	0.965795322201599	-0.000730768730748706	CD	C57BL/6	Saline 3d	AngII 28d
785.3	deviations	785	Twist1_785	0.966021936211907	-0.00199327038572379	CD	C57BL/6	Saline 3d	AngII 28d
67.3	deviations	67	Atoh8_67	0.967290608816384	-0.00215002971303914	CD	C57BL/6	Saline 3d	AngII 28d
81.3	deviations	81	Olig1_81	0.967290608816384	-0.000665012153295855	CD	C57BL/6	Saline 3d	AngII 28d
455.3	deviations	455	Prrx1_455	0.967290608816384	0.00523017977436601	CD	C57BL/6	Saline 3d	AngII 28d
472.3	deviations	472	Pdx1_472	0.967290608816384	-0.0019013646789198	CD	C57BL/6	Saline 3d	AngII 28d
598.3	deviations	598	NP_598	0.968969589823566	0.00606938481469421	CD	C57BL/6	Saline 3d	AngII 28d
26.3	deviations	26	Arnt2_26	0.973580708181435	0.00203556186042784	CD	C57BL/6	Saline 3d	AngII 28d
89.3	deviations	89	Arntl_89	0.973580708181435	0.00103014159260626	CD	C57BL/6	Saline 3d	AngII 28d
175.3	deviations	175	Mtf1_175	0.973580708181435	-0.00162649786351839	CD	C57BL/6	Saline 3d	AngII 28d
208.3	deviations	208	Zfa_208	0.973580708181435	0.00121967683323757	CD	C57BL/6	Saline 3d	AngII 28d
213.3	deviations	213	Zfy1_213	0.973580708181435	0.00121967683323757	CD	C57BL/6	Saline 3d	AngII 28d
415.3	deviations	415	Phox2a_415	0.973580708181435	-0.0037707016631562	CD	C57BL/6	Saline 3d	AngII 28d
418.3	deviations	418	Phox2b_418	0.973580708181435	-0.0037707016631562	CD	C57BL/6	Saline 3d	AngII 28d
484.3	deviations	484	Irx5_484	0.973580708181435	-0.00536677773765656	CD	C57BL/6	Saline 3d	AngII 28d
532.3	deviations	532	Hoxd11_532	0.973580708181435	0.00254016920929515	CD	C57BL/6	Saline 3d	AngII 28d
620.3	deviations	620	Pou3f1_620	0.973580708181435	0.00513163002203981	CD	C57BL/6	Saline 3d	AngII 28d
811.3	deviations	811	Zfp384_811	0.973580708181435	0.00526824562343161	CD	C57BL/6	Saline 3d	AngII 28d
799.3	deviations	799	Snai2_799	0.974159796284865	0.00315028629829303	CD	C57BL/6	Saline 3d	AngII 28d
4.3	deviations	4	Tcfap2e_4	0.975252325547751	-8.1526005969914e-06	CD	C57BL/6	Saline 3d	AngII 28d
178.3	deviations	178	Zkscan1_178	0.975252325547751	-0.00143262179142912	CD	C57BL/6	Saline 3d	AngII 28d
199.3	deviations	199	Zfp784_199	0.975252325547751	0.00121107392333097	CD	C57BL/6	Saline 3d	AngII 28d
220.3	deviations	220	Zfp637_220	0.975252325547751	0.00718909566198003	CD	C57BL/6	Saline 3d	AngII 28d
270.3	deviations	270	Etv2_270	0.975252325547751	0.00180698704921291	CD	C57BL/6	Saline 3d	AngII 28d
437.3	deviations	437	Otx2_437	0.975252325547751	-0.00734025540065767	CD	C57BL/6	Saline 3d	AngII 28d
467.3	deviations	467	Pax7_467	0.975252325547751	0.000223521761115071	CD	C57BL/6	Saline 3d	AngII 28d
526.3	deviations	526	Crx_526	0.975252325547751	-0.00734025540065767	CD	C57BL/6	Saline 3d	AngII 28d
569.3	deviations	569	Obox3_569	0.975252325547751	-0.00277282579985811	CD	C57BL/6	Saline 3d	AngII 28d
580.3	deviations	580	Gm5889_580	0.975252325547751	-0.00277282579985811	CD	C57BL/6	Saline 3d	AngII 28d
685.3	deviations	685	Rara_685	0.975252325547751	0.000839245776574377	CD	C57BL/6	Saline 3d	AngII 28d
731.3	deviations	731	Sox8_731	0.975252325547751	0.00536651429961981	CD	C57BL/6	Saline 3d	AngII 28d
737.3	deviations	737	Sox15_737	0.975252325547751	0.0119793658550899	CD	C57BL/6	Saline 3d	AngII 28d
746.3	deviations	746	Sox7_746	0.975252325547751	0.00536651429961981	CD	C57BL/6	Saline 3d	AngII 28d
748.3	deviations	748	Sry_748	0.975252325547751	0.00990021894282343	CD	C57BL/6	Saline 3d	AngII 28d
805.3	deviations	805	Rest_805	0.975252325547751	-2.64210602905291e-05	CD	C57BL/6	Saline 3d	AngII 28d
842.3	deviations	842	Mef2d_842	0.975252325547751	-0.00301505342233602	CD	C57BL/6	Saline 3d	AngII 28d
882.3	deviations	882	Mef2b_882	0.975252325547751	-0.00301505342233602	CD	C57BL/6	Saline 3d	AngII 28d
880.3	deviations	880	Foxm1_880	0.976527318777696	-0.00488612007264348	CD	C57BL/6	Saline 3d	AngII 28d
658.3	deviations	658	Nr1i3_658	0.978015508167673	0.000663153021467425	CD	C57BL/6	Saline 3d	AngII 28d
740.3	deviations	740	Sox18_740	0.978015508167673	0.0105984815226362	CD	C57BL/6	Saline 3d	AngII 28d
72.3	deviations	72	Olig2_72	0.980563728170176	0.00494242562295549	CD	C57BL/6	Saline 3d	AngII 28d
263.3	deviations	263	E2f8_263	0.980563728170176	0.00487252596202326	CD	C57BL/6	Saline 3d	AngII 28d
333.3	deviations	333	Gm5294_333	0.980563728170176	-0.00496032445133265	CD	C57BL/6	Saline 3d	AngII 28d
356.3	deviations	356	Foxl1_356	0.980563728170176	-0.00496032445133265	CD	C57BL/6	Saline 3d	AngII 28d
510.3	deviations	510	Hoxa5_510	0.980563728170176	-0.00219620711840534	CD	C57BL/6	Saline 3d	AngII 28d
601.3	deviations	601	NP_601	0.980563728170176	-0.00232512286427846	CD	C57BL/6	Saline 3d	AngII 28d
613.3	deviations	613	Pax3_613	0.980563728170176	0.00267871052067837	CD	C57BL/6	Saline 3d	AngII 28d
172.3	deviations	172	Gfi1b_172	0.981350154225095	-0.000249950483137844	CD	C57BL/6	Saline 3d	AngII 28d
381.3	deviations	381	Foxl1_381	0.981350154225095	-0.0016205700717471	CD	C57BL/6	Saline 3d	AngII 28d
444.3	deviations	444	Esx1_444	0.981350154225095	0.00239552506962673	CD	C57BL/6	Saline 3d	AngII 28d
593.3	deviations	593	NP_593	0.981350154225095	0.00552790073411489	CD	C57BL/6	Saline 3d	AngII 28d
757.3	deviations	757	Stat1_757	0.981350154225095	0.000734068156568255	CD	C57BL/6	Saline 3d	AngII 28d
801.3	deviations	801	Gli1_801	0.981350154225095	-0.00324907619579545	CD	C57BL/6	Saline 3d	AngII 28d
815.3	deviations	815	Gli2_815	0.981350154225095	-0.00324907619579545	CD	C57BL/6	Saline 3d	AngII 28d
20.3	deviations	20	Tcfap4_20	0.982820354149095	-0.00274877965459767	CD	C57BL/6	Saline 3d	AngII 28d
154.3	deviations	154	Yy1_154	0.982820354149095	-0.00272900006384874	CD	C57BL/6	Saline 3d	AngII 28d
173.3	deviations	173	Mecom_173	0.982820354149095	0.00912684215543347	CD	C57BL/6	Saline 3d	AngII 28d
545.3	deviations	545	Nkx12_545	0.982820354149095	-0.000755484968707141	CD	C57BL/6	Saline 3d	AngII 28d
638.3	deviations	638	Mef2c_638	0.982820354149095	-0.00249321965559565	CD	C57BL/6	Saline 3d	AngII 28d
642.3	deviations	642	Mecp2_642	0.982820354149095	-0.00741082774768755	CD	C57BL/6	Saline 3d	AngII 28d
775.3	deviations	775	Spz1_775	0.982820354149095	-0.00166564568915249	CD	C57BL/6	Saline 3d	AngII 28d
705.3	deviations	705	Rfx6_705	0.986122756434639	0.00608058893010808	CD	C57BL/6	Saline 3d	AngII 28d
27.3	deviations	27	Mlx_27	0.991831335779732	0.00241135567419699	CD	C57BL/6	Saline 3d	AngII 28d
33.3	deviations	33	Id2_33	0.991831335779732	-9.92252420236386e-05	CD	C57BL/6	Saline 3d	AngII 28d
45.3	deviations	45	Myog_45	0.991831335779732	0.00286434681134554	CD	C57BL/6	Saline 3d	AngII 28d
57.3	deviations	57	Mesp2_57	0.991831335779732	0.00485503616405707	CD	C57BL/6	Saline 3d	AngII 28d
58.3	deviations	58	Mesp1_58	0.991831335779732	0.00485503616405707	CD	C57BL/6	Saline 3d	AngII 28d
71.3	deviations	71	Tcfl5_71	0.991831335779732	0.00218217345772783	CD	C57BL/6	Saline 3d	AngII 28d
74.3	deviations	74	Id1_74	0.991831335779732	-9.92252420236386e-05	CD	C57BL/6	Saline 3d	AngII 28d
77.3	deviations	77	Bhlhe23_77	0.991831335779732	-0.00549662418678946	CD	C57BL/6	Saline 3d	AngII 28d
80.3	deviations	80	Npas4_80	0.991831335779732	-0.0165722540730001	CD	C57BL/6	Saline 3d	AngII 28d
88.3	deviations	88	Tcf4_88	0.991831335779732	-0.00347614701745919	CD	C57BL/6	Saline 3d	AngII 28d
108.3	deviations	108	Bach1_108	0.991831335779732	0.00729792006705065	CD	C57BL/6	Saline 3d	AngII 28d
164.3	deviations	164	Zscan10_164	0.991831335779732	-0.00153389102986227	CD	C57BL/6	Saline 3d	AngII 28d
181.3	deviations	181	Zic1_181	0.991831335779732	0.00207201704408126	CD	C57BL/6	Saline 3d	AngII 28d
200.3	deviations	200	Zfp3_200	0.991831335779732	0.00337157611020209	CD	C57BL/6	Saline 3d	AngII 28d
343.3	deviations	343	Gm5294_343	0.991831335779732	0.00249183733731385	CD	C57BL/6	Saline 3d	AngII 28d
365.3	deviations	365	Foxl1_365	0.991831335779732	-0.000812640283889585	CD	C57BL/6	Saline 3d	AngII 28d
369.3	deviations	369	Foxl1_369	0.991831335779732	0.00249183733731385	CD	C57BL/6	Saline 3d	AngII 28d
384.3	deviations	384	Gata3_384	0.991831335779732	-0.00243123032451753	CD	C57BL/6	Saline 3d	AngII 28d
463.3	deviations	463	Shox2_463	0.991831335779732	0.00232077492984995	CD	C57BL/6	Saline 3d	AngII 28d
468.3	deviations	468	Nkx11_468	0.991831335779732	-0.00316224351262377	CD	C57BL/6	Saline 3d	AngII 28d
469.3	deviations	469	Uncx_469	0.991831335779732	0.00521516379269651	CD	C57BL/6	Saline 3d	AngII 28d
477.3	deviations	477	Dlx6_477	0.991831335779732	-0.0159063436787663	CD	C57BL/6	Saline 3d	AngII 28d
478.3	deviations	478	Dlx5_478	0.991831335779732	-0.00735807964148256	CD	C57BL/6	Saline 3d	AngII 28d
524.3	deviations	524	ENSMUSG00000040953_524	0.991831335779732	0.000738754663875078	CD	C57BL/6	Saline 3d	AngII 28d
527.3	deviations	527	Obox6_527	0.991831335779732	0.000738754663875078	CD	C57BL/6	Saline 3d	AngII 28d
541.3	deviations	541	Dbx2_541	0.991831335779732	-0.00735807964148256	CD	C57BL/6	Saline 3d	AngII 28d
552.3	deviations	552	Rhox11_552	0.991831335779732	0.000720574983280077	CD	C57BL/6	Saline 3d	AngII 28d
556.3	deviations	556	Gsx1_556	0.991831335779732	-0.00838806592135979	CD	C57BL/6	Saline 3d	AngII 28d
596.3	deviations	596	NP_596	0.991831335779732	-0.00218022147169919	CD	C57BL/6	Saline 3d	AngII 28d
610.3	deviations	610	Nkx11_610	0.991831335779732	-0.00316224351262377	CD	C57BL/6	Saline 3d	AngII 28d
629.3	deviations	629	Irf9_629	0.991831335779732	0.00433902924497128	CD	C57BL/6	Saline 3d	AngII 28d
709.3	deviations	709	Rfx7_709	0.991831335779732	-0.00504979073995869	CD	C57BL/6	Saline 3d	AngII 28d
728.3	deviations	728	Cic_728	0.991831335779732	0.00552969728635892	CD	C57BL/6	Saline 3d	AngII 28d
741.3	deviations	741	Sox12_741	0.991831335779732	-0.00274510013117291	CD	C57BL/6	Saline 3d	AngII 28d
810.3	deviations	810	Klf10_810	0.991831335779732	-0.00323452287673813	CD	C57BL/6	Saline 3d	AngII 28d
847.3	deviations	847	Nr4a1_847	0.991831335779732	0.00074386191152423	CD	C57BL/6	Saline 3d	AngII 28d
878.3	deviations	878	Zfp263_878	0.991831335779732	0.000298795822780301	CD	C57BL/6	Saline 3d	AngII 28d
298.3	deviations	298	Foxj2_298	0.994246813650437	0.00139327081359956	CD	C57BL/6	Saline 3d	AngII 28d
300.3	deviations	300	Foxp4_300	0.994246813650437	0.00139327081359956	CD	C57BL/6	Saline 3d	AngII 28d
301.3	deviations	301	Foxp2_301	0.994246813650437	0.00139327081359956	CD	C57BL/6	Saline 3d	AngII 28d
311.3	deviations	311	Foxp3_311	0.994246813650437	0.00139327081359956	CD	C57BL/6	Saline 3d	AngII 28d
191.4	deviations	191	Sp6_191	0.000144757678404098	0.0176311415237993	Fibroblast	C57BL/6	Saline 3d	AngII 3d
238.4	deviations	238	Sp5_238	0.000144757678404098	0.0176311415237993	Fibroblast	C57BL/6	Saline 3d	AngII 3d
802.4	deviations	802	Sp3_802	0.000144757678404098	0.0145855099207664	Fibroblast	C57BL/6	Saline 3d	AngII 3d
204.4	deviations	204	Zfp740_204	0.00121781957835123	-0.0325250086138136	Fibroblast	C57BL/6	Saline 3d	AngII 3d
237.4	deviations	237	Klf14_237	0.00121781957835123	0.0185333394251626	Fibroblast	C57BL/6	Saline 3d	AngII 3d
798.4	deviations	798	Klf11_798	0.00121781957835123	0.0185333394251626	Fibroblast	C57BL/6	Saline 3d	AngII 3d
817.4	deviations	817	Klf13_817	0.00121781957835123	0.0185333394251626	Fibroblast	C57BL/6	Saline 3d	AngII 3d
874.4	deviations	874	Klf16_874	0.00121781957835123	0.0185333394251626	Fibroblast	C57BL/6	Saline 3d	AngII 3d
296.4	deviations	296	Gm4881_296	0.0013022686245257	-0.0538132927285781	Fibroblast	C57BL/6	Saline 3d	AngII 3d
794.4	deviations	794	Klf6_794	0.00231873640014719	0.0166422469574073	Fibroblast	C57BL/6	Saline 3d	AngII 3d
804.4	deviations	804	Klf3_804	0.00231873640014719	0.0166422469574073	Fibroblast	C57BL/6	Saline 3d	AngII 3d
819.4	deviations	819	Klf2_819	0.00231873640014719	0.0166422469574073	Fibroblast	C57BL/6	Saline 3d	AngII 3d
236.4	deviations	236	Klf12_236	0.00600495764310914	0.0164634890246095	Fibroblast	C57BL/6	Saline 3d	AngII 3d
167.4	deviations	167	Sp4_167	0.00707870271307241	0.0122623617930504	Fibroblast	C57BL/6	Saline 3d	AngII 3d
743.4	deviations	743	Sox14_743	0.0111941270267951	-0.0505575020356677	Fibroblast	C57BL/6	Saline 3d	AngII 3d
426.4	deviations	426	Hnf1b_426	0.0224746679014425	0.0582348755334272	Fibroblast	C57BL/6	Saline 3d	AngII 3d
444.4	deviations	444	Esx1_444	0.0251013869100751	0.0641637699989848	Fibroblast	C57BL/6	Saline 3d	AngII 3d
332.4	deviations	332	Gm5294_332	0.0297628932788887	-0.0269340783226852	Fibroblast	C57BL/6	Saline 3d	AngII 3d
355.4	deviations	355	Foxl1_355	0.0297628932788887	-0.0269340783226852	Fibroblast	C57BL/6	Saline 3d	AngII 3d
171.4	deviations	171	Klf7_171	0.0440132014102355	0.0122126940112454	Fibroblast	C57BL/6	Saline 3d	AngII 3d
849.4	deviations	849	Pgr_849	0.0471240754045379	-0.0605573441433231	Fibroblast	C57BL/6	Saline 3d	AngII 3d
194.4	deviations	194	Klf8_194	0.0511886343551034	0.0117970513585113	Fibroblast	C57BL/6	Saline 3d	AngII 3d
436.4	deviations	436	Otp_436	0.0511886343551034	0.0479672567347191	Fibroblast	C57BL/6	Saline 3d	AngII 3d
297.4	deviations	297	Gm4881_297	0.0524550667174281	-0.0259769958469801	Fibroblast	C57BL/6	Saline 3d	AngII 3d
353.4	deviations	353	Gm5294_353	0.0524550667174281	0.0180764895843745	Fibroblast	C57BL/6	Saline 3d	AngII 3d
379.4	deviations	379	Foxl1_379	0.0524550667174281	0.0180764895843745	Fibroblast	C57BL/6	Saline 3d	AngII 3d
396.4	deviations	396	Hoxa4_396	0.0524550667174281	0.0616728072795426	Fibroblast	C57BL/6	Saline 3d	AngII 3d
491.4	deviations	491	Emx1_491	0.0524550667174281	0.0623642238801279	Fibroblast	C57BL/6	Saline 3d	AngII 3d
556.4	deviations	556	Gsx1_556	0.0524550667174281	0.0519138788899262	Fibroblast	C57BL/6	Saline 3d	AngII 3d
241.4	deviations	241	Myt1l_241	0.0570264737170296	0.0384903985474134	Fibroblast	C57BL/6	Saline 3d	AngII 3d
517.4	deviations	517	En2_517	0.0575145944184302	0.0533621361430981	Fibroblast	C57BL/6	Saline 3d	AngII 3d
530.4	deviations	530	Hoxd1_530	0.0575145944184302	0.0533621361430981	Fibroblast	C57BL/6	Saline 3d	AngII 3d
741.4	deviations	741	Sox12_741	0.0626090070942179	-0.040567908101241	Fibroblast	C57BL/6	Saline 3d	AngII 3d
293.4	deviations	293	Gm4881_293	0.062673203658071	-0.027750378341062	Fibroblast	C57BL/6	Saline 3d	AngII 3d
142.4	deviations	142	Sp1_142	0.0782237161742248	0.0096092303096998	Fibroblast	C57BL/6	Saline 3d	AngII 3d
250.4	deviations	250	Dmrtc2_250	0.0782237161742248	-0.0446982649962061	Fibroblast	C57BL/6	Saline 3d	AngII 3d
294.4	deviations	294	Gm4881_294	0.0782237161742248	-0.0459856538546219	Fibroblast	C57BL/6	Saline 3d	AngII 3d
397.4	deviations	397	Sebox_397	0.0782237161742248	0.0510123195387494	Fibroblast	C57BL/6	Saline 3d	AngII 3d
458.4	deviations	458	Lhx6_458	0.0782237161742248	0.0579536298413868	Fibroblast	C57BL/6	Saline 3d	AngII 3d
585.4	deviations	585	NP_585	0.0782237161742248	0.0579536298413868	Fibroblast	C57BL/6	Saline 3d	AngII 3d
699.4	deviations	699	Nfkb2_699	0.0808593608988124	-0.0388284220938197	Fibroblast	C57BL/6	Saline 3d	AngII 3d
843.4	deviations	843	Smarcc1_843	0.0845726708540785	-0.0298408728110733	Fibroblast	C57BL/6	Saline 3d	AngII 3d
749.4	deviations	749	Sox13_749	0.09687094707753	-0.0462258486599917	Fibroblast	C57BL/6	Saline 3d	AngII 3d
271.4	deviations	271	Spib_271	0.108852892938952	-0.019204393887208	Fibroblast	C57BL/6	Saline 3d	AngII 3d
519.4	deviations	519	Prrx2_519	0.108852892938952	0.0492890299983149	Fibroblast	C57BL/6	Saline 3d	AngII 3d
573.4	deviations	573	Noto_573	0.108852892938952	0.0634535005808659	Fibroblast	C57BL/6	Saline 3d	AngII 3d
598.4	deviations	598	NP_598	0.108852892938952	0.0577273620730959	Fibroblast	C57BL/6	Saline 3d	AngII 3d
839.4	deviations	839	Prrxl1_839	0.108852892938952	0.0492890299983149	Fibroblast	C57BL/6	Saline 3d	AngII 3d
469.4	deviations	469	Uncx_469	0.109527508821027	0.0548104595808618	Fibroblast	C57BL/6	Saline 3d	AngII 3d
494.4	deviations	494	Gbx2_494	0.116509981055892	0.0380697044115043	Fibroblast	C57BL/6	Saline 3d	AngII 3d
511.4	deviations	511	Hoxb4_511	0.116509981055892	0.0544249534510409	Fibroblast	C57BL/6	Saline 3d	AngII 3d
270.4	deviations	270	Etv2_270	0.118024473471081	-0.0454494337675341	Fibroblast	C57BL/6	Saline 3d	AngII 3d
544.4	deviations	544	Duxbl_544	0.118024473471081	0.0340851779027049	Fibroblast	C57BL/6	Saline 3d	AngII 3d
575.4	deviations	575	Gm10391_575	0.118024473471081	0.0340851779027049	Fibroblast	C57BL/6	Saline 3d	AngII 3d
576.4	deviations	576	Gm10394_576	0.118024473471081	0.0340851779027049	Fibroblast	C57BL/6	Saline 3d	AngII 3d
799.4	deviations	799	Snai2_799	0.122900997916486	0.0256250559628695	Fibroblast	C57BL/6	Saline 3d	AngII 3d
209.4	deviations	209	Zfp161_209	0.124503003635868	-0.0185809714898622	Fibroblast	C57BL/6	Saline 3d	AngII 3d
96.4	deviations	96	Mga_96	0.124961183940284	0.0339121021910246	Fibroblast	C57BL/6	Saline 3d	AngII 3d
203.4	deviations	203	Zfp691_203	0.124961183940284	0.0278210134130846	Fibroblast	C57BL/6	Saline 3d	AngII 3d
285.4	deviations	285	Elf1_285	0.124961183940284	-0.0190758462508542	Fibroblast	C57BL/6	Saline 3d	AngII 3d
441.4	deviations	441	Hoxc5_441	0.124961183940284	0.0389487808876836	Fibroblast	C57BL/6	Saline 3d	AngII 3d
480.4	deviations	480	Dbx1_480	0.124961183940284	0.0431199335918077	Fibroblast	C57BL/6	Saline 3d	AngII 3d
499.4	deviations	499	Nkx61_499	0.124961183940284	0.033810148079024	Fibroblast	C57BL/6	Saline 3d	AngII 3d
513.4	deviations	513	Pbx3_513	0.124961183940284	0.0134189161905695	Fibroblast	C57BL/6	Saline 3d	AngII 3d
606.4	deviations	606	NP_606	0.124961183940284	0.033810148079024	Fibroblast	C57BL/6	Saline 3d	AngII 3d
673.4	deviations	673	Nr3c1_673	0.124961183940284	-0.0311784888094897	Fibroblast	C57BL/6	Saline 3d	AngII 3d
242.4	deviations	242	Nfya_242	0.127774524300928	0.0227373530881855	Fibroblast	C57BL/6	Saline 3d	AngII 3d
337.4	deviations	337	Gm5294_337	0.127774524300928	-0.0221844736718495	Fibroblast	C57BL/6	Saline 3d	AngII 3d
358.4	deviations	358	Foxl1_358	0.127774524300928	-0.0221844736718495	Fibroblast	C57BL/6	Saline 3d	AngII 3d
368.4	deviations	368	Foxl1_368	0.127774524300928	-0.0279721193876698	Fibroblast	C57BL/6	Saline 3d	AngII 3d
407.4	deviations	407	Evx2_407	0.127774524300928	0.0397300188740854	Fibroblast	C57BL/6	Saline 3d	AngII 3d
586.4	deviations	586	NP_586	0.127774524300928	0.0607980470190236	Fibroblast	C57BL/6	Saline 3d	AngII 3d
27.4	deviations	27	Mlx_27	0.130353325299173	0.0305987934345516	Fibroblast	C57BL/6	Saline 3d	AngII 3d
420.4	deviations	420	Hoxa2_420	0.130353325299173	0.0435771037356857	Fibroblast	C57BL/6	Saline 3d	AngII 3d
455.4	deviations	455	Prrx1_455	0.130353325299173	0.047764938071217	Fibroblast	C57BL/6	Saline 3d	AngII 3d
470.4	deviations	470	Hnf1a_470	0.130937750275441	0.0478989190805873	Fibroblast	C57BL/6	Saline 3d	AngII 3d
477.4	deviations	477	Dlx6_477	0.135069967486987	0.0379209289630031	Fibroblast	C57BL/6	Saline 3d	AngII 3d
505.4	deviations	505	Alx1_505	0.137103123022531	0.0408113024966994	Fibroblast	C57BL/6	Saline 3d	AngII 3d
438.4	deviations	438	Hmbox1_438	0.140809900919732	0.0530834197758157	Fibroblast	C57BL/6	Saline 3d	AngII 3d
691.4	deviations	691	Trp73_691	0.147363266948447	0.0428979976220364	Fibroblast	C57BL/6	Saline 3d	AngII 3d
207.4	deviations	207	Sp8_207	0.152350963791053	0.00811176976898333	Fibroblast	C57BL/6	Saline 3d	AngII 3d
222.4	deviations	222	Sp7_222	0.152350963791053	0.00811176976898333	Fibroblast	C57BL/6	Saline 3d	AngII 3d
231.4	deviations	231	Sp9_231	0.152350963791053	0.00811176976898333	Fibroblast	C57BL/6	Saline 3d	AngII 3d
574.4	deviations	574	Tlx2_574	0.152350963791053	0.0330147057588182	Fibroblast	C57BL/6	Saline 3d	AngII 3d
523.4	deviations	523	Hesx1_523	0.156215835187408	0.0404812057184866	Fibroblast	C57BL/6	Saline 3d	AngII 3d
686.4	deviations	686	Rxrb_686	0.156215835187408	-0.0215310814303752	Fibroblast	C57BL/6	Saline 3d	AngII 3d
303.4	deviations	303	Foxj3_303	0.165187076584603	-0.0234592972620722	Fibroblast	C57BL/6	Saline 3d	AngII 3d
333.4	deviations	333	Gm5294_333	0.165187076584603	-0.0206973905109941	Fibroblast	C57BL/6	Saline 3d	AngII 3d
356.4	deviations	356	Foxl1_356	0.165187076584603	-0.0206973905109941	Fibroblast	C57BL/6	Saline 3d	AngII 3d
451.4	deviations	451	Lbx1_451	0.165187076584603	0.049802031663347	Fibroblast	C57BL/6	Saline 3d	AngII 3d
581.4	deviations	581	Hoxc4_581	0.165187076584603	0.0474452818160196	Fibroblast	C57BL/6	Saline 3d	AngII 3d
765.4	deviations	765	Tbx3_765	0.165187076584603	0.040940244826353	Fibroblast	C57BL/6	Saline 3d	AngII 3d
830.4	deviations	830	Foxn2_830	0.165187076584603	-0.0234592972620722	Fibroblast	C57BL/6	Saline 3d	AngII 3d
832.4	deviations	832	Foxl2_832	0.165187076584603	-0.0234592972620722	Fibroblast	C57BL/6	Saline 3d	AngII 3d
834.4	deviations	834	ENSMUSG00000090020_834	0.165187076584603	-0.0234592972620722	Fibroblast	C57BL/6	Saline 3d	AngII 3d
846.4	deviations	846	Thrb_846	0.165187076584603	-0.0354907698232648	Fibroblast	C57BL/6	Saline 3d	AngII 3d
852.4	deviations	852	Thra_852	0.165187076584603	-0.0354907698232648	Fibroblast	C57BL/6	Saline 3d	AngII 3d
666.4	deviations	666	Esr1_666	0.166257672741655	-0.0207267171285848	Fibroblast	C57BL/6	Saline 3d	AngII 3d
446.4	deviations	446	Pou4f3_446	0.167579348180797	0.0391716969085389	Fibroblast	C57BL/6	Saline 3d	AngII 3d
21.4	deviations	21	Twist2_21	0.170707329381032	0.0434900216276655	Fibroblast	C57BL/6	Saline 3d	AngII 3d
768.4	deviations	768	Eomes_768	0.170707329381032	0.0410407279859567	Fibroblast	C57BL/6	Saline 3d	AngII 3d
781.4	deviations	781	Tal2_781	0.170707329381032	0.0434900216276655	Fibroblast	C57BL/6	Saline 3d	AngII 3d
810.4	deviations	810	Klf10_810	0.170707329381032	0.0169444444550248	Fibroblast	C57BL/6	Saline 3d	AngII 3d
344.4	deviations	344	Gm5294_344	0.17283839389145	-0.0248320903259081	Fibroblast	C57BL/6	Saline 3d	AngII 3d
370.4	deviations	370	Foxl1_370	0.17283839389145	-0.0248320903259081	Fibroblast	C57BL/6	Saline 3d	AngII 3d
143.4	deviations	143	Klf4_143	0.184674401755107	0.00864731948624966	Fibroblast	C57BL/6	Saline 3d	AngII 3d
310.4	deviations	310	Foxk2_310	0.184674401755107	-0.0302836003504846	Fibroblast	C57BL/6	Saline 3d	AngII 3d
317.4	deviations	317	Foxi1_317	0.184674401755107	-0.0196332777037279	Fibroblast	C57BL/6	Saline 3d	AngII 3d
318.4	deviations	318	Foxi2_318	0.184674401755107	-0.0196332777037279	Fibroblast	C57BL/6	Saline 3d	AngII 3d
319.4	deviations	319	Foxo3_319	0.184674401755107	-0.0302836003504846	Fibroblast	C57BL/6	Saline 3d	AngII 3d
323.4	deviations	323	Foxi3_323	0.184674401755107	-0.0196332777037279	Fibroblast	C57BL/6	Saline 3d	AngII 3d
324.4	deviations	324	Foxk1_324	0.184674401755107	-0.0302836003504846	Fibroblast	C57BL/6	Saline 3d	AngII 3d
340.4	deviations	340	Gm5294_340	0.184674401755107	-0.0196332777037279	Fibroblast	C57BL/6	Saline 3d	AngII 3d
362.4	deviations	362	Foxl1_362	0.184674401755107	-0.0196332777037279	Fibroblast	C57BL/6	Saline 3d	AngII 3d
447.4	deviations	447	Rax_447	0.184674401755107	0.0402215140741589	Fibroblast	C57BL/6	Saline 3d	AngII 3d
476.4	deviations	476	Nobox_476	0.184674401755107	0.0363522465692937	Fibroblast	C57BL/6	Saline 3d	AngII 3d
546.4	deviations	546	Hoxb3_546	0.184674401755107	0.0386878766915983	Fibroblast	C57BL/6	Saline 3d	AngII 3d
615.4	deviations	615	Pou1f1_615	0.184674401755107	0.0438913839213758	Fibroblast	C57BL/6	Saline 3d	AngII 3d
637.4	deviations	637	Naif1_637	0.184674401755107	-0.0655942668733874	Fibroblast	C57BL/6	Saline 3d	AngII 3d
761.4	deviations	761	Tbx4_761	0.184674401755107	0.0398167943430429	Fibroblast	C57BL/6	Saline 3d	AngII 3d
763.4	deviations	763	Tbx1_763	0.184674401755107	0.0261194707306487	Fibroblast	C57BL/6	Saline 3d	AngII 3d
764.4	deviations	764	Tbx5_764	0.184674401755107	0.0398167943430429	Fibroblast	C57BL/6	Saline 3d	AngII 3d
769.4	deviations	769	Tbr1_769	0.184674401755107	0.0351073966565106	Fibroblast	C57BL/6	Saline 3d	AngII 3d
770.4	deviations	770	Tbx10_770	0.184674401755107	0.0261194707306487	Fibroblast	C57BL/6	Saline 3d	AngII 3d
589.4	deviations	589	NP_589	0.186391682180405	0.0293827351548944	Fibroblast	C57BL/6	Saline 3d	AngII 3d
352.4	deviations	352	Gm5294_352	0.19065726893807	-0.0224499780293119	Fibroblast	C57BL/6	Saline 3d	AngII 3d
378.4	deviations	378	Foxl1_378	0.19065726893807	-0.0224499780293119	Fibroblast	C57BL/6	Saline 3d	AngII 3d
479.4	deviations	479	Hoxa1_479	0.19065726893807	0.0394547264888	Fibroblast	C57BL/6	Saline 3d	AngII 3d
521.4	deviations	521	Alx4_521	0.19397520549639	0.0379055274890604	Fibroblast	C57BL/6	Saline 3d	AngII 3d
531.4	deviations	531	Hoxd4_531	0.194262425768616	0.0382604104713477	Fibroblast	C57BL/6	Saline 3d	AngII 3d
547.4	deviations	547	Hoxb13_547	0.195070405941758	0.0299634298718566	Fibroblast	C57BL/6	Saline 3d	AngII 3d
54.4	deviations	54	Figla_54	0.195376956081035	0.0287657318294354	Fibroblast	C57BL/6	Saline 3d	AngII 3d
321.4	deviations	321	Foxo6_321	0.197923615775415	-0.0240107302726058	Fibroblast	C57BL/6	Saline 3d	AngII 3d
381.4	deviations	381	Foxl1_381	0.197923615775415	-0.0111977723905113	Fibroblast	C57BL/6	Saline 3d	AngII 3d
419.4	deviations	419	Alx3_419	0.197923615775415	0.0452352139688105	Fibroblast	C57BL/6	Saline 3d	AngII 3d
454.4	deviations	454	Lhx4_454	0.197923615775415	0.0452352139688105	Fibroblast	C57BL/6	Saline 3d	AngII 3d
490.4	deviations	490	Vsx1_490	0.197923615775415	0.0494186149873767	Fibroblast	C57BL/6	Saline 3d	AngII 3d
563.4	deviations	563	En1_563	0.197923615775415	0.0452352139688105	Fibroblast	C57BL/6	Saline 3d	AngII 3d
535.4	deviations	535	Emx2_535	0.199584109427152	0.03982685408363	Fibroblast	C57BL/6	Saline 3d	AngII 3d
435.4	deviations	435	Irx4_435	0.200093288349623	0.0406058431778632	Fibroblast	C57BL/6	Saline 3d	AngII 3d
760.4	deviations	760	Tbx2_760	0.200093288349623	0.0357855820108641	Fibroblast	C57BL/6	Saline 3d	AngII 3d
567.4	deviations	567	Nkx63_567	0.201673822533954	0.030755189165749	Fibroblast	C57BL/6	Saline 3d	AngII 3d
818.4	deviations	818	Glis3_818	0.201673822533954	-0.0128822581599381	Fibroblast	C57BL/6	Saline 3d	AngII 3d
614.4	deviations	614	Pax6_614	0.204441392039157	0.0389831585748272	Fibroblast	C57BL/6	Saline 3d	AngII 3d
829.4	deviations	829	Foxn3_829	0.205919816441137	-0.0251990345251482	Fibroblast	C57BL/6	Saline 3d	AngII 3d
661.4	deviations	661	Rxrg_661	0.211428720859592	-0.0143878300839724	Fibroblast	C57BL/6	Saline 3d	AngII 3d
811.4	deviations	811	Zfp384_811	0.211604229715756	-0.0299843296298809	Fibroblast	C57BL/6	Saline 3d	AngII 3d
166.4	deviations	166	Ovol1_166	0.214500349057629	0.0353411544018159	Fibroblast	C57BL/6	Saline 3d	AngII 3d
153.4	deviations	153	Patz1_153	0.22048269445397	-0.0084498413612017	Fibroblast	C57BL/6	Saline 3d	AngII 3d
459.4	deviations	459	Lhx3_459	0.221798294643891	0.0377253685241965	Fibroblast	C57BL/6	Saline 3d	AngII 3d
139.4	deviations	139	Zeb1_139	0.228523738199597	0.0231625261123284	Fibroblast	C57BL/6	Saline 3d	AngII 3d
515.4	deviations	515	Lmx1b_515	0.230911976344123	0.0348780053100981	Fibroblast	C57BL/6	Saline 3d	AngII 3d
518.4	deviations	518	Hlx_518	0.230911976344123	0.0348780053100981	Fibroblast	C57BL/6	Saline 3d	AngII 3d
539.4	deviations	539	Prop1_539	0.230911976344123	0.0348780053100981	Fibroblast	C57BL/6	Saline 3d	AngII 3d
475.4	deviations	475	Pax4_475	0.232595318639677	0.055552749661753	Fibroblast	C57BL/6	Saline 3d	AngII 3d
495.4	deviations	495	Hdx_495	0.23840734716491	0.0208053086136715	Fibroblast	C57BL/6	Saline 3d	AngII 3d
108.4	deviations	108	Bach1_108	0.248596009456498	-0.0253740376333591	Fibroblast	C57BL/6	Saline 3d	AngII 3d
187.4	deviations	187	Zic4_187	0.252863562738216	0.0115435934463246	Fibroblast	C57BL/6	Saline 3d	AngII 3d
247.4	deviations	247	Cxxc1_247	0.253130002662476	0.0393168392396295	Fibroblast	C57BL/6	Saline 3d	AngII 3d
47.4	deviations	47	Ptf1a_47	0.253404588980782	-0.0166012141267918	Fibroblast	C57BL/6	Saline 3d	AngII 3d
881.4	deviations	881	Mixl1_881	0.262185043354834	0.0419489342669309	Fibroblast	C57BL/6	Saline 3d	AngII 3d
46.4	deviations	46	Usf1_46	0.263434059350122	0.0260313294660195	Fibroblast	C57BL/6	Saline 3d	AngII 3d
487.4	deviations	487	Pou2f3_487	0.271836470303812	0.029540052751672	Fibroblast	C57BL/6	Saline 3d	AngII 3d
583.4	deviations	583	Hoxd3_583	0.272799838500756	0.0292248125417468	Fibroblast	C57BL/6	Saline 3d	AngII 3d
627.4	deviations	627	Hsf4_627	0.276087998605798	-0.0170317252367603	Fibroblast	C57BL/6	Saline 3d	AngII 3d
25.4	deviations	25	Arnt_25	0.286887103297737	0.029529409321877	Fibroblast	C57BL/6	Saline 3d	AngII 3d
456.4	deviations	456	Lmx1a_456	0.286887103297737	0.037082071341372	Fibroblast	C57BL/6	Saline 3d	AngII 3d
571.4	deviations	571	Gbx1_571	0.286887103297737	0.0354771006785822	Fibroblast	C57BL/6	Saline 3d	AngII 3d
725.4	deviations	725	Sox9_725	0.286887103297737	-0.0317219923353354	Fibroblast	C57BL/6	Saline 3d	AngII 3d
850.4	deviations	850	Nr1h4_850	0.286887103297737	-0.0288541796416057	Fibroblast	C57BL/6	Saline 3d	AngII 3d
851.4	deviations	851	Nr1h5_851	0.286887103297737	-0.0288541796416057	Fibroblast	C57BL/6	Saline 3d	AngII 3d
506.4	deviations	506	Hoxa13_506	0.29275306018232	0.0268508410622551	Fibroblast	C57BL/6	Saline 3d	AngII 3d
39.4	deviations	39	Hes1_39	0.295220554423077	0.020907270823507	Fibroblast	C57BL/6	Saline 3d	AngII 3d
91.4	deviations	91	Max_91	0.295220554423077	0.0304761608762614	Fibroblast	C57BL/6	Saline 3d	AngII 3d
510.4	deviations	510	Hoxa5_510	0.295220554423077	0.0262259712974699	Fibroblast	C57BL/6	Saline 3d	AngII 3d
520.4	deviations	520	Hmx3_520	0.295220554423077	0.0255962857710454	Fibroblast	C57BL/6	Saline 3d	AngII 3d
577.4	deviations	577	Cphx_577	0.295220554423077	0.0158754019210193	Fibroblast	C57BL/6	Saline 3d	AngII 3d
590.4	deviations	590	NP_590	0.295220554423077	0.0255962857710454	Fibroblast	C57BL/6	Saline 3d	AngII 3d
701.4	deviations	701	Nfkb1_701	0.295220554423077	-0.0259963392016575	Fibroblast	C57BL/6	Saline 3d	AngII 3d
9.4	deviations	9	Arid5a_9	0.299132740647968	0.0195554128904503	Fibroblast	C57BL/6	Saline 3d	AngII 3d
729.4	deviations	729	Hmg20b_729	0.301677830552074	-0.0214440141480756	Fibroblast	C57BL/6	Saline 3d	AngII 3d
305.4	deviations	305	Foxj1_305	0.305278633513117	-0.0165293637277134	Fibroblast	C57BL/6	Saline 3d	AngII 3d
335.4	deviations	335	Gm5294_335	0.305278633513117	-0.0165293637277134	Fibroblast	C57BL/6	Saline 3d	AngII 3d
357.4	deviations	357	Foxl1_357	0.305278633513117	-0.0165293637277134	Fibroblast	C57BL/6	Saline 3d	AngII 3d
398.4	deviations	398	Meox1_398	0.305278633513117	0.0260889488306102	Fibroblast	C57BL/6	Saline 3d	AngII 3d
266.4	deviations	266	Elf3_266	0.312905748281629	-0.01738488424055	Fibroblast	C57BL/6	Saline 3d	AngII 3d
59.4	deviations	59	Tcf12_59	0.313665285799448	0.0236278054985004	Fibroblast	C57BL/6	Saline 3d	AngII 3d
498.4	deviations	498	Lbx2_498	0.313665285799448	0.0434022363981986	Fibroblast	C57BL/6	Saline 3d	AngII 3d
534.4	deviations	534	Hoxd9_534	0.313665285799448	0.0214933630133095	Fibroblast	C57BL/6	Saline 3d	AngII 3d
872.4	deviations	872	Wt1_872	0.313812244420199	0.00454823278955114	Fibroblast	C57BL/6	Saline 3d	AngII 3d
37.4	deviations	37	Myc_37	0.3142943915141	0.0183130720109996	Fibroblast	C57BL/6	Saline 3d	AngII 3d
132.4	deviations	132	Nfe2_132	0.3142943915141	-0.0163814068764922	Fibroblast	C57BL/6	Saline 3d	AngII 3d
878.4	deviations	878	Zfp263_878	0.3142943915141	-0.0051907325542595	Fibroblast	C57BL/6	Saline 3d	AngII 3d
169.4	deviations	169	Zfp202_169	0.320267235297444	-0.0183825996049613	Fibroblast	C57BL/6	Saline 3d	AngII 3d
104.4	deviations	104	Fos_104	0.324112168863069	-0.0169448758960595	Fibroblast	C57BL/6	Saline 3d	AngII 3d
380.4	deviations	380	Foxl1_380	0.327623197200243	-0.0114852149249458	Fibroblast	C57BL/6	Saline 3d	AngII 3d
206.4	deviations	206	Osr1_206	0.331733515559469	0.0191407580286396	Fibroblast	C57BL/6	Saline 3d	AngII 3d
693.4	deviations	693	Pax9_693	0.331733515559469	0.02467947865184	Fibroblast	C57BL/6	Saline 3d	AngII 3d
7.4	deviations	7	Arid3a_7	0.337586316342824	0.013043739206469	Fibroblast	C57BL/6	Saline 3d	AngII 3d
288.4	deviations	288	Erf_288	0.34390377942771	-0.0253883729230847	Fibroblast	C57BL/6	Saline 3d	AngII 3d
214.4	deviations	214	Klf1_214	0.344882110544702	0.00995058273417915	Fibroblast	C57BL/6	Saline 3d	AngII 3d
390.4	deviations	390	Grhl1_390	0.347414447808317	0.0231008408917326	Fibroblast	C57BL/6	Saline 3d	AngII 3d
220.4	deviations	220	Zfp637_220	0.348022007636871	-0.0319101283162071	Fibroblast	C57BL/6	Saline 3d	AngII 3d
645.4	deviations	645	Cdc5l_645	0.349412360987407	0.024338545387172	Fibroblast	C57BL/6	Saline 3d	AngII 3d
570.4	deviations	570	Hmx1_570	0.350811485621561	0.0355405999774351	Fibroblast	C57BL/6	Saline 3d	AngII 3d
406.4	deviations	406	Hoxc6_406	0.354926071910107	0.035901640940178	Fibroblast	C57BL/6	Saline 3d	AngII 3d
639.4	deviations	639	Srf_639	0.354926071910107	0.0406533860012507	Fibroblast	C57BL/6	Saline 3d	AngII 3d
844.4	deviations	844	Nr1d1_844	0.354926071910107	-0.0241787456752159	Fibroblast	C57BL/6	Saline 3d	AngII 3d
845.4	deviations	845	Nr1d2_845	0.354926071910107	-0.0241787456752159	Fibroblast	C57BL/6	Saline 3d	AngII 3d
12.4	deviations	12	Setbp1_12	0.355066971808381	-0.087605971419922	Fibroblast	C57BL/6	Saline 3d	AngII 3d
195.4	deviations	195	Zic5_195	0.355066971808381	-0.0114867615351982	Fibroblast	C57BL/6	Saline 3d	AngII 3d
24.4	deviations	24	Myod1_24	0.359663507462696	-0.0153980146952223	Fibroblast	C57BL/6	Saline 3d	AngII 3d
64.4	deviations	64	Atoh7_64	0.371595710160314	0.0433828035989146	Fibroblast	C57BL/6	Saline 3d	AngII 3d
413.4	deviations	413	Vax1_413	0.371595710160314	0.0303710872711095	Fibroblast	C57BL/6	Saline 3d	AngII 3d
424.4	deviations	424	Lhx9_424	0.371595710160314	0.0355643342523482	Fibroblast	C57BL/6	Saline 3d	AngII 3d
500.4	deviations	500	Arx_500	0.371595710160314	0.0355643342523482	Fibroblast	C57BL/6	Saline 3d	AngII 3d
170.4	deviations	170	Zfp282_170	0.372705535824655	-0.0169192764687758	Fibroblast	C57BL/6	Saline 3d	AngII 3d
205.4	deviations	205	Scrt1_205	0.381892993996966	0.020341122655181	Fibroblast	C57BL/6	Saline 3d	AngII 3d
680.4	deviations	680	Nr2f2_680	0.381892993996966	-0.00379813333611852	Fibroblast	C57BL/6	Saline 3d	AngII 3d
150.4	deviations	150	Sp2_150	0.389258193800214	0.00452150823610642	Fibroblast	C57BL/6	Saline 3d	AngII 3d
842.4	deviations	842	Mef2d_842	0.39074316734064	-0.0245699226038243	Fibroblast	C57BL/6	Saline 3d	AngII 3d
882.4	deviations	882	Mef2b_882	0.39074316734064	-0.0245699226038243	Fibroblast	C57BL/6	Saline 3d	AngII 3d
410.4	deviations	410	Evx1_410	0.391277432729783	0.022709854979171	Fibroblast	C57BL/6	Saline 3d	AngII 3d
795.4	deviations	795	Bcl11a_795	0.391277432729783	-0.0110314174961603	Fibroblast	C57BL/6	Saline 3d	AngII 3d
814.4	deviations	814	Bcl11b_814	0.391277432729783	-0.0110314174961603	Fibroblast	C57BL/6	Saline 3d	AngII 3d
860.4	deviations	860	Smad4_860	0.391277432729783	0.0103486897544102	Fibroblast	C57BL/6	Saline 3d	AngII 3d
463.4	deviations	463	Shox2_463	0.397085349076142	0.0199781282624198	Fibroblast	C57BL/6	Saline 3d	AngII 3d
482.4	deviations	482	Isx_482	0.399559218193355	0.0313146908365481	Fibroblast	C57BL/6	Saline 3d	AngII 3d
643.4	deviations	643	Mybl2_643	0.40760272762613	-0.0432011368392939	Fibroblast	C57BL/6	Saline 3d	AngII 3d
313.4	deviations	313	Foxo4_313	0.414198721514315	-0.0185549981288416	Fibroblast	C57BL/6	Saline 3d	AngII 3d
497.4	deviations	497	Vax2_497	0.414198721514315	0.0326213943024109	Fibroblast	C57BL/6	Saline 3d	AngII 3d
619.4	deviations	619	Pou2f1_619	0.414198721514315	0.0350426775670607	Fibroblast	C57BL/6	Saline 3d	AngII 3d
731.4	deviations	731	Sox8_731	0.414198721514315	-0.0194852726242975	Fibroblast	C57BL/6	Saline 3d	AngII 3d
746.4	deviations	746	Sox7_746	0.414198721514315	-0.0194852726242975	Fibroblast	C57BL/6	Saline 3d	AngII 3d
840.4	deviations	840	Pou4f2_840	0.414198721514315	0.0160240633615699	Fibroblast	C57BL/6	Saline 3d	AngII 3d
841.4	deviations	841	Pou4f1_841	0.414198721514315	0.0160240633615699	Fibroblast	C57BL/6	Saline 3d	AngII 3d
50.4	deviations	50	Mycl1_50	0.414661267517977	0.0185105948387964	Fibroblast	C57BL/6	Saline 3d	AngII 3d
65.4	deviations	65	Mycn_65	0.414661267517977	0.0185105948387964	Fibroblast	C57BL/6	Saline 3d	AngII 3d
76.4	deviations	76	Mycs_76	0.414661267517977	0.0185105948387964	Fibroblast	C57BL/6	Saline 3d	AngII 3d
161.4	deviations	161	Osr2_161	0.414661267517977	0.0160196046292826	Fibroblast	C57BL/6	Saline 3d	AngII 3d
308.4	deviations	308	Foxf2_308	0.414661267517977	-0.0253165136564175	Fibroblast	C57BL/6	Saline 3d	AngII 3d
312.4	deviations	312	Foxf1a_312	0.414661267517977	-0.0253165136564175	Fibroblast	C57BL/6	Saline 3d	AngII 3d
361.4	deviations	361	Foxl1_361	0.414661267517977	-0.0120333706813371	Fibroblast	C57BL/6	Saline 3d	AngII 3d
403.4	deviations	403	Hoxc13_403	0.414661267517977	0.0202423394342866	Fibroblast	C57BL/6	Saline 3d	AngII 3d
502.4	deviations	502	Gsx2_502	0.414661267517977	0.0300089772985418	Fibroblast	C57BL/6	Saline 3d	AngII 3d
504.4	deviations	504	Meox2_504	0.414661267517977	0.0331940117611047	Fibroblast	C57BL/6	Saline 3d	AngII 3d
653.4	deviations	653	Pparg_653	0.414694542197819	0.0147239127424906	Fibroblast	C57BL/6	Saline 3d	AngII 3d
172.4	deviations	172	Gfi1b_172	0.419983348003998	0.0198112706621466	Fibroblast	C57BL/6	Saline 3d	AngII 3d
767.4	deviations	767	Tbx20_767	0.419983348003998	0.0251509912196786	Fibroblast	C57BL/6	Saline 3d	AngII 3d
880.4	deviations	880	Foxm1_880	0.419983348003998	-0.0105865156235507	Fibroblast	C57BL/6	Saline 3d	AngII 3d
22.4	deviations	22	Id3_22	0.422658604475612	0.0241404569723448	Fibroblast	C57BL/6	Saline 3d	AngII 3d
28.4	deviations	28	Ahr_28	0.422658604475612	-0.0162419156024025	Fibroblast	C57BL/6	Saline 3d	AngII 3d
35.4	deviations	35	Id4_35	0.422658604475612	0.0241404569723448	Fibroblast	C57BL/6	Saline 3d	AngII 3d
36.4	deviations	36	Ahrr_36	0.422658604475612	-0.0162419156024025	Fibroblast	C57BL/6	Saline 3d	AngII 3d
198.4	deviations	198	Hic1_198	0.422658604475612	-0.0164459383661661	Fibroblast	C57BL/6	Saline 3d	AngII 3d
249.4	deviations	249	Kdm2b_249	0.422658604475612	0.0466727666087218	Fibroblast	C57BL/6	Saline 3d	AngII 3d
339.4	deviations	339	Gm5294_339	0.422658604475612	-0.0135336904723216	Fibroblast	C57BL/6	Saline 3d	AngII 3d
346.4	deviations	346	Gm5294_346	0.422658604475612	-0.0231722852530387	Fibroblast	C57BL/6	Saline 3d	AngII 3d
363.4	deviations	363	Foxl1_363	0.422658604475612	-0.0135336904723216	Fibroblast	C57BL/6	Saline 3d	AngII 3d
372.4	deviations	372	Foxl1_372	0.422658604475612	-0.0231722852530387	Fibroblast	C57BL/6	Saline 3d	AngII 3d
393.4	deviations	393	Lhx2_393	0.422658604475612	0.0293519333904236	Fibroblast	C57BL/6	Saline 3d	AngII 3d
485.4	deviations	485	Irx6_485	0.422658604475612	0.0274667851687173	Fibroblast	C57BL/6	Saline 3d	AngII 3d
616.4	deviations	616	Pou2f2_616	0.422658604475612	0.0324989690941708	Fibroblast	C57BL/6	Saline 3d	AngII 3d
771.4	deviations	771	T_771	0.422658604475612	0.0170944608397667	Fibroblast	C57BL/6	Saline 3d	AngII 3d
808.4	deviations	808	Zbtb7a_808	0.422658604475612	0.0102633181895206	Fibroblast	C57BL/6	Saline 3d	AngII 3d
812.4	deviations	812	Zbtb7c_812	0.422658604475612	0.0102633181895206	Fibroblast	C57BL/6	Saline 3d	AngII 3d
638.4	deviations	638	Mef2c_638	0.427080547613364	-0.0219196174250293	Fibroblast	C57BL/6	Saline 3d	AngII 3d
42.4	deviations	42	Bhlhe22_42	0.428071105782922	0.0336040497561677	Fibroblast	C57BL/6	Saline 3d	AngII 3d
88.4	deviations	88	Tcf4_88	0.428926835175423	0.0190068967069999	Fibroblast	C57BL/6	Saline 3d	AngII 3d
221.4	deviations	221	Scrt2_221	0.428926835175423	0.0182729446888018	Fibroblast	C57BL/6	Saline 3d	AngII 3d
415.4	deviations	415	Phox2a_415	0.428926835175423	0.0221693153956493	Fibroblast	C57BL/6	Saline 3d	AngII 3d
418.4	deviations	418	Phox2b_418	0.428926835175423	0.0221693153956493	Fibroblast	C57BL/6	Saline 3d	AngII 3d
471.4	deviations	471	Lhx5_471	0.428926835175423	0.0310995464608422	Fibroblast	C57BL/6	Saline 3d	AngII 3d
690.4	deviations	690	Nr2f1_690	0.428926835175423	-0.00569799325751567	Fibroblast	C57BL/6	Saline 3d	AngII 3d
600.4	deviations	600	NP_600	0.432535050745489	-0.0297886407490436	Fibroblast	C57BL/6	Saline 3d	AngII 3d
620.4	deviations	620	Pou3f1_620	0.442950271082153	0.0324708752461683	Fibroblast	C57BL/6	Saline 3d	AngII 3d
789.4	deviations	789	Batf3_789	0.442950271082153	-0.0187501012517135	Fibroblast	C57BL/6	Saline 3d	AngII 3d
790.4	deviations	790	Batf_790	0.442950271082153	-0.0187501012517135	Fibroblast	C57BL/6	Saline 3d	AngII 3d
863.4	deviations	863	Smad1_863	0.442950271082153	0.00105264989115171	Fibroblast	C57BL/6	Saline 3d	AngII 3d
883.4	deviations	883	Smad5_883	0.442950271082153	0.00105264989115171	Fibroblast	C57BL/6	Saline 3d	AngII 3d
745.4	deviations	745	Sox21_745	0.444883040284471	-0.0196421060601642	Fibroblast	C57BL/6	Saline 3d	AngII 3d
648.4	deviations	648	Terf2_648	0.446382508763469	0.0113296172711462	Fibroblast	C57BL/6	Saline 3d	AngII 3d
758.4	deviations	758	Stat2_758	0.447446335703242	-0.0106010604563406	Fibroblast	C57BL/6	Saline 3d	AngII 3d
461.4	deviations	461	Meis2_461	0.448073173964089	0.013981579297429	Fibroblast	C57BL/6	Saline 3d	AngII 3d
640.4	deviations	640	Mef2a_640	0.450472246597967	-0.0228425502229334	Fibroblast	C57BL/6	Saline 3d	AngII 3d
128.4	deviations	128	X9430076C15Rik_128	0.454660892830052	-0.0162330366109659	Fibroblast	C57BL/6	Saline 3d	AngII 3d
100.4	deviations	100	Atf6b_100	0.457452621995301	0.0177707449486786	Fibroblast	C57BL/6	Saline 3d	AngII 3d
111.4	deviations	111	Atf6_111	0.457452621995301	0.0177707449486786	Fibroblast	C57BL/6	Saline 3d	AngII 3d
492.4	deviations	492	Barhl2_492	0.457452621995301	0.0225226018241291	Fibroblast	C57BL/6	Saline 3d	AngII 3d
813.4	deviations	813	Mbtps2_813	0.457452621995301	-0.0120506113160405	Fibroblast	C57BL/6	Saline 3d	AngII 3d
875.4	deviations	875	Zfp42_875	0.457452621995301	-0.0120506113160405	Fibroblast	C57BL/6	Saline 3d	AngII 3d
267.4	deviations	267	Etv3_267	0.461240908214682	-0.0227352550272764	Fibroblast	C57BL/6	Saline 3d	AngII 3d
179.4	deviations	179	Mzf1_179	0.463918413468032	-0.0205491160164887	Fibroblast	C57BL/6	Saline 3d	AngII 3d
269.4	deviations	269	Spic_269	0.463918413468032	-0.0101860749149819	Fibroblast	C57BL/6	Saline 3d	AngII 3d
89.4	deviations	89	Arntl_89	0.464616574691503	0.0150172792260167	Fibroblast	C57BL/6	Saline 3d	AngII 3d
595.4	deviations	595	NP_595	0.464616574691503	-0.0278749152684639	Fibroblast	C57BL/6	Saline 3d	AngII 3d
644.4	deviations	644	Myb_644	0.464616574691503	0.011221714171062	Fibroblast	C57BL/6	Saline 3d	AngII 3d
649.4	deviations	649	Mypop_649	0.464616574691503	0.0294577549129575	Fibroblast	C57BL/6	Saline 3d	AngII 3d
727.4	deviations	727	Hbp1_727	0.464616574691503	-0.0154606684965132	Fibroblast	C57BL/6	Saline 3d	AngII 3d
561.4	deviations	561	Pou3f4_561	0.465753719090752	0.0295452498058611	Fibroblast	C57BL/6	Saline 3d	AngII 3d
99.4	deviations	99	Hlf_99	0.467269863618679	-0.0341441725045181	Fibroblast	C57BL/6	Saline 3d	AngII 3d
425.4	deviations	425	Meis1_425	0.467269863618679	0.0108526895058569	Fibroblast	C57BL/6	Saline 3d	AngII 3d
821.4	deviations	821	Ybx2_821	0.467269863618679	-0.0180470973704875	Fibroblast	C57BL/6	Saline 3d	AngII 3d
822.4	deviations	822	Ybx1_822	0.467269863618679	-0.0180470973704875	Fibroblast	C57BL/6	Saline 3d	AngII 3d
823.4	deviations	823	Csda_823	0.467269863618679	-0.0180470973704875	Fibroblast	C57BL/6	Saline 3d	AngII 3d
838.4	deviations	838	Nkx62_838	0.467269863618679	0.0235712094856078	Fibroblast	C57BL/6	Saline 3d	AngII 3d
122.4	deviations	122	Crebzf_122	0.469775836858496	0.0713206446100672	Fibroblast	C57BL/6	Saline 3d	AngII 3d
298.4	deviations	298	Foxj2_298	0.475026645780007	-0.0141044495565389	Fibroblast	C57BL/6	Saline 3d	AngII 3d
300.4	deviations	300	Foxp4_300	0.475026645780007	-0.0141044495565389	Fibroblast	C57BL/6	Saline 3d	AngII 3d
301.4	deviations	301	Foxp2_301	0.475026645780007	-0.0141044495565389	Fibroblast	C57BL/6	Saline 3d	AngII 3d
311.4	deviations	311	Foxp3_311	0.475026645780007	-0.0141044495565389	Fibroblast	C57BL/6	Saline 3d	AngII 3d
412.4	deviations	412	Rhox6_412	0.475026645780007	0.0278643510785	Fibroblast	C57BL/6	Saline 3d	AngII 3d
572.4	deviations	572	Rhox9_572	0.475026645780007	0.0278643510785	Fibroblast	C57BL/6	Saline 3d	AngII 3d
95.4	deviations	95	Usf2_95	0.47980251116769	0.0176561952940411	Fibroblast	C57BL/6	Saline 3d	AngII 3d
282.4	deviations	282	Etv6_282	0.47980251116769	-0.0164896835265853	Fibroblast	C57BL/6	Saline 3d	AngII 3d
351.4	deviations	351	Gm5294_351	0.47980251116769	0.0166432711781015	Fibroblast	C57BL/6	Saline 3d	AngII 3d
377.4	deviations	377	Foxl1_377	0.47980251116769	0.0166432711781015	Fibroblast	C57BL/6	Saline 3d	AngII 3d
154.4	deviations	154	Yy1_154	0.481307540036119	-0.0106839559002972	Fibroblast	C57BL/6	Saline 3d	AngII 3d
557.4	deviations	557	Nkx24_557	0.481307540036119	0.0124534903627914	Fibroblast	C57BL/6	Saline 3d	AngII 3d
176.4	deviations	176	Zbtb49_176	0.481611972944516	-0.0217086297782906	Fibroblast	C57BL/6	Saline 3d	AngII 3d
549.4	deviations	549	Hmx2_549	0.485095717831992	0.0272744699890214	Fibroblast	C57BL/6	Saline 3d	AngII 3d
110.4	deviations	110	Atf3_110	0.487854636961325	-0.0195438181466902	Fibroblast	C57BL/6	Saline 3d	AngII 3d
192.4	deviations	192	Rreb1_192	0.487854636961325	-0.00955014073402688	Fibroblast	C57BL/6	Saline 3d	AngII 3d
457.4	deviations	457	Barhl1_457	0.487854636961325	0.0173915676652146	Fibroblast	C57BL/6	Saline 3d	AngII 3d
126.4	deviations	126	Jun_126	0.494122091951358	0.0257535462135573	Fibroblast	C57BL/6	Saline 3d	AngII 3d
2.4	deviations	2	Tcfap2b_2	0.497666349582738	0.0111321504141856	Fibroblast	C57BL/6	Saline 3d	AngII 3d
569.4	deviations	569	Obox3_569	0.501551216987571	0.0195332058048528	Fibroblast	C57BL/6	Saline 3d	AngII 3d
580.4	deviations	580	Gm5889_580	0.501551216987571	0.0195332058048528	Fibroblast	C57BL/6	Saline 3d	AngII 3d
31.4	deviations	31	Tcf3_31	0.505459849382465	0.017410967819065	Fibroblast	C57BL/6	Saline 3d	AngII 3d
543.4	deviations	543	Msx1_543	0.505459849382465	0.0157215353490597	Fibroblast	C57BL/6	Saline 3d	AngII 3d
302.4	deviations	302	Foxp1_302	0.506723566526023	-0.0110199121829209	Fibroblast	C57BL/6	Saline 3d	AngII 3d
103.4	deviations	103	Xbp1_103	0.517858570987429	-0.0175292538025026	Fibroblast	C57BL/6	Saline 3d	AngII 3d
281.4	deviations	281	Elf5_281	0.518666336100535	-0.0105962873920748	Fibroblast	C57BL/6	Saline 3d	AngII 3d
82.4	deviations	82	Ferd3l_82	0.520634209522806	-0.0163733225935173	Fibroblast	C57BL/6	Saline 3d	AngII 3d
97.4	deviations	97	Cebpd_97	0.520634209522806	-0.0471695048859894	Fibroblast	C57BL/6	Saline 3d	AngII 3d
130.4	deviations	130	Cebpb_130	0.520634209522806	-0.0471695048859894	Fibroblast	C57BL/6	Saline 3d	AngII 3d
465.4	deviations	465	Lhx8_465	0.522876500090511	0.0202671182590906	Fibroblast	C57BL/6	Saline 3d	AngII 3d
234.4	deviations	234	Egr4_234	0.523456953307129	0.00946842645529302	Fibroblast	C57BL/6	Saline 3d	AngII 3d
343.4	deviations	343	Gm5294_343	0.523456953307129	-0.0184165555341261	Fibroblast	C57BL/6	Saline 3d	AngII 3d
369.4	deviations	369	Foxl1_369	0.523456953307129	-0.0184165555341261	Fibroblast	C57BL/6	Saline 3d	AngII 3d
338.4	deviations	338	Gm5294_338	0.525597140725291	0.0158369053566303	Fibroblast	C57BL/6	Saline 3d	AngII 3d
364.4	deviations	364	Foxl1_364	0.525597140725291	0.0158369053566303	Fibroblast	C57BL/6	Saline 3d	AngII 3d
265.4	deviations	265	Sfpi1_265	0.526909468213238	-0.00873362206946932	Fibroblast	C57BL/6	Saline 3d	AngII 3d
542.4	deviations	542	Tgif1_542	0.527749972368558	0.0103778723357122	Fibroblast	C57BL/6	Saline 3d	AngII 3d
394.4	deviations	394	Hoxb6_394	0.542026401781131	-0.0119328511403322	Fibroblast	C57BL/6	Saline 3d	AngII 3d
188.4	deviations	188	Egr2_188	0.545788630992941	0.00342797925204292	Fibroblast	C57BL/6	Saline 3d	AngII 3d
584.4	deviations	584	Hoxa3_584	0.558898785650816	0.0211826325571163	Fibroblast	C57BL/6	Saline 3d	AngII 3d
109.4	deviations	109	Creb1_109	0.565086929588983	0.0158276169429445	Fibroblast	C57BL/6	Saline 3d	AngII 3d
408.4	deviations	408	Hoxd13_408	0.565086929588983	0.0149977546577092	Fibroblast	C57BL/6	Saline 3d	AngII 3d
53.4	deviations	53	Tcfec_53	0.569944365782085	0.0143437126830312	Fibroblast	C57BL/6	Saline 3d	AngII 3d
182.4	deviations	182	Zbtb1_182	0.574334476693504	0.0177503084600747	Fibroblast	C57BL/6	Saline 3d	AngII 3d
277.4	deviations	277	Fli1_277	0.574334476693504	-0.0197857106502051	Fibroblast	C57BL/6	Saline 3d	AngII 3d
483.4	deviations	483	Irx3_483	0.574334476693504	0.0323233947641398	Fibroblast	C57BL/6	Saline 3d	AngII 3d
525.4	deviations	525	Meis3_525	0.574334476693504	0.00959618517585522	Fibroblast	C57BL/6	Saline 3d	AngII 3d
624.4	deviations	624	Pit1_624	0.574334476693504	0.0191563185236322	Fibroblast	C57BL/6	Saline 3d	AngII 3d
433.4	deviations	433	Msx2_433	0.581133975585978	0.0198158789928584	Fibroblast	C57BL/6	Saline 3d	AngII 3d
509.4	deviations	509	Hoxa7_509	0.581133975585978	0.0217434984369555	Fibroblast	C57BL/6	Saline 3d	AngII 3d
528.4	deviations	528	Dlx1_528	0.584046030670236	-0.0163410266918365	Fibroblast	C57BL/6	Saline 3d	AngII 3d
284.4	deviations	284	Ets1_284	0.584942559775342	-0.0178545887989366	Fibroblast	C57BL/6	Saline 3d	AngII 3d
29.4	deviations	29	Hey2_29	0.590009450704776	0.0176176405331157	Fibroblast	C57BL/6	Saline 3d	AngII 3d
60.4	deviations	60	Heyl_60	0.590009450704776	0.0176176405331157	Fibroblast	C57BL/6	Saline 3d	AngII 3d
73.4	deviations	73	Hey1_73	0.590009450704776	0.0176176405331157	Fibroblast	C57BL/6	Saline 3d	AngII 3d
101.4	deviations	101	Nfe2l2_101	0.590009450704776	-0.0127286657970508	Fibroblast	C57BL/6	Saline 3d	AngII 3d
200.4	deviations	200	Zfp3_200	0.590009450704776	-0.00841011911245409	Fibroblast	C57BL/6	Saline 3d	AngII 3d
218.4	deviations	218	Zfp105_218	0.590009450704776	-0.0138895908975851	Fibroblast	C57BL/6	Saline 3d	AngII 3d
227.4	deviations	227	Zfp238_227	0.590009450704776	-0.0157573931525834	Fibroblast	C57BL/6	Saline 3d	AngII 3d
588.4	deviations	588	NP_588	0.590009450704776	-0.0362915606110197	Fibroblast	C57BL/6	Saline 3d	AngII 3d
662.4	deviations	662	Rxra_662	0.590009450704776	-0.0163604167403247	Fibroblast	C57BL/6	Saline 3d	AngII 3d
759.4	deviations	759	Stat4_759	0.590009450704776	-0.00809580178050062	Fibroblast	C57BL/6	Saline 3d	AngII 3d
10.4	deviations	10	Arid3c_10	0.590933803271944	0.0127649631577735	Fibroblast	C57BL/6	Saline 3d	AngII 3d
211.4	deviations	211	Hic2_211	0.59489427345826	-0.0136378270405631	Fibroblast	C57BL/6	Saline 3d	AngII 3d
243.4	deviations	243	Cenpb_243	0.597853520487227	0.0226064331313104	Fibroblast	C57BL/6	Saline 3d	AngII 3d
48.4	deviations	48	Sohlh2_48	0.606353666912083	-0.0138930090088594	Fibroblast	C57BL/6	Saline 3d	AngII 3d
309.4	deviations	309	Foxq1_309	0.606353666912083	-0.0228258237422098	Fibroblast	C57BL/6	Saline 3d	AngII 3d
87.4	deviations	87	Bhlha15_87	0.611400603223564	0.0298939528012961	Fibroblast	C57BL/6	Saline 3d	AngII 3d
193.4	deviations	193	Zfp281_193	0.618453312355721	-0.00693754583946136	Fibroblast	C57BL/6	Saline 3d	AngII 3d
587.4	deviations	587	NP_587	0.618453312355721	0.0154571432577417	Fibroblast	C57BL/6	Saline 3d	AngII 3d
85.4	deviations	85	Neurog1_85	0.619679113907625	0.0211663479666422	Fibroblast	C57BL/6	Saline 3d	AngII 3d
315.4	deviations	315	Foxe3_315	0.619679113907625	-0.00978898454875713	Fibroblast	C57BL/6	Saline 3d	AngII 3d
322.4	deviations	322	Foxd2_322	0.619679113907625	-0.00978898454875713	Fibroblast	C57BL/6	Saline 3d	AngII 3d
654.4	deviations	654	Rarg_654	0.619679113907625	-0.00458933799272086	Fibroblast	C57BL/6	Saline 3d	AngII 3d
62.4	deviations	62	Mitf_62	0.6205599836679	0.0135244654064188	Fibroblast	C57BL/6	Saline 3d	AngII 3d
63.4	deviations	63	Myf6_63	0.6205599836679	0.00947332522905631	Fibroblast	C57BL/6	Saline 3d	AngII 3d
83.4	deviations	83	Hes5_83	0.6205599836679	0.0218186221569877	Fibroblast	C57BL/6	Saline 3d	AngII 3d
306.4	deviations	306	Foxa1_306	0.6205599836679	-0.0156598414379378	Fibroblast	C57BL/6	Saline 3d	AngII 3d
327.4	deviations	327	Foxd3_327	0.6205599836679	-0.012489511848755	Fibroblast	C57BL/6	Saline 3d	AngII 3d
328.4	deviations	328	Foxe1_328	0.6205599836679	-0.012489511848755	Fibroblast	C57BL/6	Saline 3d	AngII 3d
341.4	deviations	341	Gm5294_341	0.6205599836679	-0.012489511848755	Fibroblast	C57BL/6	Saline 3d	AngII 3d
366.4	deviations	366	Foxl1_366	0.6205599836679	-0.012489511848755	Fibroblast	C57BL/6	Saline 3d	AngII 3d
665.4	deviations	665	Hnf4a_665	0.6205599836679	0.0235188507988211	Fibroblast	C57BL/6	Saline 3d	AngII 3d
724.4	deviations	724	Nfic_724	0.6205599836679	0.00772335232150301	Fibroblast	C57BL/6	Saline 3d	AngII 3d
816.4	deviations	816	Zfp219_816	0.6205599836679	-0.00544083452834342	Fibroblast	C57BL/6	Saline 3d	AngII 3d
503.4	deviations	503	Hoxc9_503	0.622525229373644	0.00835175928875678	Fibroblast	C57BL/6	Saline 3d	AngII 3d
594.4	deviations	594	NP_594	0.622525229373644	0.00835175928875678	Fibroblast	C57BL/6	Saline 3d	AngII 3d
260.4	deviations	260	E2f7_260	0.624499269465433	0.0149585985456845	Fibroblast	C57BL/6	Saline 3d	AngII 3d
779.4	deviations	779	Mlxipl_779	0.624499269465433	0.017001512205357	Fibroblast	C57BL/6	Saline 3d	AngII 3d
239.4	deviations	239	Zfp652_239	0.626003077471971	0.0159534353984282	Fibroblast	C57BL/6	Saline 3d	AngII 3d
38.4	deviations	38	Srebf2_38	0.632664774712223	0.0212213667286958	Fibroblast	C57BL/6	Saline 3d	AngII 3d
671.4	deviations	671	Vdr_671	0.642492451628175	-0.0159029408027018	Fibroblast	C57BL/6	Saline 3d	AngII 3d
178.4	deviations	178	Zkscan1_178	0.646106655586569	-0.0120861248099215	Fibroblast	C57BL/6	Saline 3d	AngII 3d
33.4	deviations	33	Id2_33	0.647943388281407	0.0209787785815519	Fibroblast	C57BL/6	Saline 3d	AngII 3d
74.4	deviations	74	Id1_74	0.647943388281407	0.0209787785815519	Fibroblast	C57BL/6	Saline 3d	AngII 3d
246.4	deviations	246	Lin54_246	0.647943388281407	-0.0216780503090024	Fibroblast	C57BL/6	Saline 3d	AngII 3d
279.4	deviations	279	Spdef_279	0.647943388281407	-0.0132820590948602	Fibroblast	C57BL/6	Saline 3d	AngII 3d
478.4	deviations	478	Dlx5_478	0.647943388281407	0.0117536420360041	Fibroblast	C57BL/6	Saline 3d	AngII 3d
540.4	deviations	540	Pou3f3_540	0.647943388281407	-0.0152874162360014	Fibroblast	C57BL/6	Saline 3d	AngII 3d
541.4	deviations	541	Dbx2_541	0.647943388281407	0.0117536420360041	Fibroblast	C57BL/6	Saline 3d	AngII 3d
630.4	deviations	630	Irf3_630	0.652617699217097	-0.0105417143695337	Fibroblast	C57BL/6	Saline 3d	AngII 3d
57.4	deviations	57	Mesp2_57	0.653533772494419	0.0172223973100612	Fibroblast	C57BL/6	Saline 3d	AngII 3d
58.4	deviations	58	Mesp1_58	0.653533772494419	0.0172223973100612	Fibroblast	C57BL/6	Saline 3d	AngII 3d
79.4	deviations	79	Tcf21_79	0.653533772494419	-0.0346154897808823	Fibroblast	C57BL/6	Saline 3d	AngII 3d
186.4	deviations	186	Prdm4_186	0.653533772494419	-0.00672622465183331	Fibroblast	C57BL/6	Saline 3d	AngII 3d
854.4	deviations	854	Pax8_854	0.653533772494419	0.0167261392793703	Fibroblast	C57BL/6	Saline 3d	AngII 3d
855.4	deviations	855	Pax1_855	0.653533772494419	0.0167261392793703	Fibroblast	C57BL/6	Saline 3d	AngII 3d
440.4	deviations	440	Hoxc10_440	0.655607248238481	0.0178059464873964	Fibroblast	C57BL/6	Saline 3d	AngII 3d
225.4	deviations	225	Zic2_225	0.656639138448852	0.00560985099510959	Fibroblast	C57BL/6	Saline 3d	AngII 3d
255.4	deviations	255	Tfdp2_255	0.657142349232707	-0.0117536086904121	Fibroblast	C57BL/6	Saline 3d	AngII 3d
256.4	deviations	256	Tfdp1_256	0.657142349232707	-0.0117536086904121	Fibroblast	C57BL/6	Saline 3d	AngII 3d
105.4	deviations	105	Tef_105	0.659218601414171	-0.0247881125636048	Fibroblast	C57BL/6	Saline 3d	AngII 3d
873.4	deviations	873	E4f1_873	0.659218601414171	0.00986702644762621	Fibroblast	C57BL/6	Saline 3d	AngII 3d
71.4	deviations	71	Tcfl5_71	0.669708701369608	0.00889961505786642	Fibroblast	C57BL/6	Saline 3d	AngII 3d
174.4	deviations	174	Zbtb7b_174	0.669708701369608	-0.00559585046612461	Fibroblast	C57BL/6	Saline 3d	AngII 3d
230.4	deviations	230	Insm1_230	0.669708701369608	0.00882502407497565	Fibroblast	C57BL/6	Saline 3d	AngII 3d
248.4	deviations	248	Mbd1_248	0.669708701369608	-0.00661305265936869	Fibroblast	C57BL/6	Saline 3d	AngII 3d
287.4	deviations	287	Erg_287	0.669708701369608	-0.0166680109385947	Fibroblast	C57BL/6	Saline 3d	AngII 3d
320.4	deviations	320	Foxc1_320	0.669708701369608	-0.0133734043603138	Fibroblast	C57BL/6	Saline 3d	AngII 3d
427.4	deviations	427	Dlx4_427	0.669708701369608	-0.0233957665722298	Fibroblast	C57BL/6	Saline 3d	AngII 3d
611.4	deviations	611	Dobox4_611	0.669708701369608	-0.0146218452029449	Fibroblast	C57BL/6	Saline 3d	AngII 3d
617.4	deviations	617	Pou6f2_617	0.669708701369608	0.0243654469845754	Fibroblast	C57BL/6	Saline 3d	AngII 3d
660.4	deviations	660	Nr2c1_660	0.669708701369608	-0.00637737276962686	Fibroblast	C57BL/6	Saline 3d	AngII 3d
70.4	deviations	70	Mlxip_70	0.678652744248685	-0.00461272645174089	Fibroblast	C57BL/6	Saline 3d	AngII 3d
106.4	deviations	106	Atf1_106	0.678652744248685	0.0258447325882847	Fibroblast	C57BL/6	Saline 3d	AngII 3d
431.4	deviations	431	Vsx2_431	0.680243156479958	0.0213444054044549	Fibroblast	C57BL/6	Saline 3d	AngII 3d
739.4	deviations	739	Sox3_739	0.681308394513072	-0.00526364835593445	Fibroblast	C57BL/6	Saline 3d	AngII 3d
414.4	deviations	414	Pknox1_414	0.681321256356491	0.00527250537075449	Fibroblast	C57BL/6	Saline 3d	AngII 3d
299.4	deviations	299	Foxg1_299	0.685569499857586	-0.0106890558252562	Fibroblast	C57BL/6	Saline 3d	AngII 3d
744.4	deviations	744	Tcf7l1_744	0.685569499857586	0.011406676611523	Fibroblast	C57BL/6	Saline 3d	AngII 3d
856.4	deviations	856	Relb_856	0.697255457354744	0.00124631841690757	Fibroblast	C57BL/6	Saline 3d	AngII 3d
331.4	deviations	331	Gm5294_331	0.702622568315489	-0.00782563534349994	Fibroblast	C57BL/6	Saline 3d	AngII 3d
354.4	deviations	354	Foxl1_354	0.702622568315489	-0.00782563534349994	Fibroblast	C57BL/6	Saline 3d	AngII 3d
831.4	deviations	831	Foxa3_831	0.702622568315489	-0.00782563534349994	Fibroblast	C57BL/6	Saline 3d	AngII 3d
307.4	deviations	307	Foxa2_307	0.706915507068514	-0.00617087147703648	Fibroblast	C57BL/6	Saline 3d	AngII 3d
190.4	deviations	190	Egr1_190	0.715580842560641	-0.00597845500146617	Fibroblast	C57BL/6	Saline 3d	AngII 3d
316.4	deviations	316	Foxc2_316	0.715580842560641	-0.0151966758455535	Fibroblast	C57BL/6	Saline 3d	AngII 3d
329.4	deviations	329	Foxs1_329	0.715580842560641	-0.0151966758455535	Fibroblast	C57BL/6	Saline 3d	AngII 3d
348.4	deviations	348	Gm5294_348	0.715580842560641	-0.011569120664824	Fibroblast	C57BL/6	Saline 3d	AngII 3d
375.4	deviations	375	Foxl1_375	0.715580842560641	-0.011569120664824	Fibroblast	C57BL/6	Saline 3d	AngII 3d
672.4	deviations	672	Nr1i2_672	0.715580842560641	-0.00614187645955216	Fibroblast	C57BL/6	Saline 3d	AngII 3d
86.4	deviations	86	Nhlh1_86	0.720538792328195	-0.00758042457977143	Fibroblast	C57BL/6	Saline 3d	AngII 3d
261.4	deviations	261	E2f1_261	0.720538792328195	0.00115539964380906	Fibroblast	C57BL/6	Saline 3d	AngII 3d
737.4	deviations	737	Sox15_737	0.720538792328195	-0.00920272005115648	Fibroblast	C57BL/6	Saline 3d	AngII 3d
864.4	deviations	864	Tbx15_864	0.720538792328195	0.0121070751072668	Fibroblast	C57BL/6	Saline 3d	AngII 3d
865.4	deviations	865	Tbx22_865	0.720538792328195	0.0121070751072668	Fibroblast	C57BL/6	Saline 3d	AngII 3d
866.4	deviations	866	Tbx18_866	0.720538792328195	0.0121070751072668	Fibroblast	C57BL/6	Saline 3d	AngII 3d
641.4	deviations	641	Mbd2_641	0.726484493723323	0.000698476687149986	Fibroblast	C57BL/6	Saline 3d	AngII 3d
98.4	deviations	98	Fosb_98	0.728951171207096	-0.0135621915896441	Fibroblast	C57BL/6	Saline 3d	AngII 3d
135.4	deviations	135	Jund_135	0.728951171207096	-0.00544651043259999	Fibroblast	C57BL/6	Saline 3d	AngII 3d
183.4	deviations	183	Egr3_183	0.728951171207096	0.00157801954253434	Fibroblast	C57BL/6	Saline 3d	AngII 3d
262.4	deviations	262	E2f5_262	0.728951171207096	-0.0155486025674282	Fibroblast	C57BL/6	Saline 3d	AngII 3d
325.4	deviations	325	Foxb2_325	0.728951171207096	-0.012474935497164	Fibroblast	C57BL/6	Saline 3d	AngII 3d
326.4	deviations	326	Foxb1_326	0.728951171207096	-0.012474935497164	Fibroblast	C57BL/6	Saline 3d	AngII 3d
449.4	deviations	449	Hhex_449	0.728951171207096	0.0111988566074049	Fibroblast	C57BL/6	Saline 3d	AngII 3d
532.4	deviations	532	Hoxd11_532	0.728951171207096	-0.0292361472455895	Fibroblast	C57BL/6	Saline 3d	AngII 3d
634.4	deviations	634	Irf6_634	0.728951171207096	-0.0192517203978443	Fibroblast	C57BL/6	Saline 3d	AngII 3d
695.4	deviations	695	Lcor_695	0.728951171207096	-0.0103524461119294	Fibroblast	C57BL/6	Saline 3d	AngII 3d
23.4	deviations	23	Ascl2_23	0.729180234773126	-0.00820329266874772	Fibroblast	C57BL/6	Saline 3d	AngII 3d
422.4	deviations	422	Lhx1_422	0.729180234773126	0.023036806983227	Fibroblast	C57BL/6	Saline 3d	AngII 3d
713.4	deviations	713	Runx2_713	0.729180234773126	-0.00694072644729328	Fibroblast	C57BL/6	Saline 3d	AngII 3d
780.4	deviations	780	Ascl1_780	0.729180234773126	-0.00820329266874772	Fibroblast	C57BL/6	Saline 3d	AngII 3d
785.4	deviations	785	Twist1_785	0.729180234773126	-0.0190511007614016	Fibroblast	C57BL/6	Saline 3d	AngII 3d
44.4	deviations	44	Npas2_44	0.729765636588937	-0.00853158925340045	Fibroblast	C57BL/6	Saline 3d	AngII 3d
663.4	deviations	663	Rarb_663	0.730886154517526	-0.00222081548542626	Fibroblast	C57BL/6	Saline 3d	AngII 3d
714.4	deviations	714	Sp100_714	0.731473994162969	0.023377124440822	Fibroblast	C57BL/6	Saline 3d	AngII 3d
1.4	deviations	1	Tcfap2a_1	0.732263875577134	0.00253164688381925	Fibroblast	C57BL/6	Saline 3d	AngII 3d
330.4	deviations	330	Foxd1_330	0.732263875577134	-0.00701380509611835	Fibroblast	C57BL/6	Saline 3d	AngII 3d
334.4	deviations	334	Gm5294_334	0.732263875577134	-0.00701380509611835	Fibroblast	C57BL/6	Saline 3d	AngII 3d
359.4	deviations	359	Foxl1_359	0.732263875577134	-0.00701380509611835	Fibroblast	C57BL/6	Saline 3d	AngII 3d
400.4	deviations	400	Irx2_400	0.732263875577134	0.0231663728818532	Fibroblast	C57BL/6	Saline 3d	AngII 3d
402.4	deviations	402	Mnx1_402	0.732263875577134	0.00727780423500114	Fibroblast	C57BL/6	Saline 3d	AngII 3d
473.4	deviations	473	Cdx2_473	0.732263875577134	-0.00913110272525704	Fibroblast	C57BL/6	Saline 3d	AngII 3d
684.4	deviations	684	Rorb_684	0.732263875577134	0.00799541348954278	Fibroblast	C57BL/6	Saline 3d	AngII 3d
715.4	deviations	715	Gmeb1_715	0.732263875577134	0.0141160797285967	Fibroblast	C57BL/6	Saline 3d	AngII 3d
738.4	deviations	738	Sox5_738	0.732263875577134	-0.00677224077847646	Fibroblast	C57BL/6	Saline 3d	AngII 3d
774.4	deviations	774	Prkrir_774	0.732263875577134	-0.0110906118456351	Fibroblast	C57BL/6	Saline 3d	AngII 3d
833.4	deviations	833	Foxd4_833	0.732263875577134	-0.00764823756414781	Fibroblast	C57BL/6	Saline 3d	AngII 3d
566.4	deviations	566	Tgif2_566	0.734534376795056	0.0087352166530882	Fibroblast	C57BL/6	Saline 3d	AngII 3d
682.4	deviations	682	Rora_682	0.734534376795056	0.00451147512615989	Fibroblast	C57BL/6	Saline 3d	AngII 3d
439.4	deviations	439	Nkx31_439	0.739379501044776	0.0179586313870455	Fibroblast	C57BL/6	Saline 3d	AngII 3d
61.4	deviations	61	Scx_61	0.739465992121558	-0.00588969055915699	Fibroblast	C57BL/6	Saline 3d	AngII 3d
93.4	deviations	93	Tcf15_93	0.739465992121558	-0.00588969055915699	Fibroblast	C57BL/6	Saline 3d	AngII 3d
163.4	deviations	163	Zfp263_163	0.739465992121558	0.00684257626428354	Fibroblast	C57BL/6	Saline 3d	AngII 3d
223.4	deviations	223	Zfp128_223	0.739465992121558	0.0210449110540306	Fibroblast	C57BL/6	Saline 3d	AngII 3d
367.4	deviations	367	Foxl1_367	0.739465992121558	-0.00754545029097376	Fibroblast	C57BL/6	Saline 3d	AngII 3d
448.4	deviations	448	Cdx1_448	0.739465992121558	-0.0110830397555724	Fibroblast	C57BL/6	Saline 3d	AngII 3d
481.4	deviations	481	Cdx4_481	0.739465992121558	-0.0110830397555724	Fibroblast	C57BL/6	Saline 3d	AngII 3d
596.4	deviations	596	NP_596	0.739465992121558	0.00751980080842764	Fibroblast	C57BL/6	Saline 3d	AngII 3d
597.4	deviations	597	NP_597	0.739465992121558	0.0229798489268168	Fibroblast	C57BL/6	Saline 3d	AngII 3d
632.4	deviations	632	Irf4_632	0.739465992121558	0.0197373757718826	Fibroblast	C57BL/6	Saline 3d	AngII 3d
642.4	deviations	642	Mecp2_642	0.739465992121558	0.0251391082386412	Fibroblast	C57BL/6	Saline 3d	AngII 3d
835.4	deviations	835	Gcm2_835	0.739465992121558	-0.00321657951711037	Fibroblast	C57BL/6	Saline 3d	AngII 3d
877.4	deviations	877	Zfp263_877	0.739465992121558	0.00684257626428354	Fibroblast	C57BL/6	Saline 3d	AngII 3d
553.4	deviations	553	Six1_553	0.740615109751625	-0.0348995666959084	Fibroblast	C57BL/6	Saline 3d	AngII 3d
392.4	deviations	392	Dux_392	0.741240195193919	0.0165268831280698	Fibroblast	C57BL/6	Saline 3d	AngII 3d
3.4	deviations	3	Tcfap2c_3	0.743774115515389	0.00665964945395281	Fibroblast	C57BL/6	Saline 3d	AngII 3d
41.4	deviations	41	Tcfeb_41	0.743774115515389	0.0102964580815831	Fibroblast	C57BL/6	Saline 3d	AngII 3d
43.4	deviations	43	Msc_43	0.743774115515389	-0.0054498467677378	Fibroblast	C57BL/6	Saline 3d	AngII 3d
113.4	deviations	113	Fosl2_113	0.743774115515389	-0.0140771354946694	Fibroblast	C57BL/6	Saline 3d	AngII 3d
148.4	deviations	148	Glis2_148	0.743774115515389	-0.00866835622699418	Fibroblast	C57BL/6	Saline 3d	AngII 3d
253.4	deviations	253	Dmrta1_253	0.743774115515389	-0.00235219197905844	Fibroblast	C57BL/6	Saline 3d	AngII 3d
274.4	deviations	274	Elk1_274	0.743774115515389	-0.000399495620175175	Fibroblast	C57BL/6	Saline 3d	AngII 3d
275.4	deviations	275	Ehf_275	0.743774115515389	-0.00678164103322929	Fibroblast	C57BL/6	Saline 3d	AngII 3d
633.4	deviations	633	Irf7_633	0.743774115515389	0.00731838496682158	Fibroblast	C57BL/6	Saline 3d	AngII 3d
694.4	deviations	694	Pax5_694	0.750797236501959	0.00541992696488965	Fibroblast	C57BL/6	Saline 3d	AngII 3d
757.4	deviations	757	Stat1_757	0.750797236501959	-0.0090372395727601	Fibroblast	C57BL/6	Saline 3d	AngII 3d
705.4	deviations	705	Rfx6_705	0.755104474373428	0.0131389232452198	Fibroblast	C57BL/6	Saline 3d	AngII 3d
129.4	deviations	129	Cebpg_129	0.757426026320974	0.00529811754346565	Fibroblast	C57BL/6	Saline 3d	AngII 3d
732.4	deviations	732	Tcf7l2_732	0.757426026320974	0.0106773838854378	Fibroblast	C57BL/6	Saline 3d	AngII 3d
704.4	deviations	704	Rfx5_704	0.763324266737468	-0.00314826644973099	Fibroblast	C57BL/6	Saline 3d	AngII 3d
6.4	deviations	6	Arid3b_6	0.767459954425487	0.016637886403671	Fibroblast	C57BL/6	Saline 3d	AngII 3d
51.4	deviations	51	Hes2_51	0.767459954425487	0.0180202335985042	Fibroblast	C57BL/6	Saline 3d	AngII 3d
56.4	deviations	56	Bhlhe41_56	0.767459954425487	0.0102308573221366	Fibroblast	C57BL/6	Saline 3d	AngII 3d
151.4	deviations	151	Zbtb4_151	0.767459954425487	-0.00898766180394312	Fibroblast	C57BL/6	Saline 3d	AngII 3d
240.4	deviations	240	Zfx_240	0.767459954425487	-0.0109474179496929	Fibroblast	C57BL/6	Saline 3d	AngII 3d
291.4	deviations	291	Fev_291	0.767459954425487	-0.0142582381644164	Fibroblast	C57BL/6	Saline 3d	AngII 3d
472.4	deviations	472	Pdx1_472	0.767459954425487	0.00834045599899666	Fibroblast	C57BL/6	Saline 3d	AngII 3d
538.4	deviations	538	Gm4830_538	0.767459954425487	-0.00363790681214327	Fibroblast	C57BL/6	Saline 3d	AngII 3d
582.4	deviations	582	Hoxb2_582	0.767459954425487	0.0140608890023492	Fibroblast	C57BL/6	Saline 3d	AngII 3d
601.4	deviations	601	NP_601	0.767459954425487	0.00428328198174588	Fibroblast	C57BL/6	Saline 3d	AngII 3d
629.4	deviations	629	Irf9_629	0.767459954425487	0.0180085009581231	Fibroblast	C57BL/6	Saline 3d	AngII 3d
721.4	deviations	721	IRC900814_721	0.767459954425487	-0.0228893697211338	Fibroblast	C57BL/6	Saline 3d	AngII 3d
788.4	deviations	788	Ddit3_788	0.767459954425487	0.0076068669977383	Fibroblast	C57BL/6	Saline 3d	AngII 3d
201.4	deviations	201	Dnajc21_201	0.768630529620089	-0.00782112709408634	Fibroblast	C57BL/6	Saline 3d	AngII 3d
40.4	deviations	40	Hes7_40	0.779250176701563	0.0113070305396392	Fibroblast	C57BL/6	Saline 3d	AngII 3d
17.4	deviations	17	Tcfe3_17	0.781555961727036	0.00708710395150145	Fibroblast	C57BL/6	Saline 3d	AngII 3d
32.4	deviations	32	Srebf1_32	0.781555961727036	0.0146292649938345	Fibroblast	C57BL/6	Saline 3d	AngII 3d
552.4	deviations	552	Rhox11_552	0.781555961727036	-0.0193593842908053	Fibroblast	C57BL/6	Saline 3d	AngII 3d
687.4	deviations	687	Ar_687	0.781555961727036	-0.00112358361334888	Fibroblast	C57BL/6	Saline 3d	AngII 3d
742.4	deviations	742	Sox6_742	0.781555961727036	-0.00231697952448376	Fibroblast	C57BL/6	Saline 3d	AngII 3d
778.4	deviations	778	Myf5_778	0.781555961727036	-0.00433246051915899	Fibroblast	C57BL/6	Saline 3d	AngII 3d
45.4	deviations	45	Myog_45	0.782730676538501	-0.00612837876150888	Fibroblast	C57BL/6	Saline 3d	AngII 3d
677.4	deviations	677	Nr4a2_677	0.78389519844872	0.0115101295838292	Fibroblast	C57BL/6	Saline 3d	AngII 3d
748.4	deviations	748	Sry_748	0.78389519844872	-0.00893131111768102	Fibroblast	C57BL/6	Saline 3d	AngII 3d
782.4	deviations	782	Tal1_782	0.78389519844872	-0.00500190105272629	Fibroblast	C57BL/6	Saline 3d	AngII 3d
783.4	deviations	783	Lyl1_783	0.78389519844872	-0.00500190105272629	Fibroblast	C57BL/6	Saline 3d	AngII 3d
820.4	deviations	820	Ctcfl_820	0.78389519844872	-0.00426604846892104	Fibroblast	C57BL/6	Saline 3d	AngII 3d
67.4	deviations	67	Atoh8_67	0.785784414217939	0.0136090326896478	Fibroblast	C57BL/6	Saline 3d	AngII 3d
84.4	deviations	84	Nhlh2_84	0.785784414217939	-0.00533479936464079	Fibroblast	C57BL/6	Saline 3d	AngII 3d
123.4	deviations	123	Mafg_123	0.785784414217939	-0.00360900608684046	Fibroblast	C57BL/6	Saline 3d	AngII 3d
127.4	deviations	127	Junb_127	0.785784414217939	-0.0122558597957151	Fibroblast	C57BL/6	Saline 3d	AngII 3d
347.4	deviations	347	Gm5294_347	0.785784414217939	-0.00878629299399313	Fibroblast	C57BL/6	Saline 3d	AngII 3d
373.4	deviations	373	Foxl1_373	0.785784414217939	-0.00878629299399313	Fibroblast	C57BL/6	Saline 3d	AngII 3d
383.4	deviations	383	Gata2_383	0.785784414217939	-0.0107440539654594	Fibroblast	C57BL/6	Saline 3d	AngII 3d
401.4	deviations	401	Dlx3_401	0.785784414217939	-0.00710599173656256	Fibroblast	C57BL/6	Saline 3d	AngII 3d
434.4	deviations	434	Pitx1_434	0.785784414217939	-0.00332732286944872	Fibroblast	C57BL/6	Saline 3d	AngII 3d
474.4	deviations	474	Cux1_474	0.785784414217939	0.0166605443669312	Fibroblast	C57BL/6	Saline 3d	AngII 3d
19.4	deviations	19	Npas1_19	0.786659352060548	0.00225929544352664	Fibroblast	C57BL/6	Saline 3d	AngII 3d
30.4	deviations	30	Sim1_30	0.786659352060548	0.00225929544352664	Fibroblast	C57BL/6	Saline 3d	AngII 3d
34.4	deviations	34	Npas3_34	0.786659352060548	0.00225929544352664	Fibroblast	C57BL/6	Saline 3d	AngII 3d
92.4	deviations	92	Sim2_92	0.786659352060548	0.00225929544352664	Fibroblast	C57BL/6	Saline 3d	AngII 3d
141.4	deviations	141	Bcl6b_141	0.786659352060548	-0.00501396301721259	Fibroblast	C57BL/6	Saline 3d	AngII 3d
551.4	deviations	551	Hoxd10_551	0.786659352060548	-0.0131143168110242	Fibroblast	C57BL/6	Saline 3d	AngII 3d
450.4	deviations	450	Tlx1_450	0.791762883103693	0.0112288124969881	Fibroblast	C57BL/6	Saline 3d	AngII 3d
522.4	deviations	522	Tlx3_522	0.791762883103693	0.0112288124969881	Fibroblast	C57BL/6	Saline 3d	AngII 3d
689.4	deviations	689	Nr6a1_689	0.791762883103693	0.00729988347129869	Fibroblast	C57BL/6	Saline 3d	AngII 3d
14.4	deviations	14	Hmga2_14	0.798922969083247	-0.0053914698339635	Fibroblast	C57BL/6	Saline 3d	AngII 3d
138.4	deviations	138	Nfil3_138	0.798922969083247	-0.004317824803718	Fibroblast	C57BL/6	Saline 3d	AngII 3d
251.4	deviations	251	Dmrt1_251	0.798922969083247	-0.00342704670685842	Fibroblast	C57BL/6	Saline 3d	AngII 3d
386.4	deviations	386	Gata4_386	0.798922969083247	-0.0112941343252369	Fibroblast	C57BL/6	Saline 3d	AngII 3d
442.4	deviations	442	Gsc2_442	0.798922969083247	0.00226903343505696	Fibroblast	C57BL/6	Saline 3d	AngII 3d
468.4	deviations	468	Nkx11_468	0.798922969083247	0.00600851371905452	Fibroblast	C57BL/6	Saline 3d	AngII 3d
564.4	deviations	564	Nkx29_564	0.798922969083247	0.00669097414950574	Fibroblast	C57BL/6	Saline 3d	AngII 3d
610.4	deviations	610	Nkx11_610	0.798922969083247	0.00600851371905452	Fibroblast	C57BL/6	Saline 3d	AngII 3d
670.4	deviations	670	Ppara_670	0.798922969083247	-0.00150514391955942	Fibroblast	C57BL/6	Saline 3d	AngII 3d
776.4	deviations	776	Hmga1_776	0.798922969083247	-0.0053914698339635	Fibroblast	C57BL/6	Saline 3d	AngII 3d
777.4	deviations	777	Hmga1rs1_777	0.798922969083247	-0.0053914698339635	Fibroblast	C57BL/6	Saline 3d	AngII 3d
853.4	deviations	853	Trp63_853	0.798922969083247	0.00924679644182876	Fibroblast	C57BL/6	Saline 3d	AngII 3d
867.4	deviations	867	Tead3_867	0.798922969083247	-0.011912540359283	Fibroblast	C57BL/6	Saline 3d	AngII 3d
11.4	deviations	11	Arid2_11	0.799723859046812	0.00949478549795413	Fibroblast	C57BL/6	Saline 3d	AngII 3d
90.4	deviations	90	Ebf1_90	0.799723859046812	-0.00504744408624681	Fibroblast	C57BL/6	Saline 3d	AngII 3d
114.4	deviations	114	Jdp2_114	0.799723859046812	0.00439279095262745	Fibroblast	C57BL/6	Saline 3d	AngII 3d
244.4	deviations	244	Cux2_244	0.799723859046812	-0.022611477115597	Fibroblast	C57BL/6	Saline 3d	AngII 3d
345.4	deviations	345	Gm5294_345	0.799723859046812	-0.0098999604295676	Fibroblast	C57BL/6	Saline 3d	AngII 3d
371.4	deviations	371	Foxl1_371	0.799723859046812	-0.0098999604295676	Fibroblast	C57BL/6	Saline 3d	AngII 3d
416.4	deviations	416	Pou6f1_416	0.799723859046812	0.00905649565001858	Fibroblast	C57BL/6	Saline 3d	AngII 3d
417.4	deviations	417	Nanog_417	0.799723859046812	-0.0235827174961038	Fibroblast	C57BL/6	Saline 3d	AngII 3d
428.4	deviations	428	Hoxb9_428	0.799723859046812	-0.0069330266592255	Fibroblast	C57BL/6	Saline 3d	AngII 3d
591.4	deviations	591	NP_591	0.799723859046812	-0.0069330266592255	Fibroblast	C57BL/6	Saline 3d	AngII 3d
631.4	deviations	631	Irf1_631	0.799723859046812	-0.00776091397542328	Fibroblast	C57BL/6	Saline 3d	AngII 3d
657.4	deviations	657	Nr2f6_657	0.799723859046812	-0.00387022243211802	Fibroblast	C57BL/6	Saline 3d	AngII 3d
700.4	deviations	700	Nfatc2_700	0.799723859046812	0.00487793327061639	Fibroblast	C57BL/6	Saline 3d	AngII 3d
717.4	deviations	717	Sp140_717	0.799723859046812	0.00629111701603396	Fibroblast	C57BL/6	Saline 3d	AngII 3d
720.4	deviations	720	IRC900814_720	0.799723859046812	0.00629111701603396	Fibroblast	C57BL/6	Saline 3d	AngII 3d
730.4	deviations	730	Bbx_730	0.799723859046812	0.0135954439921613	Fibroblast	C57BL/6	Saline 3d	AngII 3d
754.4	deviations	754	Stat3_754	0.799723859046812	-0.00636099487626737	Fibroblast	C57BL/6	Saline 3d	AngII 3d
78.4	deviations	78	Olig3_78	0.799900021940034	0.0155821281776152	Fibroblast	C57BL/6	Saline 3d	AngII 3d
750.4	deviations	750	Sox2_750	0.800077042034814	0.00201555397724301	Fibroblast	C57BL/6	Saline 3d	AngII 3d
548.4	deviations	548	Nkx32_548	0.802636521178624	0.0161295582813332	Fibroblast	C57BL/6	Saline 3d	AngII 3d
560.4	deviations	560	Hoxb8_560	0.802636521178624	-0.0130358841087323	Fibroblast	C57BL/6	Saline 3d	AngII 3d
592.4	deviations	592	NP_592	0.802636521178624	-0.0130358841087323	Fibroblast	C57BL/6	Saline 3d	AngII 3d
208.4	deviations	208	Zfa_208	0.805702944427589	0.000597144864178924	Fibroblast	C57BL/6	Saline 3d	AngII 3d
213.4	deviations	213	Zfy1_213	0.805702944427589	0.000597144864178924	Fibroblast	C57BL/6	Saline 3d	AngII 3d
726.4	deviations	726	Tcf7_726	0.805702944427589	-0.00898586870770647	Fibroblast	C57BL/6	Saline 3d	AngII 3d
807.4	deviations	807	Maz_807	0.806893717612897	-0.00124135873167256	Fibroblast	C57BL/6	Saline 3d	AngII 3d
20.4	deviations	20	Tcfap4_20	0.829274045677957	-0.0116797245544338	Fibroblast	C57BL/6	Saline 3d	AngII 3d
168.4	deviations	168	Zfp711_168	0.829274045677957	-0.00784850871117521	Fibroblast	C57BL/6	Saline 3d	AngII 3d
173.4	deviations	173	Mecom_173	0.829274045677957	-0.000568326930484711	Fibroblast	C57BL/6	Saline 3d	AngII 3d
175.4	deviations	175	Mtf1_175	0.829274045677957	-0.0129765476322522	Fibroblast	C57BL/6	Saline 3d	AngII 3d
235.4	deviations	235	Zbtb3_235	0.829274045677957	-0.00955714706368095	Fibroblast	C57BL/6	Saline 3d	AngII 3d
263.4	deviations	263	E2f8_263	0.829274045677957	0.0142227352111087	Fibroblast	C57BL/6	Saline 3d	AngII 3d
304.4	deviations	304	Foxh1_304	0.829274045677957	0.0102490903427339	Fibroblast	C57BL/6	Saline 3d	AngII 3d
432.4	deviations	432	Barx1_432	0.829274045677957	0.0178660456889928	Fibroblast	C57BL/6	Saline 3d	AngII 3d
612.4	deviations	612	Pax2_612	0.829274045677957	-0.0151132541816341	Fibroblast	C57BL/6	Saline 3d	AngII 3d
702.4	deviations	702	Nfatc3_702	0.829274045677957	-0.00799466417994616	Fibroblast	C57BL/6	Saline 3d	AngII 3d
762.4	deviations	762	Tbx21_762	0.829274045677957	0.0080872016720003	Fibroblast	C57BL/6	Saline 3d	AngII 3d
857.4	deviations	857	Nfatc4_857	0.829274045677957	-0.00799466417994616	Fibroblast	C57BL/6	Saline 3d	AngII 3d
562.4	deviations	562	Homez_562	0.830969215371196	0.0133276014071861	Fibroblast	C57BL/6	Saline 3d	AngII 3d
286.4	deviations	286	Elf2_286	0.836219339670626	-0.00137136638677549	Fibroblast	C57BL/6	Saline 3d	AngII 3d
156.4	deviations	156	Zkscan3_156	0.837918705152438	-0.00524622923594801	Fibroblast	C57BL/6	Saline 3d	AngII 3d
164.4	deviations	164	Zscan10_164	0.837918705152438	-0.00560903960851361	Fibroblast	C57BL/6	Saline 3d	AngII 3d
216.4	deviations	216	Zkscan4_216	0.837918705152438	-0.00524622923594801	Fibroblast	C57BL/6	Saline 3d	AngII 3d
708.4	deviations	708	Rfx1_708	0.837918705152438	0.00307856028449122	Fibroblast	C57BL/6	Saline 3d	AngII 3d
685.4	deviations	685	Rara_685	0.839611895956276	7.13494576359344e-05	Fibroblast	C57BL/6	Saline 3d	AngII 3d
8.4	deviations	8	Arid5b_8	0.850111527214124	0.0140877057908069	Fibroblast	C57BL/6	Saline 3d	AngII 3d
493.4	deviations	493	Six4_493	0.850111527214124	-0.0171658740514883	Fibroblast	C57BL/6	Saline 3d	AngII 3d
13.4	deviations	13	Ahctf1_13	0.853142383986689	-0.0121955912739051	Fibroblast	C57BL/6	Saline 3d	AngII 3d
647.4	deviations	647	Mybl1_647	0.853142383986689	-0.000754541938586768	Fibroblast	C57BL/6	Saline 3d	AngII 3d
658.4	deviations	658	Nr1i3_658	0.853142383986689	-0.004003413943031	Fibroblast	C57BL/6	Saline 3d	AngII 3d
683.4	deviations	683	Nr2e3_683	0.853142383986689	0.00331760823781813	Fibroblast	C57BL/6	Saline 3d	AngII 3d
698.4	deviations	698	Rela_698	0.853142383986689	-0.00995955941851834	Fibroblast	C57BL/6	Saline 3d	AngII 3d
707.4	deviations	707	Rfx2_707	0.853142383986689	-0.00673931730585387	Fibroblast	C57BL/6	Saline 3d	AngII 3d
711.4	deviations	711	Rfx8_711	0.853142383986689	-0.00673931730585387	Fibroblast	C57BL/6	Saline 3d	AngII 3d
735.4	deviations	735	Sox10_735	0.853142383986689	-0.00303486123667425	Fibroblast	C57BL/6	Saline 3d	AngII 3d
806.4	deviations	806	Klf15_806	0.853142383986689	0.00183494448757065	Fibroblast	C57BL/6	Saline 3d	AngII 3d
134.4	deviations	134	Crem_134	0.854999756660384	0.0128954100071547	Fibroblast	C57BL/6	Saline 3d	AngII 3d
604.4	deviations	604	NP_604	0.854999756660384	-0.0165151524205101	Fibroblast	C57BL/6	Saline 3d	AngII 3d
486.4	deviations	486	Pbx4_486	0.855513066187152	-0.0159825712697027	Fibroblast	C57BL/6	Saline 3d	AngII 3d
496.4	deviations	496	Pbx2_496	0.855513066187152	-0.0159825712697027	Fibroblast	C57BL/6	Saline 3d	AngII 3d
565.4	deviations	565	Irx1_565	0.855513066187152	-0.0068952467405199	Fibroblast	C57BL/6	Saline 3d	AngII 3d
181.4	deviations	181	Zic1_181	0.856585848014038	-0.0018466190442495	Fibroblast	C57BL/6	Saline 3d	AngII 3d
210.4	deviations	210	Zbtb12_210	0.856585848014038	0.0120188635436074	Fibroblast	C57BL/6	Saline 3d	AngII 3d
226.4	deviations	226	Zscan20_226	0.856585848014038	-0.00191610306162359	Fibroblast	C57BL/6	Saline 3d	AngII 3d
257.4	deviations	257	E2f4_257	0.856585848014038	0.000206933355746241	Fibroblast	C57BL/6	Saline 3d	AngII 3d
618.4	deviations	618	Pou5f1_618	0.856585848014038	-0.00120961392019373	Fibroblast	C57BL/6	Saline 3d	AngII 3d
626.4	deviations	626	Hsf1_626	0.856585848014038	-0.00741883490157952	Fibroblast	C57BL/6	Saline 3d	AngII 3d
652.4	deviations	652	Gm98_652	0.856585848014038	-0.00797843494907866	Fibroblast	C57BL/6	Saline 3d	AngII 3d
824.4	deviations	824	Rbpj_824	0.856585848014038	-0.00622819656677776	Fibroblast	C57BL/6	Saline 3d	AngII 3d
825.4	deviations	825	Rbpsuhrs3_825	0.856585848014038	-0.00622819656677776	Fibroblast	C57BL/6	Saline 3d	AngII 3d
740.4	deviations	740	Sox18_740	0.858765945874006	-0.00303742817619542	Fibroblast	C57BL/6	Saline 3d	AngII 3d
723.4	deviations	723	Smad3_723	0.859299250011905	-0.00708354357097131	Fibroblast	C57BL/6	Saline 3d	AngII 3d
861.4	deviations	861	Smad2_861	0.859299250011905	-0.00708354357097131	Fibroblast	C57BL/6	Saline 3d	AngII 3d
884.4	deviations	884	Smad9_884	0.859299250011905	-0.00708354357097131	Fibroblast	C57BL/6	Saline 3d	AngII 3d
185.4	deviations	185	Glis1_185	0.863151736108808	0.0113564506474467	Fibroblast	C57BL/6	Saline 3d	AngII 3d
651.4	deviations	651	Gm239_651	0.863151736108808	-0.00721561485732804	Fibroblast	C57BL/6	Saline 3d	AngII 3d
636.4	deviations	636	Irf2_636	0.863328952268487	0.00400659595488179	Fibroblast	C57BL/6	Saline 3d	AngII 3d
184.4	deviations	184	Klf9_184	0.865003624322741	0.0188772905795211	Fibroblast	C57BL/6	Saline 3d	AngII 3d
568.4	deviations	568	Rhox8_568	0.86817537707996	-0.00117652863357563	Fibroblast	C57BL/6	Saline 3d	AngII 3d
121.4	deviations	121	Atf4_121	0.868849728182443	-0.0120577892487754	Fibroblast	C57BL/6	Saline 3d	AngII 3d
202.4	deviations	202	Zfp354c_202	0.87221903584313	-0.00379769143327451	Fibroblast	C57BL/6	Saline 3d	AngII 3d
283.4	deviations	283	Elf4_283	0.87221903584313	-0.00457186787648027	Fibroblast	C57BL/6	Saline 3d	AngII 3d
350.4	deviations	350	Gm5294_350	0.87221903584313	-0.00338374932471005	Fibroblast	C57BL/6	Saline 3d	AngII 3d
376.4	deviations	376	Foxl1_376	0.87221903584313	-0.00338374932471005	Fibroblast	C57BL/6	Saline 3d	AngII 3d
385.4	deviations	385	Gata5_385	0.87221903584313	0.00510754373250318	Fibroblast	C57BL/6	Saline 3d	AngII 3d
80.4	deviations	80	Npas4_80	0.872394969601371	0.0112316091878758	Fibroblast	C57BL/6	Saline 3d	AngII 3d
160.4	deviations	160	Zfp187_160	0.873068399069856	0.0141461037361521	Fibroblast	C57BL/6	Saline 3d	AngII 3d
443.4	deviations	443	Dlx2_443	0.873918254483817	-0.0145391779559203	Fibroblast	C57BL/6	Saline 3d	AngII 3d
847.4	deviations	847	Nr4a1_847	0.873918254483817	0.00732186302762278	Fibroblast	C57BL/6	Saline 3d	AngII 3d
710.4	deviations	710	Rfx3_710	0.875087486851547	0.0124287988628895	Fibroblast	C57BL/6	Saline 3d	AngII 3d
365.4	deviations	365	Foxl1_365	0.875797489484594	-0.00403880573239182	Fibroblast	C57BL/6	Saline 3d	AngII 3d
537.4	deviations	537	Nkx23_537	0.875797489484594	0.0136389507179604	Fibroblast	C57BL/6	Saline 3d	AngII 3d
826.4	deviations	826	Onecut1_826	0.875797489484594	-0.0017622606331698	Fibroblast	C57BL/6	Saline 3d	AngII 3d
827.4	deviations	827	Onecut2_827	0.875797489484594	-0.0017622606331698	Fibroblast	C57BL/6	Saline 3d	AngII 3d
136.4	deviations	136	Mafb_136	0.87597616486658	0.001904136074865	Fibroblast	C57BL/6	Saline 3d	AngII 3d
147.4	deviations	147	Snai3_147	0.87929688645391	-0.00564930594765169	Fibroblast	C57BL/6	Saline 3d	AngII 3d
197.4	deviations	197	Snai1_197	0.87929688645391	-0.00564930594765169	Fibroblast	C57BL/6	Saline 3d	AngII 3d
5.4	deviations	5	Tcfap2d_5	0.879567260910481	0.00158665950741457	Fibroblast	C57BL/6	Saline 3d	AngII 3d
66.4	deviations	66	Hand1_66	0.879567260910481	0.00149450937935872	Fibroblast	C57BL/6	Saline 3d	AngII 3d
68.4	deviations	68	Hand2_68	0.879567260910481	0.00149450937935872	Fibroblast	C57BL/6	Saline 3d	AngII 3d
149.4	deviations	149	Ikzf1_149	0.879567260910481	0.00889907784364678	Fibroblast	C57BL/6	Saline 3d	AngII 3d
152.4	deviations	152	Plagl1_152	0.879567260910481	0.00584090091152056	Fibroblast	C57BL/6	Saline 3d	AngII 3d
734.4	deviations	734	Lef1_734	0.879567260910481	0.00609340373833547	Fibroblast	C57BL/6	Saline 3d	AngII 3d
796.4	deviations	796	Ikzf4_796	0.879567260910481	0.00889907784364678	Fibroblast	C57BL/6	Saline 3d	AngII 3d
722.4	deviations	722	Nfix_722	0.881220776894518	0.00863524485986211	Fibroblast	C57BL/6	Saline 3d	AngII 3d
144.4	deviations	144	Plag1_144	0.886311039036331	-0.00229905984521051	Fibroblast	C57BL/6	Saline 3d	AngII 3d
69.4	deviations	69	Neurod2_69	0.887021332798915	-0.0149573673838378	Fibroblast	C57BL/6	Saline 3d	AngII 3d
336.4	deviations	336	Gm5294_336	0.887021332798915	-0.00473204752688455	Fibroblast	C57BL/6	Saline 3d	AngII 3d
360.4	deviations	360	Foxl1_360	0.887021332798915	-0.00473204752688455	Fibroblast	C57BL/6	Saline 3d	AngII 3d
452.4	deviations	452	Pitx3_452	0.887021332798915	-0.00122767283681569	Fibroblast	C57BL/6	Saline 3d	AngII 3d
421.4	deviations	421	Nkx25_421	0.887689377915661	-0.000854537441331089	Fibroblast	C57BL/6	Saline 3d	AngII 3d
374.4	deviations	374	Foxl1_374	0.887867919198935	0.0068598585347646	Fibroblast	C57BL/6	Saline 3d	AngII 3d
224.4	deviations	224	Zfp143_224	0.888535605201808	0.0059826808721658	Fibroblast	C57BL/6	Saline 3d	AngII 3d
664.4	deviations	664	Hnf4g_664	0.889202949086061	0.0266472421445334	Fibroblast	C57BL/6	Saline 3d	AngII 3d
675.4	deviations	675	Nr5a2_675	0.889561028941242	0.0104208039558423	Fibroblast	C57BL/6	Saline 3d	AngII 3d
848.4	deviations	848	Nr5a1_848	0.889561028941242	0.0104208039558423	Fibroblast	C57BL/6	Saline 3d	AngII 3d
409.4	deviations	409	Hoxd12_409	0.891202872452995	-0.0130323290867785	Fibroblast	C57BL/6	Saline 3d	AngII 3d
656.4	deviations	656	Ppard_656	0.89479402812209	-0.00208493015824337	Fibroblast	C57BL/6	Saline 3d	AngII 3d
550.4	deviations	550	Hoxc12_550	0.894837105650026	-0.00788245064871826	Fibroblast	C57BL/6	Saline 3d	AngII 3d
605.4	deviations	605	NP_605	0.894837105650026	-0.00788245064871826	Fibroblast	C57BL/6	Saline 3d	AngII 3d
650.4	deviations	650	Prdm11_650	0.894837105650026	0.00896707835847856	Fibroblast	C57BL/6	Saline 3d	AngII 3d
137.4	deviations	137	Nfil3_137	0.896827233617372	0.00982295282663046	Fibroblast	C57BL/6	Saline 3d	AngII 3d
655.4	deviations	655	Nr1h3_655	0.896827233617372	0.0150630798647254	Fibroblast	C57BL/6	Saline 3d	AngII 3d
688.4	deviations	688	Nr1h2_688	0.896827233617372	0.0150630798647254	Fibroblast	C57BL/6	Saline 3d	AngII 3d
602.4	deviations	602	NP_602	0.89943139162415	0.0059787585403467	Fibroblast	C57BL/6	Saline 3d	AngII 3d
125.4	deviations	125	Cebpe_125	0.900752714740269	0.0110999537872636	Fibroblast	C57BL/6	Saline 3d	AngII 3d
165.4	deviations	165	Zfp523_165	0.900752714740269	-0.00543959482868494	Fibroblast	C57BL/6	Saline 3d	AngII 3d
55.4	deviations	55	Bhlhe40_55	0.902638164908192	0.00393296399467089	Fibroblast	C57BL/6	Saline 3d	AngII 3d
72.4	deviations	72	Olig2_72	0.902638164908192	0.0024365847005312	Fibroblast	C57BL/6	Saline 3d	AngII 3d
115.4	deviations	115	Cebpa_115	0.902638164908192	-0.0166016275646966	Fibroblast	C57BL/6	Saline 3d	AngII 3d
116.4	deviations	116	Creb3l3_116	0.902638164908192	0.00990225235222678	Fibroblast	C57BL/6	Saline 3d	AngII 3d
117.4	deviations	117	Nfe2l1_117	0.902638164908192	-0.00259798713672393	Fibroblast	C57BL/6	Saline 3d	AngII 3d
118.4	deviations	118	Creb3l2_118	0.902638164908192	0.0110284087645523	Fibroblast	C57BL/6	Saline 3d	AngII 3d
119.4	deviations	119	Bach2_119	0.902638164908192	-0.00140475145546782	Fibroblast	C57BL/6	Saline 3d	AngII 3d
120.4	deviations	120	Nrl_120	0.902638164908192	0.000947349864266825	Fibroblast	C57BL/6	Saline 3d	AngII 3d
124.4	deviations	124	Atf7_124	0.902638164908192	0.00158426823064607	Fibroblast	C57BL/6	Saline 3d	AngII 3d
157.4	deviations	157	Hivep1_157	0.902638164908192	-0.0125886680464843	Fibroblast	C57BL/6	Saline 3d	AngII 3d
162.4	deviations	162	Bcl6_162	0.902638164908192	-0.00295511317870494	Fibroblast	C57BL/6	Saline 3d	AngII 3d
180.4	deviations	180	Zfp300_180	0.902638164908192	-0.0172725245974356	Fibroblast	C57BL/6	Saline 3d	AngII 3d
228.4	deviations	228	Zbtb6_228	0.902638164908192	0.00398235919332194	Fibroblast	C57BL/6	Saline 3d	AngII 3d
254.4	deviations	254	Dmrt2_254	0.902638164908192	-0.0107521146559363	Fibroblast	C57BL/6	Saline 3d	AngII 3d
295.4	deviations	295	Gm4881_295	0.902638164908192	0.00791353322784452	Fibroblast	C57BL/6	Saline 3d	AngII 3d
342.4	deviations	342	Gm5294_342	0.902638164908192	-0.00056773694313671	Fibroblast	C57BL/6	Saline 3d	AngII 3d
391.4	deviations	391	Tcfcp2l1_391	0.902638164908192	-0.00361388361854791	Fibroblast	C57BL/6	Saline 3d	AngII 3d
445.4	deviations	445	Six2_445	0.902638164908192	-0.020217963744009	Fibroblast	C57BL/6	Saline 3d	AngII 3d
453.4	deviations	453	Msx3_453	0.902638164908192	-0.00604694362570313	Fibroblast	C57BL/6	Saline 3d	AngII 3d
508.4	deviations	508	Hoxa9_508	0.902638164908192	-0.00162142239574779	Fibroblast	C57BL/6	Saline 3d	AngII 3d
536.4	deviations	536	Nkx26_536	0.902638164908192	0.00870185293173669	Fibroblast	C57BL/6	Saline 3d	AngII 3d
555.4	deviations	555	Pou3f2_555	0.902638164908192	0.011112005831087	Fibroblast	C57BL/6	Saline 3d	AngII 3d
559.4	deviations	559	Bsx_559	0.902638164908192	0.00847900638209322	Fibroblast	C57BL/6	Saline 3d	AngII 3d
603.4	deviations	603	NP_603	0.902638164908192	-0.00682415869707875	Fibroblast	C57BL/6	Saline 3d	AngII 3d
621.4	deviations	621	Pit1_621	0.902638164908192	0.00533453045919953	Fibroblast	C57BL/6	Saline 3d	AngII 3d
625.4	deviations	625	Hsf2_625	0.902638164908192	-0.00106489716862634	Fibroblast	C57BL/6	Saline 3d	AngII 3d
646.4	deviations	646	Smarcc2_646	0.902638164908192	0.00755909726161627	Fibroblast	C57BL/6	Saline 3d	AngII 3d
669.4	deviations	669	Esrrb_669	0.902638164908192	0.00197223076339915	Fibroblast	C57BL/6	Saline 3d	AngII 3d
681.4	deviations	681	Nr3c2_681	0.902638164908192	0.00737591559579408	Fibroblast	C57BL/6	Saline 3d	AngII 3d
733.4	deviations	733	Sox17_733	0.902638164908192	0.00150088642396932	Fibroblast	C57BL/6	Saline 3d	AngII 3d
751.4	deviations	751	Sox4_751	0.902638164908192	0.00468976416627744	Fibroblast	C57BL/6	Saline 3d	AngII 3d
791.4	deviations	791	Atf5_791	0.902638164908192	-0.00677968790739406	Fibroblast	C57BL/6	Saline 3d	AngII 3d
792.4	deviations	792	Mafa_792	0.902638164908192	0.000947349864266825	Fibroblast	C57BL/6	Saline 3d	AngII 3d
793.4	deviations	793	Maf_793	0.902638164908192	0.000947349864266825	Fibroblast	C57BL/6	Saline 3d	AngII 3d
797.4	deviations	797	Hivep2_797	0.902638164908192	-0.0125886680464843	Fibroblast	C57BL/6	Saline 3d	AngII 3d
803.4	deviations	803	Hivep3_803	0.902638164908192	-0.0125886680464843	Fibroblast	C57BL/6	Saline 3d	AngII 3d
836.4	deviations	836	Ubp1_836	0.902638164908192	-0.00361388361854791	Fibroblast	C57BL/6	Saline 3d	AngII 3d
870.4	deviations	870	Creb3_870	0.902638164908192	0.00990225235222678	Fibroblast	C57BL/6	Saline 3d	AngII 3d
871.4	deviations	871	Nfe2l3_871	0.902638164908192	-0.00259798713672393	Fibroblast	C57BL/6	Saline 3d	AngII 3d
264.4	deviations	264	E2f6_264	0.903762602368842	-0.00390645469059592	Fibroblast	C57BL/6	Saline 3d	AngII 3d
107.4	deviations	107	Fosl1_107	0.906756263041092	0.00574791387944209	Fibroblast	C57BL/6	Saline 3d	AngII 3d
133.4	deviations	133	Dbp_133	0.906757429147712	-0.0173960875465554	Fibroblast	C57BL/6	Saline 3d	AngII 3d
668.4	deviations	668	Esr2_668	0.906757429147712	0.0033812014139972	Fibroblast	C57BL/6	Saline 3d	AngII 3d
679.4	deviations	679	Nr4a3_679	0.906757429147712	0.00815281916011031	Fibroblast	C57BL/6	Saline 3d	AngII 3d
697.4	deviations	697	Rel_697	0.906757429147712	-0.00240309110300877	Fibroblast	C57BL/6	Saline 3d	AngII 3d
747.4	deviations	747	Sox11_747	0.906757429147712	-0.00787196971271778	Fibroblast	C57BL/6	Saline 3d	AngII 3d
102.4	deviations	102	Mafk_102	0.91253191554229	-0.00345533312789272	Fibroblast	C57BL/6	Saline 3d	AngII 3d
280.4	deviations	280	Elk4_280	0.914111830674796	-0.00178516308639046	Fibroblast	C57BL/6	Saline 3d	AngII 3d
545.4	deviations	545	Nkx12_545	0.91941658325352	-0.00657951480399536	Fibroblast	C57BL/6	Saline 3d	AngII 3d
395.4	deviations	395	Hoxa10_395	0.921457116610988	-0.00306002438661093	Fibroblast	C57BL/6	Saline 3d	AngII 3d
405.4	deviations	405	Hoxc8_405	0.923843950771428	0.00237934719573803	Fibroblast	C57BL/6	Saline 3d	AngII 3d
772.4	deviations	772	Tbp_772	0.923843950771428	0.00430083891846277	Fibroblast	C57BL/6	Saline 3d	AngII 3d
773.4	deviations	773	Tbpl2_773	0.923843950771428	0.00430083891846277	Fibroblast	C57BL/6	Saline 3d	AngII 3d
613.4	deviations	613	Pax3_613	0.925412157048029	0.00639860715982646	Fibroblast	C57BL/6	Saline 3d	AngII 3d
49.4	deviations	49	Neurog2_49	0.925642853486029	-0.0230881349781884	Fibroblast	C57BL/6	Saline 3d	AngII 3d
75.4	deviations	75	Neurog3_75	0.925642853486029	-0.0230881349781884	Fibroblast	C57BL/6	Saline 3d	AngII 3d
801.4	deviations	801	Gli1_801	0.925642853486029	0.00412538449998257	Fibroblast	C57BL/6	Saline 3d	AngII 3d
815.4	deviations	815	Gli2_815	0.925642853486029	0.00412538449998257	Fibroblast	C57BL/6	Saline 3d	AngII 3d
809.4	deviations	809	Ovol2_809	0.927204730672207	-0.0159574713574015	Fibroblast	C57BL/6	Saline 3d	AngII 3d
507.4	deviations	507	Hoxa11_507	0.927377632635001	-0.0068764497551603	Fibroblast	C57BL/6	Saline 3d	AngII 3d
258.4	deviations	258	E2f3_258	0.927550622426988	0.00124641831447166	Fibroblast	C57BL/6	Saline 3d	AngII 3d
26.4	deviations	26	Arnt2_26	0.935113824747518	-0.00617125142855065	Fibroblast	C57BL/6	Saline 3d	AngII 3d
489.4	deviations	489	Isl2_489	0.937754638562807	0.00348413467760614	Fibroblast	C57BL/6	Saline 3d	AngII 3d
529.4	deviations	529	Isl1_529	0.937754638562807	0.00348413467760614	Fibroblast	C57BL/6	Saline 3d	AngII 3d
159.4	deviations	159	Fezf2_159	0.938404457584807	0.00360697598327397	Fibroblast	C57BL/6	Saline 3d	AngII 3d
177.4	deviations	177	Fezf1_177	0.938404457584807	0.00360697598327397	Fibroblast	C57BL/6	Saline 3d	AngII 3d
189.4	deviations	189	Prdm1_189	0.938404457584807	0.00261088458670707	Fibroblast	C57BL/6	Saline 3d	AngII 3d
199.4	deviations	199	Zfp784_199	0.938404457584807	0.00206614662771828	Fibroblast	C57BL/6	Saline 3d	AngII 3d
272.4	deviations	272	Elk3_272	0.938404457584807	-0.00909694222972816	Fibroblast	C57BL/6	Saline 3d	AngII 3d
388.4	deviations	388	Gcm1_388	0.938404457584807	0.0141969863351245	Fibroblast	C57BL/6	Saline 3d	AngII 3d
429.4	deviations	429	Gsc_429	0.938404457584807	-0.000977283876398491	Fibroblast	C57BL/6	Saline 3d	AngII 3d
466.4	deviations	466	Dmbx1_466	0.938404457584807	0.0108812521194583	Fibroblast	C57BL/6	Saline 3d	AngII 3d
628.4	deviations	628	Hsfy2_628	0.938404457584807	0.0170609999120167	Fibroblast	C57BL/6	Saline 3d	AngII 3d
659.4	deviations	659	Nr2c2_659	0.938404457584807	-8.84597585549471e-05	Fibroblast	C57BL/6	Saline 3d	AngII 3d
674.4	deviations	674	Esrra_674	0.938404457584807	-0.00361462724808631	Fibroblast	C57BL/6	Saline 3d	AngII 3d
692.4	deviations	692	Trp53_692	0.938404457584807	0.00044915700774853	Fibroblast	C57BL/6	Saline 3d	AngII 3d
706.4	deviations	706	Rfx4_706	0.938404457584807	0.00250203213181291	Fibroblast	C57BL/6	Saline 3d	AngII 3d
718.4	deviations	718	Sp110_718	0.938404457584807	-4.47515995770885e-05	Fibroblast	C57BL/6	Saline 3d	AngII 3d
719.4	deviations	719	AC1689771_719	0.938404457584807	-4.47515995770885e-05	Fibroblast	C57BL/6	Saline 3d	AngII 3d
623.4	deviations	623	Pit1_623	0.939192221647195	0.00264018911498724	Fibroblast	C57BL/6	Saline 3d	AngII 3d
667.4	deviations	667	Nr2e1_667	0.939192221647195	0.00324173886066623	Fibroblast	C57BL/6	Saline 3d	AngII 3d
212.4	deviations	212	Zfp524_212	0.939524964851932	0.00513558240945925	Fibroblast	C57BL/6	Saline 3d	AngII 3d
766.4	deviations	766	Tbx19_766	0.939524964851932	0.000874101216398179	Fibroblast	C57BL/6	Saline 3d	AngII 3d
879.4	deviations	879	Dmrta2_879	0.940144347152234	0.00197013500543966	Fibroblast	C57BL/6	Saline 3d	AngII 3d
196.4	deviations	196	Zfp410_196	0.941022566903353	0.00146973989316245	Fibroblast	C57BL/6	Saline 3d	AngII 3d
259.4	deviations	259	E2f2_259	0.941022566903353	-0.00052159259905666	Fibroblast	C57BL/6	Saline 3d	AngII 3d
382.4	deviations	382	Gata6_382	0.941022566903353	-0.00489079564456535	Fibroblast	C57BL/6	Saline 3d	AngII 3d
516.4	deviations	516	Six3_516	0.941022566903353	0.0015090198885057	Fibroblast	C57BL/6	Saline 3d	AngII 3d
524.4	deviations	524	ENSMUSG00000040953_524	0.941022566903353	0.00251220218075743	Fibroblast	C57BL/6	Saline 3d	AngII 3d
527.4	deviations	527	Obox6_527	0.941022566903353	0.00251220218075743	Fibroblast	C57BL/6	Saline 3d	AngII 3d
599.4	deviations	599	NP_599	0.941022566903353	-0.00812103861862413	Fibroblast	C57BL/6	Saline 3d	AngII 3d
635.4	deviations	635	Irf5_635	0.941022566903353	0.000193230172924011	Fibroblast	C57BL/6	Saline 3d	AngII 3d
423.4	deviations	423	Hoxb1_423	0.94298564346464	0.000581423584370536	Fibroblast	C57BL/6	Saline 3d	AngII 3d
558.4	deviations	558	Obox1_558	0.943599119258787	0.00550526872209513	Fibroblast	C57BL/6	Saline 3d	AngII 3d
4.4	deviations	4	Tcfap2e_4	0.950230428934224	0.00428009897754918	Fibroblast	C57BL/6	Saline 3d	AngII 3d
273.4	deviations	273	Gabpa_273	0.950230428934224	-0.00480466046273507	Fibroblast	C57BL/6	Saline 3d	AngII 3d
292.4	deviations	292	Gm4881_292	0.950230428934224	-0.00480466046273507	Fibroblast	C57BL/6	Saline 3d	AngII 3d
753.4	deviations	753	Stat6_753	0.950230428934224	-0.00654144134132	Fibroblast	C57BL/6	Saline 3d	AngII 3d
828.4	deviations	828	Ets2_828	0.950230428934224	-0.00480466046273507	Fibroblast	C57BL/6	Saline 3d	AngII 3d
217.4	deviations	217	Zkscan5_217	0.951886391760627	-0.00155624335436059	Fibroblast	C57BL/6	Saline 3d	AngII 3d
245.4	deviations	245	Onecut3_245	0.951886391760627	-0.00112794264394413	Fibroblast	C57BL/6	Saline 3d	AngII 3d
869.4	deviations	869	Hif3a_869	0.95204335780824	0.00140667248557447	Fibroblast	C57BL/6	Saline 3d	AngII 3d
18.4	deviations	18	Mnt_18	0.952513975696655	-0.0021161579774014	Fibroblast	C57BL/6	Saline 3d	AngII 3d
81.4	deviations	81	Olig1_81	0.952513975696655	-0.00407454758776211	Fibroblast	C57BL/6	Saline 3d	AngII 3d
229.4	deviations	229	Zic3_229	0.952513975696655	0.00505806131218247	Fibroblast	C57BL/6	Saline 3d	AngII 3d
756.4	deviations	756	Stat5b_756	0.952670745098418	0.00556295589733459	Fibroblast	C57BL/6	Saline 3d	AngII 3d
155.4	deviations	155	Gli3_155	0.953355099654945	-0.0031500613901576	Fibroblast	C57BL/6	Saline 3d	AngII 3d
276.4	deviations	276	Etv5_276	0.953355099654945	-0.00822408367216995	Fibroblast	C57BL/6	Saline 3d	AngII 3d
289.4	deviations	289	ENSMUSG00000044690_289	0.953355099654945	-0.00822408367216995	Fibroblast	C57BL/6	Saline 3d	AngII 3d
399.4	deviations	399	Nkx21_399	0.953355099654945	0.00583487675505072	Fibroblast	C57BL/6	Saline 3d	AngII 3d
488.4	deviations	488	Barx2_488	0.953355099654945	-0.0138017030021817	Fibroblast	C57BL/6	Saline 3d	AngII 3d
593.4	deviations	593	NP_593	0.953355099654945	-0.00570362001836289	Fibroblast	C57BL/6	Saline 3d	AngII 3d
703.4	deviations	703	Nfatc1_703	0.953355099654945	0.00147827841400529	Fibroblast	C57BL/6	Saline 3d	AngII 3d
800.4	deviations	800	Zfp148_800	0.953355099654945	0.000403168420593885	Fibroblast	C57BL/6	Saline 3d	AngII 3d
859.4	deviations	859	Nfib_859	0.953355099654945	0.00569023663537459	Fibroblast	C57BL/6	Saline 3d	AngII 3d
862.4	deviations	862	Nfia_862	0.953355099654945	0.00569023663537459	Fibroblast	C57BL/6	Saline 3d	AngII 3d
868.4	deviations	868	Tead4_868	0.955269858335641	-0.000761346143421857	Fibroblast	C57BL/6	Saline 3d	AngII 3d
384.4	deviations	384	Gata3_384	0.95601849573184	-0.00251085966740508	Fibroblast	C57BL/6	Saline 3d	AngII 3d
512.4	deviations	512	Hoxb5_512	0.95601849573184	-0.000961258057641214	Fibroblast	C57BL/6	Saline 3d	AngII 3d
805.4	deviations	805	Rest_805	0.957926157986885	0.00489611686820532	Fibroblast	C57BL/6	Saline 3d	AngII 3d
501.4	deviations	501	Pknox2_501	0.95851665677143	-0.000476126590070113	Fibroblast	C57BL/6	Saline 3d	AngII 3d
15.4	deviations	15	Phf21a_15	0.962178182027471	-0.00508875562738845	Fibroblast	C57BL/6	Saline 3d	AngII 3d
140.4	deviations	140	Zscan4_140	0.962178182027471	0.00153234114570628	Fibroblast	C57BL/6	Saline 3d	AngII 3d
252.4	deviations	252	Dmrt3_252	0.962178182027471	-0.000307788949218811	Fibroblast	C57BL/6	Saline 3d	AngII 3d
775.4	deviations	775	Spz1_775	0.962178182027471	-0.00531126884389478	Fibroblast	C57BL/6	Saline 3d	AngII 3d
77.4	deviations	77	Bhlhe23_77	0.962475055975712	-0.0136473160763145	Fibroblast	C57BL/6	Saline 3d	AngII 3d
389.4	deviations	389	Tcfcp2_389	0.962475055975712	0.0193023897568943	Fibroblast	C57BL/6	Saline 3d	AngII 3d
278.4	deviations	278	Etv4_278	0.964802566981398	-0.00671221964802707	Fibroblast	C57BL/6	Saline 3d	AngII 3d
290.4	deviations	290	Gm5454_290	0.964802566981398	-0.00646878532392055	Fibroblast	C57BL/6	Saline 3d	AngII 3d
728.4	deviations	728	Cic_728	0.964802566981398	-0.00132609268505929	Fibroblast	C57BL/6	Saline 3d	AngII 3d
752.4	deviations	752	ENSMUSG00000079994_752	0.964802566981398	-0.0035666585285274	Fibroblast	C57BL/6	Saline 3d	AngII 3d
607.4	deviations	607	NP_607	0.968121407241497	0.000223876533419543	Fibroblast	C57BL/6	Saline 3d	AngII 3d
712.4	deviations	712	Runx1_712	0.968121407241497	-0.00508344659108962	Fibroblast	C57BL/6	Saline 3d	AngII 3d
716.4	deviations	716	Gmeb2_716	0.968121407241497	0.0154875333784023	Fibroblast	C57BL/6	Saline 3d	AngII 3d
755.4	deviations	755	Stat5a_755	0.968121407241497	-0.000100778259247092	Fibroblast	C57BL/6	Saline 3d	AngII 3d
858.4	deviations	858	Runx3_858	0.968121407241497	-0.00508344659108962	Fibroblast	C57BL/6	Saline 3d	AngII 3d
387.4	deviations	387	Gata1_387	0.970130215806902	0.0057297279567808	Fibroblast	C57BL/6	Saline 3d	AngII 3d
837.4	deviations	837	Six5_837	0.970130215806902	-0.0182822641533355	Fibroblast	C57BL/6	Saline 3d	AngII 3d
430.4	deviations	430	Six6_430	0.973852307437759	-0.0268875282349805	Fibroblast	C57BL/6	Saline 3d	AngII 3d
554.4	deviations	554	Pbx1_554	0.973852307437759	0.00519211959513894	Fibroblast	C57BL/6	Saline 3d	AngII 3d
460.4	deviations	460	Hoxd8_460	0.976997795015471	0.00730312925993629	Fibroblast	C57BL/6	Saline 3d	AngII 3d
736.4	deviations	736	Sox30_736	0.977131183929312	-0.00226127679616736	Fibroblast	C57BL/6	Saline 3d	AngII 3d
709.4	deviations	709	Rfx7_709	0.977264420259879	0.00303766629563133	Fibroblast	C57BL/6	Saline 3d	AngII 3d
158.4	deviations	158	Zfp369_158	0.977530425063143	0.00641743609409055	Fibroblast	C57BL/6	Saline 3d	AngII 3d
219.4	deviations	219	Zfp110_219	0.977530425063143	0.00641743609409055	Fibroblast	C57BL/6	Saline 3d	AngII 3d
876.4	deviations	876	Zfp263_876	0.97766318850871	-7.22811776213243e-05	Fibroblast	C57BL/6	Saline 3d	AngII 3d
411.4	deviations	411	Otx1_411	0.984029678809774	-0.000666230092052342	Fibroblast	C57BL/6	Saline 3d	AngII 3d
464.4	deviations	464	Pitx2_464	0.984029678809774	-0.000666230092052342	Fibroblast	C57BL/6	Saline 3d	AngII 3d
676.4	deviations	676	Esrrg_676	0.984029678809774	0.000813345847116773	Fibroblast	C57BL/6	Saline 3d	AngII 3d
696.4	deviations	696	Nfat5_696	0.985007453085488	0.000704449000130024	Fibroblast	C57BL/6	Saline 3d	AngII 3d
112.4	deviations	112	Atf2_112	0.992368764843915	0.00118905115494103	Fibroblast	C57BL/6	Saline 3d	AngII 3d
462.4	deviations	462	Nkx22_462	0.994612115307294	-0.00778674665818381	Fibroblast	C57BL/6	Saline 3d	AngII 3d
16.4	deviations	16	Zfp957_16	0.998144463615891	-0.0058203297810034	Fibroblast	C57BL/6	Saline 3d	AngII 3d
52.4	deviations	52	Clock_52	0.998144463615891	0.015729003666425	Fibroblast	C57BL/6	Saline 3d	AngII 3d
94.4	deviations	94	Atoh1_94	0.998144463615891	-0.0138717558748557	Fibroblast	C57BL/6	Saline 3d	AngII 3d
131.4	deviations	131	Nfil3_131	0.998144463615891	-0.00205572886584591	Fibroblast	C57BL/6	Saline 3d	AngII 3d
145.4	deviations	145	Klf5_145	0.998144463615891	0.000297112917122765	Fibroblast	C57BL/6	Saline 3d	AngII 3d
146.4	deviations	146	Ctcf_146	0.998144463615891	-0.00136439449901572	Fibroblast	C57BL/6	Saline 3d	AngII 3d
215.4	deviations	215	Zscan4c_215	0.998144463615891	0.00159693428341359	Fibroblast	C57BL/6	Saline 3d	AngII 3d
232.4	deviations	232	Zscan4ps2_232	0.998144463615891	0.00159693428341359	Fibroblast	C57BL/6	Saline 3d	AngII 3d
233.4	deviations	233	Zscan4f_233	0.998144463615891	0.00159693428341359	Fibroblast	C57BL/6	Saline 3d	AngII 3d
268.4	deviations	268	Etv1_268	0.998144463615891	-0.00729848504939368	Fibroblast	C57BL/6	Saline 3d	AngII 3d
314.4	deviations	314	Foxo1_314	0.998144463615891	0.000309093934946589	Fibroblast	C57BL/6	Saline 3d	AngII 3d
349.4	deviations	349	Gm5294_349	0.998144463615891	0.0022393163030091	Fibroblast	C57BL/6	Saline 3d	AngII 3d
404.4	deviations	404	Hoxc11_404	0.998144463615891	-0.00644891333447697	Fibroblast	C57BL/6	Saline 3d	AngII 3d
437.4	deviations	437	Otx2_437	0.998144463615891	0.000752424355153464	Fibroblast	C57BL/6	Saline 3d	AngII 3d
467.4	deviations	467	Pax7_467	0.998144463615891	0.000313138426378843	Fibroblast	C57BL/6	Saline 3d	AngII 3d
484.4	deviations	484	Irx5_484	0.998144463615891	0.0151762407781733	Fibroblast	C57BL/6	Saline 3d	AngII 3d
514.4	deviations	514	Hoxb7_514	0.998144463615891	0.00387320642624022	Fibroblast	C57BL/6	Saline 3d	AngII 3d
526.4	deviations	526	Crx_526	0.998144463615891	0.000752424355153464	Fibroblast	C57BL/6	Saline 3d	AngII 3d
533.4	deviations	533	Hoxa6_533	0.998144463615891	0.00524515384539869	Fibroblast	C57BL/6	Saline 3d	AngII 3d
578.4	deviations	578	Obox5_578	0.998144463615891	0.000464429746301787	Fibroblast	C57BL/6	Saline 3d	AngII 3d
579.4	deviations	579	AC1890281_579	0.998144463615891	0.000464429746301787	Fibroblast	C57BL/6	Saline 3d	AngII 3d
608.4	deviations	608	NP_608	0.998144463615891	0.000464429746301787	Fibroblast	C57BL/6	Saline 3d	AngII 3d
609.4	deviations	609	Q8VHG7_609	0.998144463615891	0.000464429746301787	Fibroblast	C57BL/6	Saline 3d	AngII 3d
622.4	deviations	622	Pit1_622	0.998144463615891	0.00312697798070101	Fibroblast	C57BL/6	Saline 3d	AngII 3d
678.4	deviations	678	Rorc_678	0.998144463615891	0.00611109647829114	Fibroblast	C57BL/6	Saline 3d	AngII 3d
784.4	deviations	784	Neurod1_784	0.998144463615891	-0.0138717558748557	Fibroblast	C57BL/6	Saline 3d	AngII 3d
786.4	deviations	786	Neurod6_786	0.998144463615891	-0.0138717558748557	Fibroblast	C57BL/6	Saline 3d	AngII 3d
787.4	deviations	787	Neurod4_787	0.998144463615891	-0.0138717558748557	Fibroblast	C57BL/6	Saline 3d	AngII 3d
194.5	deviations	194	Klf8_194	1.12024606636441e-06	0.0199006610500236	Fibroblast	C57BL/6	Saline 3d	AngII 28d
236.5	deviations	236	Klf12_236	1.12024606636441e-06	0.0219236933129931	Fibroblast	C57BL/6	Saline 3d	AngII 28d
794.5	deviations	794	Klf6_794	1.12024606636441e-06	0.0211221399931391	Fibroblast	C57BL/6	Saline 3d	AngII 28d
804.5	deviations	804	Klf3_804	1.12024606636441e-06	0.0211221399931391	Fibroblast	C57BL/6	Saline 3d	AngII 28d
819.5	deviations	819	Klf2_819	1.12024606636441e-06	0.0211221399931391	Fibroblast	C57BL/6	Saline 3d	AngII 28d
143.5	deviations	143	Klf4_143	1.78797353984734e-06	0.0185423054684904	Fibroblast	C57BL/6	Saline 3d	AngII 28d
802.5	deviations	802	Sp3_802	1.78797353984734e-06	0.0171004485317032	Fibroblast	C57BL/6	Saline 3d	AngII 28d
214.5	deviations	214	Klf1_214	1.04764990087781e-05	0.0238383273042943	Fibroblast	C57BL/6	Saline 3d	AngII 28d
171.5	deviations	171	Klf7_171	1.13752109965113e-05	0.0183173650391231	Fibroblast	C57BL/6	Saline 3d	AngII 28d
234.5	deviations	234	Egr4_234	2.23909277901882e-05	0.0351064237897778	Fibroblast	C57BL/6	Saline 3d	AngII 28d
183.5	deviations	183	Egr3_183	4.76977834937293e-05	0.0264471266117553	Fibroblast	C57BL/6	Saline 3d	AngII 28d
237.5	deviations	237	Klf14_237	4.76977834937293e-05	0.0197998927984765	Fibroblast	C57BL/6	Saline 3d	AngII 28d
798.5	deviations	798	Klf11_798	4.76977834937293e-05	0.0197998927984765	Fibroblast	C57BL/6	Saline 3d	AngII 28d
817.5	deviations	817	Klf13_817	4.76977834937293e-05	0.0197998927984765	Fibroblast	C57BL/6	Saline 3d	AngII 28d
874.5	deviations	874	Klf16_874	4.76977834937293e-05	0.0197998927984765	Fibroblast	C57BL/6	Saline 3d	AngII 28d
107.5	deviations	107	Fosl1_107	4.9899673533291e-05	0.0729608858968035	Fibroblast	C57BL/6	Saline 3d	AngII 28d
188.5	deviations	188	Egr2_188	4.9899673533291e-05	0.026645363949918	Fibroblast	C57BL/6	Saline 3d	AngII 28d
108.5	deviations	108	Bach1_108	6.66491104952098e-05	0.0623311295015455	Fibroblast	C57BL/6	Saline 3d	AngII 28d
191.5	deviations	191	Sp6_191	6.99193425385888e-05	0.0155762616105502	Fibroblast	C57BL/6	Saline 3d	AngII 28d
238.5	deviations	238	Sp5_238	6.99193425385888e-05	0.0155762616105502	Fibroblast	C57BL/6	Saline 3d	AngII 28d
167.5	deviations	167	Sp4_167	7.45435603137846e-05	0.0147029583768812	Fibroblast	C57BL/6	Saline 3d	AngII 28d
135.5	deviations	135	Jund_135	7.48151866588464e-05	0.0583996471855044	Fibroblast	C57BL/6	Saline 3d	AngII 28d
104.5	deviations	104	Fos_104	0.000197096237897869	0.0553956262995395	Fibroblast	C57BL/6	Saline 3d	AngII 28d
46.5	deviations	46	Usf1_46	0.000299266504860353	0.0472470053788381	Fibroblast	C57BL/6	Saline 3d	AngII 28d
41.5	deviations	41	Tcfeb_41	0.000429479710705655	0.0453967437959194	Fibroblast	C57BL/6	Saline 3d	AngII 28d
142.5	deviations	142	Sp1_142	0.000429479710705655	0.0150328061646347	Fibroblast	C57BL/6	Saline 3d	AngII 28d
190.5	deviations	190	Egr1_190	0.000429479710705655	0.0173006317978775	Fibroblast	C57BL/6	Saline 3d	AngII 28d
109.5	deviations	109	Creb1_109	0.000523100193669483	0.0500816599716364	Fibroblast	C57BL/6	Saline 3d	AngII 28d
119.5	deviations	119	Bach2_119	0.000554740382586628	0.0438353730740479	Fibroblast	C57BL/6	Saline 3d	AngII 28d
126.5	deviations	126	Jun_126	0.000731271038870364	0.074666731171029	Fibroblast	C57BL/6	Saline 3d	AngII 28d
17.5	deviations	17	Tcfe3_17	0.000826644196266996	0.0436939905568458	Fibroblast	C57BL/6	Saline 3d	AngII 28d
127.5	deviations	127	Junb_127	0.00120705923223519	0.0662855604856673	Fibroblast	C57BL/6	Saline 3d	AngII 28d
810.5	deviations	810	Klf10_810	0.00132960465337593	0.0262029037519493	Fibroblast	C57BL/6	Saline 3d	AngII 28d
353.5	deviations	353	Gm5294_353	0.0013365767390208	0.0253120560189725	Fibroblast	C57BL/6	Saline 3d	AngII 28d
379.5	deviations	379	Foxl1_379	0.0013365767390208	0.0253120560189725	Fibroblast	C57BL/6	Saline 3d	AngII 28d
53.5	deviations	53	Tcfec_53	0.00135658357794141	0.0431613913016749	Fibroblast	C57BL/6	Saline 3d	AngII 28d
62.5	deviations	62	Mitf_62	0.0015689661878376	0.0427860819531884	Fibroblast	C57BL/6	Saline 3d	AngII 28d
677.5	deviations	677	Nr4a2_677	0.0015689661878376	0.0470834697073889	Fibroblast	C57BL/6	Saline 3d	AngII 28d
843.5	deviations	843	Smarcc1_843	0.00276359232638768	0.0343375472536448	Fibroblast	C57BL/6	Saline 3d	AngII 28d
112.5	deviations	112	Atf2_112	0.00663311586694281	0.0423264214800163	Fibroblast	C57BL/6	Saline 3d	AngII 28d
89.5	deviations	89	Arntl_89	0.00766416703135168	0.0382566041094838	Fibroblast	C57BL/6	Saline 3d	AngII 28d
242.5	deviations	242	Nfya_242	0.00793092817664459	0.0225407396842974	Fibroblast	C57BL/6	Saline 3d	AngII 28d
56.5	deviations	56	Bhlhe41_56	0.00852965692611788	0.0341489975474931	Fibroblast	C57BL/6	Saline 3d	AngII 28d
145.5	deviations	145	Klf5_145	0.0094726411339109	0.00946985651837039	Fibroblast	C57BL/6	Saline 3d	AngII 28d
124.5	deviations	124	Atf7_124	0.009585980608826	0.0446745017339093	Fibroblast	C57BL/6	Saline 3d	AngII 28d
95.5	deviations	95	Usf2_95	0.00979370631083581	0.038078676276537	Fibroblast	C57BL/6	Saline 3d	AngII 28d
116.5	deviations	116	Creb3l3_116	0.0122692023149462	0.0404480831637171	Fibroblast	C57BL/6	Saline 3d	AngII 28d
870.5	deviations	870	Creb3_870	0.0122692023149462	0.0404480831637171	Fibroblast	C57BL/6	Saline 3d	AngII 28d
114.5	deviations	114	Jdp2_114	0.0138153905897504	0.0405444446091055	Fibroblast	C57BL/6	Saline 3d	AngII 28d
207.5	deviations	207	Sp8_207	0.0254295567127807	0.010869675411476	Fibroblast	C57BL/6	Saline 3d	AngII 28d
222.5	deviations	222	Sp7_222	0.0254295567127807	0.010869675411476	Fibroblast	C57BL/6	Saline 3d	AngII 28d
231.5	deviations	231	Sp9_231	0.0254295567127807	0.010869675411476	Fibroblast	C57BL/6	Saline 3d	AngII 28d
513.5	deviations	513	Pbx3_513	0.0254295567127807	0.0177210464952447	Fibroblast	C57BL/6	Saline 3d	AngII 28d
98.5	deviations	98	Fosb_98	0.0290297917167685	0.0325544265724302	Fibroblast	C57BL/6	Saline 3d	AngII 28d
542.5	deviations	542	Tgif1_542	0.0290297917167685	0.0302223536673102	Fibroblast	C57BL/6	Saline 3d	AngII 28d
842.5	deviations	842	Mef2d_842	0.0348444230872712	0.0319098770536267	Fibroblast	C57BL/6	Saline 3d	AngII 28d
882.5	deviations	882	Mef2b_882	0.0348444230872712	0.0319098770536267	Fibroblast	C57BL/6	Saline 3d	AngII 28d
779.5	deviations	779	Mlxipl_779	0.0353787017545997	0.036342633364797	Fibroblast	C57BL/6	Saline 3d	AngII 28d
128.5	deviations	128	X9430076C15Rik_128	0.0373766927164024	0.0349196214425797	Fibroblast	C57BL/6	Saline 3d	AngII 28d
50.5	deviations	50	Mycl1_50	0.0398525802708021	0.0250918334231861	Fibroblast	C57BL/6	Saline 3d	AngII 28d
65.5	deviations	65	Mycn_65	0.0398525802708021	0.0250918334231861	Fibroblast	C57BL/6	Saline 3d	AngII 28d
76.5	deviations	76	Mycs_76	0.0398525802708021	0.0250918334231861	Fibroblast	C57BL/6	Saline 3d	AngII 28d
27.5	deviations	27	Mlx_27	0.0403341133499652	0.0383097312217937	Fibroblast	C57BL/6	Saline 3d	AngII 28d
425.5	deviations	425	Meis1_425	0.042024825675508	0.0271684737672397	Fibroblast	C57BL/6	Saline 3d	AngII 28d
150.5	deviations	150	Sp2_150	0.0451018797533979	0.00671413178756562	Fibroblast	C57BL/6	Saline 3d	AngII 28d
461.5	deviations	461	Meis2_461	0.0457511525163952	0.0288539518575029	Fibroblast	C57BL/6	Saline 3d	AngII 28d
540.5	deviations	540	Pou3f3_540	0.0459181454065106	-0.043850246853634	Fibroblast	C57BL/6	Saline 3d	AngII 28d
134.5	deviations	134	Crem_134	0.0551295265430742	0.0443702761588997	Fibroblast	C57BL/6	Saline 3d	AngII 28d
666.5	deviations	666	Esr1_666	0.0590684362414086	-0.0239699025467242	Fibroblast	C57BL/6	Saline 3d	AngII 28d
694.5	deviations	694	Pax5_694	0.0618923247361616	0.0188807155932011	Fibroblast	C57BL/6	Saline 3d	AngII 28d
147.5	deviations	147	Snai3_147	0.0675287603077319	0.0265201419553388	Fibroblast	C57BL/6	Saline 3d	AngII 28d
197.5	deviations	197	Snai1_197	0.0675287603077319	0.0265201419553388	Fibroblast	C57BL/6	Saline 3d	AngII 28d
260.5	deviations	260	E2f7_260	0.0675287603077319	0.0352521102876771	Fibroblast	C57BL/6	Saline 3d	AngII 28d
566.5	deviations	566	Tgif2_566	0.0675287603077319	0.0275935840887443	Fibroblast	C57BL/6	Saline 3d	AngII 28d
29.5	deviations	29	Hey2_29	0.0684661700486234	0.0325804457799233	Fibroblast	C57BL/6	Saline 3d	AngII 28d
55.5	deviations	55	Bhlhe40_55	0.0684661700486234	0.0341245662017679	Fibroblast	C57BL/6	Saline 3d	AngII 28d
60.5	deviations	60	Heyl_60	0.0684661700486234	0.0325804457799233	Fibroblast	C57BL/6	Saline 3d	AngII 28d
73.5	deviations	73	Hey1_73	0.0684661700486234	0.0325804457799233	Fibroblast	C57BL/6	Saline 3d	AngII 28d
577.5	deviations	577	Cphx_577	0.0684872963747015	0.0248934833617007	Fibroblast	C57BL/6	Saline 3d	AngII 28d
525.5	deviations	525	Meis3_525	0.0699983005509306	0.0237092290034385	Fibroblast	C57BL/6	Saline 3d	AngII 28d
715.5	deviations	715	Gmeb1_715	0.074511098304469	0.0448545208055984	Fibroblast	C57BL/6	Saline 3d	AngII 28d
132.5	deviations	132	Nfe2_132	0.0989308975392404	0.0282067741807338	Fibroblast	C57BL/6	Saline 3d	AngII 28d
38.5	deviations	38	Srebf2_38	0.103470797738345	0.0442844485751381	Fibroblast	C57BL/6	Saline 3d	AngII 28d
716.5	deviations	716	Gmeb2_716	0.112865906935884	0.0603397072102638	Fibroblast	C57BL/6	Saline 3d	AngII 28d
97.5	deviations	97	Cebpd_97	0.11527763638539	-0.0579718110293192	Fibroblast	C57BL/6	Saline 3d	AngII 28d
130.5	deviations	130	Cebpb_130	0.11527763638539	-0.0579718110293192	Fibroblast	C57BL/6	Saline 3d	AngII 28d
25.5	deviations	25	Arnt_25	0.122467102936597	0.0317300686799862	Fibroblast	C57BL/6	Saline 3d	AngII 28d
678.5	deviations	678	Rorc_678	0.122467102936597	-0.0226401660575148	Fibroblast	C57BL/6	Saline 3d	AngII 28d
876.5	deviations	876	Zfp263_876	0.13074400036243	0.0065090490220713	Fibroblast	C57BL/6	Saline 3d	AngII 28d
872.5	deviations	872	Wt1_872	0.132204071693604	0.00516927388362579	Fibroblast	C57BL/6	Saline 3d	AngII 28d
873.5	deviations	873	E4f1_873	0.138205544430957	0.0314783016759049	Fibroblast	C57BL/6	Saline 3d	AngII 28d
295.5	deviations	295	Gm4881_295	0.155409933377776	-0.0126603587988429	Fibroblast	C57BL/6	Saline 3d	AngII 28d
263.5	deviations	263	E2f8_263	0.158831856884914	0.0247431524997266	Fibroblast	C57BL/6	Saline 3d	AngII 28d
833.5	deviations	833	Foxd4_833	0.172072386319424	-0.0237769255970614	Fibroblast	C57BL/6	Saline 3d	AngII 28d
844.5	deviations	844	Nr1d1_844	0.172072386319424	-0.0259766772649547	Fibroblast	C57BL/6	Saline 3d	AngII 28d
845.5	deviations	845	Nr1d2_845	0.172072386319424	-0.0259766772649547	Fibroblast	C57BL/6	Saline 3d	AngII 28d
313.5	deviations	313	Foxo4_313	0.186027664225013	-0.0263026967717447	Fibroblast	C57BL/6	Saline 3d	AngII 28d
100.5	deviations	100	Atf6b_100	0.199996159448738	0.0238734759382236	Fibroblast	C57BL/6	Saline 3d	AngII 28d
111.5	deviations	111	Atf6_111	0.199996159448738	0.0238734759382236	Fibroblast	C57BL/6	Saline 3d	AngII 28d
330.5	deviations	330	Foxd1_330	0.199996159448738	-0.0209986288124752	Fibroblast	C57BL/6	Saline 3d	AngII 28d
334.5	deviations	334	Gm5294_334	0.199996159448738	-0.0209986288124752	Fibroblast	C57BL/6	Saline 3d	AngII 28d
359.5	deviations	359	Foxl1_359	0.199996159448738	-0.0209986288124752	Fibroblast	C57BL/6	Saline 3d	AngII 28d
734.5	deviations	734	Lef1_734	0.200926457536819	0.0229526257621	Fibroblast	C57BL/6	Saline 3d	AngII 28d
101.5	deviations	101	Nfe2l2_101	0.203814712829386	0.0164380031721451	Fibroblast	C57BL/6	Saline 3d	AngII 28d
185.5	deviations	185	Glis1_185	0.210053827742547	0.0296570961880555	Fibroblast	C57BL/6	Saline 3d	AngII 28d
705.5	deviations	705	Rfx6_705	0.216117053117736	0.0185292600807899	Fibroblast	C57BL/6	Saline 3d	AngII 28d
414.5	deviations	414	Pknox1_414	0.231199213112023	0.0193163596714434	Fibroblast	C57BL/6	Saline 3d	AngII 28d
80.5	deviations	80	Npas4_80	0.235281834715448	0.0445917283646182	Fibroblast	C57BL/6	Saline 3d	AngII 28d
203.5	deviations	203	Zfp691_203	0.235281834715448	0.0220998792824228	Fibroblast	C57BL/6	Saline 3d	AngII 28d
380.5	deviations	380	Foxl1_380	0.235281834715448	0.008294240947524	Fibroblast	C57BL/6	Saline 3d	AngII 28d
404.5	deviations	404	Hoxc11_404	0.235281834715448	-0.0331472984487685	Fibroblast	C57BL/6	Saline 3d	AngII 28d
544.5	deviations	544	Duxbl_544	0.235281834715448	0.0236576344960582	Fibroblast	C57BL/6	Saline 3d	AngII 28d
575.5	deviations	575	Gm10391_575	0.235281834715448	0.0236576344960582	Fibroblast	C57BL/6	Saline 3d	AngII 28d
576.5	deviations	576	Gm10394_576	0.235281834715448	0.0236576344960582	Fibroblast	C57BL/6	Saline 3d	AngII 28d
709.5	deviations	709	Rfx7_709	0.235281834715448	0.0154026321881523	Fibroblast	C57BL/6	Saline 3d	AngII 28d
850.5	deviations	850	Nr1h4_850	0.235281834715448	-0.0237173655442215	Fibroblast	C57BL/6	Saline 3d	AngII 28d
851.5	deviations	851	Nr1h5_851	0.235281834715448	-0.0237173655442215	Fibroblast	C57BL/6	Saline 3d	AngII 28d
85.5	deviations	85	Neurog1_85	0.266728550107662	0.0366733168780926	Fibroblast	C57BL/6	Saline 3d	AngII 28d
265.5	deviations	265	Sfpi1_265	0.278135385273203	0.0201653651997775	Fibroblast	C57BL/6	Saline 3d	AngII 28d
321.5	deviations	321	Foxo6_321	0.282880552573326	-0.0253816150402805	Fibroblast	C57BL/6	Saline 3d	AngII 28d
442.5	deviations	442	Gsc2_442	0.282880552573326	-0.030929627326102	Fibroblast	C57BL/6	Saline 3d	AngII 28d
178.5	deviations	178	Zkscan1_178	0.292704404832984	0.0402254253645052	Fibroblast	C57BL/6	Saline 3d	AngII 28d
763.5	deviations	763	Tbx1_763	0.292704404832984	0.0168663787900399	Fibroblast	C57BL/6	Saline 3d	AngII 28d
770.5	deviations	770	Tbx10_770	0.292704404832984	0.0168663787900399	Fibroblast	C57BL/6	Saline 3d	AngII 28d
800.5	deviations	800	Zfp148_800	0.292704404832984	0.00463405043489834	Fibroblast	C57BL/6	Saline 3d	AngII 28d
140.5	deviations	140	Zscan4_140	0.310189456764924	0.00954055681678772	Fibroblast	C57BL/6	Saline 3d	AngII 28d
274.5	deviations	274	Elk1_274	0.319549793867719	0.0138815914717537	Fibroblast	C57BL/6	Saline 3d	AngII 28d
484.5	deviations	484	Irx5_484	0.319549793867719	-0.0182729279049822	Fibroblast	C57BL/6	Saline 3d	AngII 28d
712.5	deviations	712	Runx1_712	0.319549793867719	-0.0200990564392413	Fibroblast	C57BL/6	Saline 3d	AngII 28d
858.5	deviations	858	Runx3_858	0.319549793867719	-0.0200990564392413	Fibroblast	C57BL/6	Saline 3d	AngII 28d
853.5	deviations	853	Trp63_853	0.335650096442759	-0.0180891970328815	Fibroblast	C57BL/6	Saline 3d	AngII 28d
752.5	deviations	752	ENSMUSG00000079994_752	0.339598954165422	0.020521757446608	Fibroblast	C57BL/6	Saline 3d	AngII 28d
13.5	deviations	13	Ahctf1_13	0.342129111335341	0.0108460641738891	Fibroblast	C57BL/6	Saline 3d	AngII 28d
840.5	deviations	840	Pou4f2_840	0.345058242452521	0.0269998729098405	Fibroblast	C57BL/6	Saline 3d	AngII 28d
841.5	deviations	841	Pou4f1_841	0.345058242452521	0.0269998729098405	Fibroblast	C57BL/6	Saline 3d	AngII 28d
299.5	deviations	299	Foxg1_299	0.357107203770712	-0.0250035578196052	Fibroblast	C57BL/6	Saline 3d	AngII 28d
39.5	deviations	39	Hes1_39	0.375527808870101	0.0157599187352367	Fibroblast	C57BL/6	Saline 3d	AngII 28d
506.5	deviations	506	Hoxa13_506	0.375527808870101	-0.0254298573465777	Fibroblast	C57BL/6	Saline 3d	AngII 28d
880.5	deviations	880	Foxm1_880	0.375527808870101	-0.0149171270042422	Fibroblast	C57BL/6	Saline 3d	AngII 28d
332.5	deviations	332	Gm5294_332	0.385288592381533	-0.011599842948872	Fibroblast	C57BL/6	Saline 3d	AngII 28d
355.5	deviations	355	Foxl1_355	0.385288592381533	-0.011599842948872	Fibroblast	C57BL/6	Saline 3d	AngII 28d
646.5	deviations	646	Smarcc2_646	0.385288592381533	-0.0107166274847601	Fibroblast	C57BL/6	Saline 3d	AngII 28d
679.5	deviations	679	Nr4a3_679	0.385288592381533	0.0118091146507776	Fibroblast	C57BL/6	Saline 3d	AngII 28d
21.5	deviations	21	Twist2_21	0.38763283868138	0.025539236922098	Fibroblast	C57BL/6	Saline 3d	AngII 28d
383.5	deviations	383	Gata2_383	0.38763283868138	0.0218177197219836	Fibroblast	C57BL/6	Saline 3d	AngII 28d
781.5	deviations	781	Tal2_781	0.38763283868138	0.025539236922098	Fibroblast	C57BL/6	Saline 3d	AngII 28d
710.5	deviations	710	Rfx3_710	0.387645585994858	0.0199660574976093	Fibroblast	C57BL/6	Saline 3d	AngII 28d
706.5	deviations	706	Rfx4_706	0.400587164532633	0.0195335908386036	Fibroblast	C57BL/6	Saline 3d	AngII 28d
701.5	deviations	701	Nfkb1_701	0.408024768729623	0.0144925566198265	Fibroblast	C57BL/6	Saline 3d	AngII 28d
163.5	deviations	163	Zfp263_163	0.412952086332635	0.0211003040694695	Fibroblast	C57BL/6	Saline 3d	AngII 28d
165.5	deviations	165	Zfp523_165	0.412952086332635	-0.0107078093137142	Fibroblast	C57BL/6	Saline 3d	AngII 28d
170.5	deviations	170	Zfp282_170	0.412952086332635	-0.017841739477183	Fibroblast	C57BL/6	Saline 3d	AngII 28d
877.5	deviations	877	Zfp263_877	0.412952086332635	0.0211003040694695	Fibroblast	C57BL/6	Saline 3d	AngII 28d
276.5	deviations	276	Etv5_276	0.413973653418094	0.0135523680346597	Fibroblast	C57BL/6	Saline 3d	AngII 28d
289.5	deviations	289	ENSMUSG00000044690_289	0.413973653418094	0.0135523680346597	Fibroblast	C57BL/6	Saline 3d	AngII 28d
47.5	deviations	47	Ptf1a_47	0.415189783170946	-0.014601435040784	Fibroblast	C57BL/6	Saline 3d	AngII 28d
217.5	deviations	217	Zkscan5_217	0.415189783170946	0.0120178701568007	Fibroblast	C57BL/6	Saline 3d	AngII 28d
389.5	deviations	389	Tcfcp2_389	0.415189783170946	-0.0485436273637703	Fibroblast	C57BL/6	Saline 3d	AngII 28d
195.5	deviations	195	Zic5_195	0.422604962654209	0.0110940863905083	Fibroblast	C57BL/6	Saline 3d	AngII 28d
501.5	deviations	501	Pknox2_501	0.42332851137666	0.0211462381703814	Fibroblast	C57BL/6	Saline 3d	AngII 28d
120.5	deviations	120	Nrl_120	0.437737410195801	-0.0151514078556297	Fibroblast	C57BL/6	Saline 3d	AngII 28d
476.5	deviations	476	Nobox_476	0.437737410195801	0.0252323930139786	Fibroblast	C57BL/6	Saline 3d	AngII 28d
792.5	deviations	792	Mafa_792	0.437737410195801	-0.0151514078556297	Fibroblast	C57BL/6	Saline 3d	AngII 28d
793.5	deviations	793	Maf_793	0.437737410195801	-0.0151514078556297	Fibroblast	C57BL/6	Saline 3d	AngII 28d
640.5	deviations	640	Mef2a_640	0.439968699809134	0.0142881743898772	Fibroblast	C57BL/6	Saline 3d	AngII 28d
91.5	deviations	91	Max_91	0.444684546684122	0.0152473952395465	Fibroblast	C57BL/6	Saline 3d	AngII 28d
273.5	deviations	273	Gabpa_273	0.444684546684122	0.0129950117838519	Fibroblast	C57BL/6	Saline 3d	AngII 28d
292.5	deviations	292	Gm4881_292	0.444684546684122	0.0129950117838519	Fibroblast	C57BL/6	Saline 3d	AngII 28d
568.5	deviations	568	Rhox8_568	0.444684546684122	-0.0367293950887748	Fibroblast	C57BL/6	Saline 3d	AngII 28d
828.5	deviations	828	Ets2_828	0.444684546684122	0.0129950117838519	Fibroblast	C57BL/6	Saline 3d	AngII 28d
247.5	deviations	247	Cxxc1_247	0.456959007918877	0.0391535855267655	Fibroblast	C57BL/6	Saline 3d	AngII 28d
450.5	deviations	450	Tlx1_450	0.456959007918877	-0.0219109372181183	Fibroblast	C57BL/6	Saline 3d	AngII 28d
522.5	deviations	522	Tlx3_522	0.456959007918877	-0.0219109372181183	Fibroblast	C57BL/6	Saline 3d	AngII 28d
186.5	deviations	186	Prdm4_186	0.458481861616578	-0.012038087692906	Fibroblast	C57BL/6	Saline 3d	AngII 28d
728.5	deviations	728	Cic_728	0.458481861616578	-0.0119961686893216	Fibroblast	C57BL/6	Saline 3d	AngII 28d
96.5	deviations	96	Mga_96	0.475570842010621	0.0156288781369089	Fibroblast	C57BL/6	Saline 3d	AngII 28d
708.5	deviations	708	Rfx1_708	0.47864542001912	0.0122432449381179	Fibroblast	C57BL/6	Saline 3d	AngII 28d
589.5	deviations	589	NP_589	0.48019842207967	0.0190311068273081	Fibroblast	C57BL/6	Saline 3d	AngII 28d
673.5	deviations	673	Nr3c1_673	0.48019842207967	-0.0197804430234124	Fibroblast	C57BL/6	Saline 3d	AngII 28d
772.5	deviations	772	Tbp_772	0.48019842207967	0.017344801875267	Fibroblast	C57BL/6	Saline 3d	AngII 28d
773.5	deviations	773	Tbpl2_773	0.48019842207967	0.017344801875267	Fibroblast	C57BL/6	Saline 3d	AngII 28d
849.5	deviations	849	Pgr_849	0.48019842207967	-0.0207709216187275	Fibroblast	C57BL/6	Saline 3d	AngII 28d
5.5	deviations	5	Tcfap2d_5	0.492354823357491	-0.00712846425521359	Fibroblast	C57BL/6	Saline 3d	AngII 28d
732.5	deviations	732	Tcf7l2_732	0.492354823357491	0.0158644729032974	Fibroblast	C57BL/6	Saline 3d	AngII 28d
64.5	deviations	64	Atoh7_64	0.500171993094052	0.0349986867927291	Fibroblast	C57BL/6	Saline 3d	AngII 28d
278.5	deviations	278	Etv4_278	0.500171993094052	0.0120746955494707	Fibroblast	C57BL/6	Saline 3d	AngII 28d
692.5	deviations	692	Trp53_692	0.500171993094052	-0.0166439579000958	Fibroblast	C57BL/6	Saline 3d	AngII 28d
466.5	deviations	466	Dmbx1_466	0.502810761034564	-0.0160913818134825	Fibroblast	C57BL/6	Saline 3d	AngII 28d
133.5	deviations	133	Dbp_133	0.509609614339022	-0.0270255557430493	Fibroblast	C57BL/6	Saline 3d	AngII 28d
505.5	deviations	505	Alx1_505	0.509609614339022	0.0180238350602263	Fibroblast	C57BL/6	Saline 3d	AngII 28d
599.5	deviations	599	NP_599	0.509609614339022	0.0245736211910279	Fibroblast	C57BL/6	Saline 3d	AngII 28d
655.5	deviations	655	Nr1h3_655	0.509609614339022	0.020109660619753	Fibroblast	C57BL/6	Saline 3d	AngII 28d
688.5	deviations	688	Nr1h2_688	0.509609614339022	0.020109660619753	Fibroblast	C57BL/6	Saline 3d	AngII 28d
310.5	deviations	310	Foxk2_310	0.520991427941988	-0.0229154963202215	Fibroblast	C57BL/6	Saline 3d	AngII 28d
319.5	deviations	319	Foxo3_319	0.520991427941988	-0.0229154963202215	Fibroblast	C57BL/6	Saline 3d	AngII 28d
324.5	deviations	324	Foxk1_324	0.520991427941988	-0.0229154963202215	Fibroblast	C57BL/6	Saline 3d	AngII 28d
863.5	deviations	863	Smad1_863	0.52303480138035	0.00483180367338993	Fibroblast	C57BL/6	Saline 3d	AngII 28d
883.5	deviations	883	Smad5_883	0.52303480138035	0.00483180367338993	Fibroblast	C57BL/6	Saline 3d	AngII 28d
269.5	deviations	269	Spic_269	0.524159063915978	0.0162031825092238	Fibroblast	C57BL/6	Saline 3d	AngII 28d
512.5	deviations	512	Hoxb5_512	0.524159063915978	-0.0195785001792001	Fibroblast	C57BL/6	Saline 3d	AngII 28d
306.5	deviations	306	Foxa1_306	0.525883456347473	-0.0110578942375368	Fibroblast	C57BL/6	Saline 3d	AngII 28d
547.5	deviations	547	Hoxb13_547	0.525883456347473	-0.0230886861242621	Fibroblast	C57BL/6	Saline 3d	AngII 28d
718.5	deviations	718	Sp110_718	0.525883456347473	-0.0104539840989984	Fibroblast	C57BL/6	Saline 3d	AngII 28d
719.5	deviations	719	AC1689771_719	0.525883456347473	-0.0104539840989984	Fibroblast	C57BL/6	Saline 3d	AngII 28d
448.5	deviations	448	Cdx1_448	0.538985649534592	-0.0180420143431514	Fibroblast	C57BL/6	Saline 3d	AngII 28d
481.5	deviations	481	Cdx4_481	0.538985649534592	-0.0180420143431514	Fibroblast	C57BL/6	Saline 3d	AngII 28d
595.5	deviations	595	NP_595	0.538985649534592	0.0213018475864951	Fibroblast	C57BL/6	Saline 3d	AngII 28d
617.5	deviations	617	Pou6f2_617	0.538985649534592	0.0232517583142025	Fibroblast	C57BL/6	Saline 3d	AngII 28d
555.5	deviations	555	Pou3f2_555	0.541577264264575	0.0292328567695601	Fibroblast	C57BL/6	Saline 3d	AngII 28d
337.5	deviations	337	Gm5294_337	0.544623866632461	-0.00923123167701016	Fibroblast	C57BL/6	Saline 3d	AngII 28d
358.5	deviations	358	Foxl1_358	0.544623866632461	-0.00923123167701016	Fibroblast	C57BL/6	Saline 3d	AngII 28d
387.5	deviations	387	Gata1_387	0.544623866632461	0.0166704463059578	Fibroblast	C57BL/6	Saline 3d	AngII 28d
629.5	deviations	629	Irf9_629	0.544623866632461	-0.0251392553147036	Fibroblast	C57BL/6	Saline 3d	AngII 28d
745.5	deviations	745	Sox21_745	0.544623866632461	-0.0144456375558611	Fibroblast	C57BL/6	Saline 3d	AngII 28d
189.5	deviations	189	Prdm1_189	0.546945764644948	-0.0105509233094701	Fibroblast	C57BL/6	Saline 3d	AngII 28d
368.5	deviations	368	Foxl1_368	0.548045614292724	-0.0123023982847896	Fibroblast	C57BL/6	Saline 3d	AngII 28d
482.5	deviations	482	Isx_482	0.548045614292724	-0.0187425530295304	Fibroblast	C57BL/6	Saline 3d	AngII 28d
3.5	deviations	3	Tcfap2c_3	0.555056993500165	-0.00825155000204448	Fibroblast	C57BL/6	Saline 3d	AngII 28d
106.5	deviations	106	Atf1_106	0.555056993500165	0.0258671294700931	Fibroblast	C57BL/6	Saline 3d	AngII 28d
121.5	deviations	121	Atf4_121	0.555056993500165	0.0378969059811901	Fibroblast	C57BL/6	Saline 3d	AngII 28d
166.5	deviations	166	Ovol1_166	0.555056993500165	0.0198319501569323	Fibroblast	C57BL/6	Saline 3d	AngII 28d
174.5	deviations	174	Zbtb7b_174	0.555056993500165	0.0132599133811289	Fibroblast	C57BL/6	Saline 3d	AngII 28d
268.5	deviations	268	Etv1_268	0.555056993500165	0.0111351613914536	Fibroblast	C57BL/6	Saline 3d	AngII 28d
286.5	deviations	286	Elf2_286	0.555056993500165	0.0142208117156148	Fibroblast	C57BL/6	Saline 3d	AngII 28d
296.5	deviations	296	Gm4881_296	0.555056993500165	-0.0155430437978024	Fibroblast	C57BL/6	Saline 3d	AngII 28d
298.5	deviations	298	Foxj2_298	0.555056993500165	-0.0172259736899144	Fibroblast	C57BL/6	Saline 3d	AngII 28d
300.5	deviations	300	Foxp4_300	0.555056993500165	-0.0172259736899144	Fibroblast	C57BL/6	Saline 3d	AngII 28d
301.5	deviations	301	Foxp2_301	0.555056993500165	-0.0172259736899144	Fibroblast	C57BL/6	Saline 3d	AngII 28d
311.5	deviations	311	Foxp3_311	0.555056993500165	-0.0172259736899144	Fibroblast	C57BL/6	Saline 3d	AngII 28d
333.5	deviations	333	Gm5294_333	0.555056993500165	-0.0127373795573716	Fibroblast	C57BL/6	Saline 3d	AngII 28d
356.5	deviations	356	Foxl1_356	0.555056993500165	-0.0127373795573716	Fibroblast	C57BL/6	Saline 3d	AngII 28d
393.5	deviations	393	Lhx2_393	0.555056993500165	-0.0179329012258101	Fibroblast	C57BL/6	Saline 3d	AngII 28d
409.5	deviations	409	Hoxd12_409	0.555056993500165	-0.0189376006827402	Fibroblast	C57BL/6	Saline 3d	AngII 28d
428.5	deviations	428	Hoxb9_428	0.555056993500165	-0.0134670927495757	Fibroblast	C57BL/6	Saline 3d	AngII 28d
432.5	deviations	432	Barx1_432	0.555056993500165	-0.0111135150696985	Fibroblast	C57BL/6	Saline 3d	AngII 28d
507.5	deviations	507	Hoxa11_507	0.555056993500165	-0.0169966558371321	Fibroblast	C57BL/6	Saline 3d	AngII 28d
556.5	deviations	556	Gsx1_556	0.555056993500165	0.0212475118151833	Fibroblast	C57BL/6	Saline 3d	AngII 28d
591.5	deviations	591	NP_591	0.555056993500165	-0.0134670927495757	Fibroblast	C57BL/6	Saline 3d	AngII 28d
657.5	deviations	657	Nr2f6_657	0.555056993500165	0.0161441253833384	Fibroblast	C57BL/6	Saline 3d	AngII 28d
668.5	deviations	668	Esr2_668	0.555056993500165	-0.0120093208766646	Fibroblast	C57BL/6	Saline 3d	AngII 28d
675.5	deviations	675	Nr5a2_675	0.555056993500165	0.0128684761964896	Fibroblast	C57BL/6	Saline 3d	AngII 28d
713.5	deviations	713	Runx2_713	0.555056993500165	-0.0112944098654144	Fibroblast	C57BL/6	Saline 3d	AngII 28d
755.5	deviations	755	Stat5a_755	0.555056993500165	0.0164973795799583	Fibroblast	C57BL/6	Saline 3d	AngII 28d
756.5	deviations	756	Stat5b_756	0.555056993500165	0.0202732261454633	Fibroblast	C57BL/6	Saline 3d	AngII 28d
771.5	deviations	771	T_771	0.555056993500165	0.0165722168236021	Fibroblast	C57BL/6	Saline 3d	AngII 28d
848.5	deviations	848	Nr5a1_848	0.555056993500165	0.0128684761964896	Fibroblast	C57BL/6	Saline 3d	AngII 28d
33.5	deviations	33	Id2_33	0.560729867092129	0.0164619331113656	Fibroblast	C57BL/6	Saline 3d	AngII 28d
74.5	deviations	74	Id1_74	0.560729867092129	0.0164619331113656	Fibroblast	C57BL/6	Saline 3d	AngII 28d
722.5	deviations	722	Nfix_722	0.560729867092129	0.00946905726596231	Fibroblast	C57BL/6	Saline 3d	AngII 28d
868.5	deviations	868	Tead4_868	0.560729867092129	0.0192647245625831	Fibroblast	C57BL/6	Saline 3d	AngII 28d
477.5	deviations	477	Dlx6_477	0.565209954635764	0.0206244968464151	Fibroblast	C57BL/6	Saline 3d	AngII 28d
205.5	deviations	205	Scrt1_205	0.569715068380951	0.0104444349207901	Fibroblast	C57BL/6	Saline 3d	AngII 28d
869.5	deviations	869	Hif3a_869	0.573272607641669	0.0076986083486502	Fibroblast	C57BL/6	Saline 3d	AngII 28d
8.5	deviations	8	Arid5b_8	0.584663235403592	0.0449101647268562	Fibroblast	C57BL/6	Saline 3d	AngII 28d
82.5	deviations	82	Ferd3l_82	0.584663235403592	0.0121033511224306	Fibroblast	C57BL/6	Saline 3d	AngII 28d
113.5	deviations	113	Fosl2_113	0.584663235403592	0.0145096799936641	Fibroblast	C57BL/6	Saline 3d	AngII 28d
148.5	deviations	148	Glis2_148	0.584663235403592	0.0101567502886071	Fibroblast	C57BL/6	Saline 3d	AngII 28d
211.5	deviations	211	Hic2_211	0.584663235403592	0.00520814334153717	Fibroblast	C57BL/6	Saline 3d	AngII 28d
290.5	deviations	290	Gm5454_290	0.584663235403592	0.0100025486096143	Fibroblast	C57BL/6	Saline 3d	AngII 28d
317.5	deviations	317	Foxi1_317	0.584663235403592	-0.0113595741179166	Fibroblast	C57BL/6	Saline 3d	AngII 28d
318.5	deviations	318	Foxi2_318	0.584663235403592	-0.0113595741179166	Fibroblast	C57BL/6	Saline 3d	AngII 28d
323.5	deviations	323	Foxi3_323	0.584663235403592	-0.0113595741179166	Fibroblast	C57BL/6	Saline 3d	AngII 28d
340.5	deviations	340	Gm5294_340	0.584663235403592	-0.0113595741179166	Fibroblast	C57BL/6	Saline 3d	AngII 28d
362.5	deviations	362	Foxl1_362	0.584663235403592	-0.0113595741179166	Fibroblast	C57BL/6	Saline 3d	AngII 28d
395.5	deviations	395	Hoxa10_395	0.584663235403592	-0.0182743806163736	Fibroblast	C57BL/6	Saline 3d	AngII 28d
403.5	deviations	403	Hoxc13_403	0.584663235403592	-0.0173490532692198	Fibroblast	C57BL/6	Saline 3d	AngII 28d
412.5	deviations	412	Rhox6_412	0.584663235403592	-0.0232335533886751	Fibroblast	C57BL/6	Saline 3d	AngII 28d
503.5	deviations	503	Hoxc9_503	0.584663235403592	-0.012004923841606	Fibroblast	C57BL/6	Saline 3d	AngII 28d
504.5	deviations	504	Meox2_504	0.584663235403592	-0.0111243779996837	Fibroblast	C57BL/6	Saline 3d	AngII 28d
572.5	deviations	572	Rhox9_572	0.584663235403592	-0.0232335533886751	Fibroblast	C57BL/6	Saline 3d	AngII 28d
573.5	deviations	573	Noto_573	0.584663235403592	0.0188023400030931	Fibroblast	C57BL/6	Saline 3d	AngII 28d
594.5	deviations	594	NP_594	0.584663235403592	-0.012004923841606	Fibroblast	C57BL/6	Saline 3d	AngII 28d
618.5	deviations	618	Pou5f1_618	0.584663235403592	-0.0108941711612578	Fibroblast	C57BL/6	Saline 3d	AngII 28d
622.5	deviations	622	Pit1_622	0.584663235403592	-0.0131777661353915	Fibroblast	C57BL/6	Saline 3d	AngII 28d
627.5	deviations	627	Hsf4_627	0.584663235403592	-0.0124335337544016	Fibroblast	C57BL/6	Saline 3d	AngII 28d
652.5	deviations	652	Gm98_652	0.584663235403592	0.0153936262221646	Fibroblast	C57BL/6	Saline 3d	AngII 28d
807.5	deviations	807	Maz_807	0.584663235403592	0.00331871500501331	Fibroblast	C57BL/6	Saline 3d	AngII 28d
824.5	deviations	824	Rbpj_824	0.584663235403592	-0.00838875393229897	Fibroblast	C57BL/6	Saline 3d	AngII 28d
825.5	deviations	825	Rbpsuhrs3_825	0.584663235403592	-0.00838875393229897	Fibroblast	C57BL/6	Saline 3d	AngII 28d
456.5	deviations	456	Lmx1a_456	0.585455828367034	0.015710299196418	Fibroblast	C57BL/6	Saline 3d	AngII 28d
598.5	deviations	598	NP_598	0.585455828367034	0.0272624730970953	Fibroblast	C57BL/6	Saline 3d	AngII 28d
624.5	deviations	624	Pit1_624	0.585455828367034	0.0231032662227343	Fibroblast	C57BL/6	Saline 3d	AngII 28d
157.5	deviations	157	Hivep1_157	0.593331568734203	0.00936613664450257	Fibroblast	C57BL/6	Saline 3d	AngII 28d
226.5	deviations	226	Zscan20_226	0.593331568734203	-0.0226017248498992	Fibroblast	C57BL/6	Saline 3d	AngII 28d
399.5	deviations	399	Nkx21_399	0.593331568734203	0.0191951719288029	Fibroblast	C57BL/6	Saline 3d	AngII 28d
550.5	deviations	550	Hoxc12_550	0.593331568734203	-0.0135669724150806	Fibroblast	C57BL/6	Saline 3d	AngII 28d
593.5	deviations	593	NP_593	0.593331568734203	-0.0170833654596667	Fibroblast	C57BL/6	Saline 3d	AngII 28d
605.5	deviations	605	NP_605	0.593331568734203	-0.0135669724150806	Fibroblast	C57BL/6	Saline 3d	AngII 28d
797.5	deviations	797	Hivep2_797	0.593331568734203	0.00936613664450257	Fibroblast	C57BL/6	Saline 3d	AngII 28d
803.5	deviations	803	Hivep3_803	0.593331568734203	0.00936613664450257	Fibroblast	C57BL/6	Saline 3d	AngII 28d
129.5	deviations	129	Cebpg_129	0.601592999399818	-0.0353226472176745	Fibroblast	C57BL/6	Saline 3d	AngII 28d
382.5	deviations	382	Gata6_382	0.603740097658534	0.0130027227664297	Fibroblast	C57BL/6	Saline 3d	AngII 28d
40.5	deviations	40	Hes7_40	0.611090666779313	0.00588769411449509	Fibroblast	C57BL/6	Saline 3d	AngII 28d
308.5	deviations	308	Foxf2_308	0.611090666779313	-0.0213191061476773	Fibroblast	C57BL/6	Saline 3d	AngII 28d
312.5	deviations	312	Foxf1a_312	0.611090666779313	-0.0213191061476773	Fibroblast	C57BL/6	Saline 3d	AngII 28d
533.5	deviations	533	Hoxa6_533	0.611090666779313	-0.0147159747744819	Fibroblast	C57BL/6	Saline 3d	AngII 28d
280.5	deviations	280	Elk4_280	0.61196360910888	0.0112002239392849	Fibroblast	C57BL/6	Saline 3d	AngII 28d
349.5	deviations	349	Gm5294_349	0.612744275955223	0.0160823458310063	Fibroblast	C57BL/6	Saline 3d	AngII 28d
639.5	deviations	639	Srf_639	0.612744275955223	0.0208337288127943	Fibroblast	C57BL/6	Saline 3d	AngII 28d
160.5	deviations	160	Zfp187_160	0.614111175547582	-0.0339480028324714	Fibroblast	C57BL/6	Saline 3d	AngII 28d
488.5	deviations	488	Barx2_488	0.614111175547582	-0.021083710719317	Fibroblast	C57BL/6	Saline 3d	AngII 28d
774.5	deviations	774	Prkrir_774	0.614111175547582	-0.0156187315339991	Fibroblast	C57BL/6	Saline 3d	AngII 28d
406.5	deviations	406	Hoxc6_406	0.615660753326488	-0.00946058821813171	Fibroblast	C57BL/6	Saline 3d	AngII 28d
417.5	deviations	417	Nanog_417	0.616492652077388	-0.0216730509165494	Fibroblast	C57BL/6	Saline 3d	AngII 28d
799.5	deviations	799	Snai2_799	0.616492652077388	0.00446516085909665	Fibroblast	C57BL/6	Saline 3d	AngII 28d
102.5	deviations	102	Mafk_102	0.618910831318799	0.0205339035300953	Fibroblast	C57BL/6	Saline 3d	AngII 28d
179.5	deviations	179	Mzf1_179	0.618910831318799	-0.0144471676774416	Fibroblast	C57BL/6	Saline 3d	AngII 28d
416.5	deviations	416	Pou6f1_416	0.618910831318799	0.0187599313413773	Fibroblast	C57BL/6	Saline 3d	AngII 28d
84.5	deviations	84	Nhlh2_84	0.624349855823604	0.00657300741565115	Fibroblast	C57BL/6	Saline 3d	AngII 28d
551.5	deviations	551	Hoxd10_551	0.624349855823604	-0.0153602122747351	Fibroblast	C57BL/6	Saline 3d	AngII 28d
72.5	deviations	72	Olig2_72	0.625562093226536	0.0286104458235655	Fibroblast	C57BL/6	Saline 3d	AngII 28d
221.5	deviations	221	Scrt2_221	0.625562093226536	0.00717566714501282	Fibroblast	C57BL/6	Saline 3d	AngII 28d
314.5	deviations	314	Foxo1_314	0.628425321877108	-0.011292439815408	Fibroblast	C57BL/6	Saline 3d	AngII 28d
672.5	deviations	672	Nr1i2_672	0.628425321877108	-0.0125599475009806	Fibroblast	C57BL/6	Saline 3d	AngII 28d
391.5	deviations	391	Tcfcp2l1_391	0.629261233212513	-0.0070932162603375	Fibroblast	C57BL/6	Saline 3d	AngII 28d
473.5	deviations	473	Cdx2_473	0.629261233212513	-0.013182883477804	Fibroblast	C57BL/6	Saline 3d	AngII 28d
626.5	deviations	626	Hsf1_626	0.629261233212513	-0.0116824867527978	Fibroblast	C57BL/6	Saline 3d	AngII 28d
729.5	deviations	729	Hmg20b_729	0.629261233212513	-0.0110882715304219	Fibroblast	C57BL/6	Saline 3d	AngII 28d
836.5	deviations	836	Ubp1_836	0.629261233212513	-0.0070932162603375	Fibroblast	C57BL/6	Saline 3d	AngII 28d
847.5	deviations	847	Nr4a1_847	0.629261233212513	0.0141688396241961	Fibroblast	C57BL/6	Saline 3d	AngII 28d
90.5	deviations	90	Ebf1_90	0.642356394710645	-0.00952352810608981	Fibroblast	C57BL/6	Saline 3d	AngII 28d
153.5	deviations	153	Patz1_153	0.642356394710645	0.00675677996825835	Fibroblast	C57BL/6	Saline 3d	AngII 28d
173.5	deviations	173	Mecom_173	0.642674245585568	0.0180697883251156	Fibroblast	C57BL/6	Saline 3d	AngII 28d
426.5	deviations	426	Hnf1b_426	0.649947120257782	0.0126886325591142	Fibroblast	C57BL/6	Saline 3d	AngII 28d
469.5	deviations	469	Uncx_469	0.65193079693575	0.0162769712322854	Fibroblast	C57BL/6	Saline 3d	AngII 28d
14.5	deviations	14	Hmga2_14	0.652116386493403	0.0226355489975339	Fibroblast	C57BL/6	Saline 3d	AngII 28d
152.5	deviations	152	Plagl1_152	0.652116386493403	0.00927551136143769	Fibroblast	C57BL/6	Saline 3d	AngII 28d
201.5	deviations	201	Dnajc21_201	0.652116386493403	-0.00874891008051326	Fibroblast	C57BL/6	Saline 3d	AngII 28d
303.5	deviations	303	Foxj3_303	0.652116386493403	-0.0150752400510258	Fibroblast	C57BL/6	Saline 3d	AngII 28d
570.5	deviations	570	Hmx1_570	0.652116386493403	0.0226187595904521	Fibroblast	C57BL/6	Saline 3d	AngII 28d
662.5	deviations	662	Rxra_662	0.652116386493403	-0.00659115785552842	Fibroblast	C57BL/6	Saline 3d	AngII 28d
767.5	deviations	767	Tbx20_767	0.652116386493403	0.0130421292001269	Fibroblast	C57BL/6	Saline 3d	AngII 28d
776.5	deviations	776	Hmga1_776	0.652116386493403	0.0226355489975339	Fibroblast	C57BL/6	Saline 3d	AngII 28d
777.5	deviations	777	Hmga1rs1_777	0.652116386493403	0.0226355489975339	Fibroblast	C57BL/6	Saline 3d	AngII 28d
830.5	deviations	830	Foxn2_830	0.652116386493403	-0.0150752400510258	Fibroblast	C57BL/6	Saline 3d	AngII 28d
832.5	deviations	832	Foxl2_832	0.652116386493403	-0.0150752400510258	Fibroblast	C57BL/6	Saline 3d	AngII 28d
834.5	deviations	834	ENSMUSG00000090020_834	0.652116386493403	-0.0150752400510258	Fibroblast	C57BL/6	Saline 3d	AngII 28d
816.5	deviations	816	Zfp219_816	0.653145515503265	0.00470028867691224	Fibroblast	C57BL/6	Saline 3d	AngII 28d
638.5	deviations	638	Mef2c_638	0.658468748858382	0.00882992840509969	Fibroblast	C57BL/6	Saline 3d	AngII 28d
63.5	deviations	63	Myf6_63	0.658843800367115	0.00629534052595022	Fibroblast	C57BL/6	Saline 3d	AngII 28d
408.5	deviations	408	Hoxd13_408	0.662223459467099	-0.0166050502249394	Fibroblast	C57BL/6	Saline 3d	AngII 28d
489.5	deviations	489	Isl2_489	0.662223459467099	0.0210301409888762	Fibroblast	C57BL/6	Saline 3d	AngII 28d
529.5	deviations	529	Isl1_529	0.662223459467099	0.0210301409888762	Fibroblast	C57BL/6	Saline 3d	AngII 28d
574.5	deviations	574	Tlx2_574	0.662223459467099	0.0157150689385564	Fibroblast	C57BL/6	Saline 3d	AngII 28d
611.5	deviations	611	Dobox4_611	0.662223459467099	-0.0132379305060397	Fibroblast	C57BL/6	Saline 3d	AngII 28d
676.5	deviations	676	Esrrg_676	0.662223459467099	0.00963139964654871	Fibroblast	C57BL/6	Saline 3d	AngII 28d
724.5	deviations	724	Nfic_724	0.662223459467099	0.00680838968077096	Fibroblast	C57BL/6	Saline 3d	AngII 28d
336.5	deviations	336	Gm5294_336	0.665166611782171	-0.01128708048254	Fibroblast	C57BL/6	Saline 3d	AngII 28d
360.5	deviations	360	Foxl1_360	0.665166611782171	-0.01128708048254	Fibroblast	C57BL/6	Saline 3d	AngII 28d
410.5	deviations	410	Evx1_410	0.665166611782171	-0.0188035552895666	Fibroblast	C57BL/6	Saline 3d	AngII 28d
757.5	deviations	757	Stat1_757	0.665166611782171	0.00694187615071346	Fibroblast	C57BL/6	Saline 3d	AngII 28d
110.5	deviations	110	Atf3_110	0.669209791060297	0.0196583745620114	Fibroblast	C57BL/6	Saline 3d	AngII 28d
204.5	deviations	204	Zfp740_204	0.669209791060297	-0.00895749754401185	Fibroblast	C57BL/6	Saline 3d	AngII 28d
212.5	deviations	212	Zfp524_212	0.669209791060297	-0.00681294277022221	Fibroblast	C57BL/6	Saline 3d	AngII 28d
225.5	deviations	225	Zic2_225	0.669209791060297	0.00758000499213159	Fibroblast	C57BL/6	Saline 3d	AngII 28d
272.5	deviations	272	Elk3_272	0.669209791060297	0.00807125075918935	Fibroblast	C57BL/6	Saline 3d	AngII 28d
344.5	deviations	344	Gm5294_344	0.669209791060297	-0.010200469648717	Fibroblast	C57BL/6	Saline 3d	AngII 28d
370.5	deviations	370	Foxl1_370	0.669209791060297	-0.010200469648717	Fibroblast	C57BL/6	Saline 3d	AngII 28d
392.5	deviations	392	Dux_392	0.669209791060297	0.0164145786622793	Fibroblast	C57BL/6	Saline 3d	AngII 28d
405.5	deviations	405	Hoxc8_405	0.669209791060297	-0.0141989824590251	Fibroblast	C57BL/6	Saline 3d	AngII 28d
438.5	deviations	438	Hmbox1_438	0.669209791060297	0.0197766237124556	Fibroblast	C57BL/6	Saline 3d	AngII 28d
443.5	deviations	443	Dlx2_443	0.669209791060297	-0.0120433322027783	Fibroblast	C57BL/6	Saline 3d	AngII 28d
661.5	deviations	661	Rxrg_661	0.669209791060297	-0.00435370553956975	Fibroblast	C57BL/6	Saline 3d	AngII 28d
684.5	deviations	684	Rorb_684	0.669209791060297	0.00404102385140502	Fibroblast	C57BL/6	Saline 3d	AngII 28d
835.5	deviations	835	Gcm2_835	0.669209791060297	-0.0121253221640103	Fibroblast	C57BL/6	Saline 3d	AngII 28d
854.5	deviations	854	Pax8_854	0.669209791060297	0.0112858715691201	Fibroblast	C57BL/6	Saline 3d	AngII 28d
855.5	deviations	855	Pax1_855	0.669209791060297	0.0112858715691201	Fibroblast	C57BL/6	Saline 3d	AngII 28d
11.5	deviations	11	Arid2_11	0.67722517240852	0.0148614156612259	Fibroblast	C57BL/6	Saline 3d	AngII 28d
199.5	deviations	199	Zfp784_199	0.67722517240852	0.0140375060098551	Fibroblast	C57BL/6	Saline 3d	AngII 28d
208.5	deviations	208	Zfa_208	0.67722517240852	-0.00527455688274887	Fibroblast	C57BL/6	Saline 3d	AngII 28d
213.5	deviations	213	Zfy1_213	0.67722517240852	-0.00527455688274887	Fibroblast	C57BL/6	Saline 3d	AngII 28d
384.5	deviations	384	Gata3_384	0.67722517240852	0.00692966866108541	Fibroblast	C57BL/6	Saline 3d	AngII 28d
665.5	deviations	665	Hnf4a_665	0.67722517240852	0.0124295554605072	Fibroblast	C57BL/6	Saline 3d	AngII 28d
778.5	deviations	778	Myf5_778	0.67722517240852	0.00589006050237761	Fibroblast	C57BL/6	Saline 3d	AngII 28d
809.5	deviations	809	Ovol2_809	0.67722517240852	-0.0240306585922706	Fibroblast	C57BL/6	Saline 3d	AngII 28d
451.5	deviations	451	Lbx1_451	0.68129587251593	0.0157447391495107	Fibroblast	C57BL/6	Saline 3d	AngII 28d
562.5	deviations	562	Homez_562	0.68129587251593	-0.0329480839062816	Fibroblast	C57BL/6	Saline 3d	AngII 28d
612.5	deviations	612	Pax2_612	0.68129587251593	0.0140886552704595	Fibroblast	C57BL/6	Saline 3d	AngII 28d
698.5	deviations	698	Rela_698	0.68129587251593	0.0084943626289577	Fibroblast	C57BL/6	Saline 3d	AngII 28d
879.5	deviations	879	Dmrta2_879	0.68129587251593	-0.00865568574099355	Fibroblast	C57BL/6	Saline 3d	AngII 28d
24.5	deviations	24	Myod1_24	0.697250060579903	0.00559196760976427	Fibroblast	C57BL/6	Saline 3d	AngII 28d
32.5	deviations	32	Srebf1_32	0.697250060579903	0.0165922897598255	Fibroblast	C57BL/6	Saline 3d	AngII 28d
441.5	deviations	441	Hoxc5_441	0.697250060579903	0.0161566650378412	Fibroblast	C57BL/6	Saline 3d	AngII 28d
651.5	deviations	651	Gm239_651	0.697250060579903	-0.0250724131867798	Fibroblast	C57BL/6	Saline 3d	AngII 28d
700.5	deviations	700	Nfatc2_700	0.697250060579903	0.00765115338530595	Fibroblast	C57BL/6	Saline 3d	AngII 28d
302.5	deviations	302	Foxp1_302	0.701390382916609	-0.0110601124052005	Fibroblast	C57BL/6	Saline 3d	AngII 28d
538.5	deviations	538	Gm4830_538	0.705210567637945	-0.0116319602229646	Fibroblast	C57BL/6	Saline 3d	AngII 28d
490.5	deviations	490	Vsx1_490	0.711041375834498	0.015426930265485	Fibroblast	C57BL/6	Saline 3d	AngII 28d
42.5	deviations	42	Bhlhe22_42	0.71772189847262	0.0120986949204467	Fibroblast	C57BL/6	Saline 3d	AngII 28d
223.5	deviations	223	Zfp128_223	0.71772189847262	0.0229969581042303	Fibroblast	C57BL/6	Saline 3d	AngII 28d
261.5	deviations	261	E2f1_261	0.71772189847262	0.00245137035645987	Fibroblast	C57BL/6	Saline 3d	AngII 28d
305.5	deviations	305	Foxj1_305	0.71772189847262	-0.00693598968242884	Fibroblast	C57BL/6	Saline 3d	AngII 28d
335.5	deviations	335	Gm5294_335	0.71772189847262	-0.00693598968242884	Fibroblast	C57BL/6	Saline 3d	AngII 28d
357.5	deviations	357	Foxl1_357	0.71772189847262	-0.00693598968242884	Fibroblast	C57BL/6	Saline 3d	AngII 28d
494.5	deviations	494	Gbx2_494	0.71772189847262	0.0131638511972726	Fibroblast	C57BL/6	Saline 3d	AngII 28d
625.5	deviations	625	Hsf2_625	0.71772189847262	-0.0153649555721861	Fibroblast	C57BL/6	Saline 3d	AngII 28d
680.5	deviations	680	Nr2f2_680	0.71772189847262	-0.00675887268216196	Fibroblast	C57BL/6	Saline 3d	AngII 28d
697.5	deviations	697	Rel_697	0.71772189847262	0.0082195177471466	Fibroblast	C57BL/6	Saline 3d	AngII 28d
806.5	deviations	806	Klf15_806	0.71772189847262	0.00434432042237104	Fibroblast	C57BL/6	Saline 3d	AngII 28d
83.5	deviations	83	Hes5_83	0.719449363701452	0.0192711206275547	Fibroblast	C57BL/6	Saline 3d	AngII 28d
470.5	deviations	470	Hnf1a_470	0.719449363701452	0.014103890668926	Fibroblast	C57BL/6	Saline 3d	AngII 28d
243.5	deviations	243	Cenpb_243	0.721850185606026	0.0188540525020898	Fibroblast	C57BL/6	Saline 3d	AngII 28d
400.5	deviations	400	Irx2_400	0.721850185606026	-0.00943655804715034	Fibroblast	C57BL/6	Saline 3d	AngII 28d
829.5	deviations	829	Foxn3_829	0.722388519205057	-0.0171401160721759	Fibroblast	C57BL/6	Saline 3d	AngII 28d
582.5	deviations	582	Hoxb2_582	0.724592140379267	0.0213375024559824	Fibroblast	C57BL/6	Saline 3d	AngII 28d
648.5	deviations	648	Terf2_648	0.725799852660715	0.00321479312121249	Fibroblast	C57BL/6	Saline 3d	AngII 28d
394.5	deviations	394	Hoxb6_394	0.72601103122791	-0.00935400045892762	Fibroblast	C57BL/6	Saline 3d	AngII 28d
71.5	deviations	71	Tcfl5_71	0.727390439638506	0.00586738938372722	Fibroblast	C57BL/6	Saline 3d	AngII 28d
257.5	deviations	257	E2f4_257	0.727390439638506	0.00255506169751283	Fibroblast	C57BL/6	Saline 3d	AngII 28d
331.5	deviations	331	Gm5294_331	0.727390439638506	-0.00785577852650429	Fibroblast	C57BL/6	Saline 3d	AngII 28d
338.5	deviations	338	Gm5294_338	0.727390439638506	-0.0191018786968392	Fibroblast	C57BL/6	Saline 3d	AngII 28d
339.5	deviations	339	Gm5294_339	0.727390439638506	-0.0100548067478773	Fibroblast	C57BL/6	Saline 3d	AngII 28d
354.5	deviations	354	Foxl1_354	0.727390439638506	-0.00785577852650429	Fibroblast	C57BL/6	Saline 3d	AngII 28d
363.5	deviations	363	Foxl1_363	0.727390439638506	-0.0100548067478773	Fibroblast	C57BL/6	Saline 3d	AngII 28d
364.5	deviations	364	Foxl1_364	0.727390439638506	-0.0191018786968392	Fibroblast	C57BL/6	Saline 3d	AngII 28d
452.5	deviations	452	Pitx3_452	0.727390439638506	-0.0092612615864034	Fibroblast	C57BL/6	Saline 3d	AngII 28d
471.5	deviations	471	Lhx5_471	0.727390439638506	0.0196096128561294	Fibroblast	C57BL/6	Saline 3d	AngII 28d
510.5	deviations	510	Hoxa5_510	0.727390439638506	-0.00909778355455029	Fibroblast	C57BL/6	Saline 3d	AngII 28d
621.5	deviations	621	Pit1_621	0.727390439638506	0.0147091303010768	Fibroblast	C57BL/6	Saline 3d	AngII 28d
707.5	deviations	707	Rfx2_707	0.727390439638506	0.0132101652298787	Fibroblast	C57BL/6	Saline 3d	AngII 28d
711.5	deviations	711	Rfx8_711	0.727390439638506	0.0132101652298787	Fibroblast	C57BL/6	Saline 3d	AngII 28d
726.5	deviations	726	Tcf7_726	0.727390439638506	0.0107365394701366	Fibroblast	C57BL/6	Saline 3d	AngII 28d
731.5	deviations	731	Sox8_731	0.727390439638506	-0.00899627968724956	Fibroblast	C57BL/6	Saline 3d	AngII 28d
746.5	deviations	746	Sox7_746	0.727390439638506	-0.00899627968724956	Fibroblast	C57BL/6	Saline 3d	AngII 28d
821.5	deviations	821	Ybx2_821	0.727390439638506	-0.00997838632943245	Fibroblast	C57BL/6	Saline 3d	AngII 28d
822.5	deviations	822	Ybx1_822	0.727390439638506	-0.00997838632943245	Fibroblast	C57BL/6	Saline 3d	AngII 28d
823.5	deviations	823	Csda_823	0.727390439638506	-0.00997838632943245	Fibroblast	C57BL/6	Saline 3d	AngII 28d
831.5	deviations	831	Foxa3_831	0.727390439638506	-0.00785577852650429	Fibroblast	C57BL/6	Saline 3d	AngII 28d
791.5	deviations	791	Atf5_791	0.729290381455233	0.0122911189626691	Fibroblast	C57BL/6	Saline 3d	AngII 28d
517.5	deviations	517	En2_517	0.739936826442771	0.0171048687336359	Fibroblast	C57BL/6	Saline 3d	AngII 28d
530.5	deviations	530	Hoxd1_530	0.739936826442771	0.0171048687336359	Fibroblast	C57BL/6	Saline 3d	AngII 28d
613.5	deviations	613	Pax3_613	0.739936826442771	0.0137979153872477	Fibroblast	C57BL/6	Saline 3d	AngII 28d
239.5	deviations	239	Zfp652_239	0.743169693194841	0.00982502660530103	Fibroblast	C57BL/6	Saline 3d	AngII 28d
248.5	deviations	248	Mbd1_248	0.744961374945142	0.00625960595115156	Fibroblast	C57BL/6	Saline 3d	AngII 28d
437.5	deviations	437	Otx2_437	0.744961374945142	-0.0116329378034731	Fibroblast	C57BL/6	Saline 3d	AngII 28d
526.5	deviations	526	Crx_526	0.744961374945142	-0.0116329378034731	Fibroblast	C57BL/6	Saline 3d	AngII 28d
559.5	deviations	559	Bsx_559	0.759487528536502	-0.0117039158345682	Fibroblast	C57BL/6	Saline 3d	AngII 28d
571.5	deviations	571	Gbx1_571	0.759772868658407	-0.00621936534867949	Fibroblast	C57BL/6	Saline 3d	AngII 28d
597.5	deviations	597	NP_597	0.759772868658407	0.011718141638916	Fibroblast	C57BL/6	Saline 3d	AngII 28d
695.5	deviations	695	Lcor_695	0.759772868658407	0.0168132631765713	Fibroblast	C57BL/6	Saline 3d	AngII 28d
769.5	deviations	769	Tbr1_769	0.759772868658407	0.00406547471679912	Fibroblast	C57BL/6	Saline 3d	AngII 28d
846.5	deviations	846	Thrb_846	0.759772868658407	-0.0142235141417596	Fibroblast	C57BL/6	Saline 3d	AngII 28d
852.5	deviations	852	Thra_852	0.759772868658407	-0.0142235141417596	Fibroblast	C57BL/6	Saline 3d	AngII 28d
419.5	deviations	419	Alx3_419	0.761934067561469	0.0116875232931837	Fibroblast	C57BL/6	Saline 3d	AngII 28d
454.5	deviations	454	Lhx4_454	0.761934067561469	0.0116875232931837	Fibroblast	C57BL/6	Saline 3d	AngII 28d
563.5	deviations	563	En1_563	0.761934067561469	0.0116875232931837	Fibroblast	C57BL/6	Saline 3d	AngII 28d
7.5	deviations	7	Arid3a_7	0.763652070396844	0.00720260811885076	Fibroblast	C57BL/6	Saline 3d	AngII 28d
154.5	deviations	154	Yy1_154	0.763652070396844	0.00852156242426767	Fibroblast	C57BL/6	Saline 3d	AngII 28d
218.5	deviations	218	Zfp105_218	0.763652070396844	-0.00388528093848795	Fibroblast	C57BL/6	Saline 3d	AngII 28d
254.5	deviations	254	Dmrt2_254	0.763652070396844	-0.0089150215186523	Fibroblast	C57BL/6	Saline 3d	AngII 28d
795.5	deviations	795	Bcl11a_795	0.763652070396844	0.00700581619203845	Fibroblast	C57BL/6	Saline 3d	AngII 28d
814.5	deviations	814	Bcl11b_814	0.763652070396844	0.00700581619203845	Fibroblast	C57BL/6	Saline 3d	AngII 28d
586.5	deviations	586	NP_586	0.764274968530961	0.0221082461242156	Fibroblast	C57BL/6	Saline 3d	AngII 28d
187.5	deviations	187	Zic4_187	0.769196500268363	0.00370991727290891	Fibroblast	C57BL/6	Saline 3d	AngII 28d
603.5	deviations	603	NP_603	0.77213973468316	-0.0151552345421682	Fibroblast	C57BL/6	Saline 3d	AngII 28d
168.5	deviations	168	Zfp711_168	0.773770096406985	-0.00239923733603886	Fibroblast	C57BL/6	Saline 3d	AngII 28d
180.5	deviations	180	Zfp300_180	0.773770096406985	0.00942149034813243	Fibroblast	C57BL/6	Saline 3d	AngII 28d
431.5	deviations	431	Vsx2_431	0.773770096406985	-0.0184801056522384	Fibroblast	C57BL/6	Saline 3d	AngII 28d
434.5	deviations	434	Pitx1_434	0.773770096406985	-0.0098904411680544	Fibroblast	C57BL/6	Saline 3d	AngII 28d
474.5	deviations	474	Cux1_474	0.773770096406985	-0.0205694493255461	Fibroblast	C57BL/6	Saline 3d	AngII 28d
623.5	deviations	623	Pit1_623	0.773770096406985	-0.00646855822165968	Fibroblast	C57BL/6	Saline 3d	AngII 28d
659.5	deviations	659	Nr2c2_659	0.773770096406985	0.00891610285742855	Fibroblast	C57BL/6	Saline 3d	AngII 28d
664.5	deviations	664	Hnf4g_664	0.773770096406985	0.00463048963098435	Fibroblast	C57BL/6	Saline 3d	AngII 28d
699.5	deviations	699	Nfkb2_699	0.773770096406985	-0.00503776437390657	Fibroblast	C57BL/6	Saline 3d	AngII 28d
751.5	deviations	751	Sox4_751	0.773770096406985	0.00447040699929236	Fibroblast	C57BL/6	Saline 3d	AngII 28d
789.5	deviations	789	Batf3_789	0.773770096406985	0.0114870034187719	Fibroblast	C57BL/6	Saline 3d	AngII 28d
790.5	deviations	790	Batf_790	0.773770096406985	0.0114870034187719	Fibroblast	C57BL/6	Saline 3d	AngII 28d
818.5	deviations	818	Glis3_818	0.773770096406985	0.00401823972783138	Fibroblast	C57BL/6	Saline 3d	AngII 28d
820.5	deviations	820	Ctcfl_820	0.773770096406985	0.00197880679825332	Fibroblast	C57BL/6	Saline 3d	AngII 28d
867.5	deviations	867	Tead3_867	0.773770096406985	0.0140233735636063	Fibroblast	C57BL/6	Saline 3d	AngII 28d
137.5	deviations	137	Nfil3_137	0.778996197209009	0.0232306468792059	Fibroblast	C57BL/6	Saline 3d	AngII 28d
429.5	deviations	429	Gsc_429	0.778996197209009	-0.0102154362804862	Fibroblast	C57BL/6	Saline 3d	AngII 28d
453.5	deviations	453	Msx3_453	0.778996197209009	0.00514917860007558	Fibroblast	C57BL/6	Saline 3d	AngII 28d
45.5	deviations	45	Myog_45	0.780959810318855	0.00664115685809984	Fibroblast	C57BL/6	Saline 3d	AngII 28d
741.5	deviations	741	Sox12_741	0.782924965512869	-0.013199164669104	Fibroblast	C57BL/6	Saline 3d	AngII 28d
227.5	deviations	227	Zfp238_227	0.788829443744361	0.0123590331716777	Fibroblast	C57BL/6	Saline 3d	AngII 28d
581.5	deviations	581	Hoxc4_581	0.788829443744361	-0.00605187137303054	Fibroblast	C57BL/6	Saline 3d	AngII 28d
671.5	deviations	671	Vdr_671	0.788829443744361	-0.00898895109974449	Fibroblast	C57BL/6	Saline 3d	AngII 28d
172.5	deviations	172	Gfi1b_172	0.78948171960766	-0.00453759571970734	Fibroblast	C57BL/6	Saline 3d	AngII 28d
521.5	deviations	521	Alx4_521	0.78948171960766	0.0154175178743725	Fibroblast	C57BL/6	Saline 3d	AngII 28d
727.5	deviations	727	Hbp1_727	0.794087661628524	0.00871450814839508	Fibroblast	C57BL/6	Saline 3d	AngII 28d
2.5	deviations	2	Tcfap2b_2	0.795461298350437	0.00468427975205814	Fibroblast	C57BL/6	Saline 3d	AngII 28d
10.5	deviations	10	Arid3c_10	0.795461298350437	0.00530093910823798	Fibroblast	C57BL/6	Saline 3d	AngII 28d
70.5	deviations	70	Mlxip_70	0.795461298350437	0.0114887742671409	Fibroblast	C57BL/6	Saline 3d	AngII 28d
162.5	deviations	162	Bcl6_162	0.795461298350437	0.00727825036676797	Fibroblast	C57BL/6	Saline 3d	AngII 28d
249.5	deviations	249	Kdm2b_249	0.795461298350437	0.028503628981248	Fibroblast	C57BL/6	Saline 3d	AngII 28d
259.5	deviations	259	E2f2_259	0.795461298350437	-0.0114045108036497	Fibroblast	C57BL/6	Saline 3d	AngII 28d
508.5	deviations	508	Hoxa9_508	0.795461298350437	-0.00793655688861215	Fibroblast	C57BL/6	Saline 3d	AngII 28d
690.5	deviations	690	Nr2f1_690	0.795461298350437	-0.00198332108424278	Fibroblast	C57BL/6	Saline 3d	AngII 28d
808.5	deviations	808	Zbtb7a_808	0.795461298350437	0.00743036254105396	Fibroblast	C57BL/6	Saline 3d	AngII 28d
812.5	deviations	812	Zbtb7c_812	0.795461298350437	0.00743036254105396	Fibroblast	C57BL/6	Saline 3d	AngII 28d
283.5	deviations	283	Elf4_283	0.799090699910016	0.0062616931243864	Fibroblast	C57BL/6	Saline 3d	AngII 28d
491.5	deviations	491	Emx1_491	0.799090699910016	0.017376570165867	Fibroblast	C57BL/6	Saline 3d	AngII 28d
81.5	deviations	81	Olig1_81	0.800106175269147	0.0194570432372199	Fibroblast	C57BL/6	Saline 3d	AngII 28d
285.5	deviations	285	Elf1_285	0.800106175269147	0.009090289347404	Fibroblast	C57BL/6	Saline 3d	AngII 28d
1.5	deviations	1	Tcfap2a_1	0.802803599083647	-0.00506016527334958	Fibroblast	C57BL/6	Saline 3d	AngII 28d
557.5	deviations	557	Nkx24_557	0.802803599083647	0.0065672417818004	Fibroblast	C57BL/6	Saline 3d	AngII 28d
604.5	deviations	604	NP_604	0.802803599083647	-0.00984941266556983	Fibroblast	C57BL/6	Saline 3d	AngII 28d
628.5	deviations	628	Hsfy2_628	0.802803599083647	-0.0128772385586046	Fibroblast	C57BL/6	Saline 3d	AngII 28d
669.5	deviations	669	Esrrb_669	0.806420264562677	-0.0105462813010817	Fibroblast	C57BL/6	Saline 3d	AngII 28d
48.5	deviations	48	Sohlh2_48	0.810696742624704	0.00914825139068116	Fibroblast	C57BL/6	Saline 3d	AngII 28d
26.5	deviations	26	Arnt2_26	0.812683516016849	0.00987291094134352	Fibroblast	C57BL/6	Saline 3d	AngII 28d
192.5	deviations	192	Rreb1_192	0.815420473662543	0.0038506672650559	Fibroblast	C57BL/6	Saline 3d	AngII 28d
224.5	deviations	224	Zfp143_224	0.815420473662543	0.00554920066560679	Fibroblast	C57BL/6	Saline 3d	AngII 28d
294.5	deviations	294	Gm4881_294	0.815420473662543	-0.0110718350143846	Fibroblast	C57BL/6	Saline 3d	AngII 28d
516.5	deviations	516	Six3_516	0.815420473662543	-0.01346212379933	Fibroblast	C57BL/6	Saline 3d	AngII 28d
631.5	deviations	631	Irf1_631	0.815420473662543	0.00328512231719789	Fibroblast	C57BL/6	Saline 3d	AngII 28d
440.5	deviations	440	Hoxc10_440	0.815448040043641	-0.00894184661311965	Fibroblast	C57BL/6	Saline 3d	AngII 28d
229.5	deviations	229	Zic3_229	0.816587444590442	0.00568655840269047	Fibroblast	C57BL/6	Saline 3d	AngII 28d
422.5	deviations	422	Lhx1_422	0.816587444590442	0.017765011320986	Fibroblast	C57BL/6	Saline 3d	AngII 28d
502.5	deviations	502	Gsx2_502	0.816587444590442	-0.00797960589476647	Fibroblast	C57BL/6	Saline 3d	AngII 28d
519.5	deviations	519	Prrx2_519	0.816587444590442	0.00941830736620207	Fibroblast	C57BL/6	Saline 3d	AngII 28d
839.5	deviations	839	Prrxl1_839	0.816587444590442	0.00941830736620207	Fibroblast	C57BL/6	Saline 3d	AngII 28d
202.5	deviations	202	Zfp354c_202	0.816624201263725	-0.00342689825471408	Fibroblast	C57BL/6	Saline 3d	AngII 28d
367.5	deviations	367	Foxl1_367	0.819916040396677	0.00498519317921137	Fibroblast	C57BL/6	Saline 3d	AngII 28d
138.5	deviations	138	Nfil3_138	0.828469589156001	0.0189623169570604	Fibroblast	C57BL/6	Saline 3d	AngII 28d
616.5	deviations	616	Pou2f2_616	0.828469589156001	0.0130823033097699	Fibroblast	C57BL/6	Saline 3d	AngII 28d
759.5	deviations	759	Stat4_759	0.828502778261681	0.00485984988486063	Fibroblast	C57BL/6	Saline 3d	AngII 28d
347.5	deviations	347	Gm5294_347	0.831838662808632	0.00174671234564909	Fibroblast	C57BL/6	Saline 3d	AngII 28d
373.5	deviations	373	Foxl1_373	0.831838662808632	0.00174671234564909	Fibroblast	C57BL/6	Saline 3d	AngII 28d
342.5	deviations	342	Gm5294_342	0.833006823221243	0.00452435687107337	Fibroblast	C57BL/6	Saline 3d	AngII 28d
385.5	deviations	385	Gata5_385	0.833006823221243	0.00941473354299878	Fibroblast	C57BL/6	Saline 3d	AngII 28d
515.5	deviations	515	Lmx1b_515	0.833006823221243	-0.000203084425561231	Fibroblast	C57BL/6	Saline 3d	AngII 28d
518.5	deviations	518	Hlx_518	0.833006823221243	-0.000203084425561231	Fibroblast	C57BL/6	Saline 3d	AngII 28d
539.5	deviations	539	Prop1_539	0.833006823221243	-0.000203084425561231	Fibroblast	C57BL/6	Saline 3d	AngII 28d
198.5	deviations	198	Hic1_198	0.833699780026551	-0.009641520001153	Fibroblast	C57BL/6	Saline 3d	AngII 28d
193.5	deviations	193	Zfp281_193	0.833833723978263	0.00344123978005666	Fibroblast	C57BL/6	Saline 3d	AngII 28d
436.5	deviations	436	Otp_436	0.833833723978263	-0.0055403598516732	Fibroblast	C57BL/6	Saline 3d	AngII 28d
748.5	deviations	748	Sry_748	0.833833723978263	0.00622724843958734	Fibroblast	C57BL/6	Saline 3d	AngII 28d
267.5	deviations	267	Etv3_267	0.8394495001107	0.00825344482504928	Fibroblast	C57BL/6	Saline 3d	AngII 28d
587.5	deviations	587	NP_587	0.8394495001107	0.00652629891395246	Fibroblast	C57BL/6	Saline 3d	AngII 28d
43.5	deviations	43	Msc_43	0.844094379234719	0.0093541541477254	Fibroblast	C57BL/6	Saline 3d	AngII 28d
297.5	deviations	297	Gm4881_297	0.844094379234719	0.00393226995772165	Fibroblast	C57BL/6	Saline 3d	AngII 28d
423.5	deviations	423	Hoxb1_423	0.845533042675648	0.00673599349989663	Fibroblast	C57BL/6	Saline 3d	AngII 28d
607.5	deviations	607	NP_607	0.845533042675648	-0.00717704784828518	Fibroblast	C57BL/6	Saline 3d	AngII 28d
788.5	deviations	788	Ddit3_788	0.845533042675648	-0.00789987263063246	Fibroblast	C57BL/6	Saline 3d	AngII 28d
4.5	deviations	4	Tcfap2e_4	0.849501113602138	0.00796848086268281	Fibroblast	C57BL/6	Saline 3d	AngII 28d
28.5	deviations	28	Ahr_28	0.849501113602138	0.00485963863181777	Fibroblast	C57BL/6	Saline 3d	AngII 28d
36.5	deviations	36	Ahrr_36	0.849501113602138	0.00485963863181777	Fibroblast	C57BL/6	Saline 3d	AngII 28d
49.5	deviations	49	Neurog2_49	0.849501113602138	-0.0033991263666998	Fibroblast	C57BL/6	Saline 3d	AngII 28d
75.5	deviations	75	Neurog3_75	0.849501113602138	-0.0033991263666998	Fibroblast	C57BL/6	Saline 3d	AngII 28d
78.5	deviations	78	Olig3_78	0.849501113602138	0.00609399743210767	Fibroblast	C57BL/6	Saline 3d	AngII 28d
86.5	deviations	86	Nhlh1_86	0.849501113602138	0.00693557301973987	Fibroblast	C57BL/6	Saline 3d	AngII 28d
115.5	deviations	115	Cebpa_115	0.849501113602138	0.0242237068307676	Fibroblast	C57BL/6	Saline 3d	AngII 28d
245.5	deviations	245	Onecut3_245	0.849501113602138	0.00664018891639168	Fibroblast	C57BL/6	Saline 3d	AngII 28d
327.5	deviations	327	Foxd3_327	0.849501113602138	-0.010460676782554	Fibroblast	C57BL/6	Saline 3d	AngII 28d
328.5	deviations	328	Foxe1_328	0.849501113602138	-0.010460676782554	Fibroblast	C57BL/6	Saline 3d	AngII 28d
341.5	deviations	341	Gm5294_341	0.849501113602138	-0.010460676782554	Fibroblast	C57BL/6	Saline 3d	AngII 28d
346.5	deviations	346	Gm5294_346	0.849501113602138	0.00557725863706256	Fibroblast	C57BL/6	Saline 3d	AngII 28d
361.5	deviations	361	Foxl1_361	0.849501113602138	-0.00841800433045879	Fibroblast	C57BL/6	Saline 3d	AngII 28d
366.5	deviations	366	Foxl1_366	0.849501113602138	-0.010460676782554	Fibroblast	C57BL/6	Saline 3d	AngII 28d
372.5	deviations	372	Foxl1_372	0.849501113602138	0.00557725863706256	Fibroblast	C57BL/6	Saline 3d	AngII 28d
386.5	deviations	386	Gata4_386	0.849501113602138	0.00898581370063722	Fibroblast	C57BL/6	Saline 3d	AngII 28d
413.5	deviations	413	Vax1_413	0.849501113602138	-0.01387820440218	Fibroblast	C57BL/6	Saline 3d	AngII 28d
447.5	deviations	447	Rax_447	0.849501113602138	0.0125381884277218	Fibroblast	C57BL/6	Saline 3d	AngII 28d
459.5	deviations	459	Lhx3_459	0.849501113602138	0.012781138548092	Fibroblast	C57BL/6	Saline 3d	AngII 28d
462.5	deviations	462	Nkx22_462	0.849501113602138	0.00322768231239042	Fibroblast	C57BL/6	Saline 3d	AngII 28d
497.5	deviations	497	Vax2_497	0.849501113602138	-0.0143412699797229	Fibroblast	C57BL/6	Saline 3d	AngII 28d
531.5	deviations	531	Hoxd4_531	0.849501113602138	0.0142894130965869	Fibroblast	C57BL/6	Saline 3d	AngII 28d
532.5	deviations	532	Hoxd11_532	0.849501113602138	-0.0103064885192685	Fibroblast	C57BL/6	Saline 3d	AngII 28d
596.5	deviations	596	NP_596	0.849501113602138	0.0070352763905878	Fibroblast	C57BL/6	Saline 3d	AngII 28d
635.5	deviations	635	Irf5_635	0.849501113602138	-0.0128212489753743	Fibroblast	C57BL/6	Saline 3d	AngII 28d
644.5	deviations	644	Myb_644	0.849501113602138	0.00233335403405784	Fibroblast	C57BL/6	Saline 3d	AngII 28d
670.5	deviations	670	Ppara_670	0.849501113602138	-0.00562492661798877	Fibroblast	C57BL/6	Saline 3d	AngII 28d
696.5	deviations	696	Nfat5_696	0.849501113602138	0.00502379462062194	Fibroblast	C57BL/6	Saline 3d	AngII 28d
738.5	deviations	738	Sox5_738	0.849501113602138	0.00484463313463159	Fibroblast	C57BL/6	Saline 3d	AngII 28d
758.5	deviations	758	Stat2_758	0.849501113602138	-0.00443976702504763	Fibroblast	C57BL/6	Saline 3d	AngII 28d
826.5	deviations	826	Onecut1_826	0.849501113602138	-0.0117180649147405	Fibroblast	C57BL/6	Saline 3d	AngII 28d
827.5	deviations	827	Onecut2_827	0.849501113602138	-0.0117180649147405	Fibroblast	C57BL/6	Saline 3d	AngII 28d
878.5	deviations	878	Zfp263_878	0.849501113602138	0.000349881952703905	Fibroblast	C57BL/6	Saline 3d	AngII 28d
511.5	deviations	511	Hoxb4_511	0.849591611186822	-0.00184972935047815	Fibroblast	C57BL/6	Saline 3d	AngII 28d
486.5	deviations	486	Pbx4_486	0.852931532722987	0.0104735663862804	Fibroblast	C57BL/6	Saline 3d	AngII 28d
496.5	deviations	496	Pbx2_496	0.852931532722987	0.0104735663862804	Fibroblast	C57BL/6	Saline 3d	AngII 28d
381.5	deviations	381	Foxl1_381	0.856181391869211	0.00598089980904226	Fibroblast	C57BL/6	Saline 3d	AngII 28d
534.5	deviations	534	Hoxd9_534	0.859116321880242	-0.00547023631644725	Fibroblast	C57BL/6	Saline 3d	AngII 28d
588.5	deviations	588	NP_588	0.862316702725947	0.0196646556129041	Fibroblast	C57BL/6	Saline 3d	AngII 28d
634.5	deviations	634	Irf6_634	0.862316702725947	-0.0186179600155248	Fibroblast	C57BL/6	Saline 3d	AngII 28d
859.5	deviations	859	Nfib_859	0.862316702725947	0.00518856500893519	Fibroblast	C57BL/6	Saline 3d	AngII 28d
862.5	deviations	862	Nfia_862	0.862316702725947	0.00518856500893519	Fibroblast	C57BL/6	Saline 3d	AngII 28d
288.5	deviations	288	Erf_288	0.863760119914445	-0.00618057438047159	Fibroblast	C57BL/6	Saline 3d	AngII 28d
514.5	deviations	514	Hoxb7_514	0.863760119914445	-0.00643215036888183	Fibroblast	C57BL/6	Saline 3d	AngII 28d
244.5	deviations	244	Cux2_244	0.869851179839809	0.0127608753420932	Fibroblast	C57BL/6	Saline 3d	AngII 28d
117.5	deviations	117	Nfe2l1_117	0.874854787841508	-0.00826524648588428	Fibroblast	C57BL/6	Saline 3d	AngII 28d
681.5	deviations	681	Nr3c2_681	0.874854787841508	0.0117162820732841	Fibroblast	C57BL/6	Saline 3d	AngII 28d
871.5	deviations	871	Nfe2l3_871	0.874854787841508	-0.00826524648588428	Fibroblast	C57BL/6	Saline 3d	AngII 28d
136.5	deviations	136	Mafb_136	0.875669971330768	-0.00367182353787296	Fibroblast	C57BL/6	Saline 3d	AngII 28d
309.5	deviations	309	Foxq1_309	0.875669971330768	-0.00996396471437858	Fibroblast	C57BL/6	Saline 3d	AngII 28d
683.5	deviations	683	Nr2e3_683	0.875669971330768	0.00208556587097898	Fibroblast	C57BL/6	Saline 3d	AngII 28d
723.5	deviations	723	Smad3_723	0.875669971330768	0.00382186299070362	Fibroblast	C57BL/6	Saline 3d	AngII 28d
861.5	deviations	861	Smad2_861	0.875669971330768	0.00382186299070362	Fibroblast	C57BL/6	Saline 3d	AngII 28d
864.5	deviations	864	Tbx15_864	0.875669971330768	-0.00616141470614145	Fibroblast	C57BL/6	Saline 3d	AngII 28d
865.5	deviations	865	Tbx22_865	0.875669971330768	-0.00616141470614145	Fibroblast	C57BL/6	Saline 3d	AngII 28d
866.5	deviations	866	Tbx18_866	0.875669971330768	-0.00616141470614145	Fibroblast	C57BL/6	Saline 3d	AngII 28d
884.5	deviations	884	Smad9_884	0.875669971330768	0.00382186299070362	Fibroblast	C57BL/6	Saline 3d	AngII 28d
569.5	deviations	569	Obox3_569	0.881824441353694	0.00522864426067539	Fibroblast	C57BL/6	Saline 3d	AngII 28d
580.5	deviations	580	Gm5889_580	0.881824441353694	0.00522864426067539	Fibroblast	C57BL/6	Saline 3d	AngII 28d
196.5	deviations	196	Zfp410_196	0.881916832312944	-0.00839310330153012	Fibroblast	C57BL/6	Saline 3d	AngII 28d
155.5	deviations	155	Gli3_155	0.885778881673384	-0.00123217853380887	Fibroblast	C57BL/6	Saline 3d	AngII 28d
291.5	deviations	291	Fev_291	0.887158062183114	0.00527858983588048	Fibroblast	C57BL/6	Saline 3d	AngII 28d
439.5	deviations	439	Nkx31_439	0.887158062183114	-0.00903672434404874	Fibroblast	C57BL/6	Saline 3d	AngII 28d
560.5	deviations	560	Hoxb8_560	0.887158062183114	-0.015055214413255	Fibroblast	C57BL/6	Saline 3d	AngII 28d
592.5	deviations	592	NP_592	0.887158062183114	-0.015055214413255	Fibroblast	C57BL/6	Saline 3d	AngII 28d
615.5	deviations	615	Pou1f1_615	0.887158062183114	0.0116879550632136	Fibroblast	C57BL/6	Saline 3d	AngII 28d
645.5	deviations	645	Cdc5l_645	0.887158062183114	0.00487875181770841	Fibroblast	C57BL/6	Saline 3d	AngII 28d
689.5	deviations	689	Nr6a1_689	0.887158062183114	-0.0024100248262756	Fibroblast	C57BL/6	Saline 3d	AngII 28d
768.5	deviations	768	Eomes_768	0.887158062183114	0.00659791606547608	Fibroblast	C57BL/6	Saline 3d	AngII 28d
721.5	deviations	721	IRC900814_721	0.88975370108498	-0.0175905072145814	Fibroblast	C57BL/6	Saline 3d	AngII 28d
284.5	deviations	284	Ets1_284	0.891590447450902	0.00312474760091697	Fibroblast	C57BL/6	Saline 3d	AngII 28d
578.5	deviations	578	Obox5_578	0.891590447450902	0.00544967501016276	Fibroblast	C57BL/6	Saline 3d	AngII 28d
579.5	deviations	579	AC1890281_579	0.891590447450902	0.00544967501016276	Fibroblast	C57BL/6	Saline 3d	AngII 28d
608.5	deviations	608	NP_608	0.891590447450902	0.00544967501016276	Fibroblast	C57BL/6	Saline 3d	AngII 28d
609.5	deviations	609	Q8VHG7_609	0.891590447450902	0.00544967501016276	Fibroblast	C57BL/6	Saline 3d	AngII 28d
733.5	deviations	733	Sox17_733	0.891590447450902	0.00836795289045504	Fibroblast	C57BL/6	Saline 3d	AngII 28d
472.5	deviations	472	Pdx1_472	0.893245392017514	0.0128707472976567	Fibroblast	C57BL/6	Saline 3d	AngII 28d
620.5	deviations	620	Pou3f1_620	0.894789806500207	0.0167357554554192	Fibroblast	C57BL/6	Saline 3d	AngII 28d
801.5	deviations	801	Gli1_801	0.894789806500207	0.0037236326517663	Fibroblast	C57BL/6	Saline 3d	AngII 28d
815.5	deviations	815	Gli2_815	0.894789806500207	0.0037236326517663	Fibroblast	C57BL/6	Saline 3d	AngII 28d
94.5	deviations	94	Atoh1_94	0.895318575577299	0.00902232174885537	Fibroblast	C57BL/6	Saline 3d	AngII 28d
600.5	deviations	600	NP_600	0.895318575577299	-0.0106243488911949	Fibroblast	C57BL/6	Saline 3d	AngII 28d
650.5	deviations	650	Prdm11_650	0.895318575577299	0.00666972742843758	Fibroblast	C57BL/6	Saline 3d	AngII 28d
725.5	deviations	725	Sox9_725	0.895318575577299	0.0119078311322823	Fibroblast	C57BL/6	Saline 3d	AngII 28d
743.5	deviations	743	Sox14_743	0.895318575577299	-0.00437115842005851	Fibroblast	C57BL/6	Saline 3d	AngII 28d
784.5	deviations	784	Neurod1_784	0.895318575577299	0.00902232174885537	Fibroblast	C57BL/6	Saline 3d	AngII 28d
786.5	deviations	786	Neurod6_786	0.895318575577299	0.00902232174885537	Fibroblast	C57BL/6	Saline 3d	AngII 28d
787.5	deviations	787	Neurod4_787	0.895318575577299	0.00902232174885537	Fibroblast	C57BL/6	Saline 3d	AngII 28d
52.5	deviations	52	Clock_52	0.901306333779016	0.00946789357726941	Fibroblast	C57BL/6	Saline 3d	AngII 28d
123.5	deviations	123	Mafg_123	0.901306333779016	0.0027940005086161	Fibroblast	C57BL/6	Saline 3d	AngII 28d
139.5	deviations	139	Zeb1_139	0.901306333779016	-0.00644588670548049	Fibroblast	C57BL/6	Saline 3d	AngII 28d
325.5	deviations	325	Foxb2_325	0.901306333779016	-0.00151523862235805	Fibroblast	C57BL/6	Saline 3d	AngII 28d
326.5	deviations	326	Foxb1_326	0.901306333779016	-0.00151523862235805	Fibroblast	C57BL/6	Saline 3d	AngII 28d
402.5	deviations	402	Mnx1_402	0.901306333779016	0.00116562535197921	Fibroblast	C57BL/6	Saline 3d	AngII 28d
736.5	deviations	736	Sox30_736	0.901306333779016	0.00506574863596831	Fibroblast	C57BL/6	Saline 3d	AngII 28d
435.5	deviations	435	Irx4_435	0.90674132428353	-0.000585134541981891	Fibroblast	C57BL/6	Saline 3d	AngII 28d
498.5	deviations	498	Lbx2_498	0.90674132428353	0.00689583561160147	Fibroblast	C57BL/6	Saline 3d	AngII 28d
649.5	deviations	649	Mypop_649	0.908181072000812	0.0046853045872088	Fibroblast	C57BL/6	Saline 3d	AngII 28d
686.5	deviations	686	Rxrb_686	0.908181072000812	-0.00326565484215047	Fibroblast	C57BL/6	Saline 3d	AngII 28d
69.5	deviations	69	Neurod2_69	0.908900653153503	0.00284208950524693	Fibroblast	C57BL/6	Saline 3d	AngII 28d
475.5	deviations	475	Pax4_475	0.910539507064199	-0.00487860887451161	Fibroblast	C57BL/6	Saline 3d	AngII 28d
141.5	deviations	141	Bcl6b_141	0.913097043398405	-0.00582663311960791	Fibroblast	C57BL/6	Saline 3d	AngII 28d
754.5	deviations	754	Stat3_754	0.913507877091049	0.00122638342650174	Fibroblast	C57BL/6	Saline 3d	AngII 28d
15.5	deviations	15	Phf21a_15	0.914435856257928	7.2045843076927e-05	Fibroblast	C57BL/6	Saline 3d	AngII 28d
293.5	deviations	293	Gm4881_293	0.914435856257928	0.00247865287937621	Fibroblast	C57BL/6	Saline 3d	AngII 28d
637.5	deviations	637	Naif1_637	0.914435856257928	0.000751549698937273	Fibroblast	C57BL/6	Saline 3d	AngII 28d
558.5	deviations	558	Obox1_558	0.920045449693276	0.000488025987703977	Fibroblast	C57BL/6	Saline 3d	AngII 28d
479.5	deviations	479	Hoxa1_479	0.923001907739964	-0.00504988081559191	Fibroblast	C57BL/6	Saline 3d	AngII 28d
881.5	deviations	881	Mixl1_881	0.923001907739964	0.00552271500217705	Fibroblast	C57BL/6	Saline 3d	AngII 28d
241.5	deviations	241	Myt1l_241	0.925243214834821	0.00655554419169428	Fibroblast	C57BL/6	Saline 3d	AngII 28d
59.5	deviations	59	Tcf12_59	0.925544418025639	-0.00203271971033181	Fibroblast	C57BL/6	Saline 3d	AngII 28d
253.5	deviations	253	Dmrta1_253	0.925544418025639	0.00720565697436817	Fibroblast	C57BL/6	Saline 3d	AngII 28d
766.5	deviations	766	Tbx19_766	0.925544418025639	-0.0125327443342225	Fibroblast	C57BL/6	Saline 3d	AngII 28d
703.5	deviations	703	Nfatc1_703	0.925950926447984	0.0040868277946772	Fibroblast	C57BL/6	Saline 3d	AngII 28d
230.5	deviations	230	Insm1_230	0.926052999270061	-0.00251576665923322	Fibroblast	C57BL/6	Saline 3d	AngII 28d
87.5	deviations	87	Bhlha15_87	0.926723509138999	-0.00761509452904273	Fibroblast	C57BL/6	Saline 3d	AngII 28d
151.5	deviations	151	Zbtb4_151	0.926723509138999	0.00557589346751064	Fibroblast	C57BL/6	Saline 3d	AngII 28d
176.5	deviations	176	Zbtb49_176	0.926723509138999	-0.0102947961234476	Fibroblast	C57BL/6	Saline 3d	AngII 28d
374.5	deviations	374	Foxl1_374	0.926723509138999	0.00874457940619651	Fibroblast	C57BL/6	Saline 3d	AngII 28d
388.5	deviations	388	Gcm1_388	0.926723509138999	0.000270852632518449	Fibroblast	C57BL/6	Saline 3d	AngII 28d
460.5	deviations	460	Hoxd8_460	0.926723509138999	0.00488952501591255	Fibroblast	C57BL/6	Saline 3d	AngII 28d
495.5	deviations	495	Hdx_495	0.926723509138999	0.00481643876629896	Fibroblast	C57BL/6	Saline 3d	AngII 28d
546.5	deviations	546	Hoxb3_546	0.926723509138999	0.00205131223340564	Fibroblast	C57BL/6	Saline 3d	AngII 28d
565.5	deviations	565	Irx1_565	0.926723509138999	0.00817032906850663	Fibroblast	C57BL/6	Saline 3d	AngII 28d
717.5	deviations	717	Sp140_717	0.926723509138999	0.0280903952795523	Fibroblast	C57BL/6	Saline 3d	AngII 28d
720.5	deviations	720	IRC900814_720	0.926723509138999	0.0280903952795523	Fibroblast	C57BL/6	Saline 3d	AngII 28d
838.5	deviations	838	Nkx62_838	0.926723509138999	0.00314096454988211	Fibroblast	C57BL/6	Saline 3d	AngII 28d
9.5	deviations	9	Arid5a_9	0.928497062853083	-0.00248068780945511	Fibroblast	C57BL/6	Saline 3d	AngII 28d
22.5	deviations	22	Id3_22	0.928497062853083	-0.00483551546551858	Fibroblast	C57BL/6	Saline 3d	AngII 28d
35.5	deviations	35	Id4_35	0.928497062853083	-0.00483551546551858	Fibroblast	C57BL/6	Saline 3d	AngII 28d
175.5	deviations	175	Mtf1_175	0.928497062853083	0.0020274141018968	Fibroblast	C57BL/6	Saline 3d	AngII 28d
307.5	deviations	307	Foxa2_307	0.928497062853083	0.00197892526590615	Fibroblast	C57BL/6	Saline 3d	AngII 28d
320.5	deviations	320	Foxc1_320	0.928497062853083	-0.00403185116286838	Fibroblast	C57BL/6	Saline 3d	AngII 28d
365.5	deviations	365	Foxl1_365	0.928497062853083	-0.00377148336998022	Fibroblast	C57BL/6	Saline 3d	AngII 28d
446.5	deviations	446	Pou4f3_446	0.928497062853083	0.00749179577618844	Fibroblast	C57BL/6	Saline 3d	AngII 28d
492.5	deviations	492	Barhl2_492	0.928497062853083	0.00100525654131258	Fibroblast	C57BL/6	Saline 3d	AngII 28d
537.5	deviations	537	Nkx23_537	0.928497062853083	0.0110827151910889	Fibroblast	C57BL/6	Saline 3d	AngII 28d
552.5	deviations	552	Rhox11_552	0.928497062853083	-0.00716255446096091	Fibroblast	C57BL/6	Saline 3d	AngII 28d
553.5	deviations	553	Six1_553	0.928497062853083	-0.011738792100874	Fibroblast	C57BL/6	Saline 3d	AngII 28d
561.5	deviations	561	Pou3f4_561	0.928497062853083	0.00611080056185279	Fibroblast	C57BL/6	Saline 3d	AngII 28d
714.5	deviations	714	Sp100_714	0.928497062853083	0.0144647573873306	Fibroblast	C57BL/6	Saline 3d	AngII 28d
735.5	deviations	735	Sox10_735	0.928497062853083	0.00903373834252063	Fibroblast	C57BL/6	Saline 3d	AngII 28d
744.5	deviations	744	Tcf7l1_744	0.928497062853083	0.00478307789493311	Fibroblast	C57BL/6	Saline 3d	AngII 28d
775.5	deviations	775	Spz1_775	0.928497062853083	0.00541233128253737	Fibroblast	C57BL/6	Saline 3d	AngII 28d
805.5	deviations	805	Rest_805	0.928497062853083	0.0017185954096411	Fibroblast	C57BL/6	Saline 3d	AngII 28d
200.5	deviations	200	Zfp3_200	0.929801252814698	0.0103242254144125	Fibroblast	C57BL/6	Saline 3d	AngII 28d
633.5	deviations	633	Irf7_633	0.929920667917265	0.00514949906670696	Fibroblast	C57BL/6	Saline 3d	AngII 28d
228.5	deviations	228	Zbtb6_228	0.93057671292979	-0.00146930370892465	Fibroblast	C57BL/6	Saline 3d	AngII 28d
619.5	deviations	619	Pou2f1_619	0.93057671292979	0.0135470034299083	Fibroblast	C57BL/6	Saline 3d	AngII 28d
682.5	deviations	682	Rora_682	0.93057671292979	-0.00984235698423739	Fibroblast	C57BL/6	Saline 3d	AngII 28d
739.5	deviations	739	Sox3_739	0.930819089504485	-0.00764461203629328	Fibroblast	C57BL/6	Saline 3d	AngII 28d
747.5	deviations	747	Sox11_747	0.930819089504485	-0.00145990694576031	Fibroblast	C57BL/6	Saline 3d	AngII 28d
6.5	deviations	6	Arid3b_6	0.931185927503939	0.00671673651315329	Fibroblast	C57BL/6	Saline 3d	AngII 28d
262.5	deviations	262	E2f5_262	0.931185927503939	-0.00342201480626122	Fibroblast	C57BL/6	Saline 3d	AngII 28d
653.5	deviations	653	Pparg_653	0.931185927503939	-0.000846935474051957	Fibroblast	C57BL/6	Saline 3d	AngII 28d
730.5	deviations	730	Bbx_730	0.933070284366983	-0.00843483108177025	Fibroblast	C57BL/6	Saline 3d	AngII 28d
485.5	deviations	485	Irx6_485	0.936714749745276	0.00465146558155104	Fibroblast	C57BL/6	Saline 3d	AngII 28d
636.5	deviations	636	Irf2_636	0.939769920742629	-0.00106441305520848	Fibroblast	C57BL/6	Saline 3d	AngII 28d
16.5	deviations	16	Zfp957_16	0.940953434840341	0.00209877389472137	Fibroblast	C57BL/6	Saline 3d	AngII 28d
23.5	deviations	23	Ascl2_23	0.940953434840341	0.00122750162821639	Fibroblast	C57BL/6	Saline 3d	AngII 28d
54.5	deviations	54	Figla_54	0.940953434840341	0.00348610714753403	Fibroblast	C57BL/6	Saline 3d	AngII 28d
66.5	deviations	66	Hand1_66	0.940953434840341	0.000836087729137157	Fibroblast	C57BL/6	Saline 3d	AngII 28d
68.5	deviations	68	Hand2_68	0.940953434840341	0.000836087729137157	Fibroblast	C57BL/6	Saline 3d	AngII 28d
149.5	deviations	149	Ikzf1_149	0.940953434840341	-0.00380994033888899	Fibroblast	C57BL/6	Saline 3d	AngII 28d
184.5	deviations	184	Klf9_184	0.940953434840341	0.00962060054784988	Fibroblast	C57BL/6	Saline 3d	AngII 28d
252.5	deviations	252	Dmrt3_252	0.940953434840341	0.0088356447084819	Fibroblast	C57BL/6	Saline 3d	AngII 28d
411.5	deviations	411	Otx1_411	0.940953434840341	-0.00611094056602182	Fibroblast	C57BL/6	Saline 3d	AngII 28d
415.5	deviations	415	Phox2a_415	0.940953434840341	-0.0109186831859801	Fibroblast	C57BL/6	Saline 3d	AngII 28d
418.5	deviations	418	Phox2b_418	0.940953434840341	-0.0109186831859801	Fibroblast	C57BL/6	Saline 3d	AngII 28d
458.5	deviations	458	Lhx6_458	0.940953434840341	0.0096937857441798	Fibroblast	C57BL/6	Saline 3d	AngII 28d
463.5	deviations	463	Shox2_463	0.940953434840341	-0.00548276370489666	Fibroblast	C57BL/6	Saline 3d	AngII 28d
464.5	deviations	464	Pitx2_464	0.940953434840341	-0.00611094056602182	Fibroblast	C57BL/6	Saline 3d	AngII 28d
487.5	deviations	487	Pou2f3_487	0.940953434840341	0.0102327798648585	Fibroblast	C57BL/6	Saline 3d	AngII 28d
554.5	deviations	554	Pbx1_554	0.940953434840341	0.0019460936275431	Fibroblast	C57BL/6	Saline 3d	AngII 28d
585.5	deviations	585	NP_585	0.940953434840341	0.0096937857441798	Fibroblast	C57BL/6	Saline 3d	AngII 28d
658.5	deviations	658	Nr1i3_658	0.940953434840341	0.00302562431299307	Fibroblast	C57BL/6	Saline 3d	AngII 28d
702.5	deviations	702	Nfatc3_702	0.940953434840341	0.00378038839032274	Fibroblast	C57BL/6	Saline 3d	AngII 28d
740.5	deviations	740	Sox18_740	0.940953434840341	-0.00196714379540262	Fibroblast	C57BL/6	Saline 3d	AngII 28d
780.5	deviations	780	Ascl1_780	0.940953434840341	0.00122750162821639	Fibroblast	C57BL/6	Saline 3d	AngII 28d
796.5	deviations	796	Ikzf4_796	0.940953434840341	-0.00380994033888899	Fibroblast	C57BL/6	Saline 3d	AngII 28d
811.5	deviations	811	Zfp384_811	0.940953434840341	-0.00427992192737829	Fibroblast	C57BL/6	Saline 3d	AngII 28d
857.5	deviations	857	Nfatc4_857	0.940953434840341	0.00378038839032274	Fibroblast	C57BL/6	Saline 3d	AngII 28d
465.5	deviations	465	Lhx8_465	0.946943998003938	-0.000490793605763679	Fibroblast	C57BL/6	Saline 3d	AngII 28d
693.5	deviations	693	Pax9_693	0.946943998003938	-0.00957043624885941	Fibroblast	C57BL/6	Saline 3d	AngII 28d
182.5	deviations	182	Zbtb1_182	0.950748244353823	0.0043971915769176	Fibroblast	C57BL/6	Saline 3d	AngII 28d
535.5	deviations	535	Emx2_535	0.950748244353823	0.00548904848687227	Fibroblast	C57BL/6	Saline 3d	AngII 28d
785.5	deviations	785	Twist1_785	0.950748244353823	-0.000573292003160014	Fibroblast	C57BL/6	Saline 3d	AngII 28d
144.5	deviations	144	Plag1_144	0.954018631562569	0.00224039027817771	Fibroblast	C57BL/6	Saline 3d	AngII 28d
99.5	deviations	99	Hlf_99	0.954891714235043	0.0185723605702264	Fibroblast	C57BL/6	Saline 3d	AngII 28d
266.5	deviations	266	Elf3_266	0.954891714235043	0.00247916123940187	Fibroblast	C57BL/6	Saline 3d	AngII 28d
396.5	deviations	396	Hoxa4_396	0.954891714235043	0.00315011185665734	Fibroblast	C57BL/6	Saline 3d	AngII 28d
520.5	deviations	520	Hmx3_520	0.954891714235043	-0.00764166421633207	Fibroblast	C57BL/6	Saline 3d	AngII 28d
590.5	deviations	590	NP_590	0.954891714235043	-0.00764166421633207	Fibroblast	C57BL/6	Saline 3d	AngII 28d
118.5	deviations	118	Creb3l2_118	0.957975956161778	0.0077985499600583	Fibroblast	C57BL/6	Saline 3d	AngII 28d
687.5	deviations	687	Ar_687	0.957975956161778	-0.0101542942460371	Fibroblast	C57BL/6	Saline 3d	AngII 28d
445.5	deviations	445	Six2_445	0.962648592055918	-0.0187253821897481	Fibroblast	C57BL/6	Saline 3d	AngII 28d
654.5	deviations	654	Rarg_654	0.963329746324867	0.00130570242284305	Fibroblast	C57BL/6	Saline 3d	AngII 28d
20.5	deviations	20	Tcfap4_20	0.966395777580825	0.0060640121718821	Fibroblast	C57BL/6	Saline 3d	AngII 28d
270.5	deviations	270	Etv2_270	0.966395777580825	-0.00627559804208677	Fibroblast	C57BL/6	Saline 3d	AngII 28d
12.5	deviations	12	Setbp1_12	0.973548601649677	-0.0165998653848959	Fibroblast	C57BL/6	Saline 3d	AngII 28d
44.5	deviations	44	Npas2_44	0.973548601649677	0.000723839385581238	Fibroblast	C57BL/6	Saline 3d	AngII 28d
57.5	deviations	57	Mesp2_57	0.973548601649677	-0.00613518170265936	Fibroblast	C57BL/6	Saline 3d	AngII 28d
58.5	deviations	58	Mesp1_58	0.973548601649677	-0.00613518170265936	Fibroblast	C57BL/6	Saline 3d	AngII 28d
61.5	deviations	61	Scx_61	0.973548601649677	-0.00100173317345111	Fibroblast	C57BL/6	Saline 3d	AngII 28d
79.5	deviations	79	Tcf21_79	0.973548601649677	0.00609592525791816	Fibroblast	C57BL/6	Saline 3d	AngII 28d
93.5	deviations	93	Tcf15_93	0.973548601649677	-0.00100173317345111	Fibroblast	C57BL/6	Saline 3d	AngII 28d
125.5	deviations	125	Cebpe_125	0.973548601649677	0.00322034181921425	Fibroblast	C57BL/6	Saline 3d	AngII 28d
158.5	deviations	158	Zfp369_158	0.973548601649677	0.00417181384604172	Fibroblast	C57BL/6	Saline 3d	AngII 28d
159.5	deviations	159	Fezf2_159	0.973548601649677	0.00158128656801667	Fibroblast	C57BL/6	Saline 3d	AngII 28d
177.5	deviations	177	Fezf1_177	0.973548601649677	0.00158128656801667	Fibroblast	C57BL/6	Saline 3d	AngII 28d
209.5	deviations	209	Zfp161_209	0.973548601649677	-0.00208443185740895	Fibroblast	C57BL/6	Saline 3d	AngII 28d
219.5	deviations	219	Zfp110_219	0.973548601649677	0.00417181384604172	Fibroblast	C57BL/6	Saline 3d	AngII 28d
235.5	deviations	235	Zbtb3_235	0.973548601649677	0.00165586426813955	Fibroblast	C57BL/6	Saline 3d	AngII 28d
255.5	deviations	255	Tfdp2_255	0.973548601649677	0.0021914517323768	Fibroblast	C57BL/6	Saline 3d	AngII 28d
256.5	deviations	256	Tfdp1_256	0.973548601649677	0.0021914517323768	Fibroblast	C57BL/6	Saline 3d	AngII 28d
316.5	deviations	316	Foxc2_316	0.973548601649677	-0.00434543690566978	Fibroblast	C57BL/6	Saline 3d	AngII 28d
329.5	deviations	329	Foxs1_329	0.973548601649677	-0.00434543690566978	Fibroblast	C57BL/6	Saline 3d	AngII 28d
350.5	deviations	350	Gm5294_350	0.973548601649677	-0.00136325687512374	Fibroblast	C57BL/6	Saline 3d	AngII 28d
351.5	deviations	351	Gm5294_351	0.973548601649677	0.00032770106803974	Fibroblast	C57BL/6	Saline 3d	AngII 28d
376.5	deviations	376	Foxl1_376	0.973548601649677	-0.00136325687512374	Fibroblast	C57BL/6	Saline 3d	AngII 28d
377.5	deviations	377	Foxl1_377	0.973548601649677	0.00032770106803974	Fibroblast	C57BL/6	Saline 3d	AngII 28d
398.5	deviations	398	Meox1_398	0.973548601649677	0.00407866177407706	Fibroblast	C57BL/6	Saline 3d	AngII 28d
433.5	deviations	433	Msx2_433	0.973548601649677	0.00506462930047762	Fibroblast	C57BL/6	Saline 3d	AngII 28d
444.5	deviations	444	Esx1_444	0.973548601649677	0.0107787164857508	Fibroblast	C57BL/6	Saline 3d	AngII 28d
455.5	deviations	455	Prrx1_455	0.973548601649677	-0.00268791367418003	Fibroblast	C57BL/6	Saline 3d	AngII 28d
468.5	deviations	468	Nkx11_468	0.973548601649677	-0.0043508383350222	Fibroblast	C57BL/6	Saline 3d	AngII 28d
480.5	deviations	480	Dbx1_480	0.973548601649677	0.00776662878982021	Fibroblast	C57BL/6	Saline 3d	AngII 28d
493.5	deviations	493	Six4_493	0.973548601649677	-0.0171367163681165	Fibroblast	C57BL/6	Saline 3d	AngII 28d
499.5	deviations	499	Nkx61_499	0.973548601649677	0.00538417420370182	Fibroblast	C57BL/6	Saline 3d	AngII 28d
523.5	deviations	523	Hesx1_523	0.973548601649677	0.00187326113671051	Fibroblast	C57BL/6	Saline 3d	AngII 28d
524.5	deviations	524	ENSMUSG00000040953_524	0.973548601649677	0.00891142378176378	Fibroblast	C57BL/6	Saline 3d	AngII 28d
527.5	deviations	527	Obox6_527	0.973548601649677	0.00891142378176378	Fibroblast	C57BL/6	Saline 3d	AngII 28d
548.5	deviations	548	Nkx32_548	0.973548601649677	0.00450682882509621	Fibroblast	C57BL/6	Saline 3d	AngII 28d
584.5	deviations	584	Hoxa3_584	0.973548601649677	0.00323401240163138	Fibroblast	C57BL/6	Saline 3d	AngII 28d
606.5	deviations	606	NP_606	0.973548601649677	0.00538417420370182	Fibroblast	C57BL/6	Saline 3d	AngII 28d
610.5	deviations	610	Nkx11_610	0.973548601649677	-0.0043508383350222	Fibroblast	C57BL/6	Saline 3d	AngII 28d
642.5	deviations	642	Mecp2_642	0.973548601649677	0.000652391566460709	Fibroblast	C57BL/6	Saline 3d	AngII 28d
643.5	deviations	643	Mybl2_643	0.973548601649677	0.0183230221940685	Fibroblast	C57BL/6	Saline 3d	AngII 28d
647.5	deviations	647	Mybl1_647	0.973548601649677	0.00801762401436093	Fibroblast	C57BL/6	Saline 3d	AngII 28d
663.5	deviations	663	Rarb_663	0.973548601649677	0.00489115162367278	Fibroblast	C57BL/6	Saline 3d	AngII 28d
674.5	deviations	674	Esrra_674	0.973548601649677	0.000119317870828514	Fibroblast	C57BL/6	Saline 3d	AngII 28d
753.5	deviations	753	Stat6_753	0.973548601649677	-0.00186407063320634	Fibroblast	C57BL/6	Saline 3d	AngII 28d
856.5	deviations	856	Relb_856	0.973548601649677	0.00130424053087604	Fibroblast	C57BL/6	Saline 3d	AngII 28d
509.5	deviations	509	Hoxa7_509	0.973662355188169	-0.00150729389135867	Fibroblast	C57BL/6	Saline 3d	AngII 28d
420.5	deviations	420	Hoxa2_420	0.975951211584809	0.00411630523153797	Fibroblast	C57BL/6	Saline 3d	AngII 28d
837.5	deviations	837	Six5_837	0.976877951385032	-0.015426198906986	Fibroblast	C57BL/6	Saline 3d	AngII 28d
860.5	deviations	860	Smad4_860	0.976988888187021	-0.00324930643829337	Fibroblast	C57BL/6	Saline 3d	AngII 28d
88.5	deviations	88	Tcf4_88	0.979055429571732	-0.00361386897235549	Fibroblast	C57BL/6	Saline 3d	AngII 28d
250.5	deviations	250	Dmrtc2_250	0.979055429571732	-0.00954991012179471	Fibroblast	C57BL/6	Saline 3d	AngII 28d
287.5	deviations	287	Erg_287	0.979055429571732	-0.000504795371892991	Fibroblast	C57BL/6	Saline 3d	AngII 28d
656.5	deviations	656	Ppard_656	0.979055429571732	0.00336748027623041	Fibroblast	C57BL/6	Saline 3d	AngII 28d
762.5	deviations	762	Tbx21_762	0.980515789544568	-0.00331551399477666	Fibroblast	C57BL/6	Saline 3d	AngII 28d
567.5	deviations	567	Nkx63_567	0.980893947916711	0.00569527514931504	Fibroblast	C57BL/6	Saline 3d	AngII 28d
19.5	deviations	19	Npas1_19	0.981098161046386	-0.00763268902214667	Fibroblast	C57BL/6	Saline 3d	AngII 28d
30.5	deviations	30	Sim1_30	0.981098161046386	-0.00763268902214667	Fibroblast	C57BL/6	Saline 3d	AngII 28d
34.5	deviations	34	Npas3_34	0.981098161046386	-0.00763268902214667	Fibroblast	C57BL/6	Saline 3d	AngII 28d
67.5	deviations	67	Atoh8_67	0.981098161046386	-0.00403647562235149	Fibroblast	C57BL/6	Saline 3d	AngII 28d
92.5	deviations	92	Sim2_92	0.981098161046386	-0.00763268902214667	Fibroblast	C57BL/6	Saline 3d	AngII 28d
215.5	deviations	215	Zscan4c_215	0.981098161046386	-0.00363269418590031	Fibroblast	C57BL/6	Saline 3d	AngII 28d
232.5	deviations	232	Zscan4ps2_232	0.981098161046386	-0.00363269418590031	Fibroblast	C57BL/6	Saline 3d	AngII 28d
233.5	deviations	233	Zscan4f_233	0.981098161046386	-0.00363269418590031	Fibroblast	C57BL/6	Saline 3d	AngII 28d
246.5	deviations	246	Lin54_246	0.981098161046386	-0.00577872490021121	Fibroblast	C57BL/6	Saline 3d	AngII 28d
271.5	deviations	271	Spib_271	0.981098161046386	0.00134083349409728	Fibroblast	C57BL/6	Saline 3d	AngII 28d
304.5	deviations	304	Foxh1_304	0.981098161046386	0.00312633951338528	Fibroblast	C57BL/6	Saline 3d	AngII 28d
390.5	deviations	390	Grhl1_390	0.981098161046386	0.00257562791867114	Fibroblast	C57BL/6	Saline 3d	AngII 28d
430.5	deviations	430	Six6_430	0.981098161046386	-0.0152900230727499	Fibroblast	C57BL/6	Saline 3d	AngII 28d
467.5	deviations	467	Pax7_467	0.981098161046386	0.000188035436839307	Fibroblast	C57BL/6	Saline 3d	AngII 28d
478.5	deviations	478	Dlx5_478	0.981098161046386	0.00414887744075121	Fibroblast	C57BL/6	Saline 3d	AngII 28d
528.5	deviations	528	Dlx1_528	0.981098161046386	0.00326078836519479	Fibroblast	C57BL/6	Saline 3d	AngII 28d
541.5	deviations	541	Dbx2_541	0.981098161046386	0.00414887744075121	Fibroblast	C57BL/6	Saline 3d	AngII 28d
545.5	deviations	545	Nkx12_545	0.981098161046386	-0.0129030234860344	Fibroblast	C57BL/6	Saline 3d	AngII 28d
737.5	deviations	737	Sox15_737	0.981098161046386	-0.00146565729157543	Fibroblast	C57BL/6	Saline 3d	AngII 28d
240.5	deviations	240	Zfx_240	0.982265752976919	0.00295846762355376	Fibroblast	C57BL/6	Saline 3d	AngII 28d
18.5	deviations	18	Mnt_18	0.983029084244966	0.00343117080511726	Fibroblast	C57BL/6	Saline 3d	AngII 28d
31.5	deviations	31	Tcf3_31	0.983029084244966	-0.00221955100168833	Fibroblast	C57BL/6	Saline 3d	AngII 28d
146.5	deviations	146	Ctcf_146	0.983029084244966	-0.00095743101351693	Fibroblast	C57BL/6	Saline 3d	AngII 28d
277.5	deviations	277	Fli1_277	0.983029084244966	-0.00086791816766893	Fibroblast	C57BL/6	Saline 3d	AngII 28d
315.5	deviations	315	Foxe3_315	0.983029084244966	-0.000679975996465035	Fibroblast	C57BL/6	Saline 3d	AngII 28d
322.5	deviations	322	Foxd2_322	0.983029084244966	-0.000679975996465035	Fibroblast	C57BL/6	Saline 3d	AngII 28d
601.5	deviations	601	NP_601	0.983029084244966	0.00033069896860247	Fibroblast	C57BL/6	Saline 3d	AngII 28d
483.5	deviations	483	Irx3_483	0.985235560346161	0.0049623971787468	Fibroblast	C57BL/6	Saline 3d	AngII 28d
765.5	deviations	765	Tbx3_765	0.986652120625828	0.00181298431361532	Fibroblast	C57BL/6	Saline 3d	AngII 28d
105.5	deviations	105	Tef_105	0.98964913211998	0.0153913324017702	Fibroblast	C57BL/6	Saline 3d	AngII 28d
131.5	deviations	131	Nfil3_131	0.98964913211998	0.00335528802359018	Fibroblast	C57BL/6	Saline 3d	AngII 28d
156.5	deviations	156	Zkscan3_156	0.98964913211998	-0.00413318554802355	Fibroblast	C57BL/6	Saline 3d	AngII 28d
169.5	deviations	169	Zfp202_169	0.98964913211998	0.000702254250763264	Fibroblast	C57BL/6	Saline 3d	AngII 28d
181.5	deviations	181	Zic1_181	0.98964913211998	0.00099628402498099	Fibroblast	C57BL/6	Saline 3d	AngII 28d
206.5	deviations	206	Osr1_206	0.98964913211998	-0.000685706886839686	Fibroblast	C57BL/6	Saline 3d	AngII 28d
210.5	deviations	210	Zbtb12_210	0.98964913211998	-0.00105728887932192	Fibroblast	C57BL/6	Saline 3d	AngII 28d
216.5	deviations	216	Zkscan4_216	0.98964913211998	-0.00413318554802355	Fibroblast	C57BL/6	Saline 3d	AngII 28d
251.5	deviations	251	Dmrt1_251	0.98964913211998	0.00571907286466299	Fibroblast	C57BL/6	Saline 3d	AngII 28d
258.5	deviations	258	E2f3_258	0.98964913211998	-0.000588714111048862	Fibroblast	C57BL/6	Saline 3d	AngII 28d
264.5	deviations	264	E2f6_264	0.98964913211998	-0.000538343338168761	Fibroblast	C57BL/6	Saline 3d	AngII 28d
279.5	deviations	279	Spdef_279	0.98964913211998	-0.00214755725917626	Fibroblast	C57BL/6	Saline 3d	AngII 28d
281.5	deviations	281	Elf5_281	0.98964913211998	0.00122833986810152	Fibroblast	C57BL/6	Saline 3d	AngII 28d
282.5	deviations	282	Etv6_282	0.98964913211998	0.00379034938851741	Fibroblast	C57BL/6	Saline 3d	AngII 28d
352.5	deviations	352	Gm5294_352	0.98964913211998	-0.00128999879807359	Fibroblast	C57BL/6	Saline 3d	AngII 28d
378.5	deviations	378	Foxl1_378	0.98964913211998	-0.00128999879807359	Fibroblast	C57BL/6	Saline 3d	AngII 28d
401.5	deviations	401	Dlx3_401	0.98964913211998	0.00712485820235142	Fibroblast	C57BL/6	Saline 3d	AngII 28d
407.5	deviations	407	Evx2_407	0.98964913211998	0.00135451699328696	Fibroblast	C57BL/6	Saline 3d	AngII 28d
421.5	deviations	421	Nkx25_421	0.98964913211998	-0.00406739600095753	Fibroblast	C57BL/6	Saline 3d	AngII 28d
424.5	deviations	424	Lhx9_424	0.98964913211998	-0.00163065162395684	Fibroblast	C57BL/6	Saline 3d	AngII 28d
449.5	deviations	449	Hhex_449	0.98964913211998	0.000949617881810805	Fibroblast	C57BL/6	Saline 3d	AngII 28d
457.5	deviations	457	Barhl1_457	0.98964913211998	-0.0038235939539045	Fibroblast	C57BL/6	Saline 3d	AngII 28d
500.5	deviations	500	Arx_500	0.98964913211998	-0.00163065162395684	Fibroblast	C57BL/6	Saline 3d	AngII 28d
536.5	deviations	536	Nkx26_536	0.98964913211998	-0.00581456974415764	Fibroblast	C57BL/6	Saline 3d	AngII 28d
543.5	deviations	543	Msx1_543	0.98964913211998	-0.00238111089964943	Fibroblast	C57BL/6	Saline 3d	AngII 28d
564.5	deviations	564	Nkx29_564	0.98964913211998	-0.00508560037222543	Fibroblast	C57BL/6	Saline 3d	AngII 28d
583.5	deviations	583	Hoxd3_583	0.98964913211998	0.00701137823568143	Fibroblast	C57BL/6	Saline 3d	AngII 28d
630.5	deviations	630	Irf3_630	0.98964913211998	-0.00321644385046194	Fibroblast	C57BL/6	Saline 3d	AngII 28d
632.5	deviations	632	Irf4_632	0.98964913211998	-0.00608614221167899	Fibroblast	C57BL/6	Saline 3d	AngII 28d
641.5	deviations	641	Mbd2_641	0.98964913211998	2.97603459992017e-05	Fibroblast	C57BL/6	Saline 3d	AngII 28d
667.5	deviations	667	Nr2e1_667	0.98964913211998	-2.60870270309081e-05	Fibroblast	C57BL/6	Saline 3d	AngII 28d
685.5	deviations	685	Rara_685	0.98964913211998	0.00600053376313371	Fibroblast	C57BL/6	Saline 3d	AngII 28d
691.5	deviations	691	Trp73_691	0.98964913211998	-0.00570623346728842	Fibroblast	C57BL/6	Saline 3d	AngII 28d
704.5	deviations	704	Rfx5_704	0.98964913211998	-0.00151371520252535	Fibroblast	C57BL/6	Saline 3d	AngII 28d
760.5	deviations	760	Tbx2_760	0.98964913211998	0.0013920437027892	Fibroblast	C57BL/6	Saline 3d	AngII 28d
761.5	deviations	761	Tbx4_761	0.98964913211998	0.000290010233494259	Fibroblast	C57BL/6	Saline 3d	AngII 28d
764.5	deviations	764	Tbx5_764	0.98964913211998	0.000290010233494259	Fibroblast	C57BL/6	Saline 3d	AngII 28d
782.5	deviations	782	Tal1_782	0.98964913211998	0.00328176704190565	Fibroblast	C57BL/6	Saline 3d	AngII 28d
783.5	deviations	783	Lyl1_783	0.98964913211998	0.00328176704190565	Fibroblast	C57BL/6	Saline 3d	AngII 28d
813.5	deviations	813	Mbtps2_813	0.98964913211998	0.00244932985886657	Fibroblast	C57BL/6	Saline 3d	AngII 28d
875.5	deviations	875	Zfp42_875	0.98964913211998	0.00244932985886657	Fibroblast	C57BL/6	Saline 3d	AngII 28d
122.5	deviations	122	Crebzf_122	0.996893362578894	-0.0234345203252772	Fibroblast	C57BL/6	Saline 3d	AngII 28d
164.5	deviations	164	Zscan10_164	0.996893362578894	0.0037019551040755	Fibroblast	C57BL/6	Saline 3d	AngII 28d
220.5	deviations	220	Zfp637_220	0.996893362578894	-0.00730336765385643	Fibroblast	C57BL/6	Saline 3d	AngII 28d
660.5	deviations	660	Nr2c1_660	0.996893362578894	0.00501083297193098	Fibroblast	C57BL/6	Saline 3d	AngII 28d
749.5	deviations	749	Sox13_749	0.996893362578894	-0.00604810452992513	Fibroblast	C57BL/6	Saline 3d	AngII 28d
103.5	deviations	103	Xbp1_103	0.997270018748242	0.00463670929570559	Fibroblast	C57BL/6	Saline 3d	AngII 28d
343.5	deviations	343	Gm5294_343	0.997270018748242	-0.0032850228944295	Fibroblast	C57BL/6	Saline 3d	AngII 28d
369.5	deviations	369	Foxl1_369	0.997270018748242	-0.0032850228944295	Fibroblast	C57BL/6	Saline 3d	AngII 28d
614.5	deviations	614	Pax6_614	0.997270018748242	-0.00088776092281366	Fibroblast	C57BL/6	Saline 3d	AngII 28d
742.5	deviations	742	Sox6_742	0.997611777919526	-0.00255991760479973	Fibroblast	C57BL/6	Saline 3d	AngII 28d
51.5	deviations	51	Hes2_51	0.997798202458602	-0.00390391759568571	Fibroblast	C57BL/6	Saline 3d	AngII 28d
77.5	deviations	77	Bhlhe23_77	0.997798202458602	-0.00484060476998489	Fibroblast	C57BL/6	Saline 3d	AngII 28d
161.5	deviations	161	Osr2_161	0.998385522695891	-0.00365544028259419	Fibroblast	C57BL/6	Saline 3d	AngII 28d
37.5	deviations	37	Myc_37	0.999788164812145	-0.000987366130193554	Fibroblast	C57BL/6	Saline 3d	AngII 28d
275.5	deviations	275	Ehf_275	0.999788164812145	0.00527803304639105	Fibroblast	C57BL/6	Saline 3d	AngII 28d
345.5	deviations	345	Gm5294_345	0.999788164812145	-0.00477204368798771	Fibroblast	C57BL/6	Saline 3d	AngII 28d
348.5	deviations	348	Gm5294_348	0.999788164812145	0.000199365117599367	Fibroblast	C57BL/6	Saline 3d	AngII 28d
371.5	deviations	371	Foxl1_371	0.999788164812145	-0.00477204368798771	Fibroblast	C57BL/6	Saline 3d	AngII 28d
375.5	deviations	375	Foxl1_375	0.999788164812145	0.000199365117599367	Fibroblast	C57BL/6	Saline 3d	AngII 28d
397.5	deviations	397	Sebox_397	0.999788164812145	0.00633521363622176	Fibroblast	C57BL/6	Saline 3d	AngII 28d
427.5	deviations	427	Dlx4_427	0.999788164812145	0.00632167510995767	Fibroblast	C57BL/6	Saline 3d	AngII 28d
549.5	deviations	549	Hmx2_549	0.999788164812145	0.00763858564263654	Fibroblast	C57BL/6	Saline 3d	AngII 28d
750.5	deviations	750	Sox2_750	0.999788164812145	-0.000918664490779832	Fibroblast	C57BL/6	Saline 3d	AngII 28d
602.5	deviations	602	NP_602	0.999877925645145	0.000578924942854893	Fibroblast	C57BL/6	Saline 3d	AngII 28d
204.6	deviations	204	Zfp740_204	3.60700681996245e-11	-0.0380767399908176	CT	C57BL/6	Saline 3d	AngII 3d
193.6	deviations	193	Zfp281_193	4.48324685887988e-10	-0.0264650101417405	CT	C57BL/6	Saline 3d	AngII 3d
818.6	deviations	818	Glis3_818	4.07187567331516e-06	-0.0284021105750583	CT	C57BL/6	Saline 3d	AngII 3d
689.6	deviations	689	Nr6a1_689	1.40998322839984e-05	-0.0386522190598682	CT	C57BL/6	Saline 3d	AngII 3d
669.6	deviations	669	Esrrb_669	2.98987270605601e-05	-0.038263963033772	CT	C57BL/6	Saline 3d	AngII 3d
192.6	deviations	192	Rreb1_192	4.63235120586433e-05	-0.0194793130527705	CT	C57BL/6	Saline 3d	AngII 3d
153.6	deviations	153	Patz1_153	9.2188326269608e-05	-0.0158783168641558	CT	C57BL/6	Saline 3d	AngII 3d
169.6	deviations	169	Zfp202_169	0.000551984351403463	-0.0274927697279411	CT	C57BL/6	Saline 3d	AngII 3d
368.6	deviations	368	Foxl1_368	0.000551984351403463	-0.0324067068154561	CT	C57BL/6	Saline 3d	AngII 3d
674.6	deviations	674	Esrra_674	0.00061596736186039	-0.0310837384987779	CT	C57BL/6	Saline 3d	AngII 3d
285.6	deviations	285	Elf1_285	0.000903646912744072	0.0184771463010822	CT	C57BL/6	Saline 3d	AngII 3d
668.6	deviations	668	Esr2_668	0.00131800384810748	-0.0273530158366292	CT	C57BL/6	Saline 3d	AngII 3d
144.6	deviations	144	Plag1_144	0.00249919807110206	-0.016608416220924	CT	C57BL/6	Saline 3d	AngII 3d
806.6	deviations	806	Klf15_806	0.00275754997116352	-0.00955805602968071	CT	C57BL/6	Saline 3d	AngII 3d
112.6	deviations	112	Atf2_112	0.00392415128155869	-0.0305248436041006	CT	C57BL/6	Saline 3d	AngII 3d
676.6	deviations	676	Esrrg_676	0.00420361403499141	-0.0232698567906684	CT	C57BL/6	Saline 3d	AngII 3d
869.6	deviations	869	Hif3a_869	0.00451629850325861	-0.0197375773428669	CT	C57BL/6	Saline 3d	AngII 3d
296.6	deviations	296	Gm4881_296	0.00537092451108067	0.0211751892600185	CT	C57BL/6	Saline 3d	AngII 3d
755.6	deviations	755	Stat5a_755	0.00617629994931896	0.0302944977513769	CT	C57BL/6	Saline 3d	AngII 3d
816.6	deviations	816	Zfp219_816	0.0063770429900968	-0.0121656902516011	CT	C57BL/6	Saline 3d	AngII 3d
391.6	deviations	391	Tcfcp2l1_391	0.00656372080389803	-0.0210269141786444	CT	C57BL/6	Saline 3d	AngII 3d
836.6	deviations	836	Ubp1_836	0.00656372080389803	-0.0210269141786444	CT	C57BL/6	Saline 3d	AngII 3d
267.6	deviations	267	Etv3_267	0.00691366426241859	0.0299953603929247	CT	C57BL/6	Saline 3d	AngII 3d
675.6	deviations	675	Nr5a2_675	0.00691366426241859	-0.0268184910489178	CT	C57BL/6	Saline 3d	AngII 3d
848.6	deviations	848	Nr5a1_848	0.00691366426241859	-0.0268184910489178	CT	C57BL/6	Saline 3d	AngII 3d
189.6	deviations	189	Prdm1_189	0.00933340531130106	0.0259149604735631	CT	C57BL/6	Saline 3d	AngII 3d
215.6	deviations	215	Zscan4c_215	0.0100573992556127	-0.0260168284497614	CT	C57BL/6	Saline 3d	AngII 3d
218.6	deviations	218	Zfp105_218	0.0100573992556127	-0.0166362537612228	CT	C57BL/6	Saline 3d	AngII 3d
232.6	deviations	232	Zscan4ps2_232	0.0100573992556127	-0.0260168284497614	CT	C57BL/6	Saline 3d	AngII 3d
233.6	deviations	233	Zscan4f_233	0.0100573992556127	-0.0260168284497614	CT	C57BL/6	Saline 3d	AngII 3d
109.6	deviations	109	Creb1_109	0.0106348041115146	-0.0274259347571069	CT	C57BL/6	Saline 3d	AngII 3d
513.6	deviations	513	Pbx3_513	0.011139965992221	0.0157137020716573	CT	C57BL/6	Saline 3d	AngII 3d
134.6	deviations	134	Crem_134	0.0133950074454633	-0.0353915389773352	CT	C57BL/6	Saline 3d	AngII 3d
270.6	deviations	270	Etv2_270	0.0133950074454633	0.023272172569415	CT	C57BL/6	Saline 3d	AngII 3d
524.6	deviations	524	ENSMUSG00000040953_524	0.0133950074454633	-0.0356782205468929	CT	C57BL/6	Saline 3d	AngII 3d
527.6	deviations	527	Obox6_527	0.0133950074454633	-0.0356782205468929	CT	C57BL/6	Saline 3d	AngII 3d
756.6	deviations	756	Stat5b_756	0.0134304055423239	0.0262512747616436	CT	C57BL/6	Saline 3d	AngII 3d
21.6	deviations	21	Twist2_21	0.0155104717790582	-0.0508740415155629	CT	C57BL/6	Saline 3d	AngII 3d
128.6	deviations	128	X9430076C15Rik_128	0.0155104717790582	-0.0273367549078649	CT	C57BL/6	Saline 3d	AngII 3d
291.6	deviations	291	Fev_291	0.0155104717790582	0.0249891456490497	CT	C57BL/6	Saline 3d	AngII 3d
754.6	deviations	754	Stat3_754	0.0155104717790582	0.0193287907623009	CT	C57BL/6	Saline 3d	AngII 3d
781.6	deviations	781	Tal2_781	0.0155104717790582	-0.0508740415155629	CT	C57BL/6	Saline 3d	AngII 3d
659.6	deviations	659	Nr2c2_659	0.0191209697006487	0.0146545095199349	CT	C57BL/6	Saline 3d	AngII 3d
174.6	deviations	174	Zbtb7b_174	0.0206422452333835	-0.0233912880935144	CT	C57BL/6	Saline 3d	AngII 3d
344.6	deviations	344	Gm5294_344	0.0206422452333835	-0.0232571397272343	CT	C57BL/6	Saline 3d	AngII 3d
370.6	deviations	370	Foxl1_370	0.0206422452333835	-0.0232571397272343	CT	C57BL/6	Saline 3d	AngII 3d
124.6	deviations	124	Atf7_124	0.0222139286643049	-0.0254732325641633	CT	C57BL/6	Saline 3d	AngII 3d
799.6	deviations	799	Snai2_799	0.0286882723100624	-0.0145257316648815	CT	C57BL/6	Saline 3d	AngII 3d
139.6	deviations	139	Zeb1_139	0.029288064074027	-0.0151717289693406	CT	C57BL/6	Saline 3d	AngII 3d
33.6	deviations	33	Id2_33	0.0298579825320219	-0.0332487483912544	CT	C57BL/6	Saline 3d	AngII 3d
74.6	deviations	74	Id1_74	0.0298579825320219	-0.0332487483912544	CT	C57BL/6	Saline 3d	AngII 3d
148.6	deviations	148	Glis2_148	0.0298579825320219	-0.0341757473518872	CT	C57BL/6	Saline 3d	AngII 3d
441.6	deviations	441	Hoxc5_441	0.0298579825320219	0.0238694191859059	CT	C57BL/6	Saline 3d	AngII 3d
853.6	deviations	853	Trp63_853	0.0298579825320219	-0.0236160339423304	CT	C57BL/6	Saline 3d	AngII 3d
116.6	deviations	116	Creb3l3_116	0.0323101453099533	-0.021576910588235	CT	C57BL/6	Saline 3d	AngII 3d
283.6	deviations	283	Elf4_283	0.0323101453099533	0.020051018352082	CT	C57BL/6	Saline 3d	AngII 3d
870.6	deviations	870	Creb3_870	0.0323101453099533	-0.021576910588235	CT	C57BL/6	Saline 3d	AngII 3d
665.6	deviations	665	Hnf4a_665	0.0340669870722598	-0.0219253655149077	CT	C57BL/6	Saline 3d	AngII 3d
207.6	deviations	207	Sp8_207	0.0361122790437623	-0.00774482634739467	CT	C57BL/6	Saline 3d	AngII 3d
222.6	deviations	222	Sp7_222	0.0361122790437623	-0.00774482634739467	CT	C57BL/6	Saline 3d	AngII 3d
231.6	deviations	231	Sp9_231	0.0361122790437623	-0.00774482634739467	CT	C57BL/6	Saline 3d	AngII 3d
701.6	deviations	701	Nfkb1_701	0.0361122790437623	0.0129688829048859	CT	C57BL/6	Saline 3d	AngII 3d
856.6	deviations	856	Relb_856	0.0379757948614214	0.0197274481476964	CT	C57BL/6	Saline 3d	AngII 3d
278.6	deviations	278	Etv4_278	0.0401805597870262	0.0207532350213717	CT	C57BL/6	Saline 3d	AngII 3d
305.6	deviations	305	Foxj1_305	0.0401805597870262	-0.0137603885819787	CT	C57BL/6	Saline 3d	AngII 3d
335.6	deviations	335	Gm5294_335	0.0401805597870262	-0.0137603885819787	CT	C57BL/6	Saline 3d	AngII 3d
357.6	deviations	357	Foxl1_357	0.0401805597870262	-0.0137603885819787	CT	C57BL/6	Saline 3d	AngII 3d
274.6	deviations	274	Elk1_274	0.04414429685943	0.0215889046609232	CT	C57BL/6	Saline 3d	AngII 3d
337.6	deviations	337	Gm5294_337	0.04414429685943	-0.0142917034480463	CT	C57BL/6	Saline 3d	AngII 3d
358.6	deviations	358	Foxl1_358	0.04414429685943	-0.0142917034480463	CT	C57BL/6	Saline 3d	AngII 3d
146.6	deviations	146	Ctcf_146	0.0492179713557384	-0.0134857393550808	CT	C57BL/6	Saline 3d	AngII 3d
846.6	deviations	846	Thrb_846	0.0492179713557384	-0.0282573387429044	CT	C57BL/6	Saline 3d	AngII 3d
852.6	deviations	852	Thra_852	0.0492179713557384	-0.0282573387429044	CT	C57BL/6	Saline 3d	AngII 3d
276.6	deviations	276	Etv5_276	0.0504207554526933	0.0208123199271275	CT	C57BL/6	Saline 3d	AngII 3d
289.6	deviations	289	ENSMUSG00000044690_289	0.0504207554526933	0.0208123199271275	CT	C57BL/6	Saline 3d	AngII 3d
696.6	deviations	696	Nfat5_696	0.0512533837446388	0.0179977939878096	CT	C57BL/6	Saline 3d	AngII 3d
241.6	deviations	241	Myt1l_241	0.0562520959840129	0.0289105874712869	CT	C57BL/6	Saline 3d	AngII 3d
466.6	deviations	466	Dmbx1_466	0.0562520959840129	-0.0246283050017369	CT	C57BL/6	Saline 3d	AngII 3d
293.6	deviations	293	Gm4881_293	0.056376898735545	0.0104352640887784	CT	C57BL/6	Saline 3d	AngII 3d
383.6	deviations	383	Gata2_383	0.0579835152788192	0.0233243136867648	CT	C57BL/6	Saline 3d	AngII 3d
407.6	deviations	407	Evx2_407	0.0664330211069616	-0.0268653329524893	CT	C57BL/6	Saline 3d	AngII 3d
666.6	deviations	666	Esr1_666	0.0669921890968947	-0.0172207529602871	CT	C57BL/6	Saline 3d	AngII 3d
9.6	deviations	9	Arid5a_9	0.0677230291833614	0.0256507065513403	CT	C57BL/6	Saline 3d	AngII 3d
133.6	deviations	133	Dbp_133	0.0677230291833614	-0.0391275135003703	CT	C57BL/6	Saline 3d	AngII 3d
237.6	deviations	237	Klf14_237	0.0677230291833614	0.0095769601750072	CT	C57BL/6	Saline 3d	AngII 3d
280.6	deviations	280	Elk4_280	0.0677230291833614	0.0204182675132916	CT	C57BL/6	Saline 3d	AngII 3d
663.6	deviations	663	Rarb_663	0.0677230291833614	-0.0104371308576267	CT	C57BL/6	Saline 3d	AngII 3d
798.6	deviations	798	Klf11_798	0.0677230291833614	0.0095769601750072	CT	C57BL/6	Saline 3d	AngII 3d
817.6	deviations	817	Klf13_817	0.0677230291833614	0.0095769601750072	CT	C57BL/6	Saline 3d	AngII 3d
874.6	deviations	874	Klf16_874	0.0677230291833614	0.0095769601750072	CT	C57BL/6	Saline 3d	AngII 3d
242.6	deviations	242	Nfya_242	0.0758232411085778	0.0150340201696963	CT	C57BL/6	Saline 3d	AngII 3d
532.6	deviations	532	Hoxd11_532	0.0758232411085778	0.0341042030527671	CT	C57BL/6	Saline 3d	AngII 3d
706.6	deviations	706	Rfx4_706	0.0758232411085778	-0.0247977420426804	CT	C57BL/6	Saline 3d	AngII 3d
272.6	deviations	272	Elk3_272	0.0770569034183435	0.0202275278282849	CT	C57BL/6	Saline 3d	AngII 3d
718.6	deviations	718	Sp110_718	0.0770569034183435	0.0112160696496874	CT	C57BL/6	Saline 3d	AngII 3d
719.6	deviations	719	AC1689771_719	0.0770569034183435	0.0112160696496874	CT	C57BL/6	Saline 3d	AngII 3d
195.6	deviations	195	Zic5_195	0.0808617320765872	-0.0137803366970591	CT	C57BL/6	Saline 3d	AngII 3d
802.6	deviations	802	Sp3_802	0.0817994196490999	0.00495170412176561	CT	C57BL/6	Saline 3d	AngII 3d
49.6	deviations	49	Neurog2_49	0.0842285032725351	-0.0465159299928036	CT	C57BL/6	Saline 3d	AngII 3d
55.6	deviations	55	Bhlhe40_55	0.0842285032725351	-0.0256330346365993	CT	C57BL/6	Saline 3d	AngII 3d
75.6	deviations	75	Neurog3_75	0.0842285032725351	-0.0465159299928036	CT	C57BL/6	Saline 3d	AngII 3d
152.6	deviations	152	Plagl1_152	0.0842285032725351	-0.0151037917922526	CT	C57BL/6	Saline 3d	AngII 3d
698.6	deviations	698	Rela_698	0.0842285032725351	0.0187637471075479	CT	C57BL/6	Saline 3d	AngII 3d
353.6	deviations	353	Gm5294_353	0.0843706144603615	0.0101218494292071	CT	C57BL/6	Saline 3d	AngII 3d
379.6	deviations	379	Foxl1_379	0.0843706144603615	0.0101218494292071	CT	C57BL/6	Saline 3d	AngII 3d
89.6	deviations	89	Arntl_89	0.085759027666477	-0.0161067848424697	CT	C57BL/6	Saline 3d	AngII 3d
273.6	deviations	273	Gabpa_273	0.085759027666477	0.0182296966552679	CT	C57BL/6	Saline 3d	AngII 3d
292.6	deviations	292	Gm4881_292	0.085759027666477	0.0182296966552679	CT	C57BL/6	Saline 3d	AngII 3d
808.6	deviations	808	Zbtb7a_808	0.085759027666477	0.0230132897018865	CT	C57BL/6	Saline 3d	AngII 3d
812.6	deviations	812	Zbtb7c_812	0.085759027666477	0.0230132897018865	CT	C57BL/6	Saline 3d	AngII 3d
828.6	deviations	828	Ets2_828	0.085759027666477	0.0182296966552679	CT	C57BL/6	Saline 3d	AngII 3d
268.6	deviations	268	Etv1_268	0.0876121308302406	0.0181208542170199	CT	C57BL/6	Saline 3d	AngII 3d
303.6	deviations	303	Foxj3_303	0.0876121308302406	-0.0201504992990808	CT	C57BL/6	Saline 3d	AngII 3d
434.6	deviations	434	Pitx1_434	0.0876121308302406	-0.0217547697152621	CT	C57BL/6	Saline 3d	AngII 3d
440.6	deviations	440	Hoxc10_440	0.0876121308302406	0.032535177143084	CT	C57BL/6	Saline 3d	AngII 3d
830.6	deviations	830	Foxn2_830	0.0876121308302406	-0.0201504992990808	CT	C57BL/6	Saline 3d	AngII 3d
832.6	deviations	832	Foxl2_832	0.0876121308302406	-0.0201504992990808	CT	C57BL/6	Saline 3d	AngII 3d
834.6	deviations	834	ENSMUSG00000090020_834	0.0876121308302406	-0.0201504992990808	CT	C57BL/6	Saline 3d	AngII 3d
751.6	deviations	751	Sox4_751	0.0948612145868328	-0.0137314888590484	CT	C57BL/6	Saline 3d	AngII 3d
395.6	deviations	395	Hoxa10_395	0.0952058943233337	0.024561562013989	CT	C57BL/6	Saline 3d	AngII 3d
538.6	deviations	538	Gm4830_538	0.0952058943233337	-0.0217924556955162	CT	C57BL/6	Saline 3d	AngII 3d
578.6	deviations	578	Obox5_578	0.0952058943233337	-0.0199075527103273	CT	C57BL/6	Saline 3d	AngII 3d
579.6	deviations	579	AC1890281_579	0.0952058943233337	-0.0199075527103273	CT	C57BL/6	Saline 3d	AngII 3d
608.6	deviations	608	NP_608	0.0952058943233337	-0.0199075527103273	CT	C57BL/6	Saline 3d	AngII 3d
609.6	deviations	609	Q8VHG7_609	0.0952058943233337	-0.0199075527103273	CT	C57BL/6	Saline 3d	AngII 3d
679.6	deviations	679	Nr4a3_679	0.0952058943233337	-0.0120561566014924	CT	C57BL/6	Saline 3d	AngII 3d
191.6	deviations	191	Sp6_191	0.0967388271074147	0.00542671995686722	CT	C57BL/6	Saline 3d	AngII 3d
238.6	deviations	238	Sp5_238	0.0967388271074147	0.00542671995686722	CT	C57BL/6	Saline 3d	AngII 3d
380.6	deviations	380	Foxl1_380	0.0967388271074147	-0.0105670091138888	CT	C57BL/6	Saline 3d	AngII 3d
381.6	deviations	381	Foxl1_381	0.0967388271074147	-0.00910810789888322	CT	C57BL/6	Saline 3d	AngII 3d
603.6	deviations	603	NP_603	0.0967388271074147	0.0418484082708514	CT	C57BL/6	Saline 3d	AngII 3d
313.6	deviations	313	Foxo4_313	0.0999872214275473	-0.0247782766072208	CT	C57BL/6	Saline 3d	AngII 3d
261.6	deviations	261	E2f1_261	0.101882045882087	0.0114737764341222	CT	C57BL/6	Saline 3d	AngII 3d
282.6	deviations	282	Etv6_282	0.101882045882087	0.0158544234993199	CT	C57BL/6	Saline 3d	AngII 3d
510.6	deviations	510	Hoxa5_510	0.104277369372859	0.0310524120856139	CT	C57BL/6	Saline 3d	AngII 3d
99.6	deviations	99	Hlf_99	0.105564190625566	-0.0492118282446898	CT	C57BL/6	Saline 3d	AngII 3d
697.6	deviations	697	Rel_697	0.105564190625566	0.014625233579822	CT	C57BL/6	Saline 3d	AngII 3d
122.6	deviations	122	Crebzf_122	0.10854897204697	-0.0922438555932024	CT	C57BL/6	Saline 3d	AngII 3d
165.6	deviations	165	Zfp523_165	0.10854897204697	0.00976564072136832	CT	C57BL/6	Saline 3d	AngII 3d
162.6	deviations	162	Bcl6_162	0.109518115860001	0.0134264894423748	CT	C57BL/6	Saline 3d	AngII 3d
37.6	deviations	37	Myc_37	0.110105547726311	-0.0165989777742151	CT	C57BL/6	Saline 3d	AngII 3d
198.6	deviations	198	Hic1_198	0.118329415868437	-0.0225416827728287	CT	C57BL/6	Saline 3d	AngII 3d
277.6	deviations	277	Fli1_277	0.120432221547988	0.0163584033946987	CT	C57BL/6	Saline 3d	AngII 3d
260.6	deviations	260	E2f7_260	0.124369207180538	0.0252844219982571	CT	C57BL/6	Saline 3d	AngII 3d
275.6	deviations	275	Ehf_275	0.128648241918989	0.0135783342964931	CT	C57BL/6	Saline 3d	AngII 3d
287.6	deviations	287	Erg_287	0.128648241918989	0.0165219078530627	CT	C57BL/6	Saline 3d	AngII 3d
414.6	deviations	414	Pknox1_414	0.128648241918989	0.0205573878104316	CT	C57BL/6	Saline 3d	AngII 3d
429.6	deviations	429	Gsc_429	0.128648241918989	-0.0212154364715138	CT	C57BL/6	Saline 3d	AngII 3d
475.6	deviations	475	Pax4_475	0.128648241918989	0.0323589118671253	CT	C57BL/6	Saline 3d	AngII 3d
615.6	deviations	615	Pou1f1_615	0.128648241918989	0.0288862398536838	CT	C57BL/6	Saline 3d	AngII 3d
623.6	deviations	623	Pit1_623	0.128648241918989	0.0213612200969939	CT	C57BL/6	Saline 3d	AngII 3d
645.6	deviations	645	Cdc5l_645	0.128648241918989	0.0274822474026652	CT	C57BL/6	Saline 3d	AngII 3d
653.6	deviations	653	Pparg_653	0.128648241918989	-0.0214900716263398	CT	C57BL/6	Saline 3d	AngII 3d
723.6	deviations	723	Smad3_723	0.128648241918989	-0.0162114269749888	CT	C57BL/6	Saline 3d	AngII 3d
861.6	deviations	861	Smad2_861	0.128648241918989	-0.0162114269749888	CT	C57BL/6	Saline 3d	AngII 3d
868.6	deviations	868	Tead4_868	0.128648241918989	0.0224093566804092	CT	C57BL/6	Saline 3d	AngII 3d
884.6	deviations	884	Smad9_884	0.128648241918989	-0.0162114269749888	CT	C57BL/6	Saline 3d	AngII 3d
290.6	deviations	290	Gm5454_290	0.129753128733305	0.0178093932739169	CT	C57BL/6	Saline 3d	AngII 3d
59.6	deviations	59	Tcf12_59	0.129928524364063	-0.0106779236701252	CT	C57BL/6	Saline 3d	AngII 3d
94.6	deviations	94	Atoh1_94	0.129928524364063	-0.0426972473111225	CT	C57BL/6	Saline 3d	AngII 3d
265.6	deviations	265	Sfpi1_265	0.129928524364063	0.0150524092692037	CT	C57BL/6	Saline 3d	AngII 3d
587.6	deviations	587	NP_587	0.129928524364063	0.0301095722221256	CT	C57BL/6	Saline 3d	AngII 3d
617.6	deviations	617	Pou6f2_617	0.129928524364063	0.023354352467947	CT	C57BL/6	Saline 3d	AngII 3d
646.6	deviations	646	Smarcc2_646	0.129928524364063	0.00811615946178323	CT	C57BL/6	Saline 3d	AngII 3d
784.6	deviations	784	Neurod1_784	0.129928524364063	-0.0426972473111225	CT	C57BL/6	Saline 3d	AngII 3d
785.6	deviations	785	Twist1_785	0.129928524364063	-0.0352748350093682	CT	C57BL/6	Saline 3d	AngII 3d
786.6	deviations	786	Neurod6_786	0.129928524364063	-0.0426972473111225	CT	C57BL/6	Saline 3d	AngII 3d
787.6	deviations	787	Neurod4_787	0.129928524364063	-0.0426972473111225	CT	C57BL/6	Saline 3d	AngII 3d
88.6	deviations	88	Tcf4_88	0.134554584979239	-0.0097384021510608	CT	C57BL/6	Saline 3d	AngII 3d
100.6	deviations	100	Atf6b_100	0.134554584979239	-0.0127149032988185	CT	C57BL/6	Saline 3d	AngII 3d
111.6	deviations	111	Atf6_111	0.134554584979239	-0.0127149032988185	CT	C57BL/6	Saline 3d	AngII 3d
196.6	deviations	196	Zfp410_196	0.134554584979239	-0.0200837512907764	CT	C57BL/6	Saline 3d	AngII 3d
795.6	deviations	795	Bcl11a_795	0.134554584979239	0.0138262505947689	CT	C57BL/6	Saline 3d	AngII 3d
814.6	deviations	814	Bcl11b_814	0.134554584979239	0.0138262505947689	CT	C57BL/6	Saline 3d	AngII 3d
512.6	deviations	512	Hoxb5_512	0.134767043225062	0.0263431949064402	CT	C57BL/6	Saline 3d	AngII 3d
262.6	deviations	262	E2f5_262	0.135582769776471	0.0260061139480921	CT	C57BL/6	Saline 3d	AngII 3d
759.6	deviations	759	Stat4_759	0.135582769776471	0.0141216164278224	CT	C57BL/6	Saline 3d	AngII 3d
347.6	deviations	347	Gm5294_347	0.137656546873511	-0.0178765445316421	CT	C57BL/6	Saline 3d	AngII 3d
373.6	deviations	373	Foxl1_373	0.137656546873511	-0.0178765445316421	CT	C57BL/6	Saline 3d	AngII 3d
757.6	deviations	757	Stat1_757	0.137656546873511	0.0109196019979136	CT	C57BL/6	Saline 3d	AngII 3d
850.6	deviations	850	Nr1h4_850	0.137656546873511	-0.0161297500883009	CT	C57BL/6	Saline 3d	AngII 3d
851.6	deviations	851	Nr1h5_851	0.137656546873511	-0.0161297500883009	CT	C57BL/6	Saline 3d	AngII 3d
84.6	deviations	84	Nhlh2_84	0.144638920765721	0.0158270950760268	CT	C57BL/6	Saline 3d	AngII 3d
415.6	deviations	415	Phox2a_415	0.145003418770897	-0.0265658461055228	CT	C57BL/6	Saline 3d	AngII 3d
418.6	deviations	418	Phox2b_418	0.145003418770897	-0.0265658461055228	CT	C57BL/6	Saline 3d	AngII 3d
729.6	deviations	729	Hmg20b_729	0.145003418770897	-0.0243670844333372	CT	C57BL/6	Saline 3d	AngII 3d
417.6	deviations	417	Nanog_417	0.152457038770064	0.0310770785824504	CT	C57BL/6	Saline 3d	AngII 3d
266.6	deviations	266	Elf3_266	0.154260737823068	0.0115243529483414	CT	C57BL/6	Saline 3d	AngII 3d
588.6	deviations	588	NP_588	0.154260737823068	0.0400150421850257	CT	C57BL/6	Saline 3d	AngII 3d
365.6	deviations	365	Foxl1_365	0.155498908839033	-0.0276240858164011	CT	C57BL/6	Saline 3d	AngII 3d
880.6	deviations	880	Foxm1_880	0.155498908839033	-0.0131436259507387	CT	C57BL/6	Saline 3d	AngII 3d
833.6	deviations	833	Foxd4_833	0.15646485176834	-0.0165772945896603	CT	C57BL/6	Saline 3d	AngII 3d
286.6	deviations	286	Elf2_286	0.160710602172379	0.0157427674973752	CT	C57BL/6	Saline 3d	AngII 3d
402.6	deviations	402	Mnx1_402	0.165941532052166	-0.0341216138745492	CT	C57BL/6	Saline 3d	AngII 3d
53.6	deviations	53	Tcfec_53	0.168492833640929	-0.010810011365235	CT	C57BL/6	Saline 3d	AngII 3d
17.6	deviations	17	Tcfe3_17	0.168588318674568	-0.0089499509820698	CT	C57BL/6	Saline 3d	AngII 3d
437.6	deviations	437	Otx2_437	0.168588318674568	-0.0186520946220454	CT	C57BL/6	Saline 3d	AngII 3d
526.6	deviations	526	Crx_526	0.168588318674568	-0.0186520946220454	CT	C57BL/6	Saline 3d	AngII 3d
684.6	deviations	684	Rorb_684	0.168588318674568	-0.0165321791144093	CT	C57BL/6	Saline 3d	AngII 3d
138.6	deviations	138	Nfil3_138	0.169576435884	-0.0284794206005701	CT	C57BL/6	Saline 3d	AngII 3d
225.6	deviations	225	Zic2_225	0.169576435884	-0.0111809895471472	CT	C57BL/6	Saline 3d	AngII 3d
618.6	deviations	618	Pou5f1_618	0.169576435884	0.0185387077745419	CT	C57BL/6	Saline 3d	AngII 3d
284.6	deviations	284	Ets1_284	0.181538748788672	0.0168281389662675	CT	C57BL/6	Saline 3d	AngII 3d
446.6	deviations	446	Pou4f3_446	0.183041284564758	0.0246591719158607	CT	C57BL/6	Saline 3d	AngII 3d
81.6	deviations	81	Olig1_81	0.185818215403157	-0.0324124400450635	CT	C57BL/6	Saline 3d	AngII 3d
288.6	deviations	288	Erf_288	0.187843093575616	0.0136809334522853	CT	C57BL/6	Saline 3d	AngII 3d
321.6	deviations	321	Foxo6_321	0.189293798508781	-0.0189833537011807	CT	C57BL/6	Saline 3d	AngII 3d
157.6	deviations	157	Hivep1_157	0.189911831624968	0.0113293390088751	CT	C57BL/6	Saline 3d	AngII 3d
797.6	deviations	797	Hivep2_797	0.189911831624968	0.0113293390088751	CT	C57BL/6	Saline 3d	AngII 3d
803.6	deviations	803	Hivep3_803	0.189911831624968	0.0113293390088751	CT	C57BL/6	Saline 3d	AngII 3d
807.6	deviations	807	Maz_807	0.189911831624968	-0.00259724570960868	CT	C57BL/6	Saline 3d	AngII 3d
824.6	deviations	824	Rbpj_824	0.191777634506177	0.0117995993748092	CT	C57BL/6	Saline 3d	AngII 3d
825.6	deviations	825	Rbpsuhrs3_825	0.191777634506177	0.0117995993748092	CT	C57BL/6	Saline 3d	AngII 3d
367.6	deviations	367	Foxl1_367	0.193767706982627	-0.0129766004969706	CT	C57BL/6	Saline 3d	AngII 3d
534.6	deviations	534	Hoxd9_534	0.193767706982627	0.0157315416015071	CT	C57BL/6	Saline 3d	AngII 3d
460.6	deviations	460	Hoxd8_460	0.200366339480586	0.0276085885066528	CT	C57BL/6	Saline 3d	AngII 3d
56.6	deviations	56	Bhlhe41_56	0.201225893772087	-0.0114323101405047	CT	C57BL/6	Saline 3d	AngII 3d
533.6	deviations	533	Hoxa6_533	0.201225893772087	0.0246682560813516	CT	C57BL/6	Saline 3d	AngII 3d
661.6	deviations	661	Rxrg_661	0.201225893772087	-0.0132271938228771	CT	C57BL/6	Saline 3d	AngII 3d
685.6	deviations	685	Rara_685	0.201225893772087	-0.011488855769869	CT	C57BL/6	Saline 3d	AngII 3d
762.6	deviations	762	Tbx21_762	0.201225893772087	-0.0243772841006766	CT	C57BL/6	Saline 3d	AngII 3d
708.6	deviations	708	Rfx1_708	0.201346153021344	-0.0128956968985843	CT	C57BL/6	Saline 3d	AngII 3d
64.6	deviations	64	Atoh7_64	0.202627215294823	-0.0381190256666469	CT	C57BL/6	Saline 3d	AngII 3d
739.6	deviations	739	Sox3_739	0.202627215294823	-0.0127363697155705	CT	C57BL/6	Saline 3d	AngII 3d
452.6	deviations	452	Pitx3_452	0.204028628056343	-0.0136321336072126	CT	C57BL/6	Saline 3d	AngII 3d
568.6	deviations	568	Rhox8_568	0.204028628056343	0.0310526589197428	CT	C57BL/6	Saline 3d	AngII 3d
281.6	deviations	281	Elf5_281	0.205485666150113	0.0128747665051228	CT	C57BL/6	Saline 3d	AngII 3d
332.6	deviations	332	Gm5294_332	0.205485666150113	-0.0166040850683239	CT	C57BL/6	Saline 3d	AngII 3d
355.6	deviations	355	Foxl1_355	0.205485666150113	-0.0166040850683239	CT	C57BL/6	Saline 3d	AngII 3d
333.6	deviations	333	Gm5294_333	0.208652759902321	-0.00912211411461097	CT	C57BL/6	Saline 3d	AngII 3d
356.6	deviations	356	Foxl1_356	0.208652759902321	-0.00912211411461097	CT	C57BL/6	Saline 3d	AngII 3d
714.6	deviations	714	Sp100_714	0.208652759902321	0.0380313646892691	CT	C57BL/6	Saline 3d	AngII 3d
316.6	deviations	316	Foxc2_316	0.208810192654217	-0.0116702941954604	CT	C57BL/6	Saline 3d	AngII 3d
329.6	deviations	329	Foxs1_329	0.208810192654217	-0.0116702941954604	CT	C57BL/6	Saline 3d	AngII 3d
602.6	deviations	602	NP_602	0.208810192654217	0.0189712293714789	CT	C57BL/6	Saline 3d	AngII 3d
168.6	deviations	168	Zfp711_168	0.216005168900319	-0.0217102262413476	CT	C57BL/6	Saline 3d	AngII 3d
140.6	deviations	140	Zscan4_140	0.222763527207047	-0.0155060956873341	CT	C57BL/6	Saline 3d	AngII 3d
495.6	deviations	495	Hdx_495	0.222763527207047	0.0208043585206649	CT	C57BL/6	Saline 3d	AngII 3d
692.6	deviations	692	Trp53_692	0.222763527207047	0.016623446758553	CT	C57BL/6	Saline 3d	AngII 3d
810.6	deviations	810	Klf10_810	0.222763527207047	0.0135339614023939	CT	C57BL/6	Saline 3d	AngII 3d
872.6	deviations	872	Wt1_872	0.222763527207047	-0.00414747225924465	CT	C57BL/6	Saline 3d	AngII 3d
636.6	deviations	636	Irf2_636	0.224161998335426	0.0174383803526569	CT	C57BL/6	Saline 3d	AngII 3d
555.6	deviations	555	Pou3f2_555	0.227693756211482	0.0283193142622256	CT	C57BL/6	Saline 3d	AngII 3d
183.6	deviations	183	Egr3_183	0.227703638270222	-0.00755971234541938	CT	C57BL/6	Saline 3d	AngII 3d
257.6	deviations	257	E2f4_257	0.227703638270222	0.00832628023372821	CT	C57BL/6	Saline 3d	AngII 3d
643.6	deviations	643	Mybl2_643	0.227703638270222	0.0368461728710009	CT	C57BL/6	Saline 3d	AngII 3d
385.6	deviations	385	Gata5_385	0.228974091191715	0.0149310223384354	CT	C57BL/6	Saline 3d	AngII 3d
405.6	deviations	405	Hoxc8_405	0.228974091191715	0.0146888813930846	CT	C57BL/6	Saline 3d	AngII 3d
514.6	deviations	514	Hoxb7_514	0.228974091191715	0.021711847986034	CT	C57BL/6	Saline 3d	AngII 3d
29.6	deviations	29	Hey2_29	0.232533628642765	-0.0167700282644877	CT	C57BL/6	Saline 3d	AngII 3d
60.6	deviations	60	Heyl_60	0.232533628642765	-0.0167700282644877	CT	C57BL/6	Saline 3d	AngII 3d
73.6	deviations	73	Hey1_73	0.232533628642765	-0.0167700282644877	CT	C57BL/6	Saline 3d	AngII 3d
800.6	deviations	800	Zfp148_800	0.234683823129485	-0.00377193659933871	CT	C57BL/6	Saline 3d	AngII 3d
41.6	deviations	41	Tcfeb_41	0.238092734190978	-0.00901245389987256	CT	C57BL/6	Saline 3d	AngII 3d
253.6	deviations	253	Dmrta1_253	0.238092734190978	0.016990152245363	CT	C57BL/6	Saline 3d	AngII 3d
339.6	deviations	339	Gm5294_339	0.238092734190978	-0.012829332493525	CT	C57BL/6	Saline 3d	AngII 3d
363.6	deviations	363	Foxl1_363	0.238092734190978	-0.012829332493525	CT	C57BL/6	Saline 3d	AngII 3d
509.6	deviations	509	Hoxa7_509	0.238092734190978	0.0191318988967295	CT	C57BL/6	Saline 3d	AngII 3d
658.6	deviations	658	Nr1i3_658	0.238092734190978	0.0116590441867353	CT	C57BL/6	Saline 3d	AngII 3d
57.6	deviations	57	Mesp2_57	0.239652263054349	-0.00869784522843656	CT	C57BL/6	Saline 3d	AngII 3d
58.6	deviations	58	Mesp1_58	0.239652263054349	-0.00869784522843656	CT	C57BL/6	Saline 3d	AngII 3d
131.6	deviations	131	Nfil3_131	0.239652263054349	-0.0285256659646435	CT	C57BL/6	Saline 3d	AngII 3d
250.6	deviations	250	Dmrtc2_250	0.239652263054349	-0.0198652182811787	CT	C57BL/6	Saline 3d	AngII 3d
508.6	deviations	508	Hoxa9_508	0.239652263054349	0.0224887986526909	CT	C57BL/6	Saline 3d	AngII 3d
584.6	deviations	584	Hoxa3_584	0.239652263054349	0.0201539291924812	CT	C57BL/6	Saline 3d	AngII 3d
62.6	deviations	62	Mitf_62	0.240438036298378	-0.00869401847760759	CT	C57BL/6	Saline 3d	AngII 3d
346.6	deviations	346	Gm5294_346	0.240438036298378	-0.0113169460805242	CT	C57BL/6	Saline 3d	AngII 3d
372.6	deviations	372	Foxl1_372	0.240438036298378	-0.0113169460805242	CT	C57BL/6	Saline 3d	AngII 3d
670.6	deviations	670	Ppara_670	0.240438036298378	-0.0128863109514822	CT	C57BL/6	Saline 3d	AngII 3d
709.6	deviations	709	Rfx7_709	0.241738526426885	-0.0155322197512989	CT	C57BL/6	Saline 3d	AngII 3d
829.6	deviations	829	Foxn3_829	0.243161916212875	-0.0173335805877378	CT	C57BL/6	Saline 3d	AngII 3d
458.6	deviations	458	Lhx6_458	0.244666984084134	0.030430156168064	CT	C57BL/6	Saline 3d	AngII 3d
585.6	deviations	585	NP_585	0.244666984084134	0.030430156168064	CT	C57BL/6	Saline 3d	AngII 3d
860.6	deviations	860	Smad4_860	0.244666984084134	0.00916598885478433	CT	C57BL/6	Saline 3d	AngII 3d
637.6	deviations	637	Naif1_637	0.245641491194825	-0.0318230797842086	CT	C57BL/6	Saline 3d	AngII 3d
269.6	deviations	269	Spic_269	0.249327580069148	0.0070166571131249	CT	C57BL/6	Saline 3d	AngII 3d
223.6	deviations	223	Zfp128_223	0.254178120674013	-0.0398194731408545	CT	C57BL/6	Saline 3d	AngII 3d
236.6	deviations	236	Klf12_236	0.254178120674013	0.00456982897297822	CT	C57BL/6	Saline 3d	AngII 3d
650.6	deviations	650	Prdm11_650	0.254584353337513	0.032964782173663	CT	C57BL/6	Saline 3d	AngII 3d
13.6	deviations	13	Ahctf1_13	0.264546324425703	-0.00884268873925028	CT	C57BL/6	Saline 3d	AngII 3d
742.6	deviations	742	Sox6_742	0.264546324425703	-0.0127463442610001	CT	C57BL/6	Saline 3d	AngII 3d
154.6	deviations	154	Yy1_154	0.26489389902809	-0.00731380623799077	CT	C57BL/6	Saline 3d	AngII 3d
525.6	deviations	525	Meis3_525	0.26489389902809	0.0167177923028115	CT	C57BL/6	Saline 3d	AngII 3d
298.6	deviations	298	Foxj2_298	0.267416556626662	-0.0172273070746662	CT	C57BL/6	Saline 3d	AngII 3d
300.6	deviations	300	Foxp4_300	0.267416556626662	-0.0172273070746662	CT	C57BL/6	Saline 3d	AngII 3d
301.6	deviations	301	Foxp2_301	0.267416556626662	-0.0172273070746662	CT	C57BL/6	Saline 3d	AngII 3d
311.6	deviations	311	Foxp3_311	0.267416556626662	-0.0172273070746662	CT	C57BL/6	Saline 3d	AngII 3d
634.6	deviations	634	Irf6_634	0.267416556626662	0.0287644271113572	CT	C57BL/6	Saline 3d	AngII 3d
331.6	deviations	331	Gm5294_331	0.272239410355632	-0.0154531275289085	CT	C57BL/6	Saline 3d	AngII 3d
354.6	deviations	354	Foxl1_354	0.272239410355632	-0.0154531275289085	CT	C57BL/6	Saline 3d	AngII 3d
831.6	deviations	831	Foxa3_831	0.272239410355632	-0.0154531275289085	CT	C57BL/6	Saline 3d	AngII 3d
361.6	deviations	361	Foxl1_361	0.273695156947803	-0.0158885047384308	CT	C57BL/6	Saline 3d	AngII 3d
247.6	deviations	247	Cxxc1_247	0.278103756353589	0.0187244939017645	CT	C57BL/6	Saline 3d	AngII 3d
523.6	deviations	523	Hesx1_523	0.278103756353589	0.014131543074843	CT	C57BL/6	Saline 3d	AngII 3d
622.6	deviations	622	Pit1_622	0.278103756353589	0.0152565244606452	CT	C57BL/6	Saline 3d	AngII 3d
702.6	deviations	702	Nfatc3_702	0.283655305089877	0.0129785282404014	CT	C57BL/6	Saline 3d	AngII 3d
857.6	deviations	857	Nfatc4_857	0.283655305089877	0.0129785282404014	CT	C57BL/6	Saline 3d	AngII 3d
50.6	deviations	50	Mycl1_50	0.28366289513574	-0.0110420257104128	CT	C57BL/6	Saline 3d	AngII 3d
65.6	deviations	65	Mycn_65	0.28366289513574	-0.0110420257104128	CT	C57BL/6	Saline 3d	AngII 3d
76.6	deviations	76	Mycs_76	0.28366289513574	-0.0110420257104128	CT	C57BL/6	Saline 3d	AngII 3d
255.6	deviations	255	Tfdp2_255	0.28366289513574	0.0147895680084168	CT	C57BL/6	Saline 3d	AngII 3d
256.6	deviations	256	Tfdp1_256	0.28366289513574	0.0147895680084168	CT	C57BL/6	Saline 3d	AngII 3d
630.6	deviations	630	Irf3_630	0.28366289513574	0.0108329451716826	CT	C57BL/6	Saline 3d	AngII 3d
433.6	deviations	433	Msx2_433	0.284016450468115	-0.0160832958145192	CT	C57BL/6	Saline 3d	AngII 3d
693.6	deviations	693	Pax9_693	0.296567468055362	0.0188844211170051	CT	C57BL/6	Saline 3d	AngII 3d
129.6	deviations	129	Cebpg_129	0.299606652294619	0.027143508230739	CT	C57BL/6	Saline 3d	AngII 3d
3.6	deviations	3	Tcfap2c_3	0.301416602503607	-0.00629112655442253	CT	C57BL/6	Saline 3d	AngII 3d
404.6	deviations	404	Hoxc11_404	0.301416602503607	0.0168294544452106	CT	C57BL/6	Saline 3d	AngII 3d
546.6	deviations	546	Hoxb3_546	0.301620823062207	0.0237703749082676	CT	C57BL/6	Saline 3d	AngII 3d
551.6	deviations	551	Hoxd10_551	0.301620823062207	0.0205996533320509	CT	C57BL/6	Saline 3d	AngII 3d
387.6	deviations	387	Gata1_387	0.307833320680839	0.00946043441368853	CT	C57BL/6	Saline 3d	AngII 3d
77.6	deviations	77	Bhlhe23_77	0.309663250186025	-0.0298134407245854	CT	C57BL/6	Saline 3d	AngII 3d
854.6	deviations	854	Pax8_854	0.309663250186025	0.00861124487561822	CT	C57BL/6	Saline 3d	AngII 3d
855.6	deviations	855	Pax1_855	0.309663250186025	0.00861124487561822	CT	C57BL/6	Saline 3d	AngII 3d
308.6	deviations	308	Foxf2_308	0.310110735908829	-0.0218935907091472	CT	C57BL/6	Saline 3d	AngII 3d
312.6	deviations	312	Foxf1a_312	0.310110735908829	-0.0218935907091472	CT	C57BL/6	Saline 3d	AngII 3d
411.6	deviations	411	Otx1_411	0.310110735908829	-0.0122816075264504	CT	C57BL/6	Saline 3d	AngII 3d
464.6	deviations	464	Pitx2_464	0.310110735908829	-0.0122816075264504	CT	C57BL/6	Saline 3d	AngII 3d
553.6	deviations	553	Six1_553	0.310110735908829	-0.02417866944596	CT	C57BL/6	Saline 3d	AngII 3d
224.6	deviations	224	Zfp143_224	0.312532482280397	0.00805166429014073	CT	C57BL/6	Saline 3d	AngII 3d
388.6	deviations	388	Gcm1_388	0.312532482280397	0.0314354762451596	CT	C57BL/6	Saline 3d	AngII 3d
425.6	deviations	425	Meis1_425	0.312532482280397	0.0127014998473659	CT	C57BL/6	Saline 3d	AngII 3d
710.6	deviations	710	Rfx3_710	0.312532482280397	-0.0112531113326389	CT	C57BL/6	Saline 3d	AngII 3d
867.6	deviations	867	Tead3_867	0.312532482280397	0.0162404658431039	CT	C57BL/6	Saline 3d	AngII 3d
835.6	deviations	835	Gcm2_835	0.313766001532467	0.02687403813237	CT	C57BL/6	Saline 3d	AngII 3d
42.6	deviations	42	Bhlhe22_42	0.3145905361381	-0.0254247028552112	CT	C57BL/6	Saline 3d	AngII 3d
749.6	deviations	749	Sox13_749	0.314728788699238	0.0211673354377208	CT	C57BL/6	Saline 3d	AngII 3d
633.6	deviations	633	Irf7_633	0.325329269349217	0.0078555925966898	CT	C57BL/6	Saline 3d	AngII 3d
45.6	deviations	45	Myog_45	0.325352998418269	0.00948442224386952	CT	C57BL/6	Saline 3d	AngII 3d
406.6	deviations	406	Hoxc6_406	0.325352998418269	0.0184829521762941	CT	C57BL/6	Saline 3d	AngII 3d
494.6	deviations	494	Gbx2_494	0.325352998418269	-0.0205414495863256	CT	C57BL/6	Saline 3d	AngII 3d
560.6	deviations	560	Hoxb8_560	0.325352998418269	0.0191692132211159	CT	C57BL/6	Saline 3d	AngII 3d
592.6	deviations	592	NP_592	0.325352998418269	0.0191692132211159	CT	C57BL/6	Saline 3d	AngII 3d
779.6	deviations	779	Mlxipl_779	0.325352998418269	-0.0108812835742815	CT	C57BL/6	Saline 3d	AngII 3d
40.6	deviations	40	Hes7_40	0.328753567892714	-0.00875391865470537	CT	C57BL/6	Saline 3d	AngII 3d
297.6	deviations	297	Gm4881_297	0.336485691051157	0.00774713721414029	CT	C57BL/6	Saline 3d	AngII 3d
502.6	deviations	502	Gsx2_502	0.339243008361297	-0.0238888570256635	CT	C57BL/6	Saline 3d	AngII 3d
456.6	deviations	456	Lmx1a_456	0.342600481612709	0.0155567738298095	CT	C57BL/6	Saline 3d	AngII 3d
245.6	deviations	245	Onecut3_245	0.343926658254362	-0.0124406422195884	CT	C57BL/6	Saline 3d	AngII 3d
2.6	deviations	2	Tcfap2b_2	0.346688006315775	-0.00720929718341719	CT	C57BL/6	Saline 3d	AngII 3d
51.6	deviations	51	Hes2_51	0.346688006315775	-0.0106053912975016	CT	C57BL/6	Saline 3d	AngII 3d
220.6	deviations	220	Zfp637_220	0.346688006315775	-0.0215412275560986	CT	C57BL/6	Saline 3d	AngII 3d
410.6	deviations	410	Evx1_410	0.346688006315775	-0.0230378370029659	CT	C57BL/6	Saline 3d	AngII 3d
421.6	deviations	421	Nkx25_421	0.346688006315775	0.0133910683607802	CT	C57BL/6	Saline 3d	AngII 3d
558.6	deviations	558	Obox1_558	0.346688006315775	-0.0133925935557686	CT	C57BL/6	Saline 3d	AngII 3d
778.6	deviations	778	Myf5_778	0.346688006315775	0.00872505158075244	CT	C57BL/6	Saline 3d	AngII 3d
145.6	deviations	145	Klf5_145	0.347594089781828	-0.0023563801792879	CT	C57BL/6	Saline 3d	AngII 3d
156.6	deviations	156	Zkscan3_156	0.348269693591633	-0.00989006068979614	CT	C57BL/6	Saline 3d	AngII 3d
216.6	deviations	216	Zkscan4_216	0.348269693591633	-0.00989006068979614	CT	C57BL/6	Saline 3d	AngII 3d
758.6	deviations	758	Stat2_758	0.348269693591633	0.010441114119229	CT	C57BL/6	Saline 3d	AngII 3d
25.6	deviations	25	Arnt_25	0.348890491044028	-0.0153104394505771	CT	C57BL/6	Saline 3d	AngII 3d
682.6	deviations	682	Rora_682	0.349807617393166	-0.0120014728227154	CT	C57BL/6	Saline 3d	AngII 3d
6.6	deviations	6	Arid3b_6	0.351907516112733	0.0154999320560171	CT	C57BL/6	Saline 3d	AngII 3d
150.6	deviations	150	Sp2_150	0.358336322644081	0.00272966408514547	CT	C57BL/6	Saline 3d	AngII 3d
105.6	deviations	105	Tef_105	0.360170960171306	-0.0202161168219922	CT	C57BL/6	Saline 3d	AngII 3d
123.6	deviations	123	Mafg_123	0.362464660421116	0.0122832022188781	CT	C57BL/6	Saline 3d	AngII 3d
155.6	deviations	155	Gli3_155	0.376134430654733	-0.00550395260538878	CT	C57BL/6	Saline 3d	AngII 3d
325.6	deviations	325	Foxb2_325	0.376134430654733	-0.00578156214984709	CT	C57BL/6	Saline 3d	AngII 3d
326.6	deviations	326	Foxb1_326	0.376134430654733	-0.00578156214984709	CT	C57BL/6	Saline 3d	AngII 3d
472.6	deviations	472	Pdx1_472	0.376134430654733	-0.0162006109297576	CT	C57BL/6	Saline 3d	AngII 3d
520.6	deviations	520	Hmx3_520	0.376134430654733	-0.011713038429059	CT	C57BL/6	Saline 3d	AngII 3d
590.6	deviations	590	NP_590	0.376134430654733	-0.011713038429059	CT	C57BL/6	Saline 3d	AngII 3d
694.6	deviations	694	Pax5_694	0.38083115581377	0.00451416008057557	CT	C57BL/6	Saline 3d	AngII 3d
386.6	deviations	386	Gata4_386	0.383998549225455	0.0105482904908672	CT	C57BL/6	Saline 3d	AngII 3d
102.6	deviations	102	Mafk_102	0.389278813434629	0.0122004725390815	CT	C57BL/6	Saline 3d	AngII 3d
114.6	deviations	114	Jdp2_114	0.389278813434629	-0.0137302811575911	CT	C57BL/6	Saline 3d	AngII 3d
171.6	deviations	171	Klf7_171	0.39152402652999	0.00305485447080182	CT	C57BL/6	Saline 3d	AngII 3d
477.6	deviations	477	Dlx6_477	0.39152402652999	-0.0210122514478797	CT	C57BL/6	Saline 3d	AngII 3d
493.6	deviations	493	Six4_493	0.39152402652999	-0.0223562601732867	CT	C57BL/6	Saline 3d	AngII 3d
654.6	deviations	654	Rarg_654	0.39152402652999	-0.00843184801539965	CT	C57BL/6	Saline 3d	AngII 3d
320.6	deviations	320	Foxc1_320	0.391733980298757	-0.0128468689408421	CT	C57BL/6	Saline 3d	AngII 3d
838.6	deviations	838	Nkx62_838	0.393372635135187	0.0137331589404788	CT	C57BL/6	Saline 3d	AngII 3d
567.6	deviations	567	Nkx63_567	0.394539201321181	0.0166452956830084	CT	C57BL/6	Saline 3d	AngII 3d
199.6	deviations	199	Zfp784_199	0.395708945742095	0.00984397313133682	CT	C57BL/6	Saline 3d	AngII 3d
457.6	deviations	457	Barhl1_457	0.399842709906396	-0.0190248473703151	CT	C57BL/6	Saline 3d	AngII 3d
540.6	deviations	540	Pou3f3_540	0.399842709906396	-0.0206561633624581	CT	C57BL/6	Saline 3d	AngII 3d
550.6	deviations	550	Hoxc12_550	0.399842709906396	0.0144285332698262	CT	C57BL/6	Saline 3d	AngII 3d
552.6	deviations	552	Rhox11_552	0.399842709906396	0.0104209083678957	CT	C57BL/6	Saline 3d	AngII 3d
605.6	deviations	605	NP_605	0.399842709906396	0.0144285332698262	CT	C57BL/6	Saline 3d	AngII 3d
243.6	deviations	243	Cenpb_243	0.399908401765706	-0.0209010218938991	CT	C57BL/6	Saline 3d	AngII 3d
5.6	deviations	5	Tcfap2d_5	0.40298396668718	0.00514733350737018	CT	C57BL/6	Saline 3d	AngII 3d
214.6	deviations	214	Klf1_214	0.40298396668718	0.00624616328550026	CT	C57BL/6	Saline 3d	AngII 3d
695.6	deviations	695	Lcor_695	0.40298396668718	-0.00676277393331015	CT	C57BL/6	Saline 3d	AngII 3d
707.6	deviations	707	Rfx2_707	0.40298396668718	-0.0128254724244031	CT	C57BL/6	Saline 3d	AngII 3d
711.6	deviations	711	Rfx8_711	0.40298396668718	-0.0128254724244031	CT	C57BL/6	Saline 3d	AngII 3d
384.6	deviations	384	Gata3_384	0.40450349152306	0.0145637977146098	CT	C57BL/6	Saline 3d	AngII 3d
95.6	deviations	95	Usf2_95	0.409572831485336	-0.00923004375621133	CT	C57BL/6	Saline 3d	AngII 3d
621.6	deviations	621	Pit1_621	0.409572831485336	0.0230090677918161	CT	C57BL/6	Saline 3d	AngII 3d
671.6	deviations	671	Vdr_671	0.409572831485336	-0.0151914095132218	CT	C57BL/6	Saline 3d	AngII 3d
103.6	deviations	103	Xbp1_103	0.414036285472846	-0.0236957843416697	CT	C57BL/6	Saline 3d	AngII 3d
201.6	deviations	201	Dnajc21_201	0.422398768862125	-0.00574832151394176	CT	C57BL/6	Saline 3d	AngII 3d
230.6	deviations	230	Insm1_230	0.422398768862125	-0.00812118249089894	CT	C57BL/6	Saline 3d	AngII 3d
801.6	deviations	801	Gli1_801	0.422398768862125	-0.0107933515848543	CT	C57BL/6	Saline 3d	AngII 3d
815.6	deviations	815	Gli2_815	0.422398768862125	-0.0107933515848543	CT	C57BL/6	Saline 3d	AngII 3d
840.6	deviations	840	Pou4f2_840	0.422398768862125	0.00972756053686361	CT	C57BL/6	Saline 3d	AngII 3d
841.6	deviations	841	Pou4f1_841	0.422398768862125	0.00972756053686361	CT	C57BL/6	Saline 3d	AngII 3d
390.6	deviations	390	Grhl1_390	0.423911889397317	0.0224954585927445	CT	C57BL/6	Saline 3d	AngII 3d
487.6	deviations	487	Pou2f3_487	0.423911889397317	-0.0166830191091724	CT	C57BL/6	Saline 3d	AngII 3d
647.6	deviations	647	Mybl1_647	0.423911889397317	0.0162653396366037	CT	C57BL/6	Saline 3d	AngII 3d
703.6	deviations	703	Nfatc1_703	0.423911889397317	0.00979071984960209	CT	C57BL/6	Saline 3d	AngII 3d
46.6	deviations	46	Usf1_46	0.426906954210547	-0.00849055781181467	CT	C57BL/6	Saline 3d	AngII 3d
71.6	deviations	71	Tcfl5_71	0.426906954210547	-0.0098274147876201	CT	C57BL/6	Saline 3d	AngII 3d
87.6	deviations	87	Bhlha15_87	0.427407923259069	-0.022935219084051	CT	C57BL/6	Saline 3d	AngII 3d
91.6	deviations	91	Max_91	0.427407923259069	-0.0150186349108733	CT	C57BL/6	Saline 3d	AngII 3d
690.6	deviations	690	Nr2f1_690	0.427407923259069	-0.0070288050318779	CT	C57BL/6	Saline 3d	AngII 3d
712.6	deviations	712	Runx1_712	0.427407923259069	0.0100887675855053	CT	C57BL/6	Saline 3d	AngII 3d
858.6	deviations	858	Runx3_858	0.427407923259069	0.0100887675855053	CT	C57BL/6	Saline 3d	AngII 3d
400.6	deviations	400	Irx2_400	0.428834118196839	-0.0136096449231386	CT	C57BL/6	Saline 3d	AngII 3d
141.6	deviations	141	Bcl6b_141	0.439440187388239	0.00624569218877892	CT	C57BL/6	Saline 3d	AngII 3d
501.6	deviations	501	Pknox2_501	0.439879744743416	0.0131425924336758	CT	C57BL/6	Saline 3d	AngII 3d
619.6	deviations	619	Pou2f1_619	0.446847851559796	0.0136877439658055	CT	C57BL/6	Saline 3d	AngII 3d
744.6	deviations	744	Tcf7l1_744	0.446847851559796	0.00756979244255339	CT	C57BL/6	Saline 3d	AngII 3d
240.6	deviations	240	Zfx_240	0.450186932041542	-0.0139612002823526	CT	C57BL/6	Saline 3d	AngII 3d
768.6	deviations	768	Eomes_768	0.453541448950532	-0.0126538498364826	CT	C57BL/6	Saline 3d	AngII 3d
635.6	deviations	635	Irf5_635	0.45673914076635	0.025647528899045	CT	C57BL/6	Saline 3d	AngII 3d
182.6	deviations	182	Zbtb1_182	0.456780441231628	0.0049240193256726	CT	C57BL/6	Saline 3d	AngII 3d
295.6	deviations	295	Gm4881_295	0.456780441231628	0.00649709722783316	CT	C57BL/6	Saline 3d	AngII 3d
24.6	deviations	24	Myod1_24	0.460557818486407	0.00663872554813519	CT	C57BL/6	Saline 3d	AngII 3d
170.6	deviations	170	Zfp282_170	0.460557818486407	0.0102448515421721	CT	C57BL/6	Saline 3d	AngII 3d
545.6	deviations	545	Nkx12_545	0.460557818486407	-0.018390643785252	CT	C57BL/6	Saline 3d	AngII 3d
18.6	deviations	18	Mnt_18	0.465807174314744	-0.0130945859873684	CT	C57BL/6	Saline 3d	AngII 3d
589.6	deviations	589	NP_589	0.465807174314744	-0.0142124190997733	CT	C57BL/6	Saline 3d	AngII 3d
158.6	deviations	158	Zfp369_158	0.468323838733804	0.00933127278200103	CT	C57BL/6	Saline 3d	AngII 3d
219.6	deviations	219	Zfp110_219	0.468323838733804	0.00933127278200103	CT	C57BL/6	Saline 3d	AngII 3d
336.6	deviations	336	Gm5294_336	0.468323838733804	-0.00987232758802891	CT	C57BL/6	Saline 3d	AngII 3d
360.6	deviations	360	Foxl1_360	0.468323838733804	-0.00987232758802891	CT	C57BL/6	Saline 3d	AngII 3d
409.6	deviations	409	Hoxd12_409	0.468323838733804	0.0109621046321709	CT	C57BL/6	Saline 3d	AngII 3d
565.6	deviations	565	Irx1_565	0.468323838733804	-0.0121639497844144	CT	C57BL/6	Saline 3d	AngII 3d
699.6	deviations	699	Nfkb2_699	0.468323838733804	0.00624187076394488	CT	C57BL/6	Saline 3d	AngII 3d
813.6	deviations	813	Mbtps2_813	0.468323838733804	-0.00488920909414178	CT	C57BL/6	Saline 3d	AngII 3d
821.6	deviations	821	Ybx2_821	0.468323838733804	-0.0136755928062456	CT	C57BL/6	Saline 3d	AngII 3d
822.6	deviations	822	Ybx1_822	0.468323838733804	-0.0136755928062456	CT	C57BL/6	Saline 3d	AngII 3d
823.6	deviations	823	Csda_823	0.468323838733804	-0.0136755928062456	CT	C57BL/6	Saline 3d	AngII 3d
875.6	deviations	875	Zfp42_875	0.468323838733804	-0.00488920909414178	CT	C57BL/6	Saline 3d	AngII 3d
263.6	deviations	263	E2f8_263	0.471539173302283	0.010363348847526	CT	C57BL/6	Saline 3d	AngII 3d
549.6	deviations	549	Hmx2_549	0.471539173302283	-0.0229672970461951	CT	C57BL/6	Saline 3d	AngII 3d
258.6	deviations	258	E2f3_258	0.472021900718552	0.0178728815656537	CT	C57BL/6	Saline 3d	AngII 3d
163.6	deviations	163	Zfp263_163	0.489702864877171	-0.00474235520543231	CT	C57BL/6	Saline 3d	AngII 3d
877.6	deviations	877	Zfp263_877	0.489702864877171	-0.00474235520543231	CT	C57BL/6	Saline 3d	AngII 3d
11.6	deviations	11	Arid2_11	0.493147890011667	-0.00863341446711927	CT	C57BL/6	Saline 3d	AngII 3d
167.6	deviations	167	Sp4_167	0.493147890011667	-0.00135431685554472	CT	C57BL/6	Saline 3d	AngII 3d
310.6	deviations	310	Foxk2_310	0.493147890011667	-0.00912101976611741	CT	C57BL/6	Saline 3d	AngII 3d
319.6	deviations	319	Foxo3_319	0.493147890011667	-0.00912101976611741	CT	C57BL/6	Saline 3d	AngII 3d
324.6	deviations	324	Foxk1_324	0.493147890011667	-0.00912101976611741	CT	C57BL/6	Saline 3d	AngII 3d
566.6	deviations	566	Tgif2_566	0.493147890011667	0.00819546075809316	CT	C57BL/6	Saline 3d	AngII 3d
627.6	deviations	627	Hsf4_627	0.493147890011667	-0.00962466430125499	CT	C57BL/6	Saline 3d	AngII 3d
569.6	deviations	569	Obox3_569	0.495893579080333	-0.0145544518376078	CT	C57BL/6	Saline 3d	AngII 3d
580.6	deviations	580	Gm5889_580	0.495893579080333	-0.0145544518376078	CT	C57BL/6	Saline 3d	AngII 3d
639.6	deviations	639	Srf_639	0.495893579080333	0.00955768389024901	CT	C57BL/6	Saline 3d	AngII 3d
430.6	deviations	430	Six6_430	0.496217268038724	-0.0214249342443127	CT	C57BL/6	Saline 3d	AngII 3d
504.6	deviations	504	Meox2_504	0.504072428177743	0.0114025070038109	CT	C57BL/6	Saline 3d	AngII 3d
264.6	deviations	264	E2f6_264	0.50607082288349	0.00564767738236415	CT	C57BL/6	Saline 3d	AngII 3d
677.6	deviations	677	Nr4a2_677	0.50607082288349	0.0119371893013573	CT	C57BL/6	Saline 3d	AngII 3d
763.6	deviations	763	Tbx1_763	0.50607082288349	-0.0161716551951194	CT	C57BL/6	Saline 3d	AngII 3d
770.6	deviations	770	Tbx10_770	0.50607082288349	-0.0161716551951194	CT	C57BL/6	Saline 3d	AngII 3d
775.6	deviations	775	Spz1_775	0.50607082288349	-0.00591535784354393	CT	C57BL/6	Saline 3d	AngII 3d
559.6	deviations	559	Bsx_559	0.506402580583768	0.0132258843591214	CT	C57BL/6	Saline 3d	AngII 3d
469.6	deviations	469	Uncx_469	0.508357763609677	0.00593429921168476	CT	C57BL/6	Saline 3d	AngII 3d
299.6	deviations	299	Foxg1_299	0.508874128742355	-0.0103534053457316	CT	C57BL/6	Saline 3d	AngII 3d
327.6	deviations	327	Foxd3_327	0.508874128742355	-0.00672794470530732	CT	C57BL/6	Saline 3d	AngII 3d
328.6	deviations	328	Foxe1_328	0.508874128742355	-0.00672794470530732	CT	C57BL/6	Saline 3d	AngII 3d
341.6	deviations	341	Gm5294_341	0.508874128742355	-0.00672794470530732	CT	C57BL/6	Saline 3d	AngII 3d
366.6	deviations	366	Foxl1_366	0.508874128742355	-0.00672794470530732	CT	C57BL/6	Saline 3d	AngII 3d
461.6	deviations	461	Meis2_461	0.508874128742355	0.0106078791200535	CT	C57BL/6	Saline 3d	AngII 3d
599.6	deviations	599	NP_599	0.508874128742355	0.00500694603772098	CT	C57BL/6	Saline 3d	AngII 3d
655.6	deviations	655	Nr1h3_655	0.508874128742355	-0.0027283427045576	CT	C57BL/6	Saline 3d	AngII 3d
688.6	deviations	688	Nr1h2_688	0.508874128742355	-0.0027283427045576	CT	C57BL/6	Saline 3d	AngII 3d
740.6	deviations	740	Sox18_740	0.508874128742355	-0.00910510947832275	CT	C57BL/6	Saline 3d	AngII 3d
809.6	deviations	809	Ovol2_809	0.508874128742355	-0.0198549757122446	CT	C57BL/6	Saline 3d	AngII 3d
662.6	deviations	662	Rxra_662	0.509761261092132	-0.0056074615333522	CT	C57BL/6	Saline 3d	AngII 3d
686.6	deviations	686	Rxrb_686	0.510829274697574	-0.00593946779210282	CT	C57BL/6	Saline 3d	AngII 3d
476.6	deviations	476	Nobox_476	0.511180956142737	-0.00813889055216532	CT	C57BL/6	Saline 3d	AngII 3d
664.6	deviations	664	Hnf4g_664	0.514949888205474	0.00602173614723113	CT	C57BL/6	Saline 3d	AngII 3d
249.6	deviations	249	Kdm2b_249	0.515111537558961	0.0260109012474092	CT	C57BL/6	Saline 3d	AngII 3d
473.6	deviations	473	Cdx2_473	0.515111537558961	0.00864545873637063	CT	C57BL/6	Saline 3d	AngII 3d
556.6	deviations	556	Gsx1_556	0.515111537558961	0.00770971616791322	CT	C57BL/6	Saline 3d	AngII 3d
642.6	deviations	642	Mecp2_642	0.515111537558961	-0.00977467785936477	CT	C57BL/6	Saline 3d	AngII 3d
737.6	deviations	737	Sox15_737	0.515111537558961	-0.00993334607971397	CT	C57BL/6	Saline 3d	AngII 3d
625.6	deviations	625	Hsf2_625	0.516012414283543	0.0140041390166602	CT	C57BL/6	Saline 3d	AngII 3d
811.6	deviations	811	Zfp384_811	0.516012414283543	0.0128926135052267	CT	C57BL/6	Saline 3d	AngII 3d
185.6	deviations	185	Glis1_185	0.518715959768781	0.0112370543130655	CT	C57BL/6	Saline 3d	AngII 3d
244.6	deviations	244	Cux2_244	0.518715959768781	-0.0277560890511748	CT	C57BL/6	Saline 3d	AngII 3d
448.6	deviations	448	Cdx1_448	0.523053192599448	0.00572682804907444	CT	C57BL/6	Saline 3d	AngII 3d
481.6	deviations	481	Cdx4_481	0.523053192599448	0.00572682804907444	CT	C57BL/6	Saline 3d	AngII 3d
61.6	deviations	61	Scx_61	0.527654719364031	-0.010721387702146	CT	C57BL/6	Saline 3d	AngII 3d
93.6	deviations	93	Tcf15_93	0.527654719364031	-0.010721387702146	CT	C57BL/6	Saline 3d	AngII 3d
315.6	deviations	315	Foxe3_315	0.527654719364031	-0.0131396333847899	CT	C57BL/6	Saline 3d	AngII 3d
317.6	deviations	317	Foxi1_317	0.527654719364031	-0.00729541206272259	CT	C57BL/6	Saline 3d	AngII 3d
318.6	deviations	318	Foxi2_318	0.527654719364031	-0.00729541206272259	CT	C57BL/6	Saline 3d	AngII 3d
322.6	deviations	322	Foxd2_322	0.527654719364031	-0.0131396333847899	CT	C57BL/6	Saline 3d	AngII 3d
323.6	deviations	323	Foxi3_323	0.527654719364031	-0.00729541206272259	CT	C57BL/6	Saline 3d	AngII 3d
340.6	deviations	340	Gm5294_340	0.527654719364031	-0.00729541206272259	CT	C57BL/6	Saline 3d	AngII 3d
362.6	deviations	362	Foxl1_362	0.527654719364031	-0.00729541206272259	CT	C57BL/6	Saline 3d	AngII 3d
132.6	deviations	132	Nfe2_132	0.529528009787777	-0.00897732391888479	CT	C57BL/6	Saline 3d	AngII 3d
401.6	deviations	401	Dlx3_401	0.529528009787777	0.0140096832353721	CT	C57BL/6	Saline 3d	AngII 3d
499.6	deviations	499	Nkx61_499	0.529528009787777	0.015270395602781	CT	C57BL/6	Saline 3d	AngII 3d
606.6	deviations	606	NP_606	0.529528009787777	0.015270395602781	CT	C57BL/6	Saline 3d	AngII 3d
31.6	deviations	31	Tcf3_31	0.535564560570067	-0.00715543643321458	CT	C57BL/6	Saline 3d	AngII 3d
392.6	deviations	392	Dux_392	0.535564560570067	0.00763738336618111	CT	C57BL/6	Saline 3d	AngII 3d
423.6	deviations	423	Hoxb1_423	0.535564560570067	-0.0113812531680352	CT	C57BL/6	Saline 3d	AngII 3d
79.6	deviations	79	Tcf21_79	0.541784365612625	0.00565457735597579	CT	C57BL/6	Saline 3d	AngII 3d
432.6	deviations	432	Barx1_432	0.541784365612625	0.00712408541354453	CT	C57BL/6	Saline 3d	AngII 3d
463.6	deviations	463	Shox2_463	0.541784365612625	0.00415718296539562	CT	C57BL/6	Saline 3d	AngII 3d
574.6	deviations	574	Tlx2_574	0.541784365612625	0.0104089796310963	CT	C57BL/6	Saline 3d	AngII 3d
593.6	deviations	593	NP_593	0.541784365612625	0.0136379316694395	CT	C57BL/6	Saline 3d	AngII 3d
656.6	deviations	656	Ppard_656	0.541784365612625	-0.00798927092810354	CT	C57BL/6	Saline 3d	AngII 3d
713.6	deviations	713	Runx2_713	0.541784365612625	-0.00718980633445523	CT	C57BL/6	Saline 3d	AngII 3d
717.6	deviations	717	Sp140_717	0.541784365612625	0.02360024721352	CT	C57BL/6	Saline 3d	AngII 3d
720.6	deviations	720	IRC900814_720	0.541784365612625	0.02360024721352	CT	C57BL/6	Saline 3d	AngII 3d
724.6	deviations	724	Nfic_724	0.541784365612625	-0.00313805291780997	CT	C57BL/6	Saline 3d	AngII 3d
789.6	deviations	789	Batf3_789	0.541784365612625	-0.0108015258034456	CT	C57BL/6	Saline 3d	AngII 3d
790.6	deviations	790	Batf_790	0.541784365612625	-0.0108015258034456	CT	C57BL/6	Saline 3d	AngII 3d
805.6	deviations	805	Rest_805	0.541784365612625	0.00468527554393493	CT	C57BL/6	Saline 3d	AngII 3d
842.6	deviations	842	Mef2d_842	0.541784365612625	-0.0127607199300148	CT	C57BL/6	Saline 3d	AngII 3d
882.6	deviations	882	Mef2b_882	0.541784365612625	-0.0127607199300148	CT	C57BL/6	Saline 3d	AngII 3d
683.6	deviations	683	Nr2e3_683	0.546179899736068	0.00725892974639923	CT	C57BL/6	Saline 3d	AngII 3d
28.6	deviations	28	Ahr_28	0.547490942136244	-0.0090276611439381	CT	C57BL/6	Saline 3d	AngII 3d
36.6	deviations	36	Ahrr_36	0.547490942136244	-0.0090276611439381	CT	C57BL/6	Saline 3d	AngII 3d
69.6	deviations	69	Neurod2_69	0.547490942136244	-0.0238188781610637	CT	C57BL/6	Saline 3d	AngII 3d
330.6	deviations	330	Foxd1_330	0.547490942136244	-0.00635095435382385	CT	C57BL/6	Saline 3d	AngII 3d
334.6	deviations	334	Gm5294_334	0.547490942136244	-0.00635095435382385	CT	C57BL/6	Saline 3d	AngII 3d
359.6	deviations	359	Foxl1_359	0.547490942136244	-0.00635095435382385	CT	C57BL/6	Saline 3d	AngII 3d
382.6	deviations	382	Gata6_382	0.547490942136244	0.0109475206640225	CT	C57BL/6	Saline 3d	AngII 3d
820.6	deviations	820	Ctcfl_820	0.547490942136244	-0.00295396778650452	CT	C57BL/6	Saline 3d	AngII 3d
863.6	deviations	863	Smad1_863	0.547490942136244	0.00321228407981165	CT	C57BL/6	Saline 3d	AngII 3d
883.6	deviations	883	Smad5_883	0.547490942136244	0.00321228407981165	CT	C57BL/6	Saline 3d	AngII 3d
127.6	deviations	127	Junb_127	0.548312325759189	0.00979170384965124	CT	C57BL/6	Saline 3d	AngII 3d
172.6	deviations	172	Gfi1b_172	0.548312325759189	0.0064482807565421	CT	C57BL/6	Saline 3d	AngII 3d
306.6	deviations	306	Foxa1_306	0.548312325759189	-0.00308602545310042	CT	C57BL/6	Saline 3d	AngII 3d
307.6	deviations	307	Foxa2_307	0.548312325759189	-0.00718785631319088	CT	C57BL/6	Saline 3d	AngII 3d
445.6	deviations	445	Six2_445	0.548312325759189	-0.0180181806293411	CT	C57BL/6	Saline 3d	AngII 3d
515.6	deviations	515	Lmx1b_515	0.548312325759189	0.0115680432939783	CT	C57BL/6	Saline 3d	AngII 3d
518.6	deviations	518	Hlx_518	0.548312325759189	0.0115680432939783	CT	C57BL/6	Saline 3d	AngII 3d
539.6	deviations	539	Prop1_539	0.548312325759189	0.0115680432939783	CT	C57BL/6	Saline 3d	AngII 3d
562.6	deviations	562	Homez_562	0.548312325759189	0.0363482926964631	CT	C57BL/6	Saline 3d	AngII 3d
614.6	deviations	614	Pax6_614	0.548312325759189	0.00784307205858939	CT	C57BL/6	Saline 3d	AngII 3d
638.6	deviations	638	Mef2c_638	0.548312325759189	-0.00499179659482165	CT	C57BL/6	Saline 3d	AngII 3d
667.6	deviations	667	Nr2e1_667	0.548312325759189	0.0101117947646359	CT	C57BL/6	Saline 3d	AngII 3d
176.6	deviations	176	Zbtb49_176	0.553784995609014	0.014875458316946	CT	C57BL/6	Saline 3d	AngII 3d
246.6	deviations	246	Lin54_246	0.55427135490218	-0.00134160847250083	CT	C57BL/6	Saline 3d	AngII 3d
351.6	deviations	351	Gm5294_351	0.55427135490218	0.0135595937511357	CT	C57BL/6	Saline 3d	AngII 3d
377.6	deviations	377	Foxl1_377	0.55427135490218	0.0135595937511357	CT	C57BL/6	Saline 3d	AngII 3d
521.6	deviations	521	Alx4_521	0.55427135490218	0.00795018266286708	CT	C57BL/6	Saline 3d	AngII 3d
672.6	deviations	672	Nr1i2_672	0.55427135490218	0.012706295480488	CT	C57BL/6	Saline 3d	AngII 3d
612.6	deviations	612	Pax2_612	0.555057546873299	-0.000347955152106713	CT	C57BL/6	Saline 3d	AngII 3d
22.6	deviations	22	Id3_22	0.555285089531219	-0.00934382647353416	CT	C57BL/6	Saline 3d	AngII 3d
35.6	deviations	35	Id4_35	0.555285089531219	-0.00934382647353416	CT	C57BL/6	Saline 3d	AngII 3d
252.6	deviations	252	Dmrt3_252	0.555285089531219	-0.0155537444165344	CT	C57BL/6	Saline 3d	AngII 3d
484.6	deviations	484	Irx5_484	0.555285089531219	-0.00688876700807985	CT	C57BL/6	Saline 3d	AngII 3d
548.6	deviations	548	Nkx32_548	0.555285089531219	-0.0133577913613316	CT	C57BL/6	Saline 3d	AngII 3d
766.6	deviations	766	Tbx19_766	0.555285089531219	-0.0128409956067464	CT	C57BL/6	Saline 3d	AngII 3d
577.6	deviations	577	Cphx_577	0.559681277037988	-0.000581521227853486	CT	C57BL/6	Saline 3d	AngII 3d
879.6	deviations	879	Dmrta2_879	0.559932199458573	-0.0023231459762482	CT	C57BL/6	Saline 3d	AngII 3d
741.6	deviations	741	Sox12_741	0.565502995034808	-0.00570358016284675	CT	C57BL/6	Saline 3d	AngII 3d
849.6	deviations	849	Pgr_849	0.565502995034808	-0.0092345817533447	CT	C57BL/6	Saline 3d	AngII 3d
416.6	deviations	416	Pou6f1_416	0.574752436515176	0.0147590675389369	CT	C57BL/6	Saline 3d	AngII 3d
734.6	deviations	734	Lef1_734	0.574752436515176	0.00420643995201981	CT	C57BL/6	Saline 3d	AngII 3d
673.6	deviations	673	Nr3c1_673	0.580877006105331	0.00468503036729347	CT	C57BL/6	Saline 3d	AngII 3d
436.6	deviations	436	Otp_436	0.582230755473684	0.00552590848233785	CT	C57BL/6	Saline 3d	AngII 3d
397.6	deviations	397	Sebox_397	0.591736479871936	0.0119834177806662	CT	C57BL/6	Saline 3d	AngII 3d
120.6	deviations	120	Nrl_120	0.593173355266139	0.0111362416721491	CT	C57BL/6	Saline 3d	AngII 3d
489.6	deviations	489	Isl2_489	0.593173355266139	-0.00416819555992667	CT	C57BL/6	Saline 3d	AngII 3d
529.6	deviations	529	Isl1_529	0.593173355266139	-0.00416819555992667	CT	C57BL/6	Saline 3d	AngII 3d
631.6	deviations	631	Irf1_631	0.593173355266139	-0.00224962289718563	CT	C57BL/6	Saline 3d	AngII 3d
792.6	deviations	792	Mafa_792	0.593173355266139	0.0111362416721491	CT	C57BL/6	Saline 3d	AngII 3d
793.6	deviations	793	Maf_793	0.593173355266139	0.0111362416721491	CT	C57BL/6	Saline 3d	AngII 3d
826.6	deviations	826	Onecut1_826	0.593173355266139	-0.00734610727824156	CT	C57BL/6	Saline 3d	AngII 3d
827.6	deviations	827	Onecut2_827	0.593173355266139	-0.00734610727824156	CT	C57BL/6	Saline 3d	AngII 3d
345.6	deviations	345	Gm5294_345	0.594792217999746	-0.0113393918930763	CT	C57BL/6	Saline 3d	AngII 3d
371.6	deviations	371	Foxl1_371	0.594792217999746	-0.0113393918930763	CT	C57BL/6	Saline 3d	AngII 3d
543.6	deviations	543	Msx1_543	0.596901294663908	-0.0131587938903693	CT	C57BL/6	Saline 3d	AngII 3d
604.6	deviations	604	NP_604	0.598641420230895	0.00230213647998206	CT	C57BL/6	Saline 3d	AngII 3d
173.6	deviations	173	Mecom_173	0.600036417378274	0.00634788863193567	CT	C57BL/6	Saline 3d	AngII 3d
864.6	deviations	864	Tbx15_864	0.600036417378274	-0.00942076281543917	CT	C57BL/6	Saline 3d	AngII 3d
865.6	deviations	865	Tbx22_865	0.600036417378274	-0.00942076281543917	CT	C57BL/6	Saline 3d	AngII 3d
866.6	deviations	866	Tbx18_866	0.600036417378274	-0.00942076281543917	CT	C57BL/6	Saline 3d	AngII 3d
876.6	deviations	876	Zfp263_876	0.609052077324489	0.000255994078107563	CT	C57BL/6	Saline 3d	AngII 3d
490.6	deviations	490	Vsx1_490	0.611741835046257	-0.0145685200342245	CT	C57BL/6	Saline 3d	AngII 3d
8.6	deviations	8	Arid5b_8	0.613121747991469	0.0267797190348196	CT	C57BL/6	Saline 3d	AngII 3d
314.6	deviations	314	Foxo1_314	0.62223005520282	-0.00661194468630671	CT	C57BL/6	Saline 3d	AngII 3d
52.6	deviations	52	Clock_52	0.62424760660471	-0.0109556672369511	CT	C57BL/6	Saline 3d	AngII 3d
90.6	deviations	90	Ebf1_90	0.62424760660471	-0.00622076624944637	CT	C57BL/6	Saline 3d	AngII 3d
117.6	deviations	117	Nfe2l1_117	0.624595611951859	-0.00614044103108817	CT	C57BL/6	Saline 3d	AngII 3d
234.6	deviations	234	Egr4_234	0.624595611951859	0.0043129170006574	CT	C57BL/6	Saline 3d	AngII 3d
447.6	deviations	447	Rax_447	0.624595611951859	-0.0146009622775071	CT	C57BL/6	Saline 3d	AngII 3d
468.6	deviations	468	Nkx11_468	0.624595611951859	-0.0123622792525092	CT	C57BL/6	Saline 3d	AngII 3d
610.6	deviations	610	Nkx11_610	0.624595611951859	-0.0123622792525092	CT	C57BL/6	Saline 3d	AngII 3d
657.6	deviations	657	Nr2f6_657	0.624595611951859	-0.00104601493537288	CT	C57BL/6	Saline 3d	AngII 3d
791.6	deviations	791	Atf5_791	0.624595611951859	0.00678769000768345	CT	C57BL/6	Saline 3d	AngII 3d
871.6	deviations	871	Nfe2l3_871	0.624595611951859	-0.00614044103108817	CT	C57BL/6	Saline 3d	AngII 3d
202.6	deviations	202	Zfp354c_202	0.625492145165754	0.0033505091164142	CT	C57BL/6	Saline 3d	AngII 3d
700.6	deviations	700	Nfatc2_700	0.625492145165754	0.0101432580287721	CT	C57BL/6	Saline 3d	AngII 3d
271.6	deviations	271	Spib_271	0.627447448868257	-0.000402484343421518	CT	C57BL/6	Saline 3d	AngII 3d
535.6	deviations	535	Emx2_535	0.630536908355292	0.00418642110457789	CT	C57BL/6	Saline 3d	AngII 3d
226.6	deviations	226	Zscan20_226	0.632002275874754	-0.00938529492531826	CT	C57BL/6	Saline 3d	AngII 3d
747.6	deviations	747	Sox11_747	0.632002275874754	-0.00585744374743716	CT	C57BL/6	Saline 3d	AngII 3d
547.6	deviations	547	Hoxb13_547	0.635666004284623	0.0039764435950294	CT	C57BL/6	Saline 3d	AngII 3d
101.6	deviations	101	Nfe2l2_101	0.63592673279886	-0.00501335742130266	CT	C57BL/6	Saline 3d	AngII 3d
203.6	deviations	203	Zfp691_203	0.636944966756128	-0.00443478324872984	CT	C57BL/6	Saline 3d	AngII 3d
228.6	deviations	228	Zbtb6_228	0.637506232986543	0.00552445155809843	CT	C57BL/6	Saline 3d	AngII 3d
616.6	deviations	616	Pou2f2_616	0.637506232986543	0.00634813315394409	CT	C57BL/6	Saline 3d	AngII 3d
750.6	deviations	750	Sox2_750	0.637506232986543	-0.00297585222523145	CT	C57BL/6	Saline 3d	AngII 3d
844.6	deviations	844	Nr1d1_844	0.637506232986543	-0.0129084157998958	CT	C57BL/6	Saline 3d	AngII 3d
845.6	deviations	845	Nr1d2_845	0.637506232986543	-0.0129084157998958	CT	C57BL/6	Saline 3d	AngII 3d
428.6	deviations	428	Hoxb9_428	0.63849394414649	0.00389600767032155	CT	C57BL/6	Saline 3d	AngII 3d
591.6	deviations	591	NP_591	0.63849394414649	0.00389600767032155	CT	C57BL/6	Saline 3d	AngII 3d
753.6	deviations	753	Stat6_753	0.63849394414649	0.00273355830374233	CT	C57BL/6	Saline 3d	AngII 3d
771.6	deviations	771	T_771	0.638573293897935	0.00483206024515098	CT	C57BL/6	Saline 3d	AngII 3d
136.6	deviations	136	Mafb_136	0.642613335153104	-0.0071547913065869	CT	C57BL/6	Saline 3d	AngII 3d
542.6	deviations	542	Tgif1_542	0.646852696440416	0.00564969677544256	CT	C57BL/6	Saline 3d	AngII 3d
70.6	deviations	70	Mlxip_70	0.648757734665025	-0.00194017221995467	CT	C57BL/6	Saline 3d	AngII 3d
488.6	deviations	488	Barx2_488	0.648757734665025	-0.0131488298530854	CT	C57BL/6	Saline 3d	AngII 3d
528.6	deviations	528	Dlx1_528	0.648757734665025	0.00678628918304668	CT	C57BL/6	Saline 3d	AngII 3d
537.6	deviations	537	Nkx23_537	0.648757734665025	-0.0139682469259812	CT	C57BL/6	Saline 3d	AngII 3d
554.6	deviations	554	Pbx1_554	0.648757734665025	-0.00538090092432684	CT	C57BL/6	Saline 3d	AngII 3d
147.6	deviations	147	Snai3_147	0.652134551407911	0.00345045446450754	CT	C57BL/6	Saline 3d	AngII 3d
197.6	deviations	197	Snai1_197	0.652134551407911	0.00345045446450754	CT	C57BL/6	Saline 3d	AngII 3d
600.6	deviations	600	NP_600	0.660001125141206	0.00850395951775727	CT	C57BL/6	Saline 3d	AngII 3d
726.6	deviations	726	Tcf7_726	0.660076889277763	-0.00357919643596987	CT	C57BL/6	Saline 3d	AngII 3d
794.6	deviations	794	Klf6_794	0.661450188470633	0.00251917950247967	CT	C57BL/6	Saline 3d	AngII 3d
804.6	deviations	804	Klf3_804	0.661450188470633	0.00251917950247967	CT	C57BL/6	Saline 3d	AngII 3d
819.6	deviations	819	Klf2_819	0.661450188470633	0.00251917950247967	CT	C57BL/6	Saline 3d	AngII 3d
107.6	deviations	107	Fosl1_107	0.661687977552307	-0.00944844536591377	CT	C57BL/6	Saline 3d	AngII 3d
190.6	deviations	190	Egr1_190	0.661687977552307	-0.00298812472738414	CT	C57BL/6	Saline 3d	AngII 3d
210.6	deviations	210	Zbtb12_210	0.661687977552307	-0.00736926448561135	CT	C57BL/6	Saline 3d	AngII 3d
181.6	deviations	181	Zic1_181	0.66793244760929	0.00175977713194557	CT	C57BL/6	Saline 3d	AngII 3d
302.6	deviations	302	Foxp1_302	0.66793244760929	-0.00721731879015824	CT	C57BL/6	Saline 3d	AngII 3d
348.6	deviations	348	Gm5294_348	0.66793244760929	-0.00395098362554093	CT	C57BL/6	Saline 3d	AngII 3d
375.6	deviations	375	Foxl1_375	0.66793244760929	-0.00395098362554093	CT	C57BL/6	Saline 3d	AngII 3d
399.6	deviations	399	Nkx21_399	0.66793244760929	0.00512547458770142	CT	C57BL/6	Saline 3d	AngII 3d
450.6	deviations	450	Tlx1_450	0.66793244760929	0.00755140700260824	CT	C57BL/6	Saline 3d	AngII 3d
522.6	deviations	522	Tlx3_522	0.66793244760929	0.00755140700260824	CT	C57BL/6	Saline 3d	AngII 3d
859.6	deviations	859	Nfib_859	0.66793244760929	-0.00971725512643401	CT	C57BL/6	Saline 3d	AngII 3d
862.6	deviations	862	Nfia_862	0.66793244760929	-0.00971725512643401	CT	C57BL/6	Saline 3d	AngII 3d
85.6	deviations	85	Neurog1_85	0.671622998197679	-0.00613860824022939	CT	C57BL/6	Saline 3d	AngII 3d
118.6	deviations	118	Creb3l2_118	0.672276040708075	-0.00785037958054951	CT	C57BL/6	Saline 3d	AngII 3d
4.6	deviations	4	Tcfap2e_4	0.673667372705496	-0.00574800187766886	CT	C57BL/6	Saline 3d	AngII 3d
121.6	deviations	121	Atf4_121	0.673667372705496	-0.0286406894416581	CT	C57BL/6	Saline 3d	AngII 3d
394.6	deviations	394	Hoxb6_394	0.673667372705496	0.012715729171825	CT	C57BL/6	Saline 3d	AngII 3d
125.6	deviations	125	Cebpe_125	0.676685315865699	0.00328688619216339	CT	C57BL/6	Saline 3d	AngII 3d
209.6	deviations	209	Zfp161_209	0.676685315865699	0.00190777436591474	CT	C57BL/6	Saline 3d	AngII 3d
44.6	deviations	44	Npas2_44	0.683215567738554	-0.0054297474991125	CT	C57BL/6	Saline 3d	AngII 3d
342.6	deviations	342	Gm5294_342	0.683215567738554	-0.0106970107735509	CT	C57BL/6	Saline 3d	AngII 3d
349.6	deviations	349	Gm5294_349	0.683215567738554	0.00305809210067492	CT	C57BL/6	Saline 3d	AngII 3d
732.6	deviations	732	Tcf7l2_732	0.684632363003331	0.00473278142029708	CT	C57BL/6	Saline 3d	AngII 3d
435.6	deviations	435	Irx4_435	0.684778034567596	0.00595634464380882	CT	C57BL/6	Saline 3d	AngII 3d
517.6	deviations	517	En2_517	0.684778034567596	0.00735737464066062	CT	C57BL/6	Saline 3d	AngII 3d
530.6	deviations	530	Hoxd1_530	0.684778034567596	0.00735737464066062	CT	C57BL/6	Saline 3d	AngII 3d
607.6	deviations	607	NP_607	0.684778034567596	0.00574324752463768	CT	C57BL/6	Saline 3d	AngII 3d
632.6	deviations	632	Irf4_632	0.686575018661895	0.00592912059185568	CT	C57BL/6	Saline 3d	AngII 3d
462.6	deviations	462	Nkx22_462	0.688077447898855	0.00667425257895138	CT	C57BL/6	Saline 3d	AngII 3d
735.6	deviations	735	Sox10_735	0.688077447898855	-0.00321896792616104	CT	C57BL/6	Saline 3d	AngII 3d
491.6	deviations	491	Emx1_491	0.688353647076413	-0.0196990460542661	CT	C57BL/6	Saline 3d	AngII 3d
178.6	deviations	178	Zkscan1_178	0.690704427461875	-0.0115923632448864	CT	C57BL/6	Saline 3d	AngII 3d
687.6	deviations	687	Ar_687	0.690704427461875	-0.004437563825576	CT	C57BL/6	Saline 3d	AngII 3d
704.6	deviations	704	Rfx5_704	0.690704427461875	-0.00336535869787014	CT	C57BL/6	Saline 3d	AngII 3d
678.6	deviations	678	Rorc_678	0.691069905058198	-0.00911582757992884	CT	C57BL/6	Saline 3d	AngII 3d
716.6	deviations	716	Gmeb2_716	0.691069905058198	0.0173900106908397	CT	C57BL/6	Saline 3d	AngII 3d
431.6	deviations	431	Vsx2_431	0.691538063374225	-0.0114006302494459	CT	C57BL/6	Saline 3d	AngII 3d
507.6	deviations	507	Hoxa11_507	0.693904266283804	0.00630196174731389	CT	C57BL/6	Saline 3d	AngII 3d
350.6	deviations	350	Gm5294_350	0.695119618124923	-0.00853613714535287	CT	C57BL/6	Saline 3d	AngII 3d
376.6	deviations	376	Foxl1_376	0.695119618124923	-0.00853613714535287	CT	C57BL/6	Saline 3d	AngII 3d
727.6	deviations	727	Hbp1_727	0.695119618124923	0.00984600557867918	CT	C57BL/6	Saline 3d	AngII 3d
151.6	deviations	151	Zbtb4_151	0.696626575988722	0.00655107102045069	CT	C57BL/6	Saline 3d	AngII 3d
628.6	deviations	628	Hsfy2_628	0.696626575988722	0.0146838853394396	CT	C57BL/6	Saline 3d	AngII 3d
561.6	deviations	561	Pou3f4_561	0.698043867074776	0.00964790198332481	CT	C57BL/6	Saline 3d	AngII 3d
86.6	deviations	86	Nhlh1_86	0.699461353471443	-5.87884267215198e-05	CT	C57BL/6	Saline 3d	AngII 3d
571.6	deviations	571	Gbx1_571	0.700968742195238	-0.0152325833572544	CT	C57BL/6	Saline 3d	AngII 3d
660.6	deviations	660	Nr2c1_660	0.700968742195238	0.00074081150761688	CT	C57BL/6	Saline 3d	AngII 3d
221.6	deviations	221	Scrt2_221	0.716690893376394	0.00577834315518728	CT	C57BL/6	Saline 3d	AngII 3d
259.6	deviations	259	E2f2_259	0.716690893376394	0.0111000232300847	CT	C57BL/6	Saline 3d	AngII 3d
482.6	deviations	482	Isx_482	0.716690893376394	-0.00553897969484772	CT	C57BL/6	Saline 3d	AngII 3d
486.6	deviations	486	Pbx4_486	0.716690893376394	0.000358946868374593	CT	C57BL/6	Saline 3d	AngII 3d
496.6	deviations	496	Pbx2_496	0.716690893376394	0.000358946868374593	CT	C57BL/6	Saline 3d	AngII 3d
582.6	deviations	582	Hoxb2_582	0.716690893376394	-0.00338669545500768	CT	C57BL/6	Saline 3d	AngII 3d
652.6	deviations	652	Gm98_652	0.716690893376394	0.00561619830642522	CT	C57BL/6	Saline 3d	AngII 3d
873.6	deviations	873	E4f1_873	0.716690893376394	-0.00234673360404759	CT	C57BL/6	Saline 3d	AngII 3d
338.6	deviations	338	Gm5294_338	0.717710249179114	0.00476063807183575	CT	C57BL/6	Saline 3d	AngII 3d
364.6	deviations	364	Foxl1_364	0.717710249179114	0.00476063807183575	CT	C57BL/6	Saline 3d	AngII 3d
752.6	deviations	752	ENSMUSG00000079994_752	0.717710249179114	-0.000947275228692512	CT	C57BL/6	Saline 3d	AngII 3d
104.6	deviations	104	Fos_104	0.72130974231995	0.00776765667564305	CT	C57BL/6	Saline 3d	AngII 3d
420.6	deviations	420	Hoxa2_420	0.72130974231995	-0.00825604330990146	CT	C57BL/6	Saline 3d	AngII 3d
251.6	deviations	251	Dmrt1_251	0.725398783984225	-0.0104035522756296	CT	C57BL/6	Saline 3d	AngII 3d
681.6	deviations	681	Nr3c2_681	0.726436445018118	0.00101665777053901	CT	C57BL/6	Saline 3d	AngII 3d
63.6	deviations	63	Myf6_63	0.726519982530445	0.00726074927195114	CT	C57BL/6	Saline 3d	AngII 3d
67.6	deviations	67	Atoh8_67	0.727345469167106	-0.00639376865131965	CT	C57BL/6	Saline 3d	AngII 3d
444.6	deviations	444	Esx1_444	0.727345469167106	0.00124201028242313	CT	C57BL/6	Saline 3d	AngII 3d
715.6	deviations	715	Gmeb1_715	0.727345469167106	-0.00949048404992588	CT	C57BL/6	Saline 3d	AngII 3d
72.6	deviations	72	Olig2_72	0.728954109646801	-0.00522241040587589	CT	C57BL/6	Saline 3d	AngII 3d
10.6	deviations	10	Arid3c_10	0.731134442526537	-0.00217024389132283	CT	C57BL/6	Saline 3d	AngII 3d
304.6	deviations	304	Foxh1_304	0.733315294661247	-0.00338001607199725	CT	C57BL/6	Saline 3d	AngII 3d
106.6	deviations	106	Atf1_106	0.734351962477627	-0.0107757250289998	CT	C57BL/6	Saline 3d	AngII 3d
248.6	deviations	248	Mbd1_248	0.734435310593331	9.01892834059455e-05	CT	C57BL/6	Saline 3d	AngII 3d
733.6	deviations	733	Sox17_733	0.74081636687168	0.00794765294330697	CT	C57BL/6	Saline 3d	AngII 3d
135.6	deviations	135	Jund_135	0.74242569411586	0.00758520299229862	CT	C57BL/6	Saline 3d	AngII 3d
374.6	deviations	374	Foxl1_374	0.749208168350282	0.00183282493850574	CT	C57BL/6	Saline 3d	AngII 3d
20.6	deviations	20	Tcfap4_20	0.750626417888237	0.00641963290409489	CT	C57BL/6	Saline 3d	AngII 3d
143.6	deviations	143	Klf4_143	0.751121041233945	-0.00123486779416279	CT	C57BL/6	Saline 3d	AngII 3d
352.6	deviations	352	Gm5294_352	0.751121041233945	-0.0026091727771995	CT	C57BL/6	Saline 3d	AngII 3d
378.6	deviations	378	Foxl1_378	0.751121041233945	-0.0026091727771995	CT	C57BL/6	Saline 3d	AngII 3d
536.6	deviations	536	Nkx26_536	0.751121041233945	-0.00134297068075725	CT	C57BL/6	Saline 3d	AngII 3d
26.6	deviations	26	Arnt2_26	0.760788308204158	-0.00317286957794602	CT	C57BL/6	Saline 3d	AngII 3d
761.6	deviations	761	Tbx4_761	0.762082987235541	-0.00793905559292403	CT	C57BL/6	Saline 3d	AngII 3d
764.6	deviations	764	Tbx5_764	0.762082987235541	-0.00793905559292403	CT	C57BL/6	Saline 3d	AngII 3d
80.6	deviations	80	Npas4_80	0.763883294496237	0.0143736567825032	CT	C57BL/6	Saline 3d	AngII 3d
186.6	deviations	186	Prdm4_186	0.766137208842475	0.00113741551769204	CT	C57BL/6	Saline 3d	AngII 3d
426.6	deviations	426	Hnf1b_426	0.766137208842475	0.00139284261572383	CT	C57BL/6	Saline 3d	AngII 3d
581.6	deviations	581	Hoxc4_581	0.77140010206199	0.00458912539487098	CT	C57BL/6	Saline 3d	AngII 3d
398.6	deviations	398	Meox1_398	0.771659053684397	0.00275037393496286	CT	C57BL/6	Saline 3d	AngII 3d
878.6	deviations	878	Zfp263_878	0.772880422825092	0.000358140581229958	CT	C57BL/6	Saline 3d	AngII 3d
531.6	deviations	531	Hoxd4_531	0.777183286077359	-0.00863383937593357	CT	C57BL/6	Saline 3d	AngII 3d
206.6	deviations	206	Osr1_206	0.778596172896813	0.00742206602227037	CT	C57BL/6	Saline 3d	AngII 3d
519.6	deviations	519	Prrx2_519	0.778723611073613	-0.00382409585886607	CT	C57BL/6	Saline 3d	AngII 3d
839.6	deviations	839	Prrxl1_839	0.778723611073613	-0.00382409585886607	CT	C57BL/6	Saline 3d	AngII 3d
14.6	deviations	14	Hmga2_14	0.783211720953505	0.00678731355647549	CT	C57BL/6	Saline 3d	AngII 3d
194.6	deviations	194	Klf8_194	0.783211720953505	0.00181219931133748	CT	C57BL/6	Saline 3d	AngII 3d
776.6	deviations	776	Hmga1_776	0.783211720953505	0.00678731355647549	CT	C57BL/6	Saline 3d	AngII 3d
777.6	deviations	777	Hmga1rs1_777	0.783211720953505	0.00678731355647549	CT	C57BL/6	Saline 3d	AngII 3d
722.6	deviations	722	Nfix_722	0.7857753586148	-0.00647113609970623	CT	C57BL/6	Saline 3d	AngII 3d
239.6	deviations	239	Zfp652_239	0.790651065830875	0.00142850783936387	CT	C57BL/6	Saline 3d	AngII 3d
881.6	deviations	881	Mixl1_881	0.793794649771728	0.00235845674277214	CT	C57BL/6	Saline 3d	AngII 3d
108.6	deviations	108	Bach1_108	0.794661612812507	-0.000971191232455898	CT	C57BL/6	Saline 3d	AngII 3d
142.6	deviations	142	Sp1_142	0.794661612812507	0.00161858242539032	CT	C57BL/6	Saline 3d	AngII 3d
294.6	deviations	294	Gm4881_294	0.794661612812507	-0.000426650948304026	CT	C57BL/6	Saline 3d	AngII 3d
393.6	deviations	393	Lhx2_393	0.794661612812507	0.00585187233996125	CT	C57BL/6	Saline 3d	AngII 3d
583.6	deviations	583	Hoxd3_583	0.794661612812507	-0.00361427673793587	CT	C57BL/6	Saline 3d	AngII 3d
78.6	deviations	78	Olig3_78	0.795548430136059	-0.00490448840026557	CT	C57BL/6	Saline 3d	AngII 3d
788.6	deviations	788	Ddit3_788	0.795548430136059	0.0116926471725443	CT	C57BL/6	Saline 3d	AngII 3d
115.6	deviations	115	Cebpa_115	0.79758628886573	-0.00590360425961974	CT	C57BL/6	Saline 3d	AngII 3d
640.6	deviations	640	Mef2a_640	0.79758628886573	-0.00374471375747264	CT	C57BL/6	Saline 3d	AngII 3d
624.6	deviations	624	Pit1_624	0.8010999845216	4.60332933961381e-05	CT	C57BL/6	Saline 3d	AngII 3d
7.6	deviations	7	Arid3a_7	0.803054532925807	0.0023331323984022	CT	C57BL/6	Saline 3d	AngII 3d
82.6	deviations	82	Ferd3l_82	0.803054532925807	0.00434985406948807	CT	C57BL/6	Saline 3d	AngII 3d
412.6	deviations	412	Rhox6_412	0.803054532925807	0.00293562477155101	CT	C57BL/6	Saline 3d	AngII 3d
572.6	deviations	572	Rhox9_572	0.803054532925807	0.00293562477155101	CT	C57BL/6	Saline 3d	AngII 3d
211.6	deviations	211	Hic2_211	0.805084261195131	-0.00207580631202739	CT	C57BL/6	Saline 3d	AngII 3d
455.6	deviations	455	Prrx1_455	0.805084261195131	0.00188980601536128	CT	C57BL/6	Saline 3d	AngII 3d
453.6	deviations	453	Msx3_453	0.80648116562288	-0.00220871012424378	CT	C57BL/6	Saline 3d	AngII 3d
48.6	deviations	48	Sohlh2_48	0.810367662655099	0.000753027270761654	CT	C57BL/6	Saline 3d	AngII 3d
39.6	deviations	39	Hes1_39	0.810421423227401	0.000840578767226804	CT	C57BL/6	Saline 3d	AngII 3d
470.6	deviations	470	Hnf1a_470	0.810912853333022	0.00571328846367695	CT	C57BL/6	Saline 3d	AngII 3d
680.6	deviations	680	Nr2f2_680	0.810912853333022	0.000388878370673232	CT	C57BL/6	Saline 3d	AngII 3d
188.6	deviations	188	Egr2_188	0.819008945210594	0.00142514832572951	CT	C57BL/6	Saline 3d	AngII 3d
23.6	deviations	23	Ascl2_23	0.820279069725699	-0.00022648494172439	CT	C57BL/6	Saline 3d	AngII 3d
175.6	deviations	175	Mtf1_175	0.820279069725699	0.0023197684908812	CT	C57BL/6	Saline 3d	AngII 3d
483.6	deviations	483	Irx3_483	0.820279069725699	0.000596371696977811	CT	C57BL/6	Saline 3d	AngII 3d
503.6	deviations	503	Hoxc9_503	0.820279069725699	0.000142070511455719	CT	C57BL/6	Saline 3d	AngII 3d
594.6	deviations	594	NP_594	0.820279069725699	0.000142070511455719	CT	C57BL/6	Saline 3d	AngII 3d
597.6	deviations	597	NP_597	0.820279069725699	-0.000270385464896395	CT	C57BL/6	Saline 3d	AngII 3d
626.6	deviations	626	Hsf1_626	0.820279069725699	0.00353493776832896	CT	C57BL/6	Saline 3d	AngII 3d
629.6	deviations	629	Irf9_629	0.820279069725699	-0.00310524216414673	CT	C57BL/6	Saline 3d	AngII 3d
780.6	deviations	780	Ascl1_780	0.820279069725699	-0.00022648494172439	CT	C57BL/6	Saline 3d	AngII 3d
847.6	deviations	847	Nr4a1_847	0.820279069725699	0.00120573517657518	CT	C57BL/6	Saline 3d	AngII 3d
442.6	deviations	442	Gsc2_442	0.820438651103396	0.00879108414826103	CT	C57BL/6	Saline 3d	AngII 3d
492.6	deviations	492	Barhl2_492	0.820438651103396	0.000773823457566995	CT	C57BL/6	Saline 3d	AngII 3d
613.6	deviations	613	Pax3_613	0.820438651103396	-0.00454346576848223	CT	C57BL/6	Saline 3d	AngII 3d
16.6	deviations	16	Zfp957_16	0.820736742903301	0.00333052130972483	CT	C57BL/6	Saline 3d	AngII 3d
54.6	deviations	54	Figla_54	0.820736742903301	0.00490370615531607	CT	C57BL/6	Saline 3d	AngII 3d
725.6	deviations	725	Sox9_725	0.825531304466212	0.00656881017316889	CT	C57BL/6	Saline 3d	AngII 3d
544.6	deviations	544	Duxbl_544	0.827769805651542	-0.00449946882293219	CT	C57BL/6	Saline 3d	AngII 3d
575.6	deviations	575	Gm10391_575	0.827769805651542	-0.00449946882293219	CT	C57BL/6	Saline 3d	AngII 3d
576.6	deviations	576	Gm10394_576	0.827769805651542	-0.00449946882293219	CT	C57BL/6	Saline 3d	AngII 3d
557.6	deviations	557	Nkx24_557	0.828199295837053	0.00209492754351413	CT	C57BL/6	Saline 3d	AngII 3d
467.6	deviations	467	Pax7_467	0.834691691558117	0.00416299527205665	CT	C57BL/6	Saline 3d	AngII 3d
648.6	deviations	648	Terf2_648	0.837392761096498	-0.00122968617724047	CT	C57BL/6	Saline 3d	AngII 3d
736.6	deviations	736	Sox30_736	0.840177569276671	-0.00138463913609882	CT	C57BL/6	Saline 3d	AngII 3d
774.6	deviations	774	Prkrir_774	0.840177569276671	0.00209902668259184	CT	C57BL/6	Saline 3d	AngII 3d
843.6	deviations	843	Smarcc1_843	0.840177569276671	0.00649060837712231	CT	C57BL/6	Saline 3d	AngII 3d
343.6	deviations	343	Gm5294_343	0.843228627247447	0.002938582039117	CT	C57BL/6	Saline 3d	AngII 3d
369.6	deviations	369	Foxl1_369	0.843228627247447	0.002938582039117	CT	C57BL/6	Saline 3d	AngII 3d
413.6	deviations	413	Vax1_413	0.843228627247447	-0.00152558506229345	CT	C57BL/6	Saline 3d	AngII 3d
506.6	deviations	506	Hoxa13_506	0.843228627247447	-0.00303637831516737	CT	C57BL/6	Saline 3d	AngII 3d
748.6	deviations	748	Sry_748	0.843228627247447	0.00238537867983662	CT	C57BL/6	Saline 3d	AngII 3d
451.6	deviations	451	Lbx1_451	0.84780456099933	0.00164786372176922	CT	C57BL/6	Saline 3d	AngII 3d
83.6	deviations	83	Hes5_83	0.848410435177978	-0.0029208696193817	CT	C57BL/6	Saline 3d	AngII 3d
126.6	deviations	126	Jun_126	0.848449480845092	0.00197716742027655	CT	C57BL/6	Saline 3d	AngII 3d
474.6	deviations	474	Cux1_474	0.851960080236958	0.0159787877342056	CT	C57BL/6	Saline 3d	AngII 3d
772.6	deviations	772	Tbp_772	0.851960080236958	0.00272930331905742	CT	C57BL/6	Saline 3d	AngII 3d
773.6	deviations	773	Tbpl2_773	0.851960080236958	0.00272930331905742	CT	C57BL/6	Saline 3d	AngII 3d
217.6	deviations	217	Zkscan5_217	0.854294936326599	0.000885096329047146	CT	C57BL/6	Saline 3d	AngII 3d
641.6	deviations	641	Mbd2_641	0.854294936326599	0.000461299193823623	CT	C57BL/6	Saline 3d	AngII 3d
769.6	deviations	769	Tbr1_769	0.863378705324412	-0.00397633627159855	CT	C57BL/6	Saline 3d	AngII 3d
205.6	deviations	205	Scrt1_205	0.866076338257642	-0.000171917659379545	CT	C57BL/6	Saline 3d	AngII 3d
564.6	deviations	564	Nkx29_564	0.866076338257642	-0.00309433259983565	CT	C57BL/6	Saline 3d	AngII 3d
480.6	deviations	480	Dbx1_480	0.868365957662079	0.0103279667141412	CT	C57BL/6	Saline 3d	AngII 3d
119.6	deviations	119	Bach2_119	0.870112412336054	0.00202915599845023	CT	C57BL/6	Saline 3d	AngII 3d
427.6	deviations	427	Dlx4_427	0.870112412336054	-0.00406789933060168	CT	C57BL/6	Saline 3d	AngII 3d
184.6	deviations	184	Klf9_184	0.871266670834342	0.013987028721135	CT	C57BL/6	Saline 3d	AngII 3d
738.6	deviations	738	Sox5_738	0.871855208203823	-0.00382128798950884	CT	C57BL/6	Saline 3d	AngII 3d
19.6	deviations	19	Npas1_19	0.873453485698747	-0.0159266631414003	CT	C57BL/6	Saline 3d	AngII 3d
30.6	deviations	30	Sim1_30	0.873453485698747	-0.0159266631414003	CT	C57BL/6	Saline 3d	AngII 3d
34.6	deviations	34	Npas3_34	0.873453485698747	-0.0159266631414003	CT	C57BL/6	Saline 3d	AngII 3d
92.6	deviations	92	Sim2_92	0.873453485698747	-0.0159266631414003	CT	C57BL/6	Saline 3d	AngII 3d
96.6	deviations	96	Mga_96	0.878976024640245	-0.0084275425582717	CT	C57BL/6	Saline 3d	AngII 3d
110.6	deviations	110	Atf3_110	0.878976024640245	-0.00946289261873094	CT	C57BL/6	Saline 3d	AngII 3d
505.6	deviations	505	Alx1_505	0.878976024640245	-0.00228118674984047	CT	C57BL/6	Saline 3d	AngII 3d
596.6	deviations	596	NP_596	0.878976024640245	-0.00673023911818632	CT	C57BL/6	Saline 3d	AngII 3d
137.6	deviations	137	Nfil3_137	0.880158891988074	0.0177047413249779	CT	C57BL/6	Saline 3d	AngII 3d
254.6	deviations	254	Dmrt2_254	0.880158891988074	0.00145208467896825	CT	C57BL/6	Saline 3d	AngII 3d
767.6	deviations	767	Tbx20_767	0.880158891988074	-0.0097878577128123	CT	C57BL/6	Saline 3d	AngII 3d
98.6	deviations	98	Fosb_98	0.882290211642539	-0.000525467459625721	CT	C57BL/6	Saline 3d	AngII 3d
424.6	deviations	424	Lhx9_424	0.882290211642539	-0.00317378231762329	CT	C57BL/6	Saline 3d	AngII 3d
500.6	deviations	500	Arx_500	0.882290211642539	-0.00317378231762329	CT	C57BL/6	Saline 3d	AngII 3d
651.6	deviations	651	Gm239_651	0.882290211642539	-0.00491102255853741	CT	C57BL/6	Saline 3d	AngII 3d
279.6	deviations	279	Spdef_279	0.884170780426337	0.00460384364592274	CT	C57BL/6	Saline 3d	AngII 3d
389.6	deviations	389	Tcfcp2_389	0.884227252440792	0.0142668253400901	CT	C57BL/6	Saline 3d	AngII 3d
439.6	deviations	439	Nkx31_439	0.884227252440792	-0.00572223414706016	CT	C57BL/6	Saline 3d	AngII 3d
611.6	deviations	611	Dobox4_611	0.884227252440792	0.00408319941655629	CT	C57BL/6	Saline 3d	AngII 3d
180.6	deviations	180	Zfp300_180	0.887081775058041	-0.0051622204492674	CT	C57BL/6	Saline 3d	AngII 3d
309.6	deviations	309	Foxq1_309	0.887081775058041	0.00420627244395111	CT	C57BL/6	Saline 3d	AngII 3d
479.6	deviations	479	Hoxa1_479	0.887081775058041	-0.0133138614345457	CT	C57BL/6	Saline 3d	AngII 3d
721.6	deviations	721	IRC900814_721	0.887081775058041	-0.00718533416944821	CT	C57BL/6	Saline 3d	AngII 3d
598.6	deviations	598	NP_598	0.888764309485204	-0.00418664490674876	CT	C57BL/6	Saline 3d	AngII 3d
166.6	deviations	166	Ovol1_166	0.890629709305769	0.00062223711401824	CT	C57BL/6	Saline 3d	AngII 3d
160.6	deviations	160	Zfp187_160	0.89508126686943	-0.00529244133919334	CT	C57BL/6	Saline 3d	AngII 3d
179.6	deviations	179	Mzf1_179	0.899899940317442	-0.0018388859285299	CT	C57BL/6	Saline 3d	AngII 3d
235.6	deviations	235	Zbtb3_235	0.902680655891311	0.00283860552740709	CT	C57BL/6	Saline 3d	AngII 3d
200.6	deviations	200	Zfp3_200	0.905180956113448	-0.00542384672047177	CT	C57BL/6	Saline 3d	AngII 3d
705.6	deviations	705	Rfx6_705	0.906571378536496	-0.00472191004801239	CT	C57BL/6	Saline 3d	AngII 3d
837.6	deviations	837	Six5_837	0.906571378536496	-0.0124282139162455	CT	C57BL/6	Saline 3d	AngII 3d
516.6	deviations	516	Six3_516	0.908049216518555	-0.0110035335795106	CT	C57BL/6	Saline 3d	AngII 3d
229.6	deviations	229	Zic3_229	0.909340745013221	-0.00119103640546199	CT	C57BL/6	Saline 3d	AngII 3d
691.6	deviations	691	Trp73_691	0.909340745013221	0.00249682472380409	CT	C57BL/6	Saline 3d	AngII 3d
32.6	deviations	32	Srebf1_32	0.912286329941386	0.00599068614117199	CT	C57BL/6	Saline 3d	AngII 3d
765.6	deviations	765	Tbx3_765	0.918543059990347	-0.00541248481595863	CT	C57BL/6	Saline 3d	AngII 3d
573.6	deviations	573	Noto_573	0.919455323500457	-0.0133054005663404	CT	C57BL/6	Saline 3d	AngII 3d
159.6	deviations	159	Fezf2_159	0.927680102066803	0.00450994689211573	CT	C57BL/6	Saline 3d	AngII 3d
177.6	deviations	177	Fezf1_177	0.927680102066803	0.00450994689211573	CT	C57BL/6	Saline 3d	AngII 3d
644.6	deviations	644	Myb_644	0.927680102066803	-0.0134975930237845	CT	C57BL/6	Saline 3d	AngII 3d
728.6	deviations	728	Cic_728	0.927680102066803	0.00316094046141531	CT	C57BL/6	Saline 3d	AngII 3d
66.6	deviations	66	Hand1_66	0.929115578888435	0.00360481553295097	CT	C57BL/6	Saline 3d	AngII 3d
68.6	deviations	68	Hand2_68	0.929115578888435	0.00360481553295097	CT	C57BL/6	Saline 3d	AngII 3d
1.6	deviations	1	Tcfap2a_1	0.929648509433647	0.00065456082469977	CT	C57BL/6	Saline 3d	AngII 3d
595.6	deviations	595	NP_595	0.930363682077745	0.0050325603020211	CT	C57BL/6	Saline 3d	AngII 3d
760.6	deviations	760	Tbx2_760	0.931992127469641	-0.00752092029023708	CT	C57BL/6	Saline 3d	AngII 3d
97.6	deviations	97	Cebpd_97	0.936003151990665	0.00288309239256983	CT	C57BL/6	Saline 3d	AngII 3d
130.6	deviations	130	Cebpb_130	0.936003151990665	0.00288309239256983	CT	C57BL/6	Saline 3d	AngII 3d
161.6	deviations	161	Osr2_161	0.936003151990665	0.00340740525175392	CT	C57BL/6	Saline 3d	AngII 3d
227.6	deviations	227	Zfp238_227	0.936003151990665	0.000266363247208176	CT	C57BL/6	Saline 3d	AngII 3d
396.6	deviations	396	Hoxa4_396	0.936003151990665	0.00274484202357141	CT	C57BL/6	Saline 3d	AngII 3d
422.6	deviations	422	Lhx1_422	0.936003151990665	-0.00214090029528794	CT	C57BL/6	Saline 3d	AngII 3d
471.6	deviations	471	Lhx5_471	0.936003151990665	0.00275760622792178	CT	C57BL/6	Saline 3d	AngII 3d
498.6	deviations	498	Lbx2_498	0.936003151990665	0.0021313202145964	CT	C57BL/6	Saline 3d	AngII 3d
745.6	deviations	745	Sox21_745	0.936003151990665	0.000206538940565	CT	C57BL/6	Saline 3d	AngII 3d
570.6	deviations	570	Hmx1_570	0.937613422641179	-0.000517955813301801	CT	C57BL/6	Saline 3d	AngII 3d
187.6	deviations	187	Zic4_187	0.943765183025997	0.000710771774765616	CT	C57BL/6	Saline 3d	AngII 3d
208.6	deviations	208	Zfa_208	0.943765183025997	-0.000417631775529653	CT	C57BL/6	Saline 3d	AngII 3d
213.6	deviations	213	Zfy1_213	0.943765183025997	-0.000417631775529653	CT	C57BL/6	Saline 3d	AngII 3d
419.6	deviations	419	Alx3_419	0.943765183025997	-0.00371367476502705	CT	C57BL/6	Saline 3d	AngII 3d
454.6	deviations	454	Lhx4_454	0.943765183025997	-0.00371367476502705	CT	C57BL/6	Saline 3d	AngII 3d
497.6	deviations	497	Vax2_497	0.943765183025997	-0.00630879073661787	CT	C57BL/6	Saline 3d	AngII 3d
563.6	deviations	563	En1_563	0.943765183025997	-0.00371367476502705	CT	C57BL/6	Saline 3d	AngII 3d
113.6	deviations	113	Fosl2_113	0.948418036413787	-0.00307634031546717	CT	C57BL/6	Saline 3d	AngII 3d
38.6	deviations	38	Srebf2_38	0.95594421897166	0.000974327609808512	CT	C57BL/6	Saline 3d	AngII 3d
443.6	deviations	443	Dlx2_443	0.9560849576467	0.00768975293351682	CT	C57BL/6	Saline 3d	AngII 3d
449.6	deviations	449	Hhex_449	0.956904428805482	-0.0013689129657842	CT	C57BL/6	Saline 3d	AngII 3d
511.6	deviations	511	Hoxb4_511	0.956904428805482	-0.000178770710906946	CT	C57BL/6	Saline 3d	AngII 3d
164.6	deviations	164	Zscan10_164	0.958217875667311	-0.00266111175120336	CT	C57BL/6	Saline 3d	AngII 3d
478.6	deviations	478	Dlx5_478	0.958217875667311	0.000525548669730508	CT	C57BL/6	Saline 3d	AngII 3d
541.6	deviations	541	Dbx2_541	0.958217875667311	0.000525548669730508	CT	C57BL/6	Saline 3d	AngII 3d
601.6	deviations	601	NP_601	0.960059677513339	-0.00221121046123075	CT	C57BL/6	Saline 3d	AngII 3d
731.6	deviations	731	Sox8_731	0.960059677513339	-0.000148702200841462	CT	C57BL/6	Saline 3d	AngII 3d
746.6	deviations	746	Sox7_746	0.960059677513339	-0.000148702200841462	CT	C57BL/6	Saline 3d	AngII 3d
730.6	deviations	730	Bbx_730	0.967327697559483	-0.00317584381452249	CT	C57BL/6	Saline 3d	AngII 3d
12.6	deviations	12	Setbp1_12	0.978562550059447	-0.0219102119335604	CT	C57BL/6	Saline 3d	AngII 3d
149.6	deviations	149	Ikzf1_149	0.978562550059447	-0.00238200235758333	CT	C57BL/6	Saline 3d	AngII 3d
796.6	deviations	796	Ikzf4_796	0.978562550059447	-0.00238200235758333	CT	C57BL/6	Saline 3d	AngII 3d
459.6	deviations	459	Lhx3_459	0.982459292074537	-0.00260874486929198	CT	C57BL/6	Saline 3d	AngII 3d
782.6	deviations	782	Tal1_782	0.982459292074537	0.00461473550968381	CT	C57BL/6	Saline 3d	AngII 3d
783.6	deviations	783	Lyl1_783	0.982459292074537	0.00461473550968381	CT	C57BL/6	Saline 3d	AngII 3d
586.6	deviations	586	NP_586	0.982748780362965	-0.00311197042300039	CT	C57BL/6	Saline 3d	AngII 3d
403.6	deviations	403	Hoxc13_403	0.983679672758646	0.000533120360864635	CT	C57BL/6	Saline 3d	AngII 3d
438.6	deviations	438	Hmbox1_438	0.983679672758646	0.00507013577547873	CT	C57BL/6	Saline 3d	AngII 3d
485.6	deviations	485	Irx6_485	0.987606204035993	0.00228894694393309	CT	C57BL/6	Saline 3d	AngII 3d
743.6	deviations	743	Sox14_743	0.987606204035993	0.00146300726813378	CT	C57BL/6	Saline 3d	AngII 3d
15.6	deviations	15	Phf21a_15	0.989227210021239	-0.00315354257295299	CT	C57BL/6	Saline 3d	AngII 3d
27.6	deviations	27	Mlx_27	0.989227210021239	0.00311478374549621	CT	C57BL/6	Saline 3d	AngII 3d
408.6	deviations	408	Hoxd13_408	0.992497450455364	-2.97767592560717e-05	CT	C57BL/6	Saline 3d	AngII 3d
47.6	deviations	47	Ptf1a_47	0.994124792419961	0.00134841518758557	CT	C57BL/6	Saline 3d	AngII 3d
212.6	deviations	212	Zfp524_212	0.994124792419961	-0.000809621345790395	CT	C57BL/6	Saline 3d	AngII 3d
465.6	deviations	465	Lhx8_465	0.994124792419961	-0.00143139319663447	CT	C57BL/6	Saline 3d	AngII 3d
620.6	deviations	620	Pou3f1_620	0.994124792419961	0.00456462209173013	CT	C57BL/6	Saline 3d	AngII 3d
43.6	deviations	43	Msc_43	0.994748053520258	0.00167242350508838	CT	C57BL/6	Saline 3d	AngII 3d
649.6	deviations	649	Mypop_649	0.99536993510699	0.00397226273679965	CT	C57BL/6	Saline 3d	AngII 3d
104.7	deviations	104	Fos_104	1.99674926816254e-07	0.0635045833959595	CT	C57BL/6	Saline 3d	AngII 28d
843.7	deviations	843	Smarcc1_843	1.99674926816254e-07	0.0614907529571648	CT	C57BL/6	Saline 3d	AngII 28d
127.7	deviations	127	Junb_127	9.53001835308098e-06	0.0690036230732921	CT	C57BL/6	Saline 3d	AngII 28d
108.7	deviations	108	Bach1_108	1.46017875333775e-05	0.0587806301745125	CT	C57BL/6	Saline 3d	AngII 28d
98.7	deviations	98	Fosb_98	0.000182195199286842	0.0496313036236519	CT	C57BL/6	Saline 3d	AngII 28d
135.7	deviations	135	Jund_135	0.000182195199286842	0.0544562714944289	CT	C57BL/6	Saline 3d	AngII 28d
119.7	deviations	119	Bach2_119	0.00237116866428809	0.0478275291346112	CT	C57BL/6	Saline 3d	AngII 28d
204.7	deviations	204	Zfp740_204	0.00664300885692742	-0.0196140781825821	CT	C57BL/6	Saline 3d	AngII 28d
617.7	deviations	617	Pou6f2_617	0.00671465079882611	0.046442931050679	CT	C57BL/6	Saline 3d	AngII 28d
757.7	deviations	757	Stat1_757	0.00700398957545354	0.0249088949366638	CT	C57BL/6	Saline 3d	AngII 28d
274.7	deviations	274	Elk1_274	0.0083696885206674	0.0286268565905478	CT	C57BL/6	Saline 3d	AngII 28d
283.7	deviations	283	Elf4_283	0.0083696885206674	0.0255610278396326	CT	C57BL/6	Saline 3d	AngII 28d
285.7	deviations	285	Elf1_285	0.0108201017188254	0.0172695820372221	CT	C57BL/6	Saline 3d	AngII 28d
710.7	deviations	710	Rfx3_710	0.0115752779202016	-0.040204867171438	CT	C57BL/6	Saline 3d	AngII 28d
267.7	deviations	267	Etv3_267	0.0130472769957202	0.0302895176957284	CT	C57BL/6	Saline 3d	AngII 28d
868.7	deviations	868	Tead4_868	0.0138181663422677	0.0338942629153875	CT	C57BL/6	Saline 3d	AngII 28d
795.7	deviations	795	Bcl11a_795	0.0163717874029385	0.0181865096247434	CT	C57BL/6	Saline 3d	AngII 28d
814.7	deviations	814	Bcl11b_814	0.0163717874029385	0.0181865096247434	CT	C57BL/6	Saline 3d	AngII 28d
286.7	deviations	286	Elf2_286	0.0210054516355757	0.0214416857413813	CT	C57BL/6	Saline 3d	AngII 28d
386.7	deviations	386	Gata4_386	0.0210054516355757	0.0478152034785361	CT	C57BL/6	Saline 3d	AngII 28d
668.7	deviations	668	Esr2_668	0.0210054516355757	-0.0221740333821186	CT	C57BL/6	Saline 3d	AngII 28d
755.7	deviations	755	Stat5a_755	0.0210054516355757	0.0316792064665032	CT	C57BL/6	Saline 3d	AngII 28d
768.7	deviations	768	Eomes_768	0.0210054516355757	-0.0389517363911962	CT	C57BL/6	Saline 3d	AngII 28d
659.7	deviations	659	Nr2c2_659	0.024567237795901	0.020748177709576	CT	C57BL/6	Saline 3d	AngII 28d
698.7	deviations	698	Rela_698	0.0276859356951697	0.0242490870895895	CT	C57BL/6	Saline 3d	AngII 28d
754.7	deviations	754	Stat3_754	0.0280558431379	0.0244535834488702	CT	C57BL/6	Saline 3d	AngII 28d
544.7	deviations	544	Duxbl_544	0.0319313939836127	0.032285178082314	CT	C57BL/6	Saline 3d	AngII 28d
575.7	deviations	575	Gm10391_575	0.0319313939836127	0.032285178082314	CT	C57BL/6	Saline 3d	AngII 28d
576.7	deviations	576	Gm10394_576	0.0319313939836127	0.032285178082314	CT	C57BL/6	Saline 3d	AngII 28d
176.7	deviations	176	Zbtb49_176	0.0346129093300962	0.0337533862348553	CT	C57BL/6	Saline 3d	AngII 28d
282.7	deviations	282	Etv6_282	0.0391582151342196	0.0189576471191479	CT	C57BL/6	Saline 3d	AngII 28d
5.7	deviations	5	Tcfap2d_5	0.0416185293916177	0.0103449667205443	CT	C57BL/6	Saline 3d	AngII 28d
387.7	deviations	387	Gata1_387	0.0416185293916177	0.0336745897611928	CT	C57BL/6	Saline 3d	AngII 28d
826.7	deviations	826	Onecut1_826	0.0416185293916177	-0.0298584869427903	CT	C57BL/6	Saline 3d	AngII 28d
827.7	deviations	827	Onecut2_827	0.0416185293916177	-0.0298584869427903	CT	C57BL/6	Saline 3d	AngII 28d
169.7	deviations	169	Zfp202_169	0.045193838292385	-0.021614571485908	CT	C57BL/6	Saline 3d	AngII 28d
89.7	deviations	89	Arntl_89	0.0461533369011255	-0.0300782935188568	CT	C57BL/6	Saline 3d	AngII 28d
555.7	deviations	555	Pou3f2_555	0.047774677601218	0.043056322126055	CT	C57BL/6	Saline 3d	AngII 28d
271.7	deviations	271	Spib_271	0.0483937809582151	0.0160905509049214	CT	C57BL/6	Saline 3d	AngII 28d
193.7	deviations	193	Zfp281_193	0.0490052210816626	-0.01258857935357	CT	C57BL/6	Saline 3d	AngII 28d
578.7	deviations	578	Obox5_578	0.0490052210816626	-0.0280789494632677	CT	C57BL/6	Saline 3d	AngII 28d
579.7	deviations	579	AC1890281_579	0.0490052210816626	-0.0280789494632677	CT	C57BL/6	Saline 3d	AngII 28d
586.7	deviations	586	NP_586	0.0490052210816626	0.0445429440885325	CT	C57BL/6	Saline 3d	AngII 28d
608.7	deviations	608	NP_608	0.0490052210816626	-0.0280789494632677	CT	C57BL/6	Saline 3d	AngII 28d
609.7	deviations	609	Q8VHG7_609	0.0490052210816626	-0.0280789494632677	CT	C57BL/6	Saline 3d	AngII 28d
752.7	deviations	752	ENSMUSG00000079994_752	0.0515876975224352	0.029573949883022	CT	C57BL/6	Saline 3d	AngII 28d
115.7	deviations	115	Cebpa_115	0.0535469614505272	-0.0701053860605951	CT	C57BL/6	Saline 3d	AngII 28d
287.7	deviations	287	Erg_287	0.0550052328832848	0.0218737977894522	CT	C57BL/6	Saline 3d	AngII 28d
381.7	deviations	381	Foxl1_381	0.0550052328832848	-0.0131597744958576	CT	C57BL/6	Saline 3d	AngII 28d
382.7	deviations	382	Gata6_382	0.0550052328832848	0.0380789600700895	CT	C57BL/6	Saline 3d	AngII 28d
384.7	deviations	384	Gata3_384	0.0550052328832848	0.0406191809551048	CT	C57BL/6	Saline 3d	AngII 28d
434.7	deviations	434	Pitx1_434	0.0550052328832848	-0.027519405630306	CT	C57BL/6	Saline 3d	AngII 28d
495.7	deviations	495	Hdx_495	0.0550052328832848	0.0294898800333559	CT	C57BL/6	Saline 3d	AngII 28d
538.7	deviations	538	Gm4830_538	0.0550052328832848	-0.0279068045038715	CT	C57BL/6	Saline 3d	AngII 28d
779.7	deviations	779	Mlxipl_779	0.0550052328832848	-0.0304983167713015	CT	C57BL/6	Saline 3d	AngII 28d
863.7	deviations	863	Smad1_863	0.0550052328832848	0.0106818533400944	CT	C57BL/6	Saline 3d	AngII 28d
883.7	deviations	883	Smad5_883	0.0550052328832848	0.0106818533400944	CT	C57BL/6	Saline 3d	AngII 28d
153.7	deviations	153	Patz1_153	0.055813558795899	-0.00936510486716827	CT	C57BL/6	Saline 3d	AngII 28d
650.7	deviations	650	Prdm11_650	0.0559118494315272	0.0474715909536917	CT	C57BL/6	Saline 3d	AngII 28d
118.7	deviations	118	Creb3l2_118	0.0566763697011748	-0.0313160074376024	CT	C57BL/6	Saline 3d	AngII 28d
697.7	deviations	697	Rel_697	0.0570497900421087	0.0235137874982821	CT	C57BL/6	Saline 3d	AngII 28d
220.7	deviations	220	Zfp637_220	0.0575623964862355	-0.0377745460237086	CT	C57BL/6	Saline 3d	AngII 28d
50.7	deviations	50	Mycl1_50	0.0581759590437733	-0.0224943385008353	CT	C57BL/6	Saline 3d	AngII 28d
65.7	deviations	65	Mycn_65	0.0581759590437733	-0.0224943385008353	CT	C57BL/6	Saline 3d	AngII 28d
76.7	deviations	76	Mycs_76	0.0581759590437733	-0.0224943385008353	CT	C57BL/6	Saline 3d	AngII 28d
192.7	deviations	192	Rreb1_192	0.0581759590437733	-0.0126611280387963	CT	C57BL/6	Saline 3d	AngII 28d
53.7	deviations	53	Tcfec_53	0.0632643960827648	-0.0285465488974817	CT	C57BL/6	Saline 3d	AngII 28d
99.7	deviations	99	Hlf_99	0.0632643960827648	-0.0721190218220756	CT	C57BL/6	Saline 3d	AngII 28d
41.7	deviations	41	Tcfeb_41	0.0642692220317198	-0.0257263281725031	CT	C57BL/6	Saline 3d	AngII 28d
272.7	deviations	272	Elk3_272	0.0642692220317198	0.0236228075669302	CT	C57BL/6	Saline 3d	AngII 28d
275.7	deviations	275	Ehf_275	0.0642692220317198	0.0197773197855929	CT	C57BL/6	Saline 3d	AngII 28d
277.7	deviations	277	Fli1_277	0.0642692220317198	0.0214135979145839	CT	C57BL/6	Saline 3d	AngII 28d
293.7	deviations	293	Gm4881_293	0.0642692220317198	0.0109869216422032	CT	C57BL/6	Saline 3d	AngII 28d
337.7	deviations	337	Gm5294_337	0.0642692220317198	-0.0122139355140163	CT	C57BL/6	Saline 3d	AngII 28d
358.7	deviations	358	Foxl1_358	0.0642692220317198	-0.0122139355140163	CT	C57BL/6	Saline 3d	AngII 28d
392.7	deviations	392	Dux_392	0.0642692220317198	0.0375768312198368	CT	C57BL/6	Saline 3d	AngII 28d
524.7	deviations	524	ENSMUSG00000040953_524	0.0642692220317198	-0.0296926535698123	CT	C57BL/6	Saline 3d	AngII 28d
527.7	deviations	527	Obox6_527	0.0642692220317198	-0.0296926535698123	CT	C57BL/6	Saline 3d	AngII 28d
62.7	deviations	62	Mitf_62	0.0713826087538928	-0.0272512628923616	CT	C57BL/6	Saline 3d	AngII 28d
245.7	deviations	245	Onecut3_245	0.0725052955468081	-0.0188704597980788	CT	C57BL/6	Saline 3d	AngII 28d
761.7	deviations	761	Tbx4_761	0.0736544592997673	-0.0324991718232983	CT	C57BL/6	Saline 3d	AngII 28d
764.7	deviations	764	Tbx5_764	0.0736544592997673	-0.0324991718232983	CT	C57BL/6	Saline 3d	AngII 28d
163.7	deviations	163	Zfp263_163	0.0742446840086359	-0.020051911167615	CT	C57BL/6	Saline 3d	AngII 28d
877.7	deviations	877	Zfp263_877	0.0742446840086359	-0.020051911167615	CT	C57BL/6	Saline 3d	AngII 28d
265.7	deviations	265	Sfpi1_265	0.074619070326222	0.017605430247901	CT	C57BL/6	Saline 3d	AngII 28d
789.7	deviations	789	Batf3_789	0.074619070326222	0.0274685197435146	CT	C57BL/6	Saline 3d	AngII 28d
790.7	deviations	790	Batf_790	0.074619070326222	0.0274685197435146	CT	C57BL/6	Saline 3d	AngII 28d
17.7	deviations	17	Tcfe3_17	0.0769481147960251	-0.0221377199016256	CT	C57BL/6	Saline 3d	AngII 28d
46.7	deviations	46	Usf1_46	0.0769481147960251	-0.0282707814644361	CT	C57BL/6	Saline 3d	AngII 28d
756.7	deviations	756	Stat5b_756	0.0808969824446686	0.0246706198384397	CT	C57BL/6	Saline 3d	AngII 28d
133.7	deviations	133	Dbp_133	0.0868707849146658	-0.0370897870981335	CT	C57BL/6	Saline 3d	AngII 28d
411.7	deviations	411	Otx1_411	0.0868707849146658	-0.0249600426171485	CT	C57BL/6	Saline 3d	AngII 28d
464.7	deviations	464	Pitx2_464	0.0868707849146658	-0.0249600426171485	CT	C57BL/6	Saline 3d	AngII 28d
224.7	deviations	224	Zfp143_224	0.0878459619804892	0.0192233595426875	CT	C57BL/6	Saline 3d	AngII 28d
452.7	deviations	452	Pitx3_452	0.0878459619804892	-0.0209208261150014	CT	C57BL/6	Saline 3d	AngII 28d
297.7	deviations	297	Gm4881_297	0.0913362630177211	0.0147690704179352	CT	C57BL/6	Saline 3d	AngII 28d
95.7	deviations	95	Usf2_95	0.103898482588552	-0.0269726068293242	CT	C57BL/6	Saline 3d	AngII 28d
266.7	deviations	266	Elf3_266	0.103898482588552	0.0138773823206258	CT	C57BL/6	Saline 3d	AngII 28d
383.7	deviations	383	Gata2_383	0.103898482588552	0.0277774613979383	CT	C57BL/6	Saline 3d	AngII 28d
723.7	deviations	723	Smad3_723	0.12805242540134	-0.0201216848269794	CT	C57BL/6	Saline 3d	AngII 28d
861.7	deviations	861	Smad2_861	0.12805242540134	-0.0201216848269794	CT	C57BL/6	Saline 3d	AngII 28d
884.7	deviations	884	Smad9_884	0.12805242540134	-0.0201216848269794	CT	C57BL/6	Saline 3d	AngII 28d
146.7	deviations	146	Ctcf_146	0.128330783357257	-0.012583048074468	CT	C57BL/6	Saline 3d	AngII 28d
105.7	deviations	105	Tef_105	0.136048349106174	-0.0413920424454525	CT	C57BL/6	Saline 3d	AngII 28d
107.7	deviations	107	Fosl1_107	0.136048349106174	0.0311592868543397	CT	C57BL/6	Saline 3d	AngII 28d
203.7	deviations	203	Zfp691_203	0.136048349106174	-0.0205848858942034	CT	C57BL/6	Saline 3d	AngII 28d
278.7	deviations	278	Etv4_278	0.136048349106174	0.0226380353409627	CT	C57BL/6	Saline 3d	AngII 28d
291.7	deviations	291	Fev_291	0.136048349106174	0.0194248529254668	CT	C57BL/6	Saline 3d	AngII 28d
441.7	deviations	441	Hoxc5_441	0.136048349106174	0.0215435866395818	CT	C57BL/6	Saline 3d	AngII 28d
631.7	deviations	631	Irf1_631	0.136048349106174	-0.0110336549530568	CT	C57BL/6	Saline 3d	AngII 28d
679.7	deviations	679	Nr4a3_679	0.136048349106174	-0.013153490611358	CT	C57BL/6	Saline 3d	AngII 28d
689.7	deviations	689	Nr6a1_689	0.136048349106174	-0.0163190408376164	CT	C57BL/6	Saline 3d	AngII 28d
856.7	deviations	856	Relb_856	0.136048349106174	0.0190617948294286	CT	C57BL/6	Saline 3d	AngII 28d
513.7	deviations	513	Pbx3_513	0.136777343291511	0.0148264673813693	CT	C57BL/6	Saline 3d	AngII 28d
273.7	deviations	273	Gabpa_273	0.141257177346827	0.0204476305454829	CT	C57BL/6	Saline 3d	AngII 28d
292.7	deviations	292	Gm4881_292	0.141257177346827	0.0204476305454829	CT	C57BL/6	Saline 3d	AngII 28d
828.7	deviations	828	Ets2_828	0.141257177346827	0.0204476305454829	CT	C57BL/6	Saline 3d	AngII 28d
152.7	deviations	152	Plagl1_152	0.142504909234132	-0.0159831703089237	CT	C57BL/6	Saline 3d	AngII 28d
765.7	deviations	765	Tbx3_765	0.142504909234132	-0.0335830254082604	CT	C57BL/6	Saline 3d	AngII 28d
767.7	deviations	767	Tbx20_767	0.142504909234132	-0.0313834092911467	CT	C57BL/6	Saline 3d	AngII 28d
145.7	deviations	145	Klf5_145	0.160739194699589	-0.00454230320652947	CT	C57BL/6	Saline 3d	AngII 28d
276.7	deviations	276	Etv5_276	0.160739194699589	0.021573324569491	CT	C57BL/6	Saline 3d	AngII 28d
289.7	deviations	289	ENSMUSG00000044690_289	0.160739194699589	0.021573324569491	CT	C57BL/6	Saline 3d	AngII 28d
290.7	deviations	290	Gm5454_290	0.160739194699589	0.0228436319345015	CT	C57BL/6	Saline 3d	AngII 28d
466.7	deviations	466	Dmbx1_466	0.160739194699589	-0.021379122100332	CT	C57BL/6	Saline 3d	AngII 28d
84.7	deviations	84	Nhlh2_84	0.161211381381924	0.0147675505788659	CT	C57BL/6	Saline 3d	AngII 28d
257.7	deviations	257	E2f4_257	0.161211381381924	0.0113841819612512	CT	C57BL/6	Saline 3d	AngII 28d
284.7	deviations	284	Ets1_284	0.161211381381924	0.0195576846572088	CT	C57BL/6	Saline 3d	AngII 28d
368.7	deviations	368	Foxl1_368	0.161211381381924	-0.018357096731393	CT	C57BL/6	Saline 3d	AngII 28d
701.7	deviations	701	Nfkb1_701	0.161211381381924	0.0147838693472797	CT	C57BL/6	Saline 3d	AngII 28d
429.7	deviations	429	Gsc_429	0.161469327255223	-0.0195303608183345	CT	C57BL/6	Saline 3d	AngII 28d
437.7	deviations	437	Otx2_437	0.161469327255223	-0.0203032881285015	CT	C57BL/6	Saline 3d	AngII 28d
526.7	deviations	526	Crx_526	0.161469327255223	-0.0203032881285015	CT	C57BL/6	Saline 3d	AngII 28d
534.7	deviations	534	Hoxd9_534	0.161469327255223	0.0290419626581946	CT	C57BL/6	Saline 3d	AngII 28d
759.7	deviations	759	Stat4_759	0.162363786277047	0.0162496779584722	CT	C57BL/6	Saline 3d	AngII 28d
70.7	deviations	70	Mlxip_70	0.165099881966635	-0.0260776597104508	CT	C57BL/6	Saline 3d	AngII 28d
615.7	deviations	615	Pou1f1_615	0.176301056210842	0.0246072246222523	CT	C57BL/6	Saline 3d	AngII 28d
593.7	deviations	593	NP_593	0.179131016890366	0.0260302539731548	CT	C57BL/6	Saline 3d	AngII 28d
676.7	deviations	676	Esrrg_676	0.184432345651309	-0.014373428297675	CT	C57BL/6	Saline 3d	AngII 28d
321.7	deviations	321	Foxo6_321	0.184703232138325	-0.0163477072254175	CT	C57BL/6	Saline 3d	AngII 28d
696.7	deviations	696	Nfat5_696	0.187871627627334	0.0156700018262553	CT	C57BL/6	Saline 3d	AngII 28d
760.7	deviations	760	Tbx2_760	0.192512693353619	-0.0316130214117092	CT	C57BL/6	Saline 3d	AngII 28d
769.7	deviations	769	Tbr1_769	0.198006056063406	-0.0290572903334308	CT	C57BL/6	Saline 3d	AngII 28d
867.7	deviations	867	Tead3_867	0.198006056063406	0.0249944882696172	CT	C57BL/6	Saline 3d	AngII 28d
281.7	deviations	281	Elf5_281	0.203664498274563	0.0152035201475354	CT	C57BL/6	Saline 3d	AngII 28d
138.7	deviations	138	Nfil3_138	0.205142119844018	-0.0460359860720099	CT	C57BL/6	Saline 3d	AngII 28d
55.7	deviations	55	Bhlhe40_55	0.20581580276315	-0.0261307674659398	CT	C57BL/6	Saline 3d	AngII 28d
704.7	deviations	704	Rfx5_704	0.20581580276315	-0.0150881031324898	CT	C57BL/6	Saline 3d	AngII 28d
100.7	deviations	100	Atf6b_100	0.213331407180607	-0.0157154174686508	CT	C57BL/6	Saline 3d	AngII 28d
111.7	deviations	111	Atf6_111	0.213331407180607	-0.0157154174686508	CT	C57BL/6	Saline 3d	AngII 28d
78.7	deviations	78	Olig3_78	0.217902652684213	-0.0395170901113851	CT	C57BL/6	Saline 3d	AngII 28d
160.7	deviations	160	Zfp187_160	0.218522556868054	-0.0532287505323049	CT	C57BL/6	Saline 3d	AngII 28d
143.7	deviations	143	Klf4_143	0.222820340134695	-0.00564569839869829	CT	C57BL/6	Saline 3d	AngII 28d
280.7	deviations	280	Elk4_280	0.228221258097985	0.0210698678957782	CT	C57BL/6	Saline 3d	AngII 28d
669.7	deviations	669	Esrrb_669	0.228221258097985	-0.016205194169625	CT	C57BL/6	Saline 3d	AngII 28d
385.7	deviations	385	Gata5_385	0.241879022102207	0.0254037934430651	CT	C57BL/6	Saline 3d	AngII 28d
248.7	deviations	248	Mbd1_248	0.244555898977475	0.0345801584511866	CT	C57BL/6	Saline 3d	AngII 28d
268.7	deviations	268	Etv1_268	0.246826221565083	0.0208614284679797	CT	C57BL/6	Saline 3d	AngII 28d
457.7	deviations	457	Barhl1_457	0.246826221565083	-0.02485307094005	CT	C57BL/6	Saline 3d	AngII 28d
643.7	deviations	643	Mybl2_643	0.246826221565083	0.0491971837755455	CT	C57BL/6	Saline 3d	AngII 28d
800.7	deviations	800	Zfp148_800	0.258164464727035	-0.00526340412449184	CT	C57BL/6	Saline 3d	AngII 28d
584.7	deviations	584	Hoxa3_584	0.272806734619573	0.0186293109085801	CT	C57BL/6	Saline 3d	AngII 28d
388.7	deviations	388	Gcm1_388	0.275043244506162	0.031570703401268	CT	C57BL/6	Saline 3d	AngII 28d
91.7	deviations	91	Max_91	0.279357320359081	-0.0143104077255468	CT	C57BL/6	Saline 3d	AngII 28d
565.7	deviations	565	Irx1_565	0.281052320613428	-0.0222177485787164	CT	C57BL/6	Saline 3d	AngII 28d
1.7	deviations	1	Tcfap2a_1	0.281870401040109	0.00984501841708159	CT	C57BL/6	Saline 3d	AngII 28d
706.7	deviations	706	Rfx4_706	0.28418551768788	-0.0256773602245825	CT	C57BL/6	Saline 3d	AngII 28d
816.7	deviations	816	Zfp219_816	0.286370449129743	-0.00803172895196168	CT	C57BL/6	Saline 3d	AngII 28d
709.7	deviations	709	Rfx7_709	0.287069234010211	-0.0210829072527306	CT	C57BL/6	Saline 3d	AngII 28d
260.7	deviations	260	E2f7_260	0.302976352609732	0.0223263367986544	CT	C57BL/6	Saline 3d	AngII 28d
3.7	deviations	3	Tcfap2c_3	0.303864940004892	0.0100220799898507	CT	C57BL/6	Saline 3d	AngII 28d
577.7	deviations	577	Cphx_577	0.30618094048931	0.0132116813998627	CT	C57BL/6	Saline 3d	AngII 28d
333.7	deviations	333	Gm5294_333	0.311347938320396	-0.0115638777537778	CT	C57BL/6	Saline 3d	AngII 28d
356.7	deviations	356	Foxl1_356	0.311347938320396	-0.0115638777537778	CT	C57BL/6	Saline 3d	AngII 28d
132.7	deviations	132	Nfe2_132	0.312439555763849	0.0151721010734066	CT	C57BL/6	Saline 3d	AngII 28d
27.7	deviations	27	Mlx_27	0.314987035696605	-0.0165132125098401	CT	C57BL/6	Saline 3d	AngII 28d
33.7	deviations	33	Id2_33	0.332411496193513	-0.0181725055758912	CT	C57BL/6	Saline 3d	AngII 28d
74.7	deviations	74	Id1_74	0.332411496193513	-0.0181725055758912	CT	C57BL/6	Saline 3d	AngII 28d
317.7	deviations	317	Foxi1_317	0.332411496193513	-0.010283067288143	CT	C57BL/6	Saline 3d	AngII 28d
318.7	deviations	318	Foxi2_318	0.332411496193513	-0.010283067288143	CT	C57BL/6	Saline 3d	AngII 28d
323.7	deviations	323	Foxi3_323	0.332411496193513	-0.010283067288143	CT	C57BL/6	Saline 3d	AngII 28d
340.7	deviations	340	Gm5294_340	0.332411496193513	-0.010283067288143	CT	C57BL/6	Saline 3d	AngII 28d
352.7	deviations	352	Gm5294_352	0.332411496193513	-0.0112407834264855	CT	C57BL/6	Saline 3d	AngII 28d
361.7	deviations	361	Foxl1_361	0.332411496193513	-0.0152227952583977	CT	C57BL/6	Saline 3d	AngII 28d
362.7	deviations	362	Foxl1_362	0.332411496193513	-0.010283067288143	CT	C57BL/6	Saline 3d	AngII 28d
378.7	deviations	378	Foxl1_378	0.332411496193513	-0.0112407834264855	CT	C57BL/6	Saline 3d	AngII 28d
402.7	deviations	402	Mnx1_402	0.332411496193513	-0.0244520503759594	CT	C57BL/6	Saline 3d	AngII 28d
742.7	deviations	742	Sox6_742	0.332411496193513	-0.0181481835095212	CT	C57BL/6	Saline 3d	AngII 28d
824.7	deviations	824	Rbpj_824	0.332411496193513	0.0171434181285983	CT	C57BL/6	Saline 3d	AngII 28d
825.7	deviations	825	Rbpsuhrs3_825	0.332411496193513	0.0171434181285983	CT	C57BL/6	Saline 3d	AngII 28d
29.7	deviations	29	Hey2_29	0.333275065989137	-0.0160781588284909	CT	C57BL/6	Saline 3d	AngII 28d
60.7	deviations	60	Heyl_60	0.333275065989137	-0.0160781588284909	CT	C57BL/6	Saline 3d	AngII 28d
73.7	deviations	73	Hey1_73	0.333275065989137	-0.0160781588284909	CT	C57BL/6	Saline 3d	AngII 28d
416.7	deviations	416	Pou6f1_416	0.333275065989137	0.0182404733016728	CT	C57BL/6	Saline 3d	AngII 28d
569.7	deviations	569	Obox3_569	0.334993181770179	-0.0190386382417096	CT	C57BL/6	Saline 3d	AngII 28d
580.7	deviations	580	Gm5889_580	0.334993181770179	-0.0190386382417096	CT	C57BL/6	Saline 3d	AngII 28d
37.7	deviations	37	Myc_37	0.339165534678609	-0.0127514053636168	CT	C57BL/6	Saline 3d	AngII 28d
288.7	deviations	288	Erf_288	0.339165534678609	0.0173606332388678	CT	C57BL/6	Saline 3d	AngII 28d
595.7	deviations	595	NP_595	0.339165534678609	0.0249412912651679	CT	C57BL/6	Saline 3d	AngII 28d
600.7	deviations	600	NP_600	0.339165534678609	-0.013517074981331	CT	C57BL/6	Saline 3d	AngII 28d
835.7	deviations	835	Gcm2_835	0.339165534678609	0.0290129526910833	CT	C57BL/6	Saline 3d	AngII 28d
243.7	deviations	243	Cenpb_243	0.346561796490352	-0.0305572597219733	CT	C57BL/6	Saline 3d	AngII 28d
242.7	deviations	242	Nfya_242	0.346887980028009	0.0101165234819358	CT	C57BL/6	Saline 3d	AngII 28d
336.7	deviations	336	Gm5294_336	0.34909076297928	-0.0152360988212414	CT	C57BL/6	Saline 3d	AngII 28d
360.7	deviations	360	Foxl1_360	0.34909076297928	-0.0152360988212414	CT	C57BL/6	Saline 3d	AngII 28d
603.7	deviations	603	NP_603	0.353029277927467	0.0241023936855289	CT	C57BL/6	Saline 3d	AngII 28d
664.7	deviations	664	Hnf4g_664	0.353208759324544	-0.00625790297260366	CT	C57BL/6	Saline 3d	AngII 28d
262.7	deviations	262	E2f5_262	0.359617825585971	0.0183670444690324	CT	C57BL/6	Saline 3d	AngII 28d
77.7	deviations	77	Bhlhe23_77	0.361616949638988	-0.0402904102820157	CT	C57BL/6	Saline 3d	AngII 28d
184.7	deviations	184	Klf9_184	0.361616949638988	0.0485459813428676	CT	C57BL/6	Saline 3d	AngII 28d
191.7	deviations	191	Sp6_191	0.361616949638988	0.0042791969054878	CT	C57BL/6	Saline 3d	AngII 28d
238.7	deviations	238	Sp5_238	0.361616949638988	0.0042791969054878	CT	C57BL/6	Saline 3d	AngII 28d
348.7	deviations	348	Gm5294_348	0.361616949638988	-0.0136994998596538	CT	C57BL/6	Saline 3d	AngII 28d
375.7	deviations	375	Foxl1_375	0.361616949638988	-0.0136994998596538	CT	C57BL/6	Saline 3d	AngII 28d
433.7	deviations	433	Msx2_433	0.361616949638988	-0.0199963475171422	CT	C57BL/6	Saline 3d	AngII 28d
582.7	deviations	582	Hoxb2_582	0.361616949638988	0.0241451845782901	CT	C57BL/6	Saline 3d	AngII 28d
670.7	deviations	670	Ppara_670	0.361616949638988	-0.0133316265777273	CT	C57BL/6	Saline 3d	AngII 28d
725.7	deviations	725	Sox9_725	0.361616949638988	0.0254119669507989	CT	C57BL/6	Saline 3d	AngII 28d
18.7	deviations	18	Mnt_18	0.364996392348033	-0.019993728833427	CT	C57BL/6	Saline 3d	AngII 28d
390.7	deviations	390	Grhl1_390	0.374766287111019	0.0265206829391728	CT	C57BL/6	Saline 3d	AngII 28d
85.7	deviations	85	Neurog1_85	0.375558196922499	-0.0348654203950749	CT	C57BL/6	Saline 3d	AngII 28d
67.7	deviations	67	Atoh8_67	0.375999714500344	-0.0163042441175123	CT	C57BL/6	Saline 3d	AngII 28d
209.7	deviations	209	Zfp161_209	0.382544418632544	0.00419518059362049	CT	C57BL/6	Saline 3d	AngII 28d
218.7	deviations	218	Zfp105_218	0.394135473520682	-0.00522448625439973	CT	C57BL/6	Saline 3d	AngII 28d
753.7	deviations	753	Stat6_753	0.398302536065269	0.0123027834275474	CT	C57BL/6	Saline 3d	AngII 28d
599.7	deviations	599	NP_599	0.398581984633954	0.0152359153447556	CT	C57BL/6	Saline 3d	AngII 28d
811.7	deviations	811	Zfp384_811	0.399984180545526	0.0184923643396759	CT	C57BL/6	Saline 3d	AngII 28d
13.7	deviations	13	Ahctf1_13	0.412721289325873	-0.00824437925578653	CT	C57BL/6	Saline 3d	AngII 28d
6.7	deviations	6	Arid3b_6	0.414379485067656	0.021177779011995	CT	C57BL/6	Saline 3d	AngII 28d
663.7	deviations	663	Rarb_663	0.414379485067656	-0.0113264251855125	CT	C57BL/6	Saline 3d	AngII 28d
806.7	deviations	806	Klf15_806	0.414379485067656	-0.00354533502178829	CT	C57BL/6	Saline 3d	AngII 28d
202.7	deviations	202	Zfp354c_202	0.425340914844592	0.00656980558558322	CT	C57BL/6	Saline 3d	AngII 28d
724.7	deviations	724	Nfic_724	0.425340914844592	0.008411682185053	CT	C57BL/6	Saline 3d	AngII 28d
744.7	deviations	744	Tcf7l1_744	0.425340914844592	0.016371670031481	CT	C57BL/6	Saline 3d	AngII 28d
730.7	deviations	730	Bbx_730	0.426832081948121	0.019019266643092	CT	C57BL/6	Saline 3d	AngII 28d
523.7	deviations	523	Hesx1_523	0.427690615084179	0.0188661997363056	CT	C57BL/6	Saline 3d	AngII 28d
708.7	deviations	708	Rfx1_708	0.427690615084179	-0.0136512227160703	CT	C57BL/6	Saline 3d	AngII 28d
173.7	deviations	173	Mecom_173	0.428810178300418	0.0182902203484655	CT	C57BL/6	Saline 3d	AngII 28d
380.7	deviations	380	Foxl1_380	0.431263470881158	-0.00558042507429481	CT	C57BL/6	Saline 3d	AngII 28d
406.7	deviations	406	Hoxc6_406	0.431263470881158	0.0142570875738457	CT	C57BL/6	Saline 3d	AngII 28d
279.7	deviations	279	Spdef_279	0.439492843878813	0.0121135106018032	CT	C57BL/6	Saline 3d	AngII 28d
618.7	deviations	618	Pou5f1_618	0.447433767194207	0.022227680854599	CT	C57BL/6	Saline 3d	AngII 28d
88.7	deviations	88	Tcf4_88	0.448600620150049	-0.00687738151656055	CT	C57BL/6	Saline 3d	AngII 28d
207.7	deviations	207	Sp8_207	0.451898897772427	-0.00434078618564496	CT	C57BL/6	Saline 3d	AngII 28d
222.7	deviations	222	Sp7_222	0.451898897772427	-0.00434078618564496	CT	C57BL/6	Saline 3d	AngII 28d
231.7	deviations	231	Sp9_231	0.451898897772427	-0.00434078618564496	CT	C57BL/6	Saline 3d	AngII 28d
367.7	deviations	367	Foxl1_367	0.451898897772427	-0.0127278465436312	CT	C57BL/6	Saline 3d	AngII 28d
561.7	deviations	561	Pou3f4_561	0.451898897772427	0.0178571761536791	CT	C57BL/6	Saline 3d	AngII 28d
655.7	deviations	655	Nr1h3_655	0.451898897772427	-0.00677453019789536	CT	C57BL/6	Saline 3d	AngII 28d
688.7	deviations	688	Nr1h2_688	0.451898897772427	-0.00677453019789536	CT	C57BL/6	Saline 3d	AngII 28d
693.7	deviations	693	Pax9_693	0.451898897772427	0.0193360764373731	CT	C57BL/6	Saline 3d	AngII 28d
126.7	deviations	126	Jun_126	0.455732279448626	0.0157009928225918	CT	C57BL/6	Saline 3d	AngII 28d
484.7	deviations	484	Irx5_484	0.458372447091076	-0.0191605663854865	CT	C57BL/6	Saline 3d	AngII 28d
774.7	deviations	774	Prkrir_774	0.46777464619291	-0.0193946044796121	CT	C57BL/6	Saline 3d	AngII 28d
11.7	deviations	11	Arid2_11	0.474814204908982	-0.012282448776183	CT	C57BL/6	Saline 3d	AngII 28d
171.7	deviations	171	Klf7_171	0.475673735186458	0.00297591782897023	CT	C57BL/6	Saline 3d	AngII 28d
296.7	deviations	296	Gm4881_296	0.475673735186458	0.0108494531129683	CT	C57BL/6	Saline 3d	AngII 28d
353.7	deviations	353	Gm5294_353	0.478425889251007	0.00770586269394019	CT	C57BL/6	Saline 3d	AngII 28d
379.7	deviations	379	Foxl1_379	0.478425889251007	0.00770586269394019	CT	C57BL/6	Saline 3d	AngII 28d
654.7	deviations	654	Rarg_654	0.479081358603676	-0.0118658598576434	CT	C57BL/6	Saline 3d	AngII 28d
808.7	deviations	808	Zbtb7a_808	0.486902695723211	-0.0152345844572661	CT	C57BL/6	Saline 3d	AngII 28d
812.7	deviations	812	Zbtb7c_812	0.486902695723211	-0.0152345844572661	CT	C57BL/6	Saline 3d	AngII 28d
660.7	deviations	660	Nr2c1_660	0.488461166840536	-0.0129617841798696	CT	C57BL/6	Saline 3d	AngII 28d
682.7	deviations	682	Rora_682	0.488461166840536	-0.0146683606355946	CT	C57BL/6	Saline 3d	AngII 28d
446.7	deviations	446	Pou4f3_446	0.490408417409245	0.0221512892831635	CT	C57BL/6	Saline 3d	AngII 28d
190.7	deviations	190	Egr1_190	0.491094746154139	-0.00591951127276806	CT	C57BL/6	Saline 3d	AngII 28d
96.7	deviations	96	Mga_96	0.491152346861418	-0.016457276677879	CT	C57BL/6	Saline 3d	AngII 28d
558.7	deviations	558	Obox1_558	0.494174674497391	-0.0103435566753554	CT	C57BL/6	Saline 3d	AngII 28d
869.7	deviations	869	Hif3a_869	0.501264605692981	-0.00439031182956934	CT	C57BL/6	Saline 3d	AngII 28d
270.7	deviations	270	Etv2_270	0.506266385506693	0.0112159355777874	CT	C57BL/6	Saline 3d	AngII 28d
662.7	deviations	662	Rxra_662	0.508704929111527	-0.010716982790539	CT	C57BL/6	Saline 3d	AngII 28d
174.7	deviations	174	Zbtb7b_174	0.512092594426414	-0.0113463914091875	CT	C57BL/6	Saline 3d	AngII 28d
699.7	deviations	699	Nfkb2_699	0.512092594426414	0.0183386238886158	CT	C57BL/6	Saline 3d	AngII 28d
9.7	deviations	9	Arid5a_9	0.518698139708722	0.0122100252257942	CT	C57BL/6	Saline 3d	AngII 28d
69.7	deviations	69	Neurod2_69	0.520963745228298	-0.0402915363248422	CT	C57BL/6	Saline 3d	AngII 28d
10.7	deviations	10	Arid3c_10	0.522579176884133	-0.00572320228986509	CT	C57BL/6	Saline 3d	AngII 28d
7.7	deviations	7	Arid3a_7	0.526595110154994	0.0136806853237214	CT	C57BL/6	Saline 3d	AngII 28d
19.7	deviations	19	Npas1_19	0.526595110154994	0.00919636138177963	CT	C57BL/6	Saline 3d	AngII 28d
23.7	deviations	23	Ascl2_23	0.526595110154994	0.00851855775160659	CT	C57BL/6	Saline 3d	AngII 28d
30.7	deviations	30	Sim1_30	0.526595110154994	0.00919636138177963	CT	C57BL/6	Saline 3d	AngII 28d
34.7	deviations	34	Npas3_34	0.526595110154994	0.00919636138177963	CT	C57BL/6	Saline 3d	AngII 28d
80.7	deviations	80	Npas4_80	0.526595110154994	0.0255883215214076	CT	C57BL/6	Saline 3d	AngII 28d
92.7	deviations	92	Sim2_92	0.526595110154994	0.00919636138177963	CT	C57BL/6	Saline 3d	AngII 28d
365.7	deviations	365	Foxl1_365	0.526595110154994	-0.016505811809206	CT	C57BL/6	Saline 3d	AngII 28d
491.7	deviations	491	Emx1_491	0.526595110154994	0.0136643908588689	CT	C57BL/6	Saline 3d	AngII 28d
694.7	deviations	694	Pax5_694	0.526595110154994	0.00492995131795969	CT	C57BL/6	Saline 3d	AngII 28d
780.7	deviations	780	Ascl1_780	0.526595110154994	0.00851855775160659	CT	C57BL/6	Saline 3d	AngII 28d
864.7	deviations	864	Tbx15_864	0.526595110154994	-0.0133568730385675	CT	C57BL/6	Saline 3d	AngII 28d
865.7	deviations	865	Tbx22_865	0.526595110154994	-0.0133568730385675	CT	C57BL/6	Saline 3d	AngII 28d
866.7	deviations	866	Tbx18_866	0.526595110154994	-0.0133568730385675	CT	C57BL/6	Saline 3d	AngII 28d
661.7	deviations	661	Rxrg_661	0.53089642915756	0.0112901169679546	CT	C57BL/6	Saline 3d	AngII 28d
63.7	deviations	63	Myf6_63	0.533460590334797	0.012333008133745	CT	C57BL/6	Saline 3d	AngII 28d
54.7	deviations	54	Figla_54	0.53581380767065	-0.00755032131889984	CT	C57BL/6	Saline 3d	AngII 28d
350.7	deviations	350	Gm5294_350	0.543588966177847	-0.0141788168249394	CT	C57BL/6	Saline 3d	AngII 28d
376.7	deviations	376	Foxl1_376	0.543588966177847	-0.0141788168249394	CT	C57BL/6	Saline 3d	AngII 28d
775.7	deviations	775	Spz1_775	0.543588966177847	0.0144734264314271	CT	C57BL/6	Saline 3d	AngII 28d
295.7	deviations	295	Gm4881_295	0.545086673510664	-0.0082202712022534	CT	C57BL/6	Saline 3d	AngII 28d
492.7	deviations	492	Barhl2_492	0.545921820445581	-0.019279257499873	CT	C57BL/6	Saline 3d	AngII 28d
109.7	deviations	109	Creb1_109	0.54653050923382	-0.00706086790376084	CT	C57BL/6	Saline 3d	AngII 28d
131.7	deviations	131	Nfil3_131	0.54653050923382	-0.0265262437306546	CT	C57BL/6	Saline 3d	AngII 28d
239.7	deviations	239	Zfp652_239	0.54653050923382	0.0154032673162103	CT	C57BL/6	Saline 3d	AngII 28d
564.7	deviations	564	Nkx29_564	0.54653050923382	0.0176019717342644	CT	C57BL/6	Saline 3d	AngII 28d
627.7	deviations	627	Hsf4_627	0.54653050923382	-0.0162722005224601	CT	C57BL/6	Saline 3d	AngII 28d
666.7	deviations	666	Esr1_666	0.54653050923382	-0.0117034440043344	CT	C57BL/6	Saline 3d	AngII 28d
675.7	deviations	675	Nr5a2_675	0.54653050923382	-0.00910003858133437	CT	C57BL/6	Saline 3d	AngII 28d
848.7	deviations	848	Nr5a1_848	0.54653050923382	-0.00910003858133437	CT	C57BL/6	Saline 3d	AngII 28d
22.7	deviations	22	Id3_22	0.552709277791555	-0.00784944807216982	CT	C57BL/6	Saline 3d	AngII 28d
35.7	deviations	35	Id4_35	0.552709277791555	-0.00784944807216982	CT	C57BL/6	Saline 3d	AngII 28d
431.7	deviations	431	Vsx2_431	0.554255102902983	-0.0256059157197855	CT	C57BL/6	Saline 3d	AngII 28d
616.7	deviations	616	Pou2f2_616	0.556028795335623	0.00933660132298977	CT	C57BL/6	Saline 3d	AngII 28d
509.7	deviations	509	Hoxa7_509	0.563406069828283	-0.0199109173320654	CT	C57BL/6	Saline 3d	AngII 28d
739.7	deviations	739	Sox3_739	0.563406069828283	-0.0143682162005755	CT	C57BL/6	Saline 3d	AngII 28d
42.7	deviations	42	Bhlhe22_42	0.572897143950097	-0.0281147813509001	CT	C57BL/6	Saline 3d	AngII 28d
102.7	deviations	102	Mafk_102	0.573343301043976	0.0157821286152554	CT	C57BL/6	Saline 3d	AngII 28d
391.7	deviations	391	Tcfcp2l1_391	0.573349778077174	-0.0095394114450566	CT	C57BL/6	Saline 3d	AngII 28d
405.7	deviations	405	Hoxc8_405	0.573349778077174	-0.0198309038554175	CT	C57BL/6	Saline 3d	AngII 28d
836.7	deviations	836	Ubp1_836	0.573349778077174	-0.0095394114450566	CT	C57BL/6	Saline 3d	AngII 28d
847.7	deviations	847	Nr4a1_847	0.573349778077174	-0.0102502071734452	CT	C57BL/6	Saline 3d	AngII 28d
168.7	deviations	168	Zfp711_168	0.580454445347926	-0.0165425984306483	CT	C57BL/6	Saline 3d	AngII 28d
211.7	deviations	211	Hic2_211	0.580454445347926	0.0120481571406902	CT	C57BL/6	Saline 3d	AngII 28d
424.7	deviations	424	Lhx9_424	0.580454445347926	0.013997637523585	CT	C57BL/6	Saline 3d	AngII 28d
500.7	deviations	500	Arx_500	0.580454445347926	0.013997637523585	CT	C57BL/6	Saline 3d	AngII 28d
261.7	deviations	261	E2f1_261	0.591479206698156	0.00719108550023474	CT	C57BL/6	Saline 3d	AngII 28d
180.7	deviations	180	Zfp300_180	0.597085426102772	-0.0156650318439675	CT	C57BL/6	Saline 3d	AngII 28d
638.7	deviations	638	Mef2c_638	0.597085426102772	-0.00677042146133985	CT	C57BL/6	Saline 3d	AngII 28d
733.7	deviations	733	Sox17_733	0.597085426102772	0.0263748652383573	CT	C57BL/6	Saline 3d	AngII 28d
403.7	deviations	403	Hoxc13_403	0.602918557344706	0.0177638363574271	CT	C57BL/6	Saline 3d	AngII 28d
52.7	deviations	52	Clock_52	0.611370365381301	-0.0142389608545414	CT	C57BL/6	Saline 3d	AngII 28d
838.7	deviations	838	Nkx62_838	0.615160253021136	0.0144689026874964	CT	C57BL/6	Saline 3d	AngII 28d
154.7	deviations	154	Yy1_154	0.616834339099855	-0.00731271426600555	CT	C57BL/6	Saline 3d	AngII 28d
45.7	deviations	45	Myog_45	0.625217780360366	0.00633970753298794	CT	C57BL/6	Saline 3d	AngII 28d
122.7	deviations	122	Crebzf_122	0.625217780360366	-0.0482701721012602	CT	C57BL/6	Saline 3d	AngII 28d
123.7	deviations	123	Mafg_123	0.625217780360366	0.0160776390667475	CT	C57BL/6	Saline 3d	AngII 28d
147.7	deviations	147	Snai3_147	0.625217780360366	0.00919977694795255	CT	C57BL/6	Saline 3d	AngII 28d
158.7	deviations	158	Zfp369_158	0.625217780360366	0.0128717843532837	CT	C57BL/6	Saline 3d	AngII 28d
175.7	deviations	175	Mtf1_175	0.625217780360366	0.0124481006425347	CT	C57BL/6	Saline 3d	AngII 28d
197.7	deviations	197	Snai1_197	0.625217780360366	0.00919977694795255	CT	C57BL/6	Saline 3d	AngII 28d
201.7	deviations	201	Dnajc21_201	0.625217780360366	-0.00410695647970731	CT	C57BL/6	Saline 3d	AngII 28d
219.7	deviations	219	Zfp110_219	0.625217780360366	0.0128717843532837	CT	C57BL/6	Saline 3d	AngII 28d
423.7	deviations	423	Hoxb1_423	0.625217780360366	0.0131621179748469	CT	C57BL/6	Saline 3d	AngII 28d
488.7	deviations	488	Barx2_488	0.625217780360366	-0.0166975250042439	CT	C57BL/6	Saline 3d	AngII 28d
493.7	deviations	493	Six4_493	0.625217780360366	0.0189059360142164	CT	C57BL/6	Saline 3d	AngII 28d
506.7	deviations	506	Hoxa13_506	0.625217780360366	0.0149297903358777	CT	C57BL/6	Saline 3d	AngII 28d
517.7	deviations	517	En2_517	0.625217780360366	0.00978127588318056	CT	C57BL/6	Saline 3d	AngII 28d
530.7	deviations	530	Hoxd1_530	0.625217780360366	0.00978127588318056	CT	C57BL/6	Saline 3d	AngII 28d
532.7	deviations	532	Hoxd11_532	0.625217780360366	0.0196501095953274	CT	C57BL/6	Saline 3d	AngII 28d
533.7	deviations	533	Hoxa6_533	0.625217780360366	-0.013431808598062	CT	C57BL/6	Saline 3d	AngII 28d
640.7	deviations	640	Mef2a_640	0.625217780360366	-0.00504326411625335	CT	C57BL/6	Saline 3d	AngII 28d
657.7	deviations	657	Nr2f6_657	0.625217780360366	-0.0151002701451932	CT	C57BL/6	Saline 3d	AngII 28d
665.7	deviations	665	Hnf4a_665	0.625217780360366	-0.0145737190421325	CT	C57BL/6	Saline 3d	AngII 28d
674.7	deviations	674	Esrra_674	0.625217780360366	-0.00867695801094182	CT	C57BL/6	Saline 3d	AngII 28d
833.7	deviations	833	Foxd4_833	0.625217780360366	-0.00895604609412658	CT	C57BL/6	Saline 3d	AngII 28d
12.7	deviations	12	Setbp1_12	0.629374562332068	-0.0508203125583467	CT	C57BL/6	Saline 3d	AngII 28d
343.7	deviations	343	Gm5294_343	0.629374562332068	-0.00900049708103016	CT	C57BL/6	Saline 3d	AngII 28d
369.7	deviations	369	Foxl1_369	0.629374562332068	-0.00900049708103016	CT	C57BL/6	Saline 3d	AngII 28d
396.7	deviations	396	Hoxa4_396	0.629374562332068	0.00850914161210984	CT	C57BL/6	Saline 3d	AngII 28d
44.7	deviations	44	Npas2_44	0.630186561157512	-0.0145183404396917	CT	C57BL/6	Saline 3d	AngII 28d
409.7	deviations	409	Hoxd12_409	0.630438524452728	0.00964307842877097	CT	C57BL/6	Saline 3d	AngII 28d
634.7	deviations	634	Irf6_634	0.630438524452728	0.0266495755577576	CT	C57BL/6	Saline 3d	AngII 28d
677.7	deviations	677	Nr4a2_677	0.630438524452728	-0.00995835221399749	CT	C57BL/6	Saline 3d	AngII 28d
734.7	deviations	734	Lef1_734	0.630438524452728	0.010751884288542	CT	C57BL/6	Saline 3d	AngII 28d
840.7	deviations	840	Pou4f2_840	0.630438524452728	0.0120339696890764	CT	C57BL/6	Saline 3d	AngII 28d
841.7	deviations	841	Pou4f1_841	0.630438524452728	0.0120339696890764	CT	C57BL/6	Saline 3d	AngII 28d
597.7	deviations	597	NP_597	0.638295485579379	-0.0133796061371751	CT	C57BL/6	Saline 3d	AngII 28d
40.7	deviations	40	Hes7_40	0.639411531080713	0.0100119598531559	CT	C57BL/6	Saline 3d	AngII 28d
120.7	deviations	120	Nrl_120	0.639411531080713	0.0152211870980687	CT	C57BL/6	Saline 3d	AngII 28d
249.7	deviations	249	Kdm2b_249	0.639411531080713	0.0410285339555469	CT	C57BL/6	Saline 3d	AngII 28d
560.7	deviations	560	Hoxb8_560	0.639411531080713	-0.0151620963370882	CT	C57BL/6	Saline 3d	AngII 28d
592.7	deviations	592	NP_592	0.639411531080713	-0.0151620963370882	CT	C57BL/6	Saline 3d	AngII 28d
743.7	deviations	743	Sox14_743	0.639411531080713	-0.0150751653092059	CT	C57BL/6	Saline 3d	AngII 28d
792.7	deviations	792	Mafa_792	0.639411531080713	0.0152211870980687	CT	C57BL/6	Saline 3d	AngII 28d
793.7	deviations	793	Maf_793	0.639411531080713	0.0152211870980687	CT	C57BL/6	Saline 3d	AngII 28d
456.7	deviations	456	Lmx1a_456	0.644715847794022	0.0162663202592703	CT	C57BL/6	Saline 3d	AngII 28d
624.7	deviations	624	Pit1_624	0.644715847794022	-0.015448447436587	CT	C57BL/6	Saline 3d	AngII 28d
738.7	deviations	738	Sox5_738	0.644715847794022	-0.00761673067824956	CT	C57BL/6	Saline 3d	AngII 28d
853.7	deviations	853	Trp63_853	0.644715847794022	-0.00783486699775704	CT	C57BL/6	Saline 3d	AngII 28d
404.7	deviations	404	Hoxc11_404	0.650299062667286	0.01432332171784	CT	C57BL/6	Saline 3d	AngII 28d
449.7	deviations	449	Hhex_449	0.650299062667286	-0.0227147765790201	CT	C57BL/6	Saline 3d	AngII 28d
642.7	deviations	642	Mecp2_642	0.650299062667286	-0.00621326408646558	CT	C57BL/6	Saline 3d	AngII 28d
645.7	deviations	645	Cdc5l_645	0.650299062667286	0.015695170634509	CT	C57BL/6	Saline 3d	AngII 28d
397.7	deviations	397	Sebox_397	0.655647195331237	0.0175420022025363	CT	C57BL/6	Saline 3d	AngII 28d
185.7	deviations	185	Glis1_185	0.658414021024355	0.0143017665128259	CT	C57BL/6	Saline 3d	AngII 28d
16.7	deviations	16	Zfp957_16	0.659561762986314	-0.000232369480436499	CT	C57BL/6	Saline 3d	AngII 28d
159.7	deviations	159	Fezf2_159	0.659561762986314	0.0136155345444681	CT	C57BL/6	Saline 3d	AngII 28d
177.7	deviations	177	Fezf1_177	0.659561762986314	0.0136155345444681	CT	C57BL/6	Saline 3d	AngII 28d
305.7	deviations	305	Foxj1_305	0.659561762986314	-0.00274565199231752	CT	C57BL/6	Saline 3d	AngII 28d
316.7	deviations	316	Foxc2_316	0.659561762986314	-0.00732660629576047	CT	C57BL/6	Saline 3d	AngII 28d
320.7	deviations	320	Foxc1_320	0.659561762986314	-0.00868969281296901	CT	C57BL/6	Saline 3d	AngII 28d
325.7	deviations	325	Foxb2_325	0.659561762986314	-0.00732223639951896	CT	C57BL/6	Saline 3d	AngII 28d
326.7	deviations	326	Foxb1_326	0.659561762986314	-0.00732223639951896	CT	C57BL/6	Saline 3d	AngII 28d
329.7	deviations	329	Foxs1_329	0.659561762986314	-0.00732660629576047	CT	C57BL/6	Saline 3d	AngII 28d
335.7	deviations	335	Gm5294_335	0.659561762986314	-0.00274565199231752	CT	C57BL/6	Saline 3d	AngII 28d
357.7	deviations	357	Foxl1_357	0.659561762986314	-0.00274565199231752	CT	C57BL/6	Saline 3d	AngII 28d
394.7	deviations	394	Hoxb6_394	0.659561762986314	0.0149206303159259	CT	C57BL/6	Saline 3d	AngII 28d
461.7	deviations	461	Meis2_461	0.659561762986314	0.00969620119348526	CT	C57BL/6	Saline 3d	AngII 28d
762.7	deviations	762	Tbx21_762	0.659561762986314	0.0167315964159247	CT	C57BL/6	Saline 3d	AngII 28d
782.7	deviations	782	Tal1_782	0.659561762986314	0.0101751473412757	CT	C57BL/6	Saline 3d	AngII 28d
783.7	deviations	783	Lyl1_783	0.659561762986314	0.0101751473412757	CT	C57BL/6	Saline 3d	AngII 28d
818.7	deviations	818	Glis3_818	0.659561762986314	-0.00473598193274805	CT	C57BL/6	Saline 3d	AngII 28d
165.7	deviations	165	Zfp523_165	0.665787869656347	0.00655523351542168	CT	C57BL/6	Saline 3d	AngII 28d
170.7	deviations	170	Zfp282_170	0.665787869656347	0.00612742057351972	CT	C57BL/6	Saline 3d	AngII 28d
515.7	deviations	515	Lmx1b_515	0.665787869656347	0.0118711759435358	CT	C57BL/6	Saline 3d	AngII 28d
518.7	deviations	518	Hlx_518	0.665787869656347	0.0118711759435358	CT	C57BL/6	Saline 3d	AngII 28d
539.7	deviations	539	Prop1_539	0.665787869656347	0.0118711759435358	CT	C57BL/6	Saline 3d	AngII 28d
548.7	deviations	548	Nkx32_548	0.665787869656347	-0.00875940060956916	CT	C57BL/6	Saline 3d	AngII 28d
101.7	deviations	101	Nfe2l2_101	0.666476067632218	0.00972817382942143	CT	C57BL/6	Saline 3d	AngII 28d
187.7	deviations	187	Zic4_187	0.666476067632218	0.00641242712486537	CT	C57BL/6	Saline 3d	AngII 28d
732.7	deviations	732	Tcf7l2_732	0.666476067632218	0.00970753629671353	CT	C57BL/6	Saline 3d	AngII 28d
480.7	deviations	480	Dbx1_480	0.667876614628067	0.0168237726520681	CT	C57BL/6	Saline 3d	AngII 28d
543.7	deviations	543	Msx1_543	0.671149657538768	-0.0150539970890652	CT	C57BL/6	Saline 3d	AngII 28d
653.7	deviations	653	Pparg_653	0.672555744546395	-0.0131317637100679	CT	C57BL/6	Saline 3d	AngII 28d
235.7	deviations	235	Zbtb3_235	0.680551139080533	0.0104752723420061	CT	C57BL/6	Saline 3d	AngII 28d
346.7	deviations	346	Gm5294_346	0.680551139080533	-0.00607874858778494	CT	C57BL/6	Saline 3d	AngII 28d
372.7	deviations	372	Foxl1_372	0.680551139080533	-0.00607874858778494	CT	C57BL/6	Saline 3d	AngII 28d
751.7	deviations	751	Sox4_751	0.680551139080533	-0.00477750575118806	CT	C57BL/6	Saline 3d	AngII 28d
157.7	deviations	157	Hivep1_157	0.681299960967622	0.0127263212768029	CT	C57BL/6	Saline 3d	AngII 28d
438.7	deviations	438	Hmbox1_438	0.681299960967622	0.0219651719582406	CT	C57BL/6	Saline 3d	AngII 28d
797.7	deviations	797	Hivep2_797	0.681299960967622	0.0127263212768029	CT	C57BL/6	Saline 3d	AngII 28d
803.7	deviations	803	Hivep3_803	0.681299960967622	0.0127263212768029	CT	C57BL/6	Saline 3d	AngII 28d
140.7	deviations	140	Zscan4_140	0.682489491275618	-0.00746597680008316	CT	C57BL/6	Saline 3d	AngII 28d
269.7	deviations	269	Spic_269	0.694119604508539	0.00582808639011554	CT	C57BL/6	Saline 3d	AngII 28d
435.7	deviations	435	Irx4_435	0.694119604508539	-0.0174696156784783	CT	C57BL/6	Saline 3d	AngII 28d
722.7	deviations	722	Nfix_722	0.694119604508539	0.00626669807949311	CT	C57BL/6	Saline 3d	AngII 28d
785.7	deviations	785	Twist1_785	0.694119604508539	-0.0163998078222173	CT	C57BL/6	Saline 3d	AngII 28d
872.7	deviations	872	Wt1_872	0.694119604508539	-0.00212935508998378	CT	C57BL/6	Saline 3d	AngII 28d
344.7	deviations	344	Gm5294_344	0.708981855335846	-0.00756124218355843	CT	C57BL/6	Saline 3d	AngII 28d
370.7	deviations	370	Foxl1_370	0.708981855335846	-0.00756124218355843	CT	C57BL/6	Saline 3d	AngII 28d
514.7	deviations	514	Hoxb7_514	0.708981855335846	-0.00978602137547757	CT	C57BL/6	Saline 3d	AngII 28d
562.7	deviations	562	Homez_562	0.708981855335846	-0.0333739289198841	CT	C57BL/6	Saline 3d	AngII 28d
598.7	deviations	598	NP_598	0.708981855335846	0.0106173750388413	CT	C57BL/6	Saline 3d	AngII 28d
619.7	deviations	619	Pou2f1_619	0.708981855335846	0.0129846722412134	CT	C57BL/6	Saline 3d	AngII 28d
673.7	deviations	673	Nr3c1_673	0.708981855335846	0.0067126339570259	CT	C57BL/6	Saline 3d	AngII 28d
128.7	deviations	128	X9430076C15Rik_128	0.709484029479912	-0.0139040971835708	CT	C57BL/6	Saline 3d	AngII 28d
31.7	deviations	31	Tcf3_31	0.711151660272377	-0.00776956542884312	CT	C57BL/6	Saline 3d	AngII 28d
303.7	deviations	303	Foxj3_303	0.711151660272377	-0.00801711845152465	CT	C57BL/6	Saline 3d	AngII 28d
427.7	deviations	427	Dlx4_427	0.711151660272377	-0.0111143091192251	CT	C57BL/6	Saline 3d	AngII 28d
460.7	deviations	460	Hoxd8_460	0.711151660272377	-0.0118977703205062	CT	C57BL/6	Saline 3d	AngII 28d
830.7	deviations	830	Foxn2_830	0.711151660272377	-0.00801711845152465	CT	C57BL/6	Saline 3d	AngII 28d
832.7	deviations	832	Foxl2_832	0.711151660272377	-0.00801711845152465	CT	C57BL/6	Saline 3d	AngII 28d
834.7	deviations	834	ENSMUSG00000090020_834	0.711151660272377	-0.00801711845152465	CT	C57BL/6	Saline 3d	AngII 28d
210.7	deviations	210	Zbtb12_210	0.715360054808383	0.00720118512608993	CT	C57BL/6	Saline 3d	AngII 28d
246.7	deviations	246	Lin54_246	0.715360054808383	0.0104469702954388	CT	C57BL/6	Saline 3d	AngII 28d
552.7	deviations	552	Rhox11_552	0.715360054808383	-0.00887997701035464	CT	C57BL/6	Saline 3d	AngII 28d
678.7	deviations	678	Rorc_678	0.715360054808383	-0.00601886229222462	CT	C57BL/6	Saline 3d	AngII 28d
687.7	deviations	687	Ar_687	0.717067918935446	-0.00876015877596192	CT	C57BL/6	Saline 3d	AngII 28d
32.7	deviations	32	Srebf1_32	0.719144843328372	-0.00499429773750848	CT	C57BL/6	Saline 3d	AngII 28d
66.7	deviations	66	Hand1_66	0.719144843328372	0.00552404680608711	CT	C57BL/6	Saline 3d	AngII 28d
68.7	deviations	68	Hand2_68	0.719144843328372	0.00552404680608711	CT	C57BL/6	Saline 3d	AngII 28d
112.7	deviations	112	Atf2_112	0.719144843328372	-0.0104025073145011	CT	C57BL/6	Saline 3d	AngII 28d
302.7	deviations	302	Foxp1_302	0.719144843328372	-0.0115270835437769	CT	C57BL/6	Saline 3d	AngII 28d
347.7	deviations	347	Gm5294_347	0.719144843328372	-0.00906808454993203	CT	C57BL/6	Saline 3d	AngII 28d
351.7	deviations	351	Gm5294_351	0.719144843328372	0.0122017380860847	CT	C57BL/6	Saline 3d	AngII 28d
373.7	deviations	373	Foxl1_373	0.719144843328372	-0.00906808454993203	CT	C57BL/6	Saline 3d	AngII 28d
377.7	deviations	377	Foxl1_377	0.719144843328372	0.0122017380860847	CT	C57BL/6	Saline 3d	AngII 28d
478.7	deviations	478	Dlx5_478	0.719144843328372	-0.0140909741395183	CT	C57BL/6	Saline 3d	AngII 28d
541.7	deviations	541	Dbx2_541	0.719144843328372	-0.0140909741395183	CT	C57BL/6	Saline 3d	AngII 28d
217.7	deviations	217	Zkscan5_217	0.721571445493838	-0.00456616133198042	CT	C57BL/6	Saline 3d	AngII 28d
162.7	deviations	162	Bcl6_162	0.721589220998013	0.0023000389898064	CT	C57BL/6	Saline 3d	AngII 28d
331.7	deviations	331	Gm5294_331	0.721589220998013	-0.0100580501780009	CT	C57BL/6	Saline 3d	AngII 28d
354.7	deviations	354	Foxl1_354	0.721589220998013	-0.0100580501780009	CT	C57BL/6	Saline 3d	AngII 28d
714.7	deviations	714	Sp100_714	0.721589220998013	0.0238076818247513	CT	C57BL/6	Saline 3d	AngII 28d
729.7	deviations	729	Hmg20b_729	0.721589220998013	-0.0136176446321322	CT	C57BL/6	Saline 3d	AngII 28d
771.7	deviations	771	T_771	0.721589220998013	-0.00959132706677964	CT	C57BL/6	Saline 3d	AngII 28d
831.7	deviations	831	Foxa3_831	0.721589220998013	-0.0100580501780009	CT	C57BL/6	Saline 3d	AngII 28d
842.7	deviations	842	Mef2d_842	0.721589220998013	-0.00649365181945515	CT	C57BL/6	Saline 3d	AngII 28d
882.7	deviations	882	Mef2b_882	0.721589220998013	-0.00649365181945515	CT	C57BL/6	Saline 3d	AngII 28d
707.7	deviations	707	Rfx2_707	0.723407932347165	-0.00798963723891696	CT	C57BL/6	Saline 3d	AngII 28d
711.7	deviations	711	Rfx8_711	0.723407932347165	-0.00798963723891696	CT	C57BL/6	Saline 3d	AngII 28d
849.7	deviations	849	Pgr_849	0.723734460004409	0.0135660277571272	CT	C57BL/6	Saline 3d	AngII 28d
164.7	deviations	164	Zscan10_164	0.726456676796557	-0.00973885926353373	CT	C57BL/6	Saline 3d	AngII 28d
338.7	deviations	338	Gm5294_338	0.726456676796557	0.0136553725842603	CT	C57BL/6	Saline 3d	AngII 28d
364.7	deviations	364	Foxl1_364	0.726456676796557	0.0136553725842603	CT	C57BL/6	Saline 3d	AngII 28d
451.7	deviations	451	Lbx1_451	0.726456676796557	-0.00956936437771668	CT	C57BL/6	Saline 3d	AngII 28d
556.7	deviations	556	Gsx1_556	0.733813888636956	0.0183722591421904	CT	C57BL/6	Saline 3d	AngII 28d
97.7	deviations	97	Cebpd_97	0.736825300818302	-0.0188606342650644	CT	C57BL/6	Saline 3d	AngII 28d
130.7	deviations	130	Cebpb_130	0.736825300818302	-0.0188606342650644	CT	C57BL/6	Saline 3d	AngII 28d
462.7	deviations	462	Nkx22_462	0.737392973464329	0.0160070875748808	CT	C57BL/6	Saline 3d	AngII 28d
43.7	deviations	43	Msc_43	0.738165319343065	-0.0256769908622833	CT	C57BL/6	Saline 3d	AngII 28d
399.7	deviations	399	Nkx21_399	0.738165319343065	0.0108143798922481	CT	C57BL/6	Saline 3d	AngII 28d
748.7	deviations	748	Sry_748	0.738165319343065	0.0112428141943083	CT	C57BL/6	Saline 3d	AngII 28d
622.7	deviations	622	Pit1_622	0.73991085139453	0.00942742966312009	CT	C57BL/6	Saline 3d	AngII 28d
718.7	deviations	718	Sp110_718	0.740825321416244	0.00600544687721691	CT	C57BL/6	Saline 3d	AngII 28d
719.7	deviations	719	AC1689771_719	0.740825321416244	0.00600544687721691	CT	C57BL/6	Saline 3d	AngII 28d
546.7	deviations	546	Hoxb3_546	0.747273170030452	0.0117975598602781	CT	C57BL/6	Saline 3d	AngII 28d
87.7	deviations	87	Bhlha15_87	0.748083868824219	-0.0221756518462477	CT	C57BL/6	Saline 3d	AngII 28d
425.7	deviations	425	Meis1_425	0.750885345756251	0.00735717080646467	CT	C57BL/6	Saline 3d	AngII 28d
432.7	deviations	432	Barx1_432	0.750885345756251	0.00341222575277951	CT	C57BL/6	Saline 3d	AngII 28d
236.7	deviations	236	Klf12_236	0.751934416197212	0.00202875794391368	CT	C57BL/6	Saline 3d	AngII 28d
349.7	deviations	349	Gm5294_349	0.752264765637061	0.0028641132448439	CT	C57BL/6	Saline 3d	AngII 28d
436.7	deviations	436	Otp_436	0.752264765637061	0.00881169603090723	CT	C57BL/6	Saline 3d	AngII 28d
483.7	deviations	483	Irx3_483	0.752264765637061	-0.0153952881070095	CT	C57BL/6	Saline 3d	AngII 28d
504.7	deviations	504	Meox2_504	0.7556694427471	-0.00608333158084319	CT	C57BL/6	Saline 3d	AngII 28d
264.7	deviations	264	E2f6_264	0.755897969539792	0.00406909426269905	CT	C57BL/6	Saline 3d	AngII 28d
309.7	deviations	309	Foxq1_309	0.755897969539792	0.00755138723566504	CT	C57BL/6	Saline 3d	AngII 28d
408.7	deviations	408	Hoxd13_408	0.755897969539792	0.0124004417094439	CT	C57BL/6	Saline 3d	AngII 28d
412.7	deviations	412	Rhox6_412	0.755897969539792	0.0129021431539318	CT	C57BL/6	Saline 3d	AngII 28d
415.7	deviations	415	Phox2a_415	0.755897969539792	-0.0105339307539412	CT	C57BL/6	Saline 3d	AngII 28d
418.7	deviations	418	Phox2b_418	0.755897969539792	-0.0105339307539412	CT	C57BL/6	Saline 3d	AngII 28d
419.7	deviations	419	Alx3_419	0.755897969539792	-0.00827950226200144	CT	C57BL/6	Saline 3d	AngII 28d
445.7	deviations	445	Six2_445	0.755897969539792	0.0106102469546173	CT	C57BL/6	Saline 3d	AngII 28d
454.7	deviations	454	Lhx4_454	0.755897969539792	-0.00827950226200144	CT	C57BL/6	Saline 3d	AngII 28d
486.7	deviations	486	Pbx4_486	0.755897969539792	0.00461685252239515	CT	C57BL/6	Saline 3d	AngII 28d
496.7	deviations	496	Pbx2_496	0.755897969539792	0.00461685252239515	CT	C57BL/6	Saline 3d	AngII 28d
563.7	deviations	563	En1_563	0.755897969539792	-0.00827950226200144	CT	C57BL/6	Saline 3d	AngII 28d
572.7	deviations	572	Rhox9_572	0.755897969539792	0.0129021431539318	CT	C57BL/6	Saline 3d	AngII 28d
607.7	deviations	607	NP_607	0.755897969539792	0.00263091651808178	CT	C57BL/6	Saline 3d	AngII 28d
647.7	deviations	647	Mybl1_647	0.755897969539792	0.0069219027633635	CT	C57BL/6	Saline 3d	AngII 28d
4.7	deviations	4	Tcfap2e_4	0.762924027688574	0.00404384110261448	CT	C57BL/6	Saline 3d	AngII 28d
860.7	deviations	860	Smad4_860	0.762924027688574	0.00331487299422073	CT	C57BL/6	Saline 3d	AngII 28d
81.7	deviations	81	Olig1_81	0.768433322320495	-0.0182436098716901	CT	C57BL/6	Saline 3d	AngII 28d
511.7	deviations	511	Hoxb4_511	0.770907657370161	0.00685405233699142	CT	C57BL/6	Saline 3d	AngII 28d
259.7	deviations	259	E2f2_259	0.773853281720289	-0.00927660338642688	CT	C57BL/6	Saline 3d	AngII 28d
90.7	deviations	90	Ebf1_90	0.778607604133843	0.00398231080296375	CT	C57BL/6	Saline 3d	AngII 28d
420.7	deviations	420	Hoxa2_420	0.778607604133843	-0.0120724942635163	CT	C57BL/6	Saline 3d	AngII 28d
471.7	deviations	471	Lhx5_471	0.778607604133843	0.0102254787606463	CT	C57BL/6	Saline 3d	AngII 28d
537.7	deviations	537	Nkx23_537	0.778607604133843	-0.00115369452217898	CT	C57BL/6	Saline 3d	AngII 28d
2.7	deviations	2	Tcfap2b_2	0.779762304407013	-0.00382659844848943	CT	C57BL/6	Saline 3d	AngII 28d
56.7	deviations	56	Bhlhe41_56	0.779762304407013	-0.00947774104952819	CT	C57BL/6	Saline 3d	AngII 28d
255.7	deviations	255	Tfdp2_255	0.779762304407013	0.00483186348606556	CT	C57BL/6	Saline 3d	AngII 28d
256.7	deviations	256	Tfdp1_256	0.779762304407013	0.00483186348606556	CT	C57BL/6	Saline 3d	AngII 28d
444.7	deviations	444	Esx1_444	0.779762304407013	0.00959461451215132	CT	C57BL/6	Saline 3d	AngII 28d
113.7	deviations	113	Fosl2_113	0.782008569972036	0.0107052863954126	CT	C57BL/6	Saline 3d	AngII 28d
422.7	deviations	422	Lhx1_422	0.784724806286279	0.0102513355788559	CT	C57BL/6	Saline 3d	AngII 28d
150.7	deviations	150	Sp2_150	0.785099477869738	-0.000516997591916993	CT	C57BL/6	Saline 3d	AngII 28d
547.7	deviations	547	Hoxb13_547	0.78734883141805	0.0101959862640351	CT	C57BL/6	Saline 3d	AngII 28d
214.7	deviations	214	Klf1_214	0.789506417456085	-0.00142921101818763	CT	C57BL/6	Saline 3d	AngII 28d
876.7	deviations	876	Zfp263_876	0.789506417456085	-0.00231016242718262	CT	C57BL/6	Saline 3d	AngII 28d
106.7	deviations	106	Atf1_106	0.792603579104177	0.0127433055467612	CT	C57BL/6	Saline 3d	AngII 28d
196.7	deviations	196	Zfp410_196	0.792603579104177	-0.00448274927156962	CT	C57BL/6	Saline 3d	AngII 28d
20.7	deviations	20	Tcfap4_20	0.792942465870458	-0.0067244377046192	CT	C57BL/6	Saline 3d	AngII 28d
110.7	deviations	110	Atf3_110	0.792942465870458	0.00714832393550561	CT	C57BL/6	Saline 3d	AngII 28d
149.7	deviations	149	Ikzf1_149	0.792942465870458	0.00296310120184128	CT	C57BL/6	Saline 3d	AngII 28d
172.7	deviations	172	Gfi1b_172	0.792942465870458	0.00357566938073933	CT	C57BL/6	Saline 3d	AngII 28d
223.7	deviations	223	Zfp128_223	0.792942465870458	-0.0171096386552156	CT	C57BL/6	Saline 3d	AngII 28d
234.7	deviations	234	Egr4_234	0.792942465870458	0.00528255321203484	CT	C57BL/6	Saline 3d	AngII 28d
458.7	deviations	458	Lhx6_458	0.792942465870458	0.0219471697640422	CT	C57BL/6	Saline 3d	AngII 28d
465.7	deviations	465	Lhx8_465	0.792942465870458	0.00986552669504162	CT	C57BL/6	Saline 3d	AngII 28d
489.7	deviations	489	Isl2_489	0.792942465870458	-0.00448717147887042	CT	C57BL/6	Saline 3d	AngII 28d
529.7	deviations	529	Isl1_529	0.792942465870458	-0.00448717147887042	CT	C57BL/6	Saline 3d	AngII 28d
535.7	deviations	535	Emx2_535	0.792942465870458	0.00181107939422111	CT	C57BL/6	Saline 3d	AngII 28d
585.7	deviations	585	NP_585	0.792942465870458	0.0219471697640422	CT	C57BL/6	Saline 3d	AngII 28d
796.7	deviations	796	Ikzf4_796	0.792942465870458	0.00296310120184128	CT	C57BL/6	Saline 3d	AngII 28d
188.7	deviations	188	Egr2_188	0.793632341958215	-0.00165061551009486	CT	C57BL/6	Saline 3d	AngII 28d
306.7	deviations	306	Foxa1_306	0.793632341958215	-0.00322612299447674	CT	C57BL/6	Saline 3d	AngII 28d
330.7	deviations	330	Foxd1_330	0.793632341958215	-0.00653954010548853	CT	C57BL/6	Saline 3d	AngII 28d
334.7	deviations	334	Gm5294_334	0.793632341958215	-0.00653954010548853	CT	C57BL/6	Saline 3d	AngII 28d
359.7	deviations	359	Foxl1_359	0.793632341958215	-0.00653954010548853	CT	C57BL/6	Saline 3d	AngII 28d
581.7	deviations	581	Hoxc4_581	0.793632341958215	0.00731691276408818	CT	C57BL/6	Saline 3d	AngII 28d
735.7	deviations	735	Sox10_735	0.793632341958215	0.00627961055296569	CT	C57BL/6	Saline 3d	AngII 28d
94.7	deviations	94	Atoh1_94	0.794367713471947	-0.0196557974228879	CT	C57BL/6	Saline 3d	AngII 28d
116.7	deviations	116	Creb3l3_116	0.794367713471947	-0.00529983112313381	CT	C57BL/6	Saline 3d	AngII 28d
205.7	deviations	205	Scrt1_205	0.794367713471947	-0.010475611211471	CT	C57BL/6	Saline 3d	AngII 28d
212.7	deviations	212	Zfp524_212	0.794367713471947	-0.000498567070909587	CT	C57BL/6	Saline 3d	AngII 28d
632.7	deviations	632	Irf4_632	0.794367713471947	-0.00779299961063639	CT	C57BL/6	Saline 3d	AngII 28d
658.7	deviations	658	Nr1i3_658	0.794367713471947	-0.00561778492670669	CT	C57BL/6	Saline 3d	AngII 28d
680.7	deviations	680	Nr2f2_680	0.794367713471947	-0.00269521193666683	CT	C57BL/6	Saline 3d	AngII 28d
681.7	deviations	681	Nr3c2_681	0.794367713471947	0.0112143485856994	CT	C57BL/6	Saline 3d	AngII 28d
784.7	deviations	784	Neurod1_784	0.794367713471947	-0.0196557974228879	CT	C57BL/6	Saline 3d	AngII 28d
786.7	deviations	786	Neurod6_786	0.794367713471947	-0.0196557974228879	CT	C57BL/6	Saline 3d	AngII 28d
787.7	deviations	787	Neurod4_787	0.794367713471947	-0.0196557974228879	CT	C57BL/6	Saline 3d	AngII 28d
870.7	deviations	870	Creb3_870	0.794367713471947	-0.00529983112313381	CT	C57BL/6	Saline 3d	AngII 28d
182.7	deviations	182	Zbtb1_182	0.796378460898787	0.00652981030927238	CT	C57BL/6	Saline 3d	AngII 28d
142.7	deviations	142	Sp1_142	0.79724699393186	0.00432190161862825	CT	C57BL/6	Saline 3d	AngII 28d
49.7	deviations	49	Neurog2_49	0.801866101325406	-0.0180509591199455	CT	C57BL/6	Saline 3d	AngII 28d
75.7	deviations	75	Neurog3_75	0.801866101325406	-0.0180509591199455	CT	C57BL/6	Saline 3d	AngII 28d
82.7	deviations	82	Ferd3l_82	0.801866101325406	-0.00297055507523748	CT	C57BL/6	Saline 3d	AngII 28d
656.7	deviations	656	Ppard_656	0.801866101325406	0.00329812178153239	CT	C57BL/6	Saline 3d	AngII 28d
125.7	deviations	125	Cebpe_125	0.803564122382221	0.00968762509243692	CT	C57BL/6	Saline 3d	AngII 28d
549.7	deviations	549	Hmx2_549	0.803564122382221	-0.0042045428379026	CT	C57BL/6	Saline 3d	AngII 28d
633.7	deviations	633	Irf7_633	0.803564122382221	0.00391623946290566	CT	C57BL/6	Saline 3d	AngII 28d
332.7	deviations	332	Gm5294_332	0.804928854273324	-0.00569272258541693	CT	C57BL/6	Saline 3d	AngII 28d
355.7	deviations	355	Foxl1_355	0.804928854273324	-0.00569272258541693	CT	C57BL/6	Saline 3d	AngII 28d
508.7	deviations	508	Hoxa9_508	0.804928854273324	-0.00737122546908828	CT	C57BL/6	Saline 3d	AngII 28d
519.7	deviations	519	Prrx2_519	0.804928854273324	0.0119368890628834	CT	C57BL/6	Saline 3d	AngII 28d
671.7	deviations	671	Vdr_671	0.804928854273324	0.0065362292727107	CT	C57BL/6	Saline 3d	AngII 28d
839.7	deviations	839	Prrxl1_839	0.804928854273324	0.0119368890628834	CT	C57BL/6	Saline 3d	AngII 28d
103.7	deviations	103	Xbp1_103	0.806137076290832	-0.00707923797139382	CT	C57BL/6	Saline 3d	AngII 28d
183.7	deviations	183	Egr3_183	0.806137076290832	-0.00210423587860642	CT	C57BL/6	Saline 3d	AngII 28d
215.7	deviations	215	Zscan4c_215	0.806137076290832	0.00719562216282664	CT	C57BL/6	Saline 3d	AngII 28d
232.7	deviations	232	Zscan4ps2_232	0.806137076290832	0.00719562216282664	CT	C57BL/6	Saline 3d	AngII 28d
233.7	deviations	233	Zscan4f_233	0.806137076290832	0.00719562216282664	CT	C57BL/6	Saline 3d	AngII 28d
389.7	deviations	389	Tcfcp2_389	0.806137076290832	-0.00848310220974623	CT	C57BL/6	Saline 3d	AngII 28d
401.7	deviations	401	Dlx3_401	0.806137076290832	-0.00802155232443809	CT	C57BL/6	Saline 3d	AngII 28d
414.7	deviations	414	Pknox1_414	0.806137076290832	0.0093873712489562	CT	C57BL/6	Saline 3d	AngII 28d
567.7	deviations	567	Nkx63_567	0.806137076290832	-0.00893507879115335	CT	C57BL/6	Saline 3d	AngII 28d
613.7	deviations	613	Pax3_613	0.806137076290832	-0.0130639347598399	CT	C57BL/6	Saline 3d	AngII 28d
614.7	deviations	614	Pax6_614	0.806137076290832	0.0108165382264239	CT	C57BL/6	Saline 3d	AngII 28d
802.7	deviations	802	Sp3_802	0.806137076290832	0.00114354429546476	CT	C57BL/6	Saline 3d	AngII 28d
854.7	deviations	854	Pax8_854	0.806137076290832	0.00607564258081893	CT	C57BL/6	Saline 3d	AngII 28d
855.7	deviations	855	Pax1_855	0.806137076290832	0.00607564258081893	CT	C57BL/6	Saline 3d	AngII 28d
189.7	deviations	189	Prdm1_189	0.806550570153128	0.00418040989155732	CT	C57BL/6	Saline 3d	AngII 28d
601.7	deviations	601	NP_601	0.806550570153128	0.0101061307340035	CT	C57BL/6	Saline 3d	AngII 28d
313.7	deviations	313	Foxo4_313	0.807879574344189	-0.00821066333403098	CT	C57BL/6	Saline 3d	AngII 28d
741.7	deviations	741	Sox12_741	0.808087585191468	-0.00504299783248006	CT	C57BL/6	Saline 3d	AngII 28d
837.7	deviations	837	Six5_837	0.816829066119566	-0.0144683714276893	CT	C57BL/6	Saline 3d	AngII 28d
51.7	deviations	51	Hes2_51	0.819689747684925	-0.00679892288500478	CT	C57BL/6	Saline 3d	AngII 28d
568.7	deviations	568	Rhox8_568	0.819689747684925	0.00863161933685115	CT	C57BL/6	Saline 3d	AngII 28d
727.7	deviations	727	Hbp1_727	0.819689747684925	0.011873715633709	CT	C57BL/6	Saline 3d	AngII 28d
252.7	deviations	252	Dmrt3_252	0.81985599203863	0.00159140572894194	CT	C57BL/6	Saline 3d	AngII 28d
646.7	deviations	646	Smarcc2_646	0.81985599203863	-0.00631956680599078	CT	C57BL/6	Saline 3d	AngII 28d
758.7	deviations	758	Stat2_758	0.81985599203863	-0.000651411858897534	CT	C57BL/6	Saline 3d	AngII 28d
250.7	deviations	250	Dmrtc2_250	0.82004655573664	0.0187430985498118	CT	C57BL/6	Saline 3d	AngII 28d
683.7	deviations	683	Nr2e3_683	0.82004655573664	-0.00536738837411291	CT	C57BL/6	Saline 3d	AngII 28d
136.7	deviations	136	Mafb_136	0.822703007106145	0.00512237777146381	CT	C57BL/6	Saline 3d	AngII 28d
221.7	deviations	221	Scrt2_221	0.822703007106145	-0.00094865135324556	CT	C57BL/6	Saline 3d	AngII 28d
47.7	deviations	47	Ptf1a_47	0.826496508879218	0.00274368896777212	CT	C57BL/6	Saline 3d	AngII 28d
531.7	deviations	531	Hoxd4_531	0.835241034443664	-0.0064429646746664	CT	C57BL/6	Saline 3d	AngII 28d
570.7	deviations	570	Hmx1_570	0.837694063182112	-0.00518853787665002	CT	C57BL/6	Saline 3d	AngII 28d
227.7	deviations	227	Zfp238_227	0.841599117145168	-0.00922866604833234	CT	C57BL/6	Saline 3d	AngII 28d
237.7	deviations	237	Klf14_237	0.841599117145168	0.0026342950269525	CT	C57BL/6	Saline 3d	AngII 28d
749.7	deviations	749	Sox13_749	0.841599117145168	0.00808882474033502	CT	C57BL/6	Saline 3d	AngII 28d
798.7	deviations	798	Klf11_798	0.841599117145168	0.0026342950269525	CT	C57BL/6	Saline 3d	AngII 28d
817.7	deviations	817	Klf13_817	0.841599117145168	0.0026342950269525	CT	C57BL/6	Saline 3d	AngII 28d
874.7	deviations	874	Klf16_874	0.841599117145168	0.0026342950269525	CT	C57BL/6	Saline 3d	AngII 28d
299.7	deviations	299	Foxg1_299	0.841740768716088	-0.00698583715325427	CT	C57BL/6	Saline 3d	AngII 28d
421.7	deviations	421	Nkx25_421	0.841740768716088	0.0111951604559725	CT	C57BL/6	Saline 3d	AngII 28d
846.7	deviations	846	Thrb_846	0.841740768716088	0.000484698749001158	CT	C57BL/6	Saline 3d	AngII 28d
852.7	deviations	852	Thra_852	0.841740768716088	0.000484698749001158	CT	C57BL/6	Saline 3d	AngII 28d
230.7	deviations	230	Insm1_230	0.843737097328482	-0.00265508495546164	CT	C57BL/6	Saline 3d	AngII 28d
512.7	deviations	512	Hoxb5_512	0.845042271883394	-0.00559593054483599	CT	C57BL/6	Saline 3d	AngII 28d
566.7	deviations	566	Tgif2_566	0.845042271883394	0.00558576413126769	CT	C57BL/6	Saline 3d	AngII 28d
179.7	deviations	179	Mzf1_179	0.846142260301044	0.00364314399443666	CT	C57BL/6	Saline 3d	AngII 28d
440.7	deviations	440	Hoxc10_440	0.847912873874605	0.00249281977852556	CT	C57BL/6	Saline 3d	AngII 28d
550.7	deviations	550	Hoxc12_550	0.850316007307106	0.00787879714015771	CT	C57BL/6	Saline 3d	AngII 28d
605.7	deviations	605	NP_605	0.850316007307106	0.00787879714015771	CT	C57BL/6	Saline 3d	AngII 28d
637.7	deviations	637	Naif1_637	0.850316007307106	0.00535056347106925	CT	C57BL/6	Saline 3d	AngII 28d
121.7	deviations	121	Atf4_121	0.854746563640223	-0.0346804847168262	CT	C57BL/6	Saline 3d	AngII 28d
206.7	deviations	206	Osr1_206	0.854746563640223	0.00883897880689414	CT	C57BL/6	Saline 3d	AngII 28d
199.7	deviations	199	Zfp784_199	0.857184869197663	0.0013359890824299	CT	C57BL/6	Saline 3d	AngII 28d
810.7	deviations	810	Klf10_810	0.860294031870485	-0.000235488511574121	CT	C57BL/6	Saline 3d	AngII 28d
15.7	deviations	15	Phf21a_15	0.860655611858443	-0.00181212101298873	CT	C57BL/6	Saline 3d	AngII 28d
596.7	deviations	596	NP_596	0.860655611858443	0.00673087713879554	CT	C57BL/6	Saline 3d	AngII 28d
667.7	deviations	667	Nr2e1_667	0.860655611858443	0.00146589326564287	CT	C57BL/6	Saline 3d	AngII 28d
726.7	deviations	726	Tcf7_726	0.860655611858443	-0.00227074646948211	CT	C57BL/6	Saline 3d	AngII 28d
263.7	deviations	263	E2f8_263	0.864075611252111	0.00616687520724574	CT	C57BL/6	Saline 3d	AngII 28d
315.7	deviations	315	Foxe3_315	0.864075611252111	-0.00906244454305753	CT	C57BL/6	Saline 3d	AngII 28d
322.7	deviations	322	Foxd2_322	0.864075611252111	-0.00906244454305753	CT	C57BL/6	Saline 3d	AngII 28d
443.7	deviations	443	Dlx2_443	0.864075611252111	-0.00938917256850749	CT	C57BL/6	Saline 3d	AngII 28d
468.7	deviations	468	Nkx11_468	0.864075611252111	-0.00969225746993366	CT	C57BL/6	Saline 3d	AngII 28d
610.7	deviations	610	Nkx11_610	0.864075611252111	-0.00969225746993366	CT	C57BL/6	Saline 3d	AngII 28d
630.7	deviations	630	Irf3_630	0.864075611252111	0.000332929821414862	CT	C57BL/6	Saline 3d	AngII 28d
740.7	deviations	740	Sox18_740	0.864075611252111	-0.00656128206640073	CT	C57BL/6	Saline 3d	AngII 28d
226.7	deviations	226	Zscan20_226	0.864653477122866	0.0160268378957347	CT	C57BL/6	Saline 3d	AngII 28d
393.7	deviations	393	Lhx2_393	0.864653477122866	0.00830463434934078	CT	C57BL/6	Saline 3d	AngII 28d
470.7	deviations	470	Hnf1a_470	0.864653477122866	0.00942868453426619	CT	C57BL/6	Saline 3d	AngII 28d
540.7	deviations	540	Pou3f3_540	0.864653477122866	0.00969442012401418	CT	C57BL/6	Saline 3d	AngII 28d
692.7	deviations	692	Trp53_692	0.864653477122866	0.00214943240462311	CT	C57BL/6	Saline 3d	AngII 28d
702.7	deviations	702	Nfatc3_702	0.864653477122866	0.00237894231504149	CT	C57BL/6	Saline 3d	AngII 28d
857.7	deviations	857	Nfatc4_857	0.864653477122866	0.00237894231504149	CT	C57BL/6	Saline 3d	AngII 28d
430.7	deviations	430	Six6_430	0.865517050845008	0.00613682670345052	CT	C57BL/6	Saline 3d	AngII 28d
589.7	deviations	589	NP_589	0.865517050845008	-0.00625754162780908	CT	C57BL/6	Saline 3d	AngII 28d
83.7	deviations	83	Hes5_83	0.866143574036989	-0.00429610735770641	CT	C57BL/6	Saline 3d	AngII 28d
521.7	deviations	521	Alx4_521	0.866143574036989	0.00847028412509812	CT	C57BL/6	Saline 3d	AngII 28d
602.7	deviations	602	NP_602	0.866143574036989	0.00949080784727576	CT	C57BL/6	Saline 3d	AngII 28d
745.7	deviations	745	Sox21_745	0.866143574036989	0.00536316556933475	CT	C57BL/6	Saline 3d	AngII 28d
750.7	deviations	750	Sox2_750	0.866143574036989	0.00146935809218828	CT	C57BL/6	Saline 3d	AngII 28d
14.7	deviations	14	Hmga2_14	0.866152005032068	0.0216179087952291	CT	C57BL/6	Saline 3d	AngII 28d
39.7	deviations	39	Hes1_39	0.866152005032068	-0.000902214366289271	CT	C57BL/6	Saline 3d	AngII 28d
48.7	deviations	48	Sohlh2_48	0.866152005032068	-0.00172367105942125	CT	C57BL/6	Saline 3d	AngII 28d
161.7	deviations	161	Osr2_161	0.866152005032068	-0.00494999657779651	CT	C57BL/6	Saline 3d	AngII 28d
410.7	deviations	410	Evx1_410	0.866152005032068	0.00469426865319596	CT	C57BL/6	Saline 3d	AngII 28d
442.7	deviations	442	Gsc2_442	0.866152005032068	-0.00820276795904607	CT	C57BL/6	Saline 3d	AngII 28d
520.7	deviations	520	Hmx3_520	0.866152005032068	0.0110871532864439	CT	C57BL/6	Saline 3d	AngII 28d
542.7	deviations	542	Tgif1_542	0.866152005032068	0.00313114337118688	CT	C57BL/6	Saline 3d	AngII 28d
590.7	deviations	590	NP_590	0.866152005032068	0.0110871532864439	CT	C57BL/6	Saline 3d	AngII 28d
604.7	deviations	604	NP_604	0.866152005032068	-0.0032484201260456	CT	C57BL/6	Saline 3d	AngII 28d
776.7	deviations	776	Hmga1_776	0.866152005032068	0.0216179087952291	CT	C57BL/6	Saline 3d	AngII 28d
777.7	deviations	777	Hmga1rs1_777	0.866152005032068	0.0216179087952291	CT	C57BL/6	Saline 3d	AngII 28d
805.7	deviations	805	Rest_805	0.866152005032068	0.00230274662012688	CT	C57BL/6	Saline 3d	AngII 28d
554.7	deviations	554	Pbx1_554	0.8698429303985	-0.00741782209191979	CT	C57BL/6	Saline 3d	AngII 28d
715.7	deviations	715	Gmeb1_715	0.871581246130085	-0.00888376735918459	CT	C57BL/6	Saline 3d	AngII 28d
208.7	deviations	208	Zfa_208	0.878527567378097	-0.00180025260844297	CT	C57BL/6	Saline 3d	AngII 28d
213.7	deviations	213	Zfy1_213	0.878527567378097	-0.00180025260844297	CT	C57BL/6	Saline 3d	AngII 28d
86.7	deviations	86	Nhlh1_86	0.879824587091435	0.00289261487283728	CT	C57BL/6	Saline 3d	AngII 28d
583.7	deviations	583	Hoxd3_583	0.879824587091435	-0.00585237055678323	CT	C57BL/6	Saline 3d	AngII 28d
829.7	deviations	829	Foxn3_829	0.879824587091435	-0.00492522397958567	CT	C57BL/6	Saline 3d	AngII 28d
167.7	deviations	167	Sp4_167	0.881123553085462	-0.000612494960485981	CT	C57BL/6	Saline 3d	AngII 28d
453.7	deviations	453	Msx3_453	0.882638264018861	-0.00506439030748817	CT	C57BL/6	Saline 3d	AngII 28d
327.7	deviations	327	Foxd3_327	0.883500705044604	-0.00219968566853702	CT	C57BL/6	Saline 3d	AngII 28d
328.7	deviations	328	Foxe1_328	0.883500705044604	-0.00219968566853702	CT	C57BL/6	Saline 3d	AngII 28d
341.7	deviations	341	Gm5294_341	0.883500705044604	-0.00219968566853702	CT	C57BL/6	Saline 3d	AngII 28d
366.7	deviations	366	Foxl1_366	0.883500705044604	-0.00219968566853702	CT	C57BL/6	Saline 3d	AngII 28d
505.7	deviations	505	Alx1_505	0.883500705044604	0.0112454003770971	CT	C57BL/6	Saline 3d	AngII 28d
516.7	deviations	516	Six3_516	0.883500705044604	-0.0054016354370578	CT	C57BL/6	Saline 3d	AngII 28d
151.7	deviations	151	Zbtb4_151	0.88372326143944	0.00594294959036638	CT	C57BL/6	Saline 3d	AngII 28d
648.7	deviations	648	Terf2_648	0.88372326143944	0.000256907321080427	CT	C57BL/6	Saline 3d	AngII 28d
652.7	deviations	652	Gm98_652	0.88372326143944	0.00493594789092664	CT	C57BL/6	Saline 3d	AngII 28d
186.7	deviations	186	Prdm4_186	0.890607196727866	0.00311950848673729	CT	C57BL/6	Saline 3d	AngII 28d
254.7	deviations	254	Dmrt2_254	0.890607196727866	-0.000142306107819705	CT	C57BL/6	Saline 3d	AngII 28d
498.7	deviations	498	Lbx2_498	0.890607196727866	-0.007384023769114	CT	C57BL/6	Saline 3d	AngII 28d
821.7	deviations	821	Ybx2_821	0.890607196727866	-0.00371375752447048	CT	C57BL/6	Saline 3d	AngII 28d
822.7	deviations	822	Ybx1_822	0.890607196727866	-0.00371375752447048	CT	C57BL/6	Saline 3d	AngII 28d
823.7	deviations	823	Csda_823	0.890607196727866	-0.00371375752447048	CT	C57BL/6	Saline 3d	AngII 28d
240.7	deviations	240	Zfx_240	0.891895476600838	0.0090276951528661	CT	C57BL/6	Saline 3d	AngII 28d
878.7	deviations	878	Zfp263_878	0.891895476600838	0.000570108065909763	CT	C57BL/6	Saline 3d	AngII 28d
314.7	deviations	314	Foxo1_314	0.8929734291821	0.000163208622011357	CT	C57BL/6	Saline 3d	AngII 28d
345.7	deviations	345	Gm5294_345	0.8929734291821	-0.00835098163294366	CT	C57BL/6	Saline 3d	AngII 28d
371.7	deviations	371	Foxl1_371	0.8929734291821	-0.00835098163294366	CT	C57BL/6	Saline 3d	AngII 28d
439.7	deviations	439	Nkx31_439	0.8929734291821	0.000488595376126416	CT	C57BL/6	Saline 3d	AngII 28d
747.7	deviations	747	Sox11_747	0.894043247745319	0.000562854486882779	CT	C57BL/6	Saline 3d	AngII 28d
25.7	deviations	25	Arnt_25	0.895144599267979	-0.00991802003991747	CT	C57BL/6	Saline 3d	AngII 28d
28.7	deviations	28	Ahr_28	0.895144599267979	-0.00531967250595937	CT	C57BL/6	Saline 3d	AngII 28d
36.7	deviations	36	Ahrr_36	0.895144599267979	-0.00531967250595937	CT	C57BL/6	Saline 3d	AngII 28d
195.7	deviations	195	Zic5_195	0.895144599267979	0.00401242902587422	CT	C57BL/6	Saline 3d	AngII 28d
258.7	deviations	258	E2f3_258	0.895144599267979	-0.00474254863791674	CT	C57BL/6	Saline 3d	AngII 28d
472.7	deviations	472	Pdx1_472	0.895144599267979	0.00536876166176084	CT	C57BL/6	Saline 3d	AngII 28d
628.7	deviations	628	Hsfy2_628	0.895144599267979	-0.0132602937359931	CT	C57BL/6	Saline 3d	AngII 28d
690.7	deviations	690	Nr2f1_690	0.895144599267979	0.00612545202334254	CT	C57BL/6	Saline 3d	AngII 28d
799.7	deviations	799	Snai2_799	0.907456855927464	0.00317848853408918	CT	C57BL/6	Saline 3d	AngII 28d
247.7	deviations	247	Cxxc1_247	0.908515623959086	-0.00447930331753528	CT	C57BL/6	Saline 3d	AngII 28d
57.7	deviations	57	Mesp2_57	0.909134261032624	-0.000562718619911307	CT	C57BL/6	Saline 3d	AngII 28d
58.7	deviations	58	Mesp1_58	0.909134261032624	-0.000562718619911307	CT	C57BL/6	Saline 3d	AngII 28d
225.7	deviations	225	Zic2_225	0.909134261032624	-0.00281213549617797	CT	C57BL/6	Saline 3d	AngII 28d
621.7	deviations	621	Pit1_621	0.909134261032624	0.00900361997782098	CT	C57BL/6	Saline 3d	AngII 28d
728.7	deviations	728	Cic_728	0.909134261032624	0.0013124887075441	CT	C57BL/6	Saline 3d	AngII 28d
820.7	deviations	820	Ctcfl_820	0.909134261032624	0.000512460066323885	CT	C57BL/6	Saline 3d	AngII 28d
626.7	deviations	626	Hsf1_626	0.9158995451363	-0.00344713182351095	CT	C57BL/6	Saline 3d	AngII 28d
525.7	deviations	525	Meis3_525	0.918855227594462	0.00663356652865335	CT	C57BL/6	Saline 3d	AngII 28d
635.7	deviations	635	Irf5_635	0.92053876294616	0.018077985077551	CT	C57BL/6	Saline 3d	AngII 28d
474.7	deviations	474	Cux1_474	0.922621183844642	0.010423030142894	CT	C57BL/6	Saline 3d	AngII 28d
731.7	deviations	731	Sox8_731	0.922621183844642	0.00285839805402123	CT	C57BL/6	Saline 3d	AngII 28d
746.7	deviations	746	Sox7_746	0.922621183844642	0.00285839805402123	CT	C57BL/6	Saline 3d	AngII 28d
26.7	deviations	26	Arnt2_26	0.929792914015729	-0.00670334672160643	CT	C57BL/6	Saline 3d	AngII 28d
447.7	deviations	447	Rax_447	0.931255491049053	-0.0118479343312804	CT	C57BL/6	Saline 3d	AngII 28d
137.7	deviations	137	Nfil3_137	0.93375353585575	0.0171273083165601	CT	C57BL/6	Saline 3d	AngII 28d
501.7	deviations	501	Pknox2_501	0.93375353585575	0.00681283720655767	CT	C57BL/6	Saline 3d	AngII 28d
398.7	deviations	398	Meox1_398	0.938921620820995	-0.00451866131277555	CT	C57BL/6	Saline 3d	AngII 28d
463.7	deviations	463	Shox2_463	0.938921620820995	0.00668228544356195	CT	C57BL/6	Saline 3d	AngII 28d
502.7	deviations	502	Gsx2_502	0.938921620820995	-0.00241273602881436	CT	C57BL/6	Saline 3d	AngII 28d
850.7	deviations	850	Nr1h4_850	0.938921620820995	-0.00310807539304354	CT	C57BL/6	Saline 3d	AngII 28d
851.7	deviations	851	Nr1h5_851	0.938921620820995	-0.00310807539304354	CT	C57BL/6	Saline 3d	AngII 28d
198.7	deviations	198	Hic1_198	0.941481525953337	0.000825170534894698	CT	C57BL/6	Saline 3d	AngII 28d
200.7	deviations	200	Zfp3_200	0.941481525953337	0.00192906857982907	CT	C57BL/6	Saline 3d	AngII 28d
469.7	deviations	469	Uncx_469	0.941481525953337	0.0119650852801147	CT	C57BL/6	Saline 3d	AngII 28d
490.7	deviations	490	Vsx1_490	0.941481525953337	-0.00859304990521065	CT	C57BL/6	Saline 3d	AngII 28d
536.7	deviations	536	Nkx26_536	0.941481525953337	0.00590667898992626	CT	C57BL/6	Saline 3d	AngII 28d
545.7	deviations	545	Nkx12_545	0.941481525953337	-0.00183326985801168	CT	C57BL/6	Saline 3d	AngII 28d
557.7	deviations	557	Nkx24_557	0.941481525953337	0.00204357089705998	CT	C57BL/6	Saline 3d	AngII 28d
713.7	deviations	713	Runx2_713	0.941481525953337	-0.00684089310482774	CT	C57BL/6	Saline 3d	AngII 28d
479.7	deviations	479	Hoxa1_479	0.942923527433891	0.00193483771016748	CT	C57BL/6	Saline 3d	AngII 28d
417.7	deviations	417	Nanog_417	0.94415502741052	0.00104106875937096	CT	C57BL/6	Saline 3d	AngII 28d
244.7	deviations	244	Cux2_244	0.950395209573548	0.0114282121708692	CT	C57BL/6	Saline 3d	AngII 28d
487.7	deviations	487	Pou2f3_487	0.952873266496914	-0.0028317279587745	CT	C57BL/6	Saline 3d	AngII 28d
141.7	deviations	141	Bcl6b_141	0.954096102711057	-0.00243466396778285	CT	C57BL/6	Saline 3d	AngII 28d
807.7	deviations	807	Maz_807	0.956360320830531	0.00043478888604116	CT	C57BL/6	Saline 3d	AngII 28d
8.7	deviations	8	Arid5b_8	0.956521852824373	-0.00334827811455791	CT	C57BL/6	Saline 3d	AngII 28d
21.7	deviations	21	Twist2_21	0.956521852824373	-0.0013739993309732	CT	C57BL/6	Saline 3d	AngII 28d
61.7	deviations	61	Scx_61	0.956521852824373	-0.00598650639258676	CT	C57BL/6	Saline 3d	AngII 28d
64.7	deviations	64	Atoh7_64	0.956521852824373	-0.0108987319981905	CT	C57BL/6	Saline 3d	AngII 28d
93.7	deviations	93	Tcf15_93	0.956521852824373	-0.00598650639258676	CT	C57BL/6	Saline 3d	AngII 28d
124.7	deviations	124	Atf7_124	0.956521852824373	-0.00106095099994685	CT	C57BL/6	Saline 3d	AngII 28d
129.7	deviations	129	Cebpg_129	0.956521852824373	-0.00679866847688344	CT	C57BL/6	Saline 3d	AngII 28d
166.7	deviations	166	Ovol1_166	0.956521852824373	0.00438852281046362	CT	C57BL/6	Saline 3d	AngII 28d
178.7	deviations	178	Zkscan1_178	0.956521852824373	-0.00476475794311692	CT	C57BL/6	Saline 3d	AngII 28d
194.7	deviations	194	Klf8_194	0.956521852824373	0.000957096932681652	CT	C57BL/6	Saline 3d	AngII 28d
228.7	deviations	228	Zbtb6_228	0.956521852824373	-0.0022587978950262	CT	C57BL/6	Saline 3d	AngII 28d
241.7	deviations	241	Myt1l_241	0.956521852824373	0.00220256049644302	CT	C57BL/6	Saline 3d	AngII 28d
428.7	deviations	428	Hoxb9_428	0.956521852824373	8.91826622082207e-05	CT	C57BL/6	Saline 3d	AngII 28d
448.7	deviations	448	Cdx1_448	0.956521852824373	-7.38571530048172e-05	CT	C57BL/6	Saline 3d	AngII 28d
475.7	deviations	475	Pax4_475	0.956521852824373	0.00465212311156282	CT	C57BL/6	Saline 3d	AngII 28d
481.7	deviations	481	Cdx4_481	0.956521852824373	-7.38571530048172e-05	CT	C57BL/6	Saline 3d	AngII 28d
497.7	deviations	497	Vax2_497	0.956521852824373	0.00268239577150086	CT	C57BL/6	Saline 3d	AngII 28d
574.7	deviations	574	Tlx2_574	0.956521852824373	0.00322936070383486	CT	C57BL/6	Saline 3d	AngII 28d
587.7	deviations	587	NP_587	0.956521852824373	-0.00285525051629445	CT	C57BL/6	Saline 3d	AngII 28d
591.7	deviations	591	NP_591	0.956521852824373	8.91826622082207e-05	CT	C57BL/6	Saline 3d	AngII 28d
705.7	deviations	705	Rfx6_705	0.956521852824373	-0.00444279903718233	CT	C57BL/6	Saline 3d	AngII 28d
781.7	deviations	781	Tal2_781	0.956521852824373	-0.0013739993309732	CT	C57BL/6	Saline 3d	AngII 28d
801.7	deviations	801	Gli1_801	0.956521852824373	0.000110822534110466	CT	C57BL/6	Saline 3d	AngII 28d
809.7	deviations	809	Ovol2_809	0.956521852824373	-0.0171010647683484	CT	C57BL/6	Saline 3d	AngII 28d
815.7	deviations	815	Gli2_815	0.956521852824373	0.000110822534110466	CT	C57BL/6	Saline 3d	AngII 28d
38.7	deviations	38	Srebf2_38	0.957495162846848	0.00127145497792704	CT	C57BL/6	Saline 3d	AngII 28d
629.7	deviations	629	Irf9_629	0.957495162846848	-0.0121916153217817	CT	C57BL/6	Saline 3d	AngII 28d
59.7	deviations	59	Tcf12_59	0.958926221134069	0.00110398684450573	CT	C57BL/6	Saline 3d	AngII 28d
229.7	deviations	229	Zic3_229	0.958926221134069	0.00169076819149011	CT	C57BL/6	Saline 3d	AngII 28d
426.7	deviations	426	Hnf1b_426	0.958926221134069	0.0130186081206276	CT	C57BL/6	Saline 3d	AngII 28d
482.7	deviations	482	Isx_482	0.958926221134069	-0.0061217322372116	CT	C57BL/6	Saline 3d	AngII 28d
494.7	deviations	494	Gbx2_494	0.958926221134069	0.000220097601202739	CT	C57BL/6	Saline 3d	AngII 28d
551.7	deviations	551	Hoxd10_551	0.958926221134069	0.00762796943993184	CT	C57BL/6	Saline 3d	AngII 28d
712.7	deviations	712	Runx1_712	0.958926221134069	0.00273991891849231	CT	C57BL/6	Saline 3d	AngII 28d
721.7	deviations	721	IRC900814_721	0.958926221134069	-0.00767042311275595	CT	C57BL/6	Saline 3d	AngII 28d
858.7	deviations	858	Runx3_858	0.958926221134069	0.00273991891849231	CT	C57BL/6	Saline 3d	AngII 28d
148.7	deviations	148	Glis2_148	0.959373272921758	-0.00292684820508253	CT	C57BL/6	Saline 3d	AngII 28d
181.7	deviations	181	Zic1_181	0.959373272921758	-0.000514513927960663	CT	C57BL/6	Saline 3d	AngII 28d
298.7	deviations	298	Foxj2_298	0.959373272921758	-0.00134543803987663	CT	C57BL/6	Saline 3d	AngII 28d
300.7	deviations	300	Foxp4_300	0.959373272921758	-0.00134543803987663	CT	C57BL/6	Saline 3d	AngII 28d
301.7	deviations	301	Foxp2_301	0.959373272921758	-0.00134543803987663	CT	C57BL/6	Saline 3d	AngII 28d
311.7	deviations	311	Foxp3_311	0.959373272921758	-0.00134543803987663	CT	C57BL/6	Saline 3d	AngII 28d
413.7	deviations	413	Vax1_413	0.959373272921758	0.000347510391570834	CT	C57BL/6	Saline 3d	AngII 28d
455.7	deviations	455	Prrx1_455	0.959373272921758	0.0020236533657769	CT	C57BL/6	Saline 3d	AngII 28d
528.7	deviations	528	Dlx1_528	0.959373272921758	0.00297885465568938	CT	C57BL/6	Saline 3d	AngII 28d
611.7	deviations	611	Dobox4_611	0.959373272921758	0.00262882669045481	CT	C57BL/6	Saline 3d	AngII 28d
612.7	deviations	612	Pax2_612	0.959373272921758	-0.01195841174205	CT	C57BL/6	Saline 3d	AngII 28d
625.7	deviations	625	Hsf2_625	0.959373272921758	0.00199088842252523	CT	C57BL/6	Saline 3d	AngII 28d
636.7	deviations	636	Irf2_636	0.959373272921758	0.0079477519229832	CT	C57BL/6	Saline 3d	AngII 28d
644.7	deviations	644	Myb_644	0.959373272921758	0.0108004161239707	CT	C57BL/6	Saline 3d	AngII 28d
672.7	deviations	672	Nr1i2_672	0.959373272921758	0.00746919603081473	CT	C57BL/6	Saline 3d	AngII 28d
684.7	deviations	684	Rorb_684	0.959373272921758	-0.000373633284847671	CT	C57BL/6	Saline 3d	AngII 28d
685.7	deviations	685	Rara_685	0.959373272921758	-0.00331086424964848	CT	C57BL/6	Saline 3d	AngII 28d
691.7	deviations	691	Trp73_691	0.959373272921758	0.00167571321511856	CT	C57BL/6	Saline 3d	AngII 28d
695.7	deviations	695	Lcor_695	0.959373272921758	0.00335387451438885	CT	C57BL/6	Saline 3d	AngII 28d
778.7	deviations	778	Myf5_778	0.959373272921758	0.000755159716786189	CT	C57BL/6	Saline 3d	AngII 28d
880.7	deviations	880	Foxm1_880	0.959373272921758	-0.00179176449818776	CT	C57BL/6	Saline 3d	AngII 28d
467.7	deviations	467	Pax7_467	0.96763519168292	0.00319468581045474	CT	C57BL/6	Saline 3d	AngII 28d
71.7	deviations	71	Tcfl5_71	0.9683353112762	0.000279759694663928	CT	C57BL/6	Saline 3d	AngII 28d
139.7	deviations	139	Zeb1_139	0.9683353112762	0.00251731178937184	CT	C57BL/6	Saline 3d	AngII 28d
473.7	deviations	473	Cdx2_473	0.9683353112762	0.00453956102449998	CT	C57BL/6	Saline 3d	AngII 28d
559.7	deviations	559	Bsx_559	0.9683353112762	0.00814473103313734	CT	C57BL/6	Saline 3d	AngII 28d
117.7	deviations	117	Nfe2l1_117	0.968770523958871	-0.00190931745921406	CT	C57BL/6	Saline 3d	AngII 28d
134.7	deviations	134	Crem_134	0.968770523958871	-0.00151771402071188	CT	C57BL/6	Saline 3d	AngII 28d
144.7	deviations	144	Plag1_144	0.968770523958871	-0.000509064404507629	CT	C57BL/6	Saline 3d	AngII 28d
253.7	deviations	253	Dmrta1_253	0.968770523958871	0.0014626581455432	CT	C57BL/6	Saline 3d	AngII 28d
304.7	deviations	304	Foxh1_304	0.968770523958871	-0.00131231741473946	CT	C57BL/6	Saline 3d	AngII 28d
307.7	deviations	307	Foxa2_307	0.968770523958871	-0.00200844064261987	CT	C57BL/6	Saline 3d	AngII 28d
342.7	deviations	342	Gm5294_342	0.968770523958871	0.00537549996303111	CT	C57BL/6	Saline 3d	AngII 28d
459.7	deviations	459	Lhx3_459	0.968770523958871	-0.000339313114135556	CT	C57BL/6	Saline 3d	AngII 28d
476.7	deviations	476	Nobox_476	0.968770523958871	0.0055649022941877	CT	C57BL/6	Saline 3d	AngII 28d
477.7	deviations	477	Dlx6_477	0.968770523958871	0.00671359294706485	CT	C57BL/6	Saline 3d	AngII 28d
485.7	deviations	485	Irx6_485	0.968770523958871	-0.00233392702548854	CT	C57BL/6	Saline 3d	AngII 28d
503.7	deviations	503	Hoxc9_503	0.968770523958871	-0.00295626484617964	CT	C57BL/6	Saline 3d	AngII 28d
573.7	deviations	573	Noto_573	0.968770523958871	0.00908613170143502	CT	C57BL/6	Saline 3d	AngII 28d
588.7	deviations	588	NP_588	0.968770523958871	-0.00584053203875757	CT	C57BL/6	Saline 3d	AngII 28d
594.7	deviations	594	NP_594	0.968770523958871	-0.00295626484617964	CT	C57BL/6	Saline 3d	AngII 28d
623.7	deviations	623	Pit1_623	0.968770523958871	0.00571076097560659	CT	C57BL/6	Saline 3d	AngII 28d
639.7	deviations	639	Srf_639	0.968770523958871	0.00262565913102008	CT	C57BL/6	Saline 3d	AngII 28d
641.7	deviations	641	Mbd2_641	0.968770523958871	-0.000170685040049275	CT	C57BL/6	Saline 3d	AngII 28d
703.7	deviations	703	Nfatc1_703	0.968770523958871	-0.00374553200311302	CT	C57BL/6	Saline 3d	AngII 28d
736.7	deviations	736	Sox30_736	0.968770523958871	0.00499549797953364	CT	C57BL/6	Saline 3d	AngII 28d
737.7	deviations	737	Sox15_737	0.968770523958871	-0.00531741019696357	CT	C57BL/6	Saline 3d	AngII 28d
763.7	deviations	763	Tbx1_763	0.968770523958871	-0.0113724579546548	CT	C57BL/6	Saline 3d	AngII 28d
770.7	deviations	770	Tbx10_770	0.968770523958871	-0.0113724579546548	CT	C57BL/6	Saline 3d	AngII 28d
794.7	deviations	794	Klf6_794	0.968770523958871	0.000349985099532461	CT	C57BL/6	Saline 3d	AngII 28d
804.7	deviations	804	Klf3_804	0.968770523958871	0.000349985099532461	CT	C57BL/6	Saline 3d	AngII 28d
813.7	deviations	813	Mbtps2_813	0.968770523958871	0.000532268797837819	CT	C57BL/6	Saline 3d	AngII 28d
819.7	deviations	819	Klf2_819	0.968770523958871	0.000349985099532461	CT	C57BL/6	Saline 3d	AngII 28d
871.7	deviations	871	Nfe2l3_871	0.968770523958871	-0.00190931745921406	CT	C57BL/6	Saline 3d	AngII 28d
875.7	deviations	875	Zfp42_875	0.968770523958871	0.000532268797837819	CT	C57BL/6	Saline 3d	AngII 28d
339.7	deviations	339	Gm5294_339	0.969832679859258	-0.00430403145024027	CT	C57BL/6	Saline 3d	AngII 28d
363.7	deviations	363	Foxl1_363	0.969832679859258	-0.00430403145024027	CT	C57BL/6	Saline 3d	AngII 28d
772.7	deviations	772	Tbp_772	0.969832679859258	-0.00133614768026059	CT	C57BL/6	Saline 3d	AngII 28d
773.7	deviations	773	Tbpl2_773	0.969832679859258	-0.00133614768026059	CT	C57BL/6	Saline 3d	AngII 28d
873.7	deviations	873	E4f1_873	0.969832679859258	-0.00513174399959298	CT	C57BL/6	Saline 3d	AngII 28d
716.7	deviations	716	Gmeb2_716	0.970195763230991	-0.00852190953693691	CT	C57BL/6	Saline 3d	AngII 28d
766.7	deviations	766	Tbx19_766	0.971504233267028	0.001974770357373	CT	C57BL/6	Saline 3d	AngII 28d
788.7	deviations	788	Ddit3_788	0.973132698153282	0.00495958304344001	CT	C57BL/6	Saline 3d	AngII 28d
859.7	deviations	859	Nfib_859	0.973132698153282	0.00179584733581076	CT	C57BL/6	Saline 3d	AngII 28d
862.7	deviations	862	Nfia_862	0.973132698153282	0.00179584733581076	CT	C57BL/6	Saline 3d	AngII 28d
879.7	deviations	879	Dmrta2_879	0.973132698153282	0.00443908875336977	CT	C57BL/6	Saline 3d	AngII 28d
395.7	deviations	395	Hoxa10_395	0.97487933734874	-0.00159016160735672	CT	C57BL/6	Saline 3d	AngII 28d
407.7	deviations	407	Evx2_407	0.97487933734874	0.00188138822415279	CT	C57BL/6	Saline 3d	AngII 28d
499.7	deviations	499	Nkx61_499	0.97487933734874	0.000929861140954308	CT	C57BL/6	Saline 3d	AngII 28d
606.7	deviations	606	NP_606	0.97487933734874	0.000929861140954308	CT	C57BL/6	Saline 3d	AngII 28d
649.7	deviations	649	Mypop_649	0.97487933734874	0.00787992245339922	CT	C57BL/6	Saline 3d	AngII 28d
651.7	deviations	651	Gm239_651	0.97487933734874	-0.00631712698561435	CT	C57BL/6	Saline 3d	AngII 28d
700.7	deviations	700	Nfatc2_700	0.97487933734874	0.00307861582857737	CT	C57BL/6	Saline 3d	AngII 28d
620.7	deviations	620	Pou3f1_620	0.981402454178002	-0.00148287998469127	CT	C57BL/6	Saline 3d	AngII 28d
72.7	deviations	72	Olig2_72	0.982125865797758	-0.00197993289871746	CT	C57BL/6	Saline 3d	AngII 28d
251.7	deviations	251	Dmrt1_251	0.982125865797758	-0.00374126660521525	CT	C57BL/6	Saline 3d	AngII 28d
686.7	deviations	686	Rxrb_686	0.982125865797758	0.00185994452729331	CT	C57BL/6	Saline 3d	AngII 28d
717.7	deviations	717	Sp140_717	0.982125865797758	0.00526428074385042	CT	C57BL/6	Saline 3d	AngII 28d
720.7	deviations	720	IRC900814_720	0.982125865797758	0.00526428074385042	CT	C57BL/6	Saline 3d	AngII 28d
791.7	deviations	791	Atf5_791	0.982125865797758	0.00185787227686579	CT	C57BL/6	Saline 3d	AngII 28d
844.7	deviations	844	Nr1d1_844	0.982125865797758	-0.00965331780708889	CT	C57BL/6	Saline 3d	AngII 28d
845.7	deviations	845	Nr1d2_845	0.982125865797758	-0.00965331780708889	CT	C57BL/6	Saline 3d	AngII 28d
24.7	deviations	24	Myod1_24	0.983524066386786	0.0015702202765182	CT	C57BL/6	Saline 3d	AngII 28d
114.7	deviations	114	Jdp2_114	0.983524066386786	-0.00133015035431913	CT	C57BL/6	Saline 3d	AngII 28d
308.7	deviations	308	Foxf2_308	0.983524066386786	-0.00391573774542382	CT	C57BL/6	Saline 3d	AngII 28d
310.7	deviations	310	Foxk2_310	0.983524066386786	-5.01220127727409e-05	CT	C57BL/6	Saline 3d	AngII 28d
312.7	deviations	312	Foxf1a_312	0.983524066386786	-0.00391573774542382	CT	C57BL/6	Saline 3d	AngII 28d
319.7	deviations	319	Foxo3_319	0.983524066386786	-5.01220127727409e-05	CT	C57BL/6	Saline 3d	AngII 28d
324.7	deviations	324	Foxk1_324	0.983524066386786	-5.01220127727409e-05	CT	C57BL/6	Saline 3d	AngII 28d
400.7	deviations	400	Irx2_400	0.983524066386786	-0.00411345742080611	CT	C57BL/6	Saline 3d	AngII 28d
553.7	deviations	553	Six1_553	0.983524066386786	0.000120866460761232	CT	C57BL/6	Saline 3d	AngII 28d
881.7	deviations	881	Mixl1_881	0.983524066386786	0.00180414691245209	CT	C57BL/6	Saline 3d	AngII 28d
79.7	deviations	79	Tcf21_79	0.991008612995751	-0.00420865589808982	CT	C57BL/6	Saline 3d	AngII 28d
156.7	deviations	156	Zkscan3_156	0.991236027652533	0.00575818911328468	CT	C57BL/6	Saline 3d	AngII 28d
216.7	deviations	216	Zkscan4_216	0.991236027652533	0.00575818911328468	CT	C57BL/6	Saline 3d	AngII 28d
294.7	deviations	294	Gm4881_294	0.991236027652533	-0.00285376908022693	CT	C57BL/6	Saline 3d	AngII 28d
374.7	deviations	374	Foxl1_374	0.991236027652533	-0.00205968488325072	CT	C57BL/6	Saline 3d	AngII 28d
571.7	deviations	571	Gbx1_571	0.993023616068062	-0.00511049047651883	CT	C57BL/6	Saline 3d	AngII 28d
510.7	deviations	510	Hoxa5_510	0.994625296588803	0.00210657778475128	CT	C57BL/6	Saline 3d	AngII 28d
155.7	deviations	155	Gli3_155	0.996223456040845	0.00120024917572097	CT	C57BL/6	Saline 3d	AngII 28d
507.7	deviations	507	Hoxa11_507	0.997454854612452	-0.00129435459220375	CT	C57BL/6	Saline 3d	AngII 28d
450.7	deviations	450	Tlx1_450	0.99773497494532	0.00287170396470367	CT	C57BL/6	Saline 3d	AngII 28d
522.7	deviations	522	Tlx3_522	0.99773497494532	0.00287170396470367	CT	C57BL/6	Saline 3d	AngII 28d
