"Regulon"	"Cell_ID"	"AUC"	"Sample_ID"	"Sample_ID_original"	"nCount_RNA"	"nFeature_RNA"	"Project"	"Strain"	"Treatment"	"SxT"	"Tissue"	"Cell_type_L1"	"Cell_type_L2"	"flag_Avp_neuron"
"Ep300(+),"	"RHYP10SN_ACACAGTGTCCAACGC-1"	0.0470330859965268	"RHYP10SN"	"RHYP10SN"	7478	3202	"Salt-sensitive"	"SS"	"HS 3d"	"SS-HS 3d"	"HYP"	"Excitatory neuron"	"C3-106 Mid-3 GLU-3 AVP"	"Avp+ neurons, glutamatergic"
"Ep300(+),"	"RHYP10SN_CCCTCTCCACTATCCC-1"	0.0470082771375087	"RHYP10SN"	"RHYP10SN"	6495	2853	"Salt-sensitive"	"SS"	"HS 3d"	"SS-HS 3d"	"HYP"	"Excitatory neuron"	"C3-106 Mid-3 GLU-3 AVP"	"Avp+ neurons, glutamatergic"
"Ep300(+),"	"RHYP10SN_GTACAGTGTGCCCAGT-1"	0.0564311328627168	"RHYP10SN"	"RHYP10SN"	5850	2766	"Salt-sensitive"	"SS"	"HS 3d"	"SS-HS 3d"	"HYP"	"Excitatory neuron"	"C3-106 Mid-3 GLU-3 AVP"	"Avp+ neurons, glutamatergic"
"Ep300(+),"	"RHYP10SN_TGTCCACGTACTCGTA-1"	0.0487854935835269	"RHYP10SN"	"RHYP10SN"	5383	2637	"Salt-sensitive"	"SS"	"HS 3d"	"SS-HS 3d"	"HYP"	"Excitatory neuron"	"C3-106 Mid-3 GLU-3 AVP"	"Avp+ neurons, glutamatergic"
"Ep300(+),"	"RHYP10SN_TACCGGGCACCGTGGT-1"	0.0579940909808521	"RHYP10SN"	"RHYP10SN"	5181	2577	"Salt-sensitive"	"SS"	"HS 3d"	"SS-HS 3d"	"HYP"	"Excitatory neuron"	"C3-106 Mid-3 GLU-3 AVP"	"Avp+ neurons, glutamatergic"
"Ep300(+),"	"RHYP10SN_TGTGTGATCCTACGGG-1"	0.0484178713998963	"RHYP10SN"	"RHYP10SN"	4743	2371	"Salt-sensitive"	"SS"	"HS 3d"	"SS-HS 3d"	"HYP"	"Excitatory neuron"	"C3-106 Mid-3 GLU-3 AVP"	"Avp+ neurons, glutamatergic"
"Ep300(+),"	"RHYP10SN_GGGCCATGTGGAGAAA-1"	0.0392363382124089	"RHYP10SN"	"RHYP10SN"	4719	2442	"Salt-sensitive"	"SS"	"HS 3d"	"SS-HS 3d"	"HYP"	"Excitatory neuron"	"C3-106 Mid-3 GLU-3 AVP"	"Avp+ neurons, glutamatergic"
"Ep300(+),"	"RHYP10SN_AAGTACCTCACCTCAC-1"	0.0429531563634723	"RHYP10SN"	"RHYP10SN"	4672	2284	"Salt-sensitive"	"SS"	"HS 3d"	"SS-HS 3d"	"HYP"	"Excitatory neuron"	"C3-106 Mid-3 GLU-3 AVP"	"Avp+ neurons, glutamatergic"
"Ep300(+),"	"RHYP10SN_TTGTTTGGTCACTACA-1"	0.0388777374320576	"RHYP10SN"	"RHYP10SN"	4103	2191	"Salt-sensitive"	"SS"	"HS 3d"	"SS-HS 3d"	"HYP"	"Excitatory neuron"	"C3-111 Mid-3 GLU-4 MEDAG"	"Avp+ neurons, glutamatergic"
"Ep300(+),"	"RHYP10SN_TCCTCTTGTCGCAGTC-1"	0.038546200861544	"RHYP10SN"	"RHYP10SN"	3779	1975	"Salt-sensitive"	"SS"	"HS 3d"	"SS-HS 3d"	"HYP"	"Excitatory neuron"	"C3-106 Mid-3 GLU-3 AVP"	"Avp+ neurons, glutamatergic"
"Ep300(+),"	"RHYP10SN_TCTCTGGCAATTCTTC-1"	0.0608380883646451	"RHYP10SN"	"RHYP10SN"	3699	2065	"Salt-sensitive"	"SS"	"HS 3d"	"SS-HS 3d"	"HYP"	"Excitatory neuron"	"C3-100 Mid-3 GLU-1 OTP"	"Avp+ neurons, glutamatergic"
"Ep300(+),"	"RHYP10SN_TCATGTTGTCACTCTC-1"	0.0548817068495004	"RHYP10SN"	"RHYP10SN"	3599	2085	"Salt-sensitive"	"SS"	"HS 3d"	"SS-HS 3d"	"HYP"	"Excitatory neuron"	"C3-100 Mid-3 GLU-1 OTP"	"Avp+ neurons, glutamatergic"
"Ep300(+),"	"RHYP10SN_ATTACTCCAACTTGGT-1"	0.0506912650262748	"RHYP10SN"	"RHYP10SN"	3086	1583	"Salt-sensitive"	"SS"	"HS 3d"	"SS-HS 3d"	"HYP"	"Inhibitory neuron"	"C3-42 Mid-1 GABA-2 LGR5"	"Avp+ neurons, GABAergic"
"Ep300(+),"	"RHYP10SN_TTACCGCTCACCATAG-1"	0.0463835449604186	"RHYP10SN"	"RHYP10SN"	2988	1773	"Salt-sensitive"	"SS"	"HS 3d"	"SS-HS 3d"	"HYP"	"Inhibitory neuron"	"C3-42 Mid-1 GABA-2 LGR5"	"Avp+ neurons, GABAergic"
"Ep300(+),"	"RHYP10SN_GGTTAACCACGTAACT-1"	0.0662351428764744	"RHYP10SN"	"RHYP10SN"	2891	1606	"Salt-sensitive"	"SS"	"HS 3d"	"SS-HS 3d"	"HYP"	"Inhibitory neuron"	"C3-42 Mid-1 GABA-2 LGR5"	"Avp+ neurons, GABAergic"
"Ep300(+),"	"RHYP10SN_ACCAAACTCGCGGACT-1"	0.0494936737409504	"RHYP10SN"	"RHYP10SN"	2885	1786	"Salt-sensitive"	"SS"	"HS 3d"	"SS-HS 3d"	"HYP"	"Inhibitory neuron"	"C3-35 Pre-1 GABA-3 TBL1Y"	"Avp+ neurons, GABAergic"
"Ep300(+),"	"RHYP10SN_TCCCAGTAGGGCAAGG-1"	0.0435575903831841	"RHYP10SN"	"RHYP10SN"	2846	1716	"Salt-sensitive"	"SS"	"HS 3d"	"SS-HS 3d"	"HYP"	"Excitatory neuron"	"C3-100 Mid-3 GLU-1 OTP"	"Avp+ neurons, glutamatergic"
"Ep300(+),"	"RHYP10SN_CAGATACTCGCATAGT-1"	0.0535104535510499	"RHYP10SN"	"RHYP10SN"	2831	1740	"Salt-sensitive"	"SS"	"HS 3d"	"SS-HS 3d"	"HYP"	"Excitatory neuron"	"C3-97 Mid-3 GLU-1 RSPO3"	"Avp+ neurons, glutamatergic"
"Ep300(+),"	"RHYP10SN_CTCCTTTGTGAATGTA-1"	0.038834885766481	"RHYP10SN"	"RHYP10SN"	2766	1651	"Salt-sensitive"	"SS"	"HS 3d"	"SS-HS 3d"	"HYP"	"Excitatory neuron"	"C3-113 Mid-3 GLU-5"	"Avp+ neurons, glutamatergic"
"Ep300(+),"	"RHYP10SN_TCATATCCATCCTTGC-1"	0.0446176052684995	"RHYP10SN"	"RHYP10SN"	2758	1748	"Salt-sensitive"	"SS"	"HS 3d"	"SS-HS 3d"	"HYP"	"Inhibitory neuron"	"C3-24 Pre-1 GABA-8 SLC1A3"	"Avp+ neurons, GABAergic"
"Ep300(+),"	"RHYP10SN_TGATTTCCAACCGGAA-1"	0.0434448228421931	"RHYP10SN"	"RHYP10SN"	2694	1540	"Salt-sensitive"	"SS"	"HS 3d"	"SS-HS 3d"	"HYP"	"Excitatory neuron"	"C3-106 Mid-3 GLU-3 AVP"	"Avp+ neurons, glutamatergic"
"Ep300(+),"	"RHYP10SN_CGAGTGCAGTCGCTAT-1"	0.0544509348429148	"RHYP10SN"	"RHYP10SN"	2633	1603	"Salt-sensitive"	"SS"	"HS 3d"	"SS-HS 3d"	"HYP"	"Excitatory neuron"	"C3-100 Mid-3 GLU-1 OTP"	"Avp+ neurons, glutamatergic"
"Ep300(+),"	"RHYP10SN_AGATGAATCACCTGGG-1"	0.0420059090191479	"RHYP10SN"	"RHYP10SN"	2625	1491	"Salt-sensitive"	"SS"	"HS 3d"	"SS-HS 3d"	"HYP"	"Inhibitory neuron"	"C3-42 Mid-1 GABA-2 LGR5"	"Avp+ neurons, GABAergic"
"Ep300(+),"	"RHYP10SN_ATTATCCGTCTACGAT-1"	0.0513340400099235	"RHYP10SN"	"RHYP10SN"	2561	1547	"Salt-sensitive"	"SS"	"HS 3d"	"SS-HS 3d"	"HYP"	"Inhibitory neuron"	"C3-126 Mid-2 GABA-GLU-2 PPP1R17"	"Avp+ neurons, GABAergic"
"Ep300(+),"	"RHYP10SN_TGTTGGAAGAAGCGCT-1"	0.0396174925009585	"RHYP10SN"	"RHYP10SN"	2534	1594	"Salt-sensitive"	"SS"	"HS 3d"	"SS-HS 3d"	"HYP"	"Excitatory neuron"	"C3-111 Mid-3 GLU-4 MEDAG"	"Avp+ neurons, glutamatergic"
"Ep300(+),"	"RHYP10SN_AATGAAGTCATTCTTG-1"	0.0430140508356075	"RHYP10SN"	"RHYP10SN"	2362	1508	"Salt-sensitive"	"SS"	"HS 3d"	"SS-HS 3d"	"HYP"	"Excitatory neuron"	"C3-101 Mid-3 GLU-2 CBLN2"	"Avp+ neurons, glutamatergic"
"Ep300(+),"	"RHYP10SN_TTGCGTCAGGTACAGC-1"	0.0437763594127066	"RHYP10SN"	"RHYP10SN"	2258	1382	"Salt-sensitive"	"SS"	"HS 3d"	"SS-HS 3d"	"HYP"	"Excitatory neuron"	"C3-102 Mid-3 GLU-2 OTP"	"Avp+ neurons, glutamatergic"
"Ep300(+),"	"RHYP10SN_ACCACAAGTAGCTTAC-1"	0.0587248246464738	"RHYP10SN"	"RHYP10SN"	2253	1508	"Salt-sensitive"	"SS"	"HS 3d"	"SS-HS 3d"	"HYP"	"Inhibitory neuron"	"C3-42 Mid-1 GABA-2 LGR5"	"Avp+ neurons, GABAergic"
"Ep300(+),"	"RHYP10SN_GGGTCACTCGAAGCAG-1"	0.0567784568889691	"RHYP10SN"	"RHYP10SN"	2244	1450	"Salt-sensitive"	"SS"	"HS 3d"	"SS-HS 3d"	"HYP"	"Inhibitory neuron"	"C3-42 Mid-1 GABA-2 LGR5"	"Avp+ neurons, GABAergic"
"Ep300(+),"	"RHYP10SN_TTCAATCGTACGGGAT-1"	0.0447281174586707	"RHYP10SN"	"RHYP10SN"	2234	1446	"Salt-sensitive"	"SS"	"HS 3d"	"SS-HS 3d"	"HYP"	"Inhibitory neuron"	"C3-42 Mid-1 GABA-2 LGR5"	"Avp+ neurons, GABAergic"
"Ep300(+),"	"RHYP10SN_GGCAGTCCAAAGGCTG-1"	0.0557545276167708	"RHYP10SN"	"RHYP10SN"	2182	1381	"Salt-sensitive"	"SS"	"HS 3d"	"SS-HS 3d"	"HYP"	"Inhibitory neuron"	"C3-42 Mid-1 GABA-2 LGR5"	"Avp+ neurons, GABAergic"
"Ep300(+),"	"RHYP10SN_GAAACCTAGGGTGGGA-1"	0.0439838516881301	"RHYP10SN"	"RHYP10SN"	2171	1387	"Salt-sensitive"	"SS"	"HS 3d"	"SS-HS 3d"	"HYP"	"Inhibitory neuron"	"C3-33 Pre-1 GABA-3 PAX6"	"Avp+ neurons, GABAergic"
"Ep300(+),"	"RHYP10SN_CGGACACAGACGACTG-1"	0.0366877917860123	"RHYP10SN"	"RHYP10SN"	2114	1402	"Salt-sensitive"	"SS"	"HS 3d"	"SS-HS 3d"	"HYP"	"Inhibitory neuron"	"C3-37 Pre-1 GABA-5"	"Avp+ neurons, GABAergic"
"Ep300(+),"	"RHYP10SN_GTCCACTAGTGAGGTC-1"	0.0506078170459415	"RHYP10SN"	"RHYP10SN"	2063	1267	"Salt-sensitive"	"SS"	"HS 3d"	"SS-HS 3d"	"HYP"	"Inhibitory neuron"	"C3-42 Mid-1 GABA-2 LGR5"	"Avp+ neurons, GABAergic"
"Ep300(+),"	"RHYP10SN_TTGGGTACAGGTGTGA-1"	0.0514129772886172	"RHYP10SN"	"RHYP10SN"	2038	1258	"Salt-sensitive"	"SS"	"HS 3d"	"SS-HS 3d"	"HYP"	"Inhibitory neuron"	"C3-42 Mid-1 GABA-2 LGR5"	"Avp+ neurons, GABAergic"
"Ep300(+),"	"RHYP10SN_TCACACCGTCTCGGAC-1"	0.0432260538126706	"RHYP10SN"	"RHYP10SN"	1975	1221	"Salt-sensitive"	"SS"	"HS 3d"	"SS-HS 3d"	"HYP"	"Inhibitory neuron"	"C3-126 Mid-2 GABA-GLU-2 PPP1R17"	"Avp+ neurons, GABAergic"
"Ep300(+),"	"RHYP10SN_TGTCAGACAAGAGATT-1"	0.0506033063443019	"RHYP10SN"	"RHYP10SN"	1947	1351	"Salt-sensitive"	"SS"	"HS 3d"	"SS-HS 3d"	"HYP"	"Inhibitory neuron"	"C3-42 Mid-1 GABA-2 LGR5"	"Avp+ neurons, GABAergic"
"Ep300(+),"	"RHYP10SN_CCGGTAGCAATAACGA-1"	0.0414172624551749	"RHYP10SN"	"RHYP10SN"	1930	1225	"Salt-sensitive"	"SS"	"HS 3d"	"SS-HS 3d"	"HYP"	"Inhibitory neuron"	"C3-42 Mid-1 GABA-2 LGR5"	"Avp+ neurons, GABAergic"
"Ep300(+),"	"RHYP10SN_ATGCGATTCCAGTGCG-1"	0.0495410361081666	"RHYP10SN"	"RHYP10SN"	1917	1251	"Salt-sensitive"	"SS"	"HS 3d"	"SS-HS 3d"	"HYP"	"Inhibitory neuron"	"C3-42 Mid-1 GABA-2 LGR5"	"Avp+ neurons, GABAergic"
"Ep300(+),"	"RHYP10SN_ATGCATGAGGAAAGGT-1"	0.0470894697670223	"RHYP10SN"	"RHYP10SN"	1918	1254	"Salt-sensitive"	"SS"	"HS 3d"	"SS-HS 3d"	"HYP"	"Inhibitory neuron"	"C3-126 Mid-2 GABA-GLU-2 PPP1R17"	"Avp+ neurons, GABAergic"
"Ep300(+),"	"RHYP10SN_TGAGCGCAGGCCTTGC-1"	0.0513611042197614	"RHYP10SN"	"RHYP10SN"	1907	1260	"Salt-sensitive"	"SS"	"HS 3d"	"SS-HS 3d"	"HYP"	"Inhibitory neuron"	"C3-42 Mid-1 GABA-2 LGR5"	"Avp+ neurons, GABAergic"
"Ep300(+),"	"RHYP10SN_CCGAACGCAGTCGGAA-1"	0.0524369065608155	"RHYP10SN"	"RHYP10SN"	1909	1236	"Salt-sensitive"	"SS"	"HS 3d"	"SS-HS 3d"	"HYP"	"Inhibitory neuron"	"C3-42 Mid-1 GABA-2 LGR5"	"Avp+ neurons, GABAergic"
"Ep300(+),"	"RHYP10SN_GCCCAGAAGACCAACG-1"	0.0402332032747694	"RHYP10SN"	"RHYP10SN"	1901	1192	"Salt-sensitive"	"SS"	"HS 3d"	"SS-HS 3d"	"HYP"	"Inhibitory neuron"	"C3-42 Mid-1 GABA-2 LGR5"	"Avp+ neurons, GABAergic"
"Ep300(+),"	"RHYP10SN_TCATGTTTCTGTAACG-1"	0.0536773495117166	"RHYP10SN"	"RHYP10SN"	1833	1206	"Salt-sensitive"	"SS"	"HS 3d"	"SS-HS 3d"	"HYP"	"Excitatory neuron"	"C3-106 Mid-3 GLU-3 AVP"	"Avp+ neurons, glutamatergic"
"Ep300(+),"	"RHYP10SN_AGTTAGCCAGGTGAGT-1"	0.0569002458332394	"RHYP10SN"	"RHYP10SN"	1812	1200	"Salt-sensitive"	"SS"	"HS 3d"	"SS-HS 3d"	"HYP"	"Inhibitory neuron"	"C3-42 Mid-1 GABA-2 LGR5"	"Avp+ neurons, GABAergic"
"Ep300(+),"	"RHYP10SN_CGATCGGCACTCATAG-1"	0.0416563296420758	"RHYP10SN"	"RHYP10SN"	1760	1176	"Salt-sensitive"	"SS"	"HS 3d"	"SS-HS 3d"	"HYP"	"Inhibitory neuron"	"C3-42 Mid-1 GABA-2 LGR5"	"Avp+ neurons, GABAergic"
"Ep300(+),"	"RHYP10SN_GGGTTTAAGACTTCCA-1"	0.0590744040235459	"RHYP10SN"	"RHYP10SN"	1748	1232	"Salt-sensitive"	"SS"	"HS 3d"	"SS-HS 3d"	"HYP"	"Inhibitory neuron"	"C3-42 Mid-1 GABA-2 LGR5"	"Avp+ neurons, GABAergic"
"Ep300(+),"	"RHYP10SN_TCGGTCTAGAATTGTG-1"	0.0514445522000947	"RHYP10SN"	"RHYP10SN"	1710	1208	"Salt-sensitive"	"SS"	"HS 3d"	"SS-HS 3d"	"HYP"	"Inhibitory neuron"	"C3-42 Mid-1 GABA-2 LGR5"	"Avp+ neurons, GABAergic"
"Ep300(+),"	"RHYP10SN_CGGAATTAGGACCCAA-1"	0.0592661088432306	"RHYP10SN"	"RHYP10SN"	1697	1141	"Salt-sensitive"	"SS"	"HS 3d"	"SS-HS 3d"	"HYP"	"Inhibitory neuron"	"C3-42 Mid-1 GABA-2 LGR5"	"Avp+ neurons, GABAergic"
"Ep300(+),"	"RHYP10SN_GTCGCGATCACCATAG-1"	0.0478923746588782	"RHYP10SN"	"RHYP10SN"	1696	1173	"Salt-sensitive"	"SS"	"HS 3d"	"SS-HS 3d"	"HYP"	"Inhibitory neuron"	"C3-41 Mid-1 GABA-1"	"Avp+ neurons, GABAergic"
"Ep300(+),"	"RHYP10SN_GAGGCAATCGATGCTA-1"	0.0466654638128961	"RHYP10SN"	"RHYP10SN"	1685	1178	"Salt-sensitive"	"SS"	"HS 3d"	"SS-HS 3d"	"HYP"	"Inhibitory neuron"	"C3-41 Mid-1 GABA-1"	"Avp+ neurons, GABAergic"
"Ep300(+),"	"RHYP10SN_AAAGGATTCTATGTGG-1"	0.0520467308689867	"RHYP10SN"	"RHYP10SN"	1676	1107	"Salt-sensitive"	"SS"	"HS 3d"	"SS-HS 3d"	"HYP"	"Inhibitory neuron"	"C3-42 Mid-1 GABA-2 LGR5"	"Avp+ neurons, GABAergic"
"Ep300(+),"	"RHYP10SN_TAAGTCGGTGAGTAAT-1"	0.0529917228624913	"RHYP10SN"	"RHYP10SN"	1656	1133	"Salt-sensitive"	"SS"	"HS 3d"	"SS-HS 3d"	"HYP"	"Inhibitory neuron"	"C3-42 Mid-1 GABA-2 LGR5"	"Avp+ neurons, GABAergic"
"Ep300(+),"	"RHYP10SN_GTGTTCCCATTGAGGG-1"	0.0590969575317441	"RHYP10SN"	"RHYP10SN"	1630	1094	"Salt-sensitive"	"SS"	"HS 3d"	"SS-HS 3d"	"HYP"	"Inhibitory neuron"	"C3-125 Mid-2 GABA-GLU-2 NTS"	"Avp+ neurons, GABAergic"
"Ep300(+),"	"RHYP10SN_AGCCACGTCATTACTC-1"	0.0550463474593473	"RHYP10SN"	"RHYP10SN"	1621	1093	"Salt-sensitive"	"SS"	"HS 3d"	"SS-HS 3d"	"HYP"	"Inhibitory neuron"	"C3-42 Mid-1 GABA-2 LGR5"	"Avp+ neurons, GABAergic"
"Ep300(+),"	"RHYP10SN_CCGGACATCCCAATAG-1"	0.046830104422743	"RHYP10SN"	"RHYP10SN"	1598	979	"Salt-sensitive"	"SS"	"HS 3d"	"SS-HS 3d"	"HYP"	"Inhibitory neuron"	"C3-42 Mid-1 GABA-2 LGR5"	"Avp+ neurons, GABAergic"
"Ep300(+),"	"RHYP10SN_TTCACCGTCATGAGAA-1"	0.0540607591510859	"RHYP10SN"	"RHYP10SN"	1584	1140	"Salt-sensitive"	"SS"	"HS 3d"	"SS-HS 3d"	"HYP"	"Inhibitory neuron"	"C3-126 Mid-2 GABA-GLU-2 PPP1R17"	"Avp+ neurons, GABAergic"
"Ep300(+),"	"RHYP10SN_AGAGAATAGCGAGAAA-1"	0.0435756331897427	"RHYP10SN"	"RHYP10SN"	1558	1130	"Salt-sensitive"	"SS"	"HS 3d"	"SS-HS 3d"	"HYP"	"Inhibitory neuron"	"C3-37 Pre-1 GABA-5"	"Avp+ neurons, GABAergic"
"Ep300(+),"	"RHYP10SN_TCCAGAAAGACGAGCT-1"	0.0472247908162115	"RHYP10SN"	"RHYP10SN"	1556	1118	"Salt-sensitive"	"SS"	"HS 3d"	"SS-HS 3d"	"HYP"	"Inhibitory neuron"	"C3-42 Mid-1 GABA-2 LGR5"	"Avp+ neurons, GABAergic"
"Ep300(+),"	"RHYP10SN_TACAACGGTACAGCGA-1"	0.0486005548163017	"RHYP10SN"	"RHYP10SN"	1501	1107	"Salt-sensitive"	"SS"	"HS 3d"	"SS-HS 3d"	"HYP"	"Inhibitory neuron"	"C3-41 Mid-1 GABA-1"	"Avp+ neurons, GABAergic"
"Ep300(+),"	"RHYP10SN_CAAGACTAGACGCAGT-1"	0.0412571325469677	"RHYP10SN"	"RHYP10SN"	1416	993	"Salt-sensitive"	"SS"	"HS 3d"	"SS-HS 3d"	"HYP"	"Inhibitory neuron"	"C3-42 Mid-1 GABA-2 LGR5"	"Avp+ neurons, GABAergic"
"Ep300(+),"	"RHYP10SN_CTCCATGAGGGAGTGG-1"	0.0410518956223641	"RHYP10SN"	"RHYP10SN"	1394	1003	"Salt-sensitive"	"SS"	"HS 3d"	"SS-HS 3d"	"HYP"	"Inhibitory neuron"	"C3-42 Mid-1 GABA-2 LGR5"	"Avp+ neurons, GABAergic"
"Ep300(+),"	"RHYP10SN_AACGGGAGTTCGCGTG-1"	0.0592886623514288	"RHYP10SN"	"RHYP10SN"	1225	886	"Salt-sensitive"	"SS"	"HS 3d"	"SS-HS 3d"	"HYP"	"Inhibitory neuron"	"C3-126 Mid-2 GABA-GLU-2 PPP1R17"	"Avp+ neurons, GABAergic"
"Ep300(+),"	"RHYP10SN_GAAGGACGTCAGGTAG-1"	0.04436049527504	"RHYP10SN"	"RHYP10SN"	1205	816	"Salt-sensitive"	"SS"	"HS 3d"	"SS-HS 3d"	"HYP"	"Inhibitory neuron"	"C3-42 Mid-1 GABA-2 LGR5"	"Avp+ neurons, GABAergic"
"Ep300(+),"	"RHYP10SN_CCCATTGGTTGCGGAA-1"	0.0703692009292045	"RHYP10SN"	"RHYP10SN"	1175	916	"Salt-sensitive"	"SS"	"HS 3d"	"SS-HS 3d"	"HYP"	"Inhibitory neuron"	"C3-24 Pre-1 GABA-8 SLC1A3"	"Avp+ neurons, GABAergic"
"Ep300(+),"	"RHYP10SN_GACCGTGAGCGTTAGG-1"	0.0452603802521482	"RHYP10SN"	"RHYP10SN"	1127	832	"Salt-sensitive"	"SS"	"HS 3d"	"SS-HS 3d"	"HYP"	"Inhibitory neuron"	"C3-37 Pre-1 GABA-5"	"Avp+ neurons, GABAergic"
"Ep300(+),"	"RHYP10SN_CGTGTCTGTTGGTACT-1"	0.0444259004488148	"RHYP10SN"	"RHYP10SN"	1128	901	"Salt-sensitive"	"SS"	"HS 3d"	"SS-HS 3d"	"HYP"	"Inhibitory neuron"	"C3-37 Pre-1 GABA-5"	"Avp+ neurons, GABAergic"
"Ep300(+),"	"RHYP10SN_AAATGGAAGGTAAGAG-1"	0.0511806761541758	"RHYP10SN"	"RHYP10SN"	1107	881	"Salt-sensitive"	"SS"	"HS 3d"	"SS-HS 3d"	"HYP"	"Inhibitory neuron"	"C3-42 Mid-1 GABA-2 LGR5"	"Avp+ neurons, GABAergic"
"Ep300(+),"	"RHYP10SN_ACATTTCTCCTGCTAC-1"	0.0391934865468324	"RHYP10SN"	"RHYP10SN"	1026	708	"Salt-sensitive"	"SS"	"HS 3d"	"SS-HS 3d"	"HYP"	"Inhibitory neuron"	"C3-126 Mid-2 GABA-GLU-2 PPP1R17"	"Avp+ neurons, GABAergic"
"Ep300(+),"	"RHYP10SN_TGTCAGAGTGTTGCCG-1"	0.0361329754843366	"RHYP10SN"	"RHYP10SN"	972	702	"Salt-sensitive"	"SS"	"HS 3d"	"SS-HS 3d"	"HYP"	"Inhibitory neuron"	"C3-37 Pre-1 GABA-5"	"Avp+ neurons, GABAergic"
"Ep300(+),"	"RHYP10SN_CTGGTCTAGTTCCATG-1"	0.0341257132546968	"RHYP10SN"	"RHYP10SN"	345	309	"Salt-sensitive"	"SS"	"HS 3d"	"SS-HS 3d"	"HYP"	"Inhibitory neuron"	"C3-37 Pre-1 GABA-5"	"Avp+ neurons, GABAergic"
"Ep300(+),"	"RHYP11SN_TTTATGCGTGTTACAC-1"	0.0502334288098514	"RHYP11SN"	"RHYP11SN"	5915	2608	"Salt-sensitive"	"SS"	"HS 21d"	"SS-HS 21d"	"HYP"	"Excitatory neuron"	"C3-100 Mid-3 GLU-1 OTP"	"Avp+ neurons, glutamatergic"
"Ep300(+),"	"RHYP11SN_CTGTCGTTCCCTTCCC-1"	0.0357405444416879	"RHYP11SN"	"RHYP11SN"	4206	2096	"Salt-sensitive"	"SS"	"HS 21d"	"SS-HS 21d"	"HYP"	"Inhibitory neuron"	"C3-48 Mid-1 GABA-3 LHX1"	"Avp+ neurons, GABAergic"
"Ep300(+),"	"RHYP11SN_TCAAGCACACAAATAG-1"	0.0371501387040754	"RHYP11SN"	"RHYP11SN"	4076	2102	"Salt-sensitive"	"SS"	"HS 21d"	"SS-HS 21d"	"HYP"	"Excitatory neuron"	"C3-100 Mid-3 GLU-1 OTP"	"Avp+ neurons, glutamatergic"
"Ep300(+),"	"RHYP11SN_CTACATTTCCCTCAAC-1"	0.0375673786057421	"RHYP11SN"	"RHYP11SN"	3904	1924	"Salt-sensitive"	"SS"	"HS 21d"	"SS-HS 21d"	"HYP"	"Inhibitory neuron"	"C3-42 Mid-1 GABA-2 LGR5"	"Avp+ neurons, GABAergic"
"Ep300(+),"	"RHYP11SN_CTATAGGCATGGTGGA-1"	0.0252531631295248	"RHYP11SN"	"RHYP11SN"	3872	2057	"Salt-sensitive"	"SS"	"HS 21d"	"SS-HS 21d"	"HYP"	"Excitatory neuron"	"C3-111 Mid-3 GLU-4 MEDAG"	"Avp+ neurons, glutamatergic"
"Ep300(+),"	"RHYP11SN_ACGGTCGAGTCTCGTA-1"	0.0430253275897066	"RHYP11SN"	"RHYP11SN"	3255	1804	"Salt-sensitive"	"SS"	"HS 21d"	"SS-HS 21d"	"HYP"	"Inhibitory neuron"	"C3-47 Mid-1 GABA-2 SIX6"	"Avp+ neurons, GABAergic"
"Ep300(+),"	"RHYP11SN_CTTTCAAGTGACAACG-1"	0.0416089672748596	"RHYP11SN"	"RHYP11SN"	2908	1678	"Salt-sensitive"	"SS"	"HS 21d"	"SS-HS 21d"	"HYP"	"Inhibitory neuron"	"C3-42 Mid-1 GABA-2 LGR5"	"Avp+ neurons, GABAergic"
"Ep300(+),"	"RHYP11SN_GTCATTTGTGACCGTC-1"	0.0392047633009315	"RHYP11SN"	"RHYP11SN"	2815	1636	"Salt-sensitive"	"SS"	"HS 21d"	"SS-HS 21d"	"HYP"	"Excitatory neuron"	"C3-106 Mid-3 GLU-3 AVP"	"Avp+ neurons, glutamatergic"
"Ep300(+),"	"RHYP11SN_TCTGGCTCATCCGAGC-1"	0.0238232707097589	"RHYP11SN"	"RHYP11SN"	2588	1527	"Salt-sensitive"	"SS"	"HS 21d"	"SS-HS 21d"	"HYP"	"Inhibitory neuron"	"C3-46 Mid-1 GABA-2 PMFBP1"	"Avp+ neurons, GABAergic"
"Ep300(+),"	"RHYP11SN_CTACCCAAGATGGTCG-1"	0.0443153882586436	"RHYP11SN"	"RHYP11SN"	2396	1506	"Salt-sensitive"	"SS"	"HS 21d"	"SS-HS 21d"	"HYP"	"Inhibitory neuron"	"C3-63 Mid-1 GABA-6 TRHDE"	"Avp+ neurons, GABAergic"
"Ep300(+),"	"RHYP11SN_TGTAGACCAAGCCTGC-1"	0.0488554094589413	"RHYP11SN"	"RHYP11SN"	2302	1415	"Salt-sensitive"	"SS"	"HS 21d"	"SS-HS 21d"	"HYP"	"Inhibitory neuron"	"C3-42 Mid-1 GABA-2 LGR5"	"Avp+ neurons, GABAergic"
"Ep300(+),"	"RHYP11SN_TGAATCGGTTAAGACA-1"	0.0489704323507522	"RHYP11SN"	"RHYP11SN"	2292	1423	"Salt-sensitive"	"SS"	"HS 21d"	"SS-HS 21d"	"HYP"	"Inhibitory neuron"	"C3-22 Pre-1 GABA-8 PRKCH"	"Avp+ neurons, GABAergic"
"Ep300(+),"	"RHYP11SN_CCATCACCACGTTCGG-1"	0.0328807596021561	"RHYP11SN"	"RHYP11SN"	2235	1393	"Salt-sensitive"	"SS"	"HS 21d"	"SS-HS 21d"	"HYP"	"Inhibitory neuron"	"C3-42 Mid-1 GABA-2 LGR5"	"Avp+ neurons, GABAergic"
"Ep300(+),"	"RHYP11SN_TTGTTTGAGACAGCGT-1"	0.0502604930196892	"RHYP11SN"	"RHYP11SN"	2197	1368	"Salt-sensitive"	"SS"	"HS 21d"	"SS-HS 21d"	"HYP"	"Inhibitory neuron"	"C3-42 Mid-1 GABA-2 LGR5"	"Avp+ neurons, GABAergic"
"Ep300(+),"	"RHYP11SN_CCTTCAGCAGAAGTTA-1"	0.044811565439004	"RHYP11SN"	"RHYP11SN"	2085	1352	"Salt-sensitive"	"SS"	"HS 21d"	"SS-HS 21d"	"HYP"	"Inhibitory neuron"	"C3-42 Mid-1 GABA-2 LGR5"	"Avp+ neurons, GABAergic"
"Ep300(+),"	"RHYP11SN_CACTTCGAGTCTGCGC-1"	0.0338415390513994	"RHYP11SN"	"RHYP11SN"	1998	1298	"Salt-sensitive"	"SS"	"HS 21d"	"SS-HS 21d"	"HYP"	"Inhibitory neuron"	"C3-42 Mid-1 GABA-2 LGR5"	"Avp+ neurons, GABAergic"
"Ep300(+),"	"RHYP11SN_ATAGACCGTGCCTTTC-1"	0.0344888247366878	"RHYP11SN"	"RHYP11SN"	1987	1215	"Salt-sensitive"	"SS"	"HS 21d"	"SS-HS 21d"	"HYP"	"Inhibitory neuron"	"C3-42 Mid-1 GABA-2 LGR5"	"Avp+ neurons, GABAergic"
"Ep300(+),"	"RHYP11SN_GAAGAATAGCACTCGC-1"	0.0389318658517332	"RHYP11SN"	"RHYP11SN"	1970	1250	"Salt-sensitive"	"SS"	"HS 21d"	"SS-HS 21d"	"HYP"	"Inhibitory neuron"	"C3-42 Mid-1 GABA-2 LGR5"	"Avp+ neurons, GABAergic"
"Ep300(+),"	"RHYP11SN_GCCAACGGTATGAGCG-1"	0.0404677597600307	"RHYP11SN"	"RHYP11SN"	1909	1195	"Salt-sensitive"	"SS"	"HS 21d"	"SS-HS 21d"	"HYP"	"Inhibitory neuron"	"C3-126 Mid-2 GABA-GLU-2 PPP1R17"	"Avp+ neurons, GABAergic"
"Ep300(+),"	"RHYP11SN_GTCACGGGTGGCTGCT-1"	0.0359638241728501	"RHYP11SN"	"RHYP11SN"	1877	1251	"Salt-sensitive"	"SS"	"HS 21d"	"SS-HS 21d"	"HYP"	"Inhibitory neuron"	"C3-45 Mid-1 GABA-2 FAM9B"	"Avp+ neurons, GABAergic"
"Ep300(+),"	"RHYP11SN_TTGCCTGAGGGTGAGG-1"	0.0398588150386793	"RHYP11SN"	"RHYP11SN"	1866	1207	"Salt-sensitive"	"SS"	"HS 21d"	"SS-HS 21d"	"HYP"	"Inhibitory neuron"	"C3-42 Mid-1 GABA-2 LGR5"	"Avp+ neurons, GABAergic"
"Ep300(+),"	"RHYP11SN_CCTCCTCGTTGCGGCT-1"	0.0384604975303909	"RHYP11SN"	"RHYP11SN"	1842	1191	"Salt-sensitive"	"SS"	"HS 21d"	"SS-HS 21d"	"HYP"	"Inhibitory neuron"	"C3-26 Pre-1 GABA-1 SEMA3C"	"Avp+ neurons, GABAergic"
"Ep300(+),"	"RHYP11SN_CAGAGCCCAAGATGTA-1"	0.0424592345339318	"RHYP11SN"	"RHYP11SN"	1815	1185	"Salt-sensitive"	"SS"	"HS 21d"	"SS-HS 21d"	"HYP"	"Inhibitory neuron"	"C3-42 Mid-1 GABA-2 LGR5"	"Avp+ neurons, GABAergic"
"Ep300(+),"	"RHYP11SN_GATAGCTCAGCAATTC-1"	0.0397212386386702	"RHYP11SN"	"RHYP11SN"	1647	1058	"Salt-sensitive"	"SS"	"HS 21d"	"SS-HS 21d"	"HYP"	"Inhibitory neuron"	"C3-42 Mid-1 GABA-2 LGR5"	"Avp+ neurons, GABAergic"
"Ep300(+),"	"RHYP11SN_TGAATGCTCGCTTAAG-1"	0.0399332416157333	"RHYP11SN"	"RHYP11SN"	1556	1061	"Salt-sensitive"	"SS"	"HS 21d"	"SS-HS 21d"	"HYP"	"Inhibitory neuron"	"C3-42 Mid-1 GABA-2 LGR5"	"Avp+ neurons, GABAergic"
"Ep300(+),"	"RHYP11SN_AGGTCTACACGCTTAA-1"	0.0424750219896705	"RHYP11SN"	"RHYP11SN"	1548	1010	"Salt-sensitive"	"SS"	"HS 21d"	"SS-HS 21d"	"HYP"	"Inhibitory neuron"	"C3-126 Mid-2 GABA-GLU-2 PPP1R17"	"Avp+ neurons, GABAergic"
"Ep300(+),"	"RHYP11SN_CTGTGGGGTACGACAG-1"	0.036002165136787	"RHYP11SN"	"RHYP11SN"	1535	992	"Salt-sensitive"	"SS"	"HS 21d"	"SS-HS 21d"	"HYP"	"Inhibitory neuron"	"C3-42 Mid-1 GABA-2 LGR5"	"Avp+ neurons, GABAergic"
"Ep300(+),"	"RHYP11SN_CTGTGGGCATCAGCGC-1"	0.0440763210717427	"RHYP11SN"	"RHYP11SN"	1497	949	"Salt-sensitive"	"SS"	"HS 21d"	"SS-HS 21d"	"HYP"	"Inhibitory neuron"	"C3-37 Pre-1 GABA-5"	"Avp+ neurons, GABAergic"
"Ep300(+),"	"RHYP11SN_GGTTGTAAGACGAGCT-1"	0.0481133990392206	"RHYP11SN"	"RHYP11SN"	1482	1036	"Salt-sensitive"	"SS"	"HS 21d"	"SS-HS 21d"	"HYP"	"Inhibitory neuron"	"C3-42 Mid-1 GABA-2 LGR5"	"Avp+ neurons, GABAergic"
"Ep300(+),"	"RHYP11SN_TGGGCTGAGATACTGA-1"	0.0328130990775615	"RHYP11SN"	"RHYP11SN"	1477	1026	"Salt-sensitive"	"SS"	"HS 21d"	"SS-HS 21d"	"HYP"	"Inhibitory neuron"	"C3-42 Mid-1 GABA-2 LGR5"	"Avp+ neurons, GABAergic"
"Ep300(+),"	"RHYP11SN_TCGAACATCCGCAACG-1"	0.0551275400888608	"RHYP11SN"	"RHYP11SN"	1471	1012	"Salt-sensitive"	"SS"	"HS 21d"	"SS-HS 21d"	"HYP"	"Inhibitory neuron"	"C3-42 Mid-1 GABA-2 LGR5"	"Avp+ neurons, GABAergic"
"Ep300(+),"	"RHYP11SN_GGGAAGTAGGGCCTCT-1"	0.0398700917927784	"RHYP11SN"	"RHYP11SN"	1431	992	"Salt-sensitive"	"SS"	"HS 21d"	"SS-HS 21d"	"HYP"	"Inhibitory neuron"	"C3-42 Mid-1 GABA-2 LGR5"	"Avp+ neurons, GABAergic"
"Ep300(+),"	"RHYP11SN_GTCGAATGTTGTGTTG-1"	0.0445544554455446	"RHYP11SN"	"RHYP11SN"	1403	1010	"Salt-sensitive"	"SS"	"HS 21d"	"SS-HS 21d"	"HYP"	"Inhibitory neuron"	"C3-42 Mid-1 GABA-2 LGR5"	"Avp+ neurons, GABAergic"
"Ep300(+),"	"RHYP11SN_CTGCCATTCAGGACGA-1"	0.0448679492094995	"RHYP11SN"	"RHYP11SN"	1350	944	"Salt-sensitive"	"SS"	"HS 21d"	"SS-HS 21d"	"HYP"	"Inhibitory neuron"	"C3-42 Mid-1 GABA-2 LGR5"	"Avp+ neurons, GABAergic"
"Ep300(+),"	"RHYP11SN_TCACGGGAGTAACCTC-1"	0.0298315252937594	"RHYP11SN"	"RHYP11SN"	1331	956	"Salt-sensitive"	"SS"	"HS 21d"	"SS-HS 21d"	"HYP"	"Inhibitory neuron"	"C3-42 Mid-1 GABA-2 LGR5"	"Avp+ neurons, GABAergic"
"Ep300(+),"	"RHYP11SN_ATCTCTATCTCAAAGC-1"	0.0512167617672929	"RHYP11SN"	"RHYP11SN"	1286	895	"Salt-sensitive"	"SS"	"HS 21d"	"SS-HS 21d"	"HYP"	"Inhibitory neuron"	"C3-126 Mid-2 GABA-GLU-2 PPP1R17"	"Avp+ neurons, GABAergic"
"Ep300(+),"	"RHYP11SN_ATGCGATAGGCCCACT-1"	0.0406301450190577	"RHYP11SN"	"RHYP11SN"	1257	848	"Salt-sensitive"	"SS"	"HS 21d"	"SS-HS 21d"	"HYP"	"Inhibitory neuron"	"C3-25 Pre-1 GABA-8 DRD2"	"Avp+ neurons, GABAergic"
"Ep300(+),"	"RHYP11SN_TGTGTGACAGAATCGG-1"	0.046717336881752	"RHYP11SN"	"RHYP11SN"	1247	890	"Salt-sensitive"	"SS"	"HS 21d"	"SS-HS 21d"	"HYP"	"Inhibitory neuron"	"C3-42 Mid-1 GABA-2 LGR5"	"Avp+ neurons, GABAergic"
"Ep300(+),"	"RHYP11SN_TGTACAGGTTGATCGT-1"	0.0432756715307066	"RHYP11SN"	"RHYP11SN"	1213	874	"Salt-sensitive"	"SS"	"HS 21d"	"SS-HS 21d"	"HYP"	"Inhibitory neuron"	"C3-42 Mid-1 GABA-2 LGR5"	"Avp+ neurons, GABAergic"
"Ep300(+),"	"RHYP11SN_GGAATCTTCGCCAGTG-1"	0.0522542231444101	"RHYP11SN"	"RHYP11SN"	1185	841	"Salt-sensitive"	"SS"	"HS 21d"	"SS-HS 21d"	"HYP"	"Inhibitory neuron"	"C3-37 Pre-1 GABA-5"	"Avp+ neurons, GABAergic"
"Ep300(+),"	"RHYP11SN_CAGTTCCGTGCAACGA-1"	0.0323191772480209	"RHYP11SN"	"RHYP11SN"	1139	817	"Salt-sensitive"	"SS"	"HS 21d"	"SS-HS 21d"	"HYP"	"Inhibitory neuron"	"C3-37 Pre-1 GABA-5"	"Avp+ neurons, GABAergic"
"Ep300(+),"	"RHYP11SN_GTCGAATCAGGAACCA-1"	0.0377748708811656	"RHYP11SN"	"RHYP11SN"	1124	788	"Salt-sensitive"	"SS"	"HS 21d"	"SS-HS 21d"	"HYP"	"Inhibitory neuron"	"C3-42 Mid-1 GABA-2 LGR5"	"Avp+ neurons, GABAergic"
"Ep300(+),"	"RHYP11SN_ATTACTCGTTAAAGTG-1"	0.0470827037145628	"RHYP11SN"	"RHYP11SN"	1108	850	"Salt-sensitive"	"SS"	"HS 21d"	"SS-HS 21d"	"HYP"	"Inhibitory neuron"	"C3-41 Mid-1 GABA-1"	"Avp+ neurons, GABAergic"
"Ep300(+),"	"RHYP11SN_AATGGCTTCATCTCTA-1"	0.0400730733665622	"RHYP11SN"	"RHYP11SN"	979	731	"Salt-sensitive"	"SS"	"HS 21d"	"SS-HS 21d"	"HYP"	"Inhibitory neuron"	"C3-22 Pre-1 GABA-8 PRKCH"	"Avp+ neurons, GABAergic"
"Ep300(+),"	"RHYP11SN_GGTAATCAGGGCGAGA-1"	0.0490403482261666	"RHYP11SN"	"RHYP11SN"	950	735	"Salt-sensitive"	"SS"	"HS 21d"	"SS-HS 21d"	"HYP"	"Inhibitory neuron"	"C3-42 Mid-1 GABA-2 LGR5"	"Avp+ neurons, GABAergic"
"Ep300(+),"	"RHYP11SN_TAAGCGTTCACTGGTA-1"	0.048796770337626	"RHYP11SN"	"RHYP11SN"	936	714	"Salt-sensitive"	"SS"	"HS 21d"	"SS-HS 21d"	"HYP"	"Inhibitory neuron"	"C3-37 Pre-1 GABA-5"	"Avp+ neurons, GABAergic"
"Ep300(+),"	"RHYP11SN_GTTGTCCAGGTAGTCG-1"	0.0372448634385079	"RHYP11SN"	"RHYP11SN"	925	698	"Salt-sensitive"	"SS"	"HS 21d"	"SS-HS 21d"	"HYP"	"Inhibitory neuron"	"C3-42 Mid-1 GABA-2 LGR5"	"Avp+ neurons, GABAergic"
"Ep300(+),"	"RHYP11SN_GTCTAGATCAGGACGA-1"	0.0532668756625093	"RHYP11SN"	"RHYP11SN"	821	619	"Salt-sensitive"	"SS"	"HS 21d"	"SS-HS 21d"	"HYP"	"Inhibitory neuron"	"C3-24 Pre-1 GABA-8 SLC1A3"	"Avp+ neurons, GABAergic"
"Ep300(+),"	"RHYP11SN_CTCACTGAGAGCATTA-1"	0.0370644353729223	"RHYP11SN"	"RHYP11SN"	787	615	"Salt-sensitive"	"SS"	"HS 21d"	"SS-HS 21d"	"HYP"	"Inhibitory neuron"	"C3-24 Pre-1 GABA-8 SLC1A3"	"Avp+ neurons, GABAergic"
"Ep300(+),"	"RHYP11SN_TGTCCTGAGCACTCCG-1"	0.031114819910237	"RHYP11SN"	"RHYP11SN"	618	506	"Salt-sensitive"	"SS"	"HS 21d"	"SS-HS 21d"	"HYP"	"Inhibitory neuron"	"C3-32 Pre-1 GABA-3 PRDM16"	"Avp+ neurons, GABAergic"
"Ep300(+),"	"RHYP11SN_TCCTCGATCGGTATGT-1"	0.0311441394708947	"RHYP11SN"	"RHYP11SN"	590	465	"Salt-sensitive"	"SS"	"HS 21d"	"SS-HS 21d"	"HYP"	"Inhibitory neuron"	"C3-42 Mid-1 GABA-2 LGR5"	"Avp+ neurons, GABAergic"
"Ep300(+),"	"RHYP11SN_TCGTGGGTCTAGACCA-1"	0.0369088161663547	"RHYP11SN"	"RHYP11SN"	548	461	"Salt-sensitive"	"SS"	"HS 21d"	"SS-HS 21d"	"HYP"	"Inhibitory neuron"	"C3-24 Pre-1 GABA-8 SLC1A3"	"Avp+ neurons, GABAergic"
"Ep300(+),"	"RHYP12SN_TCTCAGCCACTACCCT-1"	0.0395588533796432	"RHYP12SN"	"RHYP12SN"	5691	2511	"Salt-sensitive"	"SS"	"HS 21d"	"SS-HS 21d"	"HYP"	"Inhibitory neuron"	"C3-42 Mid-1 GABA-2 LGR5"	"Avp+ neurons, GABAergic"
"Ep300(+),"	"RHYP12SN_AGATCCACACCTCAGG-1"	0.0421209319109587	"RHYP12SN"	"RHYP12SN"	3875	2176	"Salt-sensitive"	"SS"	"HS 21d"	"SS-HS 21d"	"HYP"	"Inhibitory neuron"	"C3-63 Mid-1 GABA-6 TRHDE"	"Avp+ neurons, GABAergic"
"Ep300(+),"	"RHYP12SN_CCGGACATCTAGCCTC-1"	0.03045174676921	"RHYP12SN"	"RHYP12SN"	3526	1990	"Salt-sensitive"	"SS"	"HS 21d"	"SS-HS 21d"	"HYP"	"Inhibitory neuron"	"C3-35 Pre-1 GABA-3 TBL1Y"	"Avp+ neurons, GABAergic"
"Ep300(+),"	"RHYP12SN_CAGTGCGCACCTGATA-1"	0.0447010532488329	"RHYP12SN"	"RHYP12SN"	3335	1776	"Salt-sensitive"	"SS"	"HS 21d"	"SS-HS 21d"	"HYP"	"Inhibitory neuron"	"C3-42 Mid-1 GABA-2 LGR5"	"Avp+ neurons, GABAergic"
"Ep300(+),"	"RHYP12SN_CAGGCCATCCTTCGAC-1"	0.0330611876677417	"RHYP12SN"	"RHYP12SN"	2781	1559	"Salt-sensitive"	"SS"	"HS 21d"	"SS-HS 21d"	"HYP"	"Inhibitory neuron"	"C3-42 Mid-1 GABA-2 LGR5"	"Avp+ neurons, GABAergic"
"Ep300(+),"	"RHYP12SN_CAAGAGGCAATTGCAC-1"	0.0532781524166084	"RHYP12SN"	"RHYP12SN"	2697	1590	"Salt-sensitive"	"SS"	"HS 21d"	"SS-HS 21d"	"HYP"	"Inhibitory neuron"	"C3-42 Mid-1 GABA-2 LGR5"	"Avp+ neurons, GABAergic"
"Ep300(+),"	"RHYP12SN_AACCTGACAAATACAG-1"	0.0404858025665892	"RHYP12SN"	"RHYP12SN"	2694	1628	"Salt-sensitive"	"SS"	"HS 21d"	"SS-HS 21d"	"HYP"	"Excitatory neuron"	"C3-106 Mid-3 GLU-3 AVP"	"Avp+ neurons, glutamatergic"
"Ep300(+),"	"RHYP12SN_ACACTGAGTCCAGTTA-1"	0.0358330138253005	"RHYP12SN"	"RHYP12SN"	2685	1460	"Salt-sensitive"	"SS"	"HS 21d"	"SS-HS 21d"	"HYP"	"Inhibitory neuron"	"C3-42 Mid-1 GABA-2 LGR5"	"Avp+ neurons, GABAergic"
"Ep300(+),"	"RHYP12SN_TCCGGGATCCGTGACG-1"	0.0506844989738154	"RHYP12SN"	"RHYP12SN"	2681	1502	"Salt-sensitive"	"SS"	"HS 21d"	"SS-HS 21d"	"HYP"	"Inhibitory neuron"	"C3-42 Mid-1 GABA-2 LGR5"	"Avp+ neurons, GABAergic"
"Ep300(+),"	"RHYP12SN_CCCTGATTCGACGTCG-1"	0.0410473849207244	"RHYP12SN"	"RHYP12SN"	2642	1740	"Salt-sensitive"	"SS"	"HS 21d"	"SS-HS 21d"	"HYP"	"Excitatory neuron"	"C3-101 Mid-3 GLU-2 CBLN2"	"Avp+ neurons, glutamatergic"
"Ep300(+),"	"RHYP12SN_AGGTCATGTACTTCCC-1"	0.0365930670515799	"RHYP12SN"	"RHYP12SN"	2597	1563	"Salt-sensitive"	"SS"	"HS 21d"	"SS-HS 21d"	"HYP"	"Excitatory neuron"	"C3-100 Mid-3 GLU-1 OTP"	"Avp+ neurons, glutamatergic"
"Ep300(+),"	"RHYP12SN_ACTTATCAGTGCACAG-1"	0.0424614898847516	"RHYP12SN"	"RHYP12SN"	2582	1649	"Salt-sensitive"	"SS"	"HS 21d"	"SS-HS 21d"	"HYP"	"Excitatory neuron"	"C3-111 Mid-3 GLU-4 MEDAG"	"Avp+ neurons, glutamatergic"
"Ep300(+),"	"RHYP12SN_ACGTAACCACAGTACT-1"	0.0575339994136088	"RHYP12SN"	"RHYP12SN"	2353	1608	"Salt-sensitive"	"SS"	"HS 21d"	"SS-HS 21d"	"HYP"	"Inhibitory neuron"	"C3-42 Mid-1 GABA-2 LGR5"	"Avp+ neurons, GABAergic"
"Ep300(+),"	"RHYP12SN_CCACACTTCAACGCTA-1"	0.0410112993076073	"RHYP12SN"	"RHYP12SN"	2345	1391	"Salt-sensitive"	"SS"	"HS 21d"	"SS-HS 21d"	"HYP"	"Inhibitory neuron"	"C3-42 Mid-1 GABA-2 LGR5"	"Avp+ neurons, GABAergic"
"Ep300(+),"	"RHYP12SN_GTAACCAGTGAGAGGG-1"	0.0385123705992467	"RHYP12SN"	"RHYP12SN"	2319	1569	"Salt-sensitive"	"SS"	"HS 21d"	"SS-HS 21d"	"HYP"	"Excitatory neuron"	"C3-109 Mid-3 GLU-3 METTL11B"	"Avp+ neurons, glutamatergic"
"Ep300(+),"	"RHYP12SN_CTCATGCAGTTGGAGC-1"	0.0433140124946435	"RHYP12SN"	"RHYP12SN"	2267	1442	"Salt-sensitive"	"SS"	"HS 21d"	"SS-HS 21d"	"HYP"	"Inhibitory neuron"	"C3-42 Mid-1 GABA-2 LGR5"	"Avp+ neurons, GABAergic"
"Ep300(+),"	"RHYP12SN_CCCTCTCCAGGCGAAT-1"	0.0458242179571032	"RHYP12SN"	"RHYP12SN"	2258	1422	"Salt-sensitive"	"SS"	"HS 21d"	"SS-HS 21d"	"HYP"	"Inhibitory neuron"	"C3-42 Mid-1 GABA-2 LGR5"	"Avp+ neurons, GABAergic"
"Ep300(+),"	"RHYP12SN_CTCCTCCTCGCCATAA-1"	0.0498906154852387	"RHYP12SN"	"RHYP12SN"	2167	1359	"Salt-sensitive"	"SS"	"HS 21d"	"SS-HS 21d"	"HYP"	"Inhibitory neuron"	"C3-42 Mid-1 GABA-2 LGR5"	"Avp+ neurons, GABAergic"
"Ep300(+),"	"RHYP12SN_ACGGGTCTCATCACCC-1"	0.032781524166084	"RHYP12SN"	"RHYP12SN"	2125	1397	"Salt-sensitive"	"SS"	"HS 21d"	"SS-HS 21d"	"HYP"	"Inhibitory neuron"	"C3-42 Mid-1 GABA-2 LGR5"	"Avp+ neurons, GABAergic"
"Ep300(+),"	"RHYP12SN_GTTGTAGCAATTTCTC-1"	0.04586481427186	"RHYP12SN"	"RHYP12SN"	2053	1243	"Salt-sensitive"	"SS"	"HS 21d"	"SS-HS 21d"	"HYP"	"Inhibitory neuron"	"C3-42 Mid-1 GABA-2 LGR5"	"Avp+ neurons, GABAergic"
"Ep300(+),"	"RHYP12SN_TAGACCACATAGACTC-1"	0.0325853086447597	"RHYP12SN"	"RHYP12SN"	2051	1355	"Salt-sensitive"	"SS"	"HS 21d"	"SS-HS 21d"	"HYP"	"Inhibitory neuron"	"C3-42 Mid-1 GABA-2 LGR5"	"Avp+ neurons, GABAergic"
"Ep300(+),"	"RHYP12SN_TTTCCTCGTTAGGAGC-1"	0.0385958185795801	"RHYP12SN"	"RHYP12SN"	2058	1337	"Salt-sensitive"	"SS"	"HS 21d"	"SS-HS 21d"	"HYP"	"Excitatory neuron"	"C3-101 Mid-3 GLU-2 CBLN2"	"Avp+ neurons, glutamatergic"
"Ep300(+),"	"RHYP12SN_ATCACTTAGTCACTGT-1"	0.0444619860619319	"RHYP12SN"	"RHYP12SN"	1978	1338	"Salt-sensitive"	"SS"	"HS 21d"	"SS-HS 21d"	"HYP"	"Inhibitory neuron"	"C3-42 Mid-1 GABA-2 LGR5"	"Avp+ neurons, GABAergic"
"Ep300(+),"	"RHYP12SN_ATTGGGTGTCCTGAAT-1"	0.0443672613274995	"RHYP12SN"	"RHYP12SN"	1946	1269	"Salt-sensitive"	"SS"	"HS 21d"	"SS-HS 21d"	"HYP"	"Inhibitory neuron"	"C3-42 Mid-1 GABA-2 LGR5"	"Avp+ neurons, GABAergic"
"Ep300(+),"	"RHYP12SN_ATACCTTGTGGAACCA-1"	0.03157942217912	"RHYP12SN"	"RHYP12SN"	1939	1181	"Salt-sensitive"	"SS"	"HS 21d"	"SS-HS 21d"	"HYP"	"Inhibitory neuron"	"C3-124 Mid-2 GABA-GLU-1 P2RX2"	"Avp+ neurons, GABAergic"
"Ep300(+),"	"RHYP12SN_CGCCAGACAAGCAATA-1"	0.0374455896614718	"RHYP12SN"	"RHYP12SN"	1880	1197	"Salt-sensitive"	"SS"	"HS 21d"	"SS-HS 21d"	"HYP"	"Inhibitory neuron"	"C3-42 Mid-1 GABA-2 LGR5"	"Avp+ neurons, GABAergic"
"Ep300(+),"	"RHYP12SN_CTCAGAATCGTACACA-1"	0.0367960486253637	"RHYP12SN"	"RHYP12SN"	1808	1239	"Salt-sensitive"	"SS"	"HS 21d"	"SS-HS 21d"	"HYP"	"Inhibitory neuron"	"C3-42 Mid-1 GABA-2 LGR5"	"Avp+ neurons, GABAergic"
"Ep300(+),"	"RHYP12SN_GAGAGGTGTGGGATTG-1"	0.0490696677868242	"RHYP12SN"	"RHYP12SN"	1809	1231	"Salt-sensitive"	"SS"	"HS 21d"	"SS-HS 21d"	"HYP"	"Inhibitory neuron"	"C3-42 Mid-1 GABA-2 LGR5"	"Avp+ neurons, GABAergic"
"Ep300(+),"	"RHYP12SN_CCCTCAATCCGCTAGG-1"	0.0413608786846794	"RHYP12SN"	"RHYP12SN"	1785	1201	"Salt-sensitive"	"SS"	"HS 21d"	"SS-HS 21d"	"HYP"	"Inhibitory neuron"	"C3-126 Mid-2 GABA-GLU-2 PPP1R17"	"Avp+ neurons, GABAergic"
"Ep300(+),"	"RHYP12SN_TTTCAGTCAGCACCCA-1"	0.0403527368682199	"RHYP12SN"	"RHYP12SN"	1778	1186	"Salt-sensitive"	"SS"	"HS 21d"	"SS-HS 21d"	"HYP"	"Inhibitory neuron"	"C3-126 Mid-2 GABA-GLU-2 PPP1R17"	"Avp+ neurons, GABAergic"
"Ep300(+),"	"RHYP12SN_GTCTAGAAGGCCTTGC-1"	0.0480818241277431	"RHYP12SN"	"RHYP12SN"	1766	1184	"Salt-sensitive"	"SS"	"HS 21d"	"SS-HS 21d"	"HYP"	"Inhibitory neuron"	"C3-42 Mid-1 GABA-2 LGR5"	"Avp+ neurons, GABAergic"
"Ep300(+),"	"RHYP12SN_CCCGAAGTCCAAGGGA-1"	0.0248855409458941	"RHYP12SN"	"RHYP12SN"	1760	1140	"Salt-sensitive"	"SS"	"HS 21d"	"SS-HS 21d"	"HYP"	"Inhibitory neuron"	"C3-42 Mid-1 GABA-2 LGR5"	"Avp+ neurons, GABAergic"
"Ep300(+),"	"RHYP12SN_TGTCCTGAGGTACATA-1"	0.0352263244547689	"RHYP12SN"	"RHYP12SN"	1671	1172	"Salt-sensitive"	"SS"	"HS 21d"	"SS-HS 21d"	"HYP"	"Inhibitory neuron"	"C3-42 Mid-1 GABA-2 LGR5"	"Avp+ neurons, GABAergic"
"Ep300(+),"	"RHYP12SN_CTTGATTAGTTGGCTT-1"	0.0433861837208778	"RHYP12SN"	"RHYP12SN"	1637	1038	"Salt-sensitive"	"SS"	"HS 21d"	"SS-HS 21d"	"HYP"	"Inhibitory neuron"	"C3-42 Mid-1 GABA-2 LGR5"	"Avp+ neurons, GABAergic"
"Ep300(+),"	"RHYP12SN_ATGAGTCAGTCGCGAA-1"	0.0362502537269672	"RHYP12SN"	"RHYP12SN"	1636	1185	"Salt-sensitive"	"SS"	"HS 21d"	"SS-HS 21d"	"HYP"	"Inhibitory neuron"	"C3-32 Pre-1 GABA-3 PRDM16"	"Avp+ neurons, GABAergic"
"Ep300(+),"	"RHYP12SN_CCACCATAGTTACGAA-1"	0.0476239879113196	"RHYP12SN"	"RHYP12SN"	1634	1052	"Salt-sensitive"	"SS"	"HS 21d"	"SS-HS 21d"	"HYP"	"Inhibitory neuron"	"C3-42 Mid-1 GABA-2 LGR5"	"Avp+ neurons, GABAergic"
"Ep300(+),"	"RHYP12SN_ATGTCCCTCAATCTCT-1"	0.0394799161009495	"RHYP12SN"	"RHYP12SN"	1569	1161	"Salt-sensitive"	"SS"	"HS 21d"	"SS-HS 21d"	"HYP"	"Inhibitory neuron"	"C3-51 Mid-1 GABA-3 NR2F1"	"Avp+ neurons, GABAergic"
"Ep300(+),"	"RHYP12SN_CCTCTAGTCCACTAGA-1"	0.0361465075892555	"RHYP12SN"	"RHYP12SN"	1559	1036	"Salt-sensitive"	"SS"	"HS 21d"	"SS-HS 21d"	"HYP"	"Inhibitory neuron"	"C3-42 Mid-1 GABA-2 LGR5"	"Avp+ neurons, GABAergic"
"Ep300(+),"	"RHYP12SN_TTCACGCAGCCTCTGG-1"	0.049385416901599	"RHYP12SN"	"RHYP12SN"	1542	1071	"Salt-sensitive"	"SS"	"HS 21d"	"SS-HS 21d"	"HYP"	"Inhibitory neuron"	"C3-42 Mid-1 GABA-2 LGR5"	"Avp+ neurons, GABAergic"
"Ep300(+),"	"RHYP12SN_AAACGAACAAGCACCC-1"	0.0416202440289587	"RHYP12SN"	"RHYP12SN"	1540	1123	"Salt-sensitive"	"SS"	"HS 21d"	"SS-HS 21d"	"HYP"	"Inhibitory neuron"	"C3-44 Mid-1 GABA-2 ERFL"	"Avp+ neurons, GABAergic"
"Ep300(+),"	"RHYP12SN_AGTCTCCCAATGACCT-1"	0.0528361036559237	"RHYP12SN"	"RHYP12SN"	1536	1069	"Salt-sensitive"	"SS"	"HS 21d"	"SS-HS 21d"	"HYP"	"Inhibitory neuron"	"C3-42 Mid-1 GABA-2 LGR5"	"Avp+ neurons, GABAergic"
"Ep300(+),"	"RHYP12SN_GTCACTCGTGTTCCTC-1"	0.0351180676154176	"RHYP12SN"	"RHYP12SN"	1529	1088	"Salt-sensitive"	"SS"	"HS 21d"	"SS-HS 21d"	"HYP"	"Excitatory neuron"	"C3-111 Mid-3 GLU-4 MEDAG"	"Avp+ neurons, glutamatergic"
"Ep300(+),"	"RHYP12SN_ACGTCCTTCCTTCTAA-1"	0.0529759354067525	"RHYP12SN"	"RHYP12SN"	1486	1078	"Salt-sensitive"	"SS"	"HS 21d"	"SS-HS 21d"	"HYP"	"Inhibitory neuron"	"C3-42 Mid-1 GABA-2 LGR5"	"Avp+ neurons, GABAergic"
"Ep300(+),"	"RHYP12SN_TTCTAGTGTTCGGCTG-1"	0.0387536931369675	"RHYP12SN"	"RHYP12SN"	1477	1003	"Salt-sensitive"	"SS"	"HS 21d"	"SS-HS 21d"	"HYP"	"Inhibitory neuron"	"C3-42 Mid-1 GABA-2 LGR5"	"Avp+ neurons, GABAergic"
"Ep300(+),"	"RHYP12SN_CCGGTAGCAGACAATA-1"	0.0354699023433095	"RHYP12SN"	"RHYP12SN"	1452	1031	"Salt-sensitive"	"SS"	"HS 21d"	"SS-HS 21d"	"HYP"	"Inhibitory neuron"	"C3-42 Mid-1 GABA-2 LGR5"	"Avp+ neurons, GABAergic"
"Ep300(+),"	"RHYP12SN_TATGTTCTCTTACCAT-1"	0.0419811001601299	"RHYP12SN"	"RHYP12SN"	1423	1019	"Salt-sensitive"	"SS"	"HS 21d"	"SS-HS 21d"	"HYP"	"Inhibitory neuron"	"C3-42 Mid-1 GABA-2 LGR5"	"Avp+ neurons, GABAergic"
"Ep300(+),"	"RHYP12SN_AGTCAACGTTCTTAGG-1"	0.0441823225602743	"RHYP12SN"	"RHYP12SN"	1416	1010	"Salt-sensitive"	"SS"	"HS 21d"	"SS-HS 21d"	"HYP"	"Inhibitory neuron"	"C3-42 Mid-1 GABA-2 LGR5"	"Avp+ neurons, GABAergic"
"Ep300(+),"	"RHYP12SN_GGAATCTCAACAAAGT-1"	0.0342678003563454	"RHYP12SN"	"RHYP12SN"	1407	975	"Salt-sensitive"	"SS"	"HS 21d"	"SS-HS 21d"	"HYP"	"Inhibitory neuron"	"C3-42 Mid-1 GABA-2 LGR5"	"Avp+ neurons, GABAergic"
"Ep300(+),"	"RHYP12SN_GTCACGGGTGCCCGTA-1"	0.0374568664155709	"RHYP12SN"	"RHYP12SN"	1400	958	"Salt-sensitive"	"SS"	"HS 21d"	"SS-HS 21d"	"HYP"	"Inhibitory neuron"	"C3-32 Pre-1 GABA-3 PRDM16"	"Avp+ neurons, GABAergic"
"Ep300(+),"	"RHYP12SN_TACGGGCAGAGAGTTT-1"	0.036741920205688	"RHYP12SN"	"RHYP12SN"	1387	992	"Salt-sensitive"	"SS"	"HS 21d"	"SS-HS 21d"	"HYP"	"Inhibitory neuron"	"C3-124 Mid-2 GABA-GLU-1 P2RX2"	"Avp+ neurons, GABAergic"
"Ep300(+),"	"RHYP12SN_GGCACGTGTTCGCGTG-1"	0.0550824330724644	"RHYP12SN"	"RHYP12SN"	1376	1025	"Salt-sensitive"	"SS"	"HS 21d"	"SS-HS 21d"	"HYP"	"Inhibitory neuron"	"C3-24 Pre-1 GABA-8 SLC1A3"	"Avp+ neurons, GABAergic"
"Ep300(+),"	"RHYP12SN_AGCGCCAAGAGCCGTA-1"	0.0431155416224994	"RHYP12SN"	"RHYP12SN"	1374	966	"Salt-sensitive"	"SS"	"HS 21d"	"SS-HS 21d"	"HYP"	"Inhibitory neuron"	"C3-42 Mid-1 GABA-2 LGR5"	"Avp+ neurons, GABAergic"
"Ep300(+),"	"RHYP12SN_TAACGACCATGACCCG-1"	0.0533255147838246	"RHYP12SN"	"RHYP12SN"	1344	1008	"Salt-sensitive"	"SS"	"HS 21d"	"SS-HS 21d"	"HYP"	"Inhibitory neuron"	"C3-43 Mid-1 GABA-2 CLMP"	"Avp+ neurons, GABAergic"
"Ep300(+),"	"RHYP12SN_CAAGCTATCGATCCCT-1"	0.041491689032229	"RHYP12SN"	"RHYP12SN"	1330	969	"Salt-sensitive"	"SS"	"HS 21d"	"SS-HS 21d"	"HYP"	"Inhibitory neuron"	"C3-42 Mid-1 GABA-2 LGR5"	"Avp+ neurons, GABAergic"
"Ep300(+),"	"RHYP12SN_TCCATGCTCATCTATC-1"	0.0413360698256614	"RHYP12SN"	"RHYP12SN"	1318	968	"Salt-sensitive"	"SS"	"HS 21d"	"SS-HS 21d"	"HYP"	"Inhibitory neuron"	"C3-42 Mid-1 GABA-2 LGR5"	"Avp+ neurons, GABAergic"
"Ep300(+),"	"RHYP12SN_TGCGACGTCAATCGGT-1"	0.0353142831367419	"RHYP12SN"	"RHYP12SN"	1303	953	"Salt-sensitive"	"SS"	"HS 21d"	"SS-HS 21d"	"HYP"	"Inhibitory neuron"	"C3-42 Mid-1 GABA-2 LGR5"	"Avp+ neurons, GABAergic"
"Ep300(+),"	"RHYP12SN_TGACCCTTCGCCTTTG-1"	0.0467849974063466	"RHYP12SN"	"RHYP12SN"	1287	943	"Salt-sensitive"	"SS"	"HS 21d"	"SS-HS 21d"	"HYP"	"Inhibitory neuron"	"C3-37 Pre-1 GABA-5"	"Avp+ neurons, GABAergic"
"Ep300(+),"	"RHYP12SN_TTGAACGTCACCCTTG-1"	0.0337851552809039	"RHYP12SN"	"RHYP12SN"	1277	932	"Salt-sensitive"	"SS"	"HS 21d"	"SS-HS 21d"	"HYP"	"Inhibitory neuron"	"C3-42 Mid-1 GABA-2 LGR5"	"Avp+ neurons, GABAergic"
"Ep300(+),"	"RHYP12SN_GCGATCGAGGTATTGA-1"	0.0426058323372201	"RHYP12SN"	"RHYP12SN"	1261	977	"Salt-sensitive"	"SS"	"HS 21d"	"SS-HS 21d"	"HYP"	"Inhibitory neuron"	"C3-24 Pre-1 GABA-8 SLC1A3"	"Avp+ neurons, GABAergic"
"Ep300(+),"	"RHYP12SN_AGGACTTCAGCTTTCC-1"	0.0386792665599134	"RHYP12SN"	"RHYP12SN"	1244	912	"Salt-sensitive"	"SS"	"HS 21d"	"SS-HS 21d"	"HYP"	"Inhibitory neuron"	"C3-42 Mid-1 GABA-2 LGR5"	"Avp+ neurons, GABAergic"
"Ep300(+),"	"RHYP12SN_TAACCAGAGGTGATAT-1"	0.0527977626919867	"RHYP12SN"	"RHYP12SN"	1219	899	"Salt-sensitive"	"SS"	"HS 21d"	"SS-HS 21d"	"HYP"	"Inhibitory neuron"	"C3-37 Pre-1 GABA-5"	"Avp+ neurons, GABAergic"
"Ep300(+),"	"RHYP12SN_GCTTGGGTCGCGCTGA-1"	0.0511355691377794	"RHYP12SN"	"RHYP12SN"	1213	880	"Salt-sensitive"	"SS"	"HS 21d"	"SS-HS 21d"	"HYP"	"Inhibitory neuron"	"C3-126 Mid-2 GABA-GLU-2 PPP1R17"	"Avp+ neurons, GABAergic"
"Ep300(+),"	"RHYP12SN_TTCCGTGAGAAACTCA-1"	0.0459753264620312	"RHYP12SN"	"RHYP12SN"	1200	859	"Salt-sensitive"	"SS"	"HS 21d"	"SS-HS 21d"	"HYP"	"Inhibitory neuron"	"C3-42 Mid-1 GABA-2 LGR5"	"Avp+ neurons, GABAergic"
"Ep300(+),"	"RHYP12SN_CTCCCTCCAAAGGCGT-1"	0.0571505897742394	"RHYP12SN"	"RHYP12SN"	1191	888	"Salt-sensitive"	"SS"	"HS 21d"	"SS-HS 21d"	"HYP"	"Inhibitory neuron"	"C3-42 Mid-1 GABA-2 LGR5"	"Avp+ neurons, GABAergic"
"Ep300(+),"	"RHYP12SN_CATTCATAGCAAACAT-1"	0.0428539209274003	"RHYP12SN"	"RHYP12SN"	1168	879	"Salt-sensitive"	"SS"	"HS 21d"	"SS-HS 21d"	"HYP"	"Inhibitory neuron"	"C3-42 Mid-1 GABA-2 LGR5"	"Avp+ neurons, GABAergic"
"Ep300(+),"	"RHYP12SN_TCGGGACTCATCTCTA-1"	0.0482442093867701	"RHYP12SN"	"RHYP12SN"	1144	865	"Salt-sensitive"	"SS"	"HS 21d"	"SS-HS 21d"	"HYP"	"Inhibitory neuron"	"C3-42 Mid-1 GABA-2 LGR5"	"Avp+ neurons, GABAergic"
"Ep300(+),"	"RHYP12SN_TGTTTGTCAAGAGATT-1"	0.05388484178714	"RHYP12SN"	"RHYP12SN"	1107	849	"Salt-sensitive"	"SS"	"HS 21d"	"SS-HS 21d"	"HYP"	"Inhibitory neuron"	"C3-37 Pre-1 GABA-5"	"Avp+ neurons, GABAergic"
"Ep300(+),"	"RHYP12SN_ATCGGATAGGATGCGT-1"	0.0379868738582286	"RHYP12SN"	"RHYP12SN"	1087	828	"Salt-sensitive"	"SS"	"HS 21d"	"SS-HS 21d"	"HYP"	"Inhibitory neuron"	"C3-126 Mid-2 GABA-GLU-2 PPP1R17"	"Avp+ neurons, GABAergic"
"Ep300(+),"	"RHYP12SN_GAGTCATCAGTGGCTC-1"	0.0274634069329484	"RHYP12SN"	"RHYP12SN"	1076	825	"Salt-sensitive"	"SS"	"HS 21d"	"SS-HS 21d"	"HYP"	"Inhibitory neuron"	"C3-42 Mid-1 GABA-2 LGR5"	"Avp+ neurons, GABAergic"
"Ep300(+),"	"RHYP12SN_GCCAGCAGTCACTACA-1"	0.0373170346647421	"RHYP12SN"	"RHYP12SN"	1052	802	"Salt-sensitive"	"SS"	"HS 21d"	"SS-HS 21d"	"HYP"	"Inhibitory neuron"	"C3-123 Mid-2 GABA-GLU-1 RGS22"	"Avp+ neurons, GABAergic"
"Ep300(+),"	"RHYP12SN_ATCGTGAGTAACATCC-1"	0.0473240262522835	"RHYP12SN"	"RHYP12SN"	1053	736	"Salt-sensitive"	"SS"	"HS 21d"	"SS-HS 21d"	"HYP"	"Inhibitory neuron"	"C3-42 Mid-1 GABA-2 LGR5"	"Avp+ neurons, GABAergic"
"Ep300(+),"	"RHYP12SN_AGTAGCTGTAAGTAGT-1"	0.0525654615575453	"RHYP12SN"	"RHYP12SN"	1014	804	"Salt-sensitive"	"SS"	"HS 21d"	"SS-HS 21d"	"HYP"	"Inhibitory neuron"	"C3-42 Mid-1 GABA-2 LGR5"	"Avp+ neurons, GABAergic"
"Ep300(+),"	"RHYP12SN_TCGGGCATCCGGTTCT-1"	0.0303254471233	"RHYP12SN"	"RHYP12SN"	1006	773	"Salt-sensitive"	"SS"	"HS 21d"	"SS-HS 21d"	"HYP"	"Inhibitory neuron"	"C3-42 Mid-1 GABA-2 LGR5"	"Avp+ neurons, GABAergic"
"Ep300(+),"	"RHYP12SN_AATGGAACACGGGCTT-1"	0.0394799161009495	"RHYP12SN"	"RHYP12SN"	995	773	"Salt-sensitive"	"SS"	"HS 21d"	"SS-HS 21d"	"HYP"	"Inhibitory neuron"	"C3-37 Pre-1 GABA-5"	"Avp+ neurons, GABAergic"
"Ep300(+),"	"RHYP12SN_TTGCGTCCACTACCGG-1"	0.0394596179435711	"RHYP12SN"	"RHYP12SN"	991	781	"Salt-sensitive"	"SS"	"HS 21d"	"SS-HS 21d"	"HYP"	"Inhibitory neuron"	"C3-42 Mid-1 GABA-2 LGR5"	"Avp+ neurons, GABAergic"
"Ep300(+),"	"RHYP12SN_GGGTAGAAGCCATCCG-1"	0.044673989038995	"RHYP12SN"	"RHYP12SN"	978	763	"Salt-sensitive"	"SS"	"HS 21d"	"SS-HS 21d"	"HYP"	"Inhibitory neuron"	"C3-42 Mid-1 GABA-2 LGR5"	"Avp+ neurons, GABAergic"
"Ep300(+),"	"RHYP12SN_AGTCAACCATGTTTGG-1"	0.0425584699700038	"RHYP12SN"	"RHYP12SN"	972	768	"Salt-sensitive"	"SS"	"HS 21d"	"SS-HS 21d"	"HYP"	"Inhibitory neuron"	"C3-37 Pre-1 GABA-5"	"Avp+ neurons, GABAergic"
"Ep300(+),"	"RHYP12SN_GCCGATGGTTCCTACC-1"	0.0393085094386432	"RHYP12SN"	"RHYP12SN"	950	754	"Salt-sensitive"	"SS"	"HS 21d"	"SS-HS 21d"	"HYP"	"Inhibitory neuron"	"C3-22 Pre-1 GABA-8 PRKCH"	"Avp+ neurons, GABAergic"
"Ep300(+),"	"RHYP12SN_CTTCCGAAGGGACACT-1"	0.0390311012878053	"RHYP12SN"	"RHYP12SN"	934	719	"Salt-sensitive"	"SS"	"HS 21d"	"SS-HS 21d"	"HYP"	"Inhibitory neuron"	"C3-60 Mid-1 GABA-5 RORB"	"Avp+ neurons, GABAergic"
"Ep300(+),"	"RHYP12SN_TGTGTGAGTTCTCGCT-1"	0.0337986873858229	"RHYP12SN"	"RHYP12SN"	920	714	"Salt-sensitive"	"SS"	"HS 21d"	"SS-HS 21d"	"HYP"	"Inhibitory neuron"	"C3-37 Pre-1 GABA-5"	"Avp+ neurons, GABAergic"
"Ep300(+),"	"RHYP12SN_CGAAGTTCAGTCTGGC-1"	0.0420397392814452	"RHYP12SN"	"RHYP12SN"	904	708	"Salt-sensitive"	"SS"	"HS 21d"	"SS-HS 21d"	"HYP"	"Inhibitory neuron"	"C3-24 Pre-1 GABA-8 SLC1A3"	"Avp+ neurons, GABAergic"
"Ep300(+),"	"RHYP12SN_TTTGGAGGTATACGGG-1"	0.0390649315501026	"RHYP12SN"	"RHYP12SN"	901	701	"Salt-sensitive"	"SS"	"HS 21d"	"SS-HS 21d"	"HYP"	"Inhibitory neuron"	"C3-37 Pre-1 GABA-5"	"Avp+ neurons, GABAergic"
"Ep300(+),"	"RHYP12SN_ACCGTTCGTAGTCTGT-1"	0.0398182187239225	"RHYP12SN"	"RHYP12SN"	852	685	"Salt-sensitive"	"SS"	"HS 21d"	"SS-HS 21d"	"HYP"	"Inhibitory neuron"	"C3-125 Mid-2 GABA-GLU-2 NTS"	"Avp+ neurons, GABAergic"
"Ep300(+),"	"RHYP12SN_GTTCCGTAGGTGCCAA-1"	0.0394077448747153	"RHYP12SN"	"RHYP12SN"	850	699	"Salt-sensitive"	"SS"	"HS 21d"	"SS-HS 21d"	"HYP"	"Inhibitory neuron"	"C3-42 Mid-1 GABA-2 LGR5"	"Avp+ neurons, GABAergic"
"Ep300(+),"	"RHYP12SN_TCGCTCAAGTTAGTAG-1"	0.0365908117007601	"RHYP12SN"	"RHYP12SN"	848	643	"Salt-sensitive"	"SS"	"HS 21d"	"SS-HS 21d"	"HYP"	"Inhibitory neuron"	"C3-42 Mid-1 GABA-2 LGR5"	"Avp+ neurons, GABAergic"
"Ep300(+),"	"RHYP12SN_CTACATTGTAGAGGAA-1"	0.0374095040483547	"RHYP12SN"	"RHYP12SN"	813	622	"Salt-sensitive"	"SS"	"HS 21d"	"SS-HS 21d"	"HYP"	"Inhibitory neuron"	"C3-42 Mid-1 GABA-2 LGR5"	"Avp+ neurons, GABAergic"
"Ep300(+),"	"RHYP12SN_AGGTTACAGCTCCCTT-1"	0.0458557928685807	"RHYP12SN"	"RHYP12SN"	758	630	"Salt-sensitive"	"SS"	"HS 21d"	"SS-HS 21d"	"HYP"	"Inhibitory neuron"	"C3-24 Pre-1 GABA-8 SLC1A3"	"Avp+ neurons, GABAergic"
"Ep300(+),"	"RHYP12SN_TAGATCGAGCTCGACC-1"	0.0330386341595435	"RHYP12SN"	"RHYP12SN"	746	615	"Salt-sensitive"	"SS"	"HS 21d"	"SS-HS 21d"	"HYP"	"Inhibitory neuron"	"C3-24 Pre-1 GABA-8 SLC1A3"	"Avp+ neurons, GABAergic"
"Ep300(+),"	"RHYP12SN_ACGTAACCATATCTGG-1"	0.0316132524414173	"RHYP12SN"	"RHYP12SN"	738	636	"Salt-sensitive"	"SS"	"HS 21d"	"SS-HS 21d"	"HYP"	"Inhibitory neuron"	"C3-24 Pre-1 GABA-8 SLC1A3"	"Avp+ neurons, GABAergic"
"Ep300(+),"	"RHYP12SN_TTGATGGGTGAGGATC-1"	0.0328807596021561	"RHYP12SN"	"RHYP12SN"	721	581	"Salt-sensitive"	"SS"	"HS 21d"	"SS-HS 21d"	"HYP"	"Inhibitory neuron"	"C3-22 Pre-1 GABA-8 PRKCH"	"Avp+ neurons, GABAergic"
"Ep300(+),"	"RHYP12SN_TGATCTTTCAACGTGT-1"	0.04849680867859	"RHYP12SN"	"RHYP12SN"	721	580	"Salt-sensitive"	"SS"	"HS 21d"	"SS-HS 21d"	"HYP"	"Inhibitory neuron"	"C3-42 Mid-1 GABA-2 LGR5"	"Avp+ neurons, GABAergic"
"Ep300(+),"	"RHYP12SN_AGACTCAAGCACGTCC-1"	0.0294706691625882	"RHYP12SN"	"RHYP12SN"	669	519	"Salt-sensitive"	"SS"	"HS 21d"	"SS-HS 21d"	"HYP"	"Inhibitory neuron"	"C3-37 Pre-1 GABA-5"	"Avp+ neurons, GABAergic"
"Ep300(+),"	"RHYP12SN_TCATATCGTCGCAGTC-1"	0.0340197117661652	"RHYP12SN"	"RHYP12SN"	649	524	"Salt-sensitive"	"SS"	"HS 21d"	"SS-HS 21d"	"HYP"	"Inhibitory neuron"	"C3-131 Mid-2 GABA-GLU-3 LEF1"	"Avp+ neurons, GABAergic"
"Ep300(+),"	"RHYP12SN_CTCTCAGAGATGCCGA-1"	0.0326980761857507	"RHYP12SN"	"RHYP12SN"	646	544	"Salt-sensitive"	"SS"	"HS 21d"	"SS-HS 21d"	"HYP"	"Inhibitory neuron"	"C3-37 Pre-1 GABA-5"	"Avp+ neurons, GABAergic"
"Ep300(+),"	"RHYP12SN_CACCAAAGTGAGGATC-1"	0.044599562461941	"RHYP12SN"	"RHYP12SN"	647	526	"Salt-sensitive"	"SS"	"HS 21d"	"SS-HS 21d"	"HYP"	"Inhibitory neuron"	"C3-37 Pre-1 GABA-5"	"Avp+ neurons, GABAergic"
"Ep300(+),"	"RHYP12SN_GTGGAGATCTAACACG-1"	0.0420668034912831	"RHYP12SN"	"RHYP12SN"	599	481	"Salt-sensitive"	"SS"	"HS 21d"	"SS-HS 21d"	"HYP"	"Inhibitory neuron"	"C3-42 Mid-1 GABA-2 LGR5"	"Avp+ neurons, GABAergic"
"Ep300(+),"	"RHYP12SN_ACTCTCGGTCTTTCTA-1"	0.0327409278513273	"RHYP12SN"	"RHYP12SN"	583	504	"Salt-sensitive"	"SS"	"HS 21d"	"SS-HS 21d"	"HYP"	"Inhibitory neuron"	"C3-24 Pre-1 GABA-8 SLC1A3"	"Avp+ neurons, GABAergic"
"Ep300(+),"	"RHYP12SN_GTTATGGAGGTGCGAT-1"	0.0424795326913101	"RHYP12SN"	"RHYP12SN"	411	371	"Salt-sensitive"	"SS"	"HS 21d"	"SS-HS 21d"	"HYP"	"Inhibitory neuron"	"C3-126 Mid-2 GABA-GLU-2 PPP1R17"	"Avp+ neurons, GABAergic"
"Ep300(+),"	"RHYP7SN_GCCCAGAAGTGCTACT-1"	0.0417690971830668	"RHYP7SN"	"RHYP7SN"	6647	2760	"Salt-sensitive"	"SS"	"LS"	"SS-LS"	"HYP"	"Excitatory neuron"	"C3-106 Mid-3 GLU-3 AVP"	"Avp+ neurons, glutamatergic"
"Ep300(+),"	"RHYP7SN_TTGAACGTCAGGTGTT-1"	0.0471999819571934	"RHYP7SN"	"RHYP7SN"	6455	2771	"Salt-sensitive"	"SS"	"LS"	"SS-LS"	"HYP"	"Excitatory neuron"	"C3-106 Mid-3 GLU-3 AVP"	"Avp+ neurons, glutamatergic"
"Ep300(+),"	"RHYP7SN_GCAGCCAGTAGAGACC-1"	0.0328176097792012	"RHYP7SN"	"RHYP7SN"	6409	2758	"Salt-sensitive"	"SS"	"LS"	"SS-LS"	"HYP"	"Excitatory neuron"	"C3-106 Mid-3 GLU-3 AVP"	"Avp+ neurons, glutamatergic"
"Ep300(+),"	"RHYP7SN_TTTCACAAGTGAACAT-1"	0.0314238029725524	"RHYP7SN"	"RHYP7SN"	6312	2978	"Salt-sensitive"	"SS"	"LS"	"SS-LS"	"HYP"	"Inhibitory neuron"	"C3-45 Mid-1 GABA-2 FAM9B"	"Avp+ neurons, GABAergic"
"Ep300(+),"	"RHYP7SN_TGCGGGTCAAGTGTCT-1"	0.0355691377793816	"RHYP7SN"	"RHYP7SN"	5421	2578	"Salt-sensitive"	"SS"	"LS"	"SS-LS"	"HYP"	"Excitatory neuron"	"C3-111 Mid-3 GLU-4 MEDAG"	"Avp+ neurons, glutamatergic"
"Ep300(+),"	"RHYP7SN_GCAACATTCGGTAACT-1"	0.0355172647105257	"RHYP7SN"	"RHYP7SN"	5363	2464	"Salt-sensitive"	"SS"	"LS"	"SS-LS"	"HYP"	"Excitatory neuron"	"C3-111 Mid-3 GLU-4 MEDAG"	"Avp+ neurons, glutamatergic"
"Ep300(+),"	"RHYP7SN_ACGTACATCTTTGCAT-1"	0.0359818669794086	"RHYP7SN"	"RHYP7SN"	5214	2377	"Salt-sensitive"	"SS"	"LS"	"SS-LS"	"HYP"	"Excitatory neuron"	"C3-102 Mid-3 GLU-2 OTP"	"Avp+ neurons, glutamatergic"
"Ep300(+),"	"RHYP7SN_CATGCCTTCTGTCGCT-1"	0.0254584000541284	"RHYP7SN"	"RHYP7SN"	5108	2546	"Salt-sensitive"	"SS"	"LS"	"SS-LS"	"HYP"	"Excitatory neuron"	"C3-111 Mid-3 GLU-4 MEDAG"	"Avp+ neurons, glutamatergic"
"Ep300(+),"	"RHYP7SN_GGCTGTGCACTCCCTA-1"	0.0452152732357518	"RHYP7SN"	"RHYP7SN"	4911	2433	"Salt-sensitive"	"SS"	"LS"	"SS-LS"	"HYP"	"Inhibitory neuron"	"C3-66 Mid-1 GABA-7 KCNH8"	"Avp+ neurons, GABAergic"
"Ep300(+),"	"RHYP7SN_AGCCAATTCTCGCTTG-1"	0.0329439094251111	"RHYP7SN"	"RHYP7SN"	4868	2429	"Salt-sensitive"	"SS"	"LS"	"SS-LS"	"HYP"	"Excitatory neuron"	"C3-113 Mid-3 GLU-5"	"Avp+ neurons, glutamatergic"
"Ep300(+),"	"RHYP7SN_CAGAGCCCAAATACAG-1"	0.0407203590518505	"RHYP7SN"	"RHYP7SN"	4603	2326	"Salt-sensitive"	"SS"	"LS"	"SS-LS"	"HYP"	"Excitatory neuron"	"C3-106 Mid-3 GLU-3 AVP"	"Avp+ neurons, glutamatergic"
"Ep300(+),"	"RHYP7SN_AGCGTATCACTCTCGT-1"	0.0466383996030583	"RHYP7SN"	"RHYP7SN"	4469	2196	"Salt-sensitive"	"SS"	"LS"	"SS-LS"	"HYP"	"Excitatory neuron"	"C3-111 Mid-3 GLU-4 MEDAG"	"Avp+ neurons, glutamatergic"
"Ep300(+),"	"RHYP7SN_CGAATTGGTCAAGCCC-1"	0.0447078193012923	"RHYP7SN"	"RHYP7SN"	4347	2263	"Salt-sensitive"	"SS"	"LS"	"SS-LS"	"HYP"	"Inhibitory neuron"	"C3-45 Mid-1 GABA-2 FAM9B"	"Avp+ neurons, GABAergic"
"Ep300(+),"	"RHYP7SN_GAGTCATTCACGGGAA-1"	0.0394415751370126	"RHYP7SN"	"RHYP7SN"	4207	2148	"Salt-sensitive"	"SS"	"LS"	"SS-LS"	"HYP"	"Excitatory neuron"	"C3-106 Mid-3 GLU-3 AVP"	"Avp+ neurons, glutamatergic"
"Ep300(+),"	"RHYP7SN_ACGTAACTCTTGAACG-1"	0.0454250208619951	"RHYP7SN"	"RHYP7SN"	4144	2190	"Salt-sensitive"	"SS"	"LS"	"SS-LS"	"HYP"	"Excitatory neuron"	"C3-100 Mid-3 GLU-1 OTP"	"Avp+ neurons, glutamatergic"
"Ep300(+),"	"RHYP7SN_TTGGTTTTCCAATCCC-1"	0.0431944789011931	"RHYP7SN"	"RHYP7SN"	4085	2043	"Salt-sensitive"	"SS"	"LS"	"SS-LS"	"HYP"	"Excitatory neuron"	"C3-106 Mid-3 GLU-3 AVP"	"Avp+ neurons, glutamatergic"
"Ep300(+),"	"RHYP7SN_TAAGCACTCATCCCGT-1"	0.0368073253794628	"RHYP7SN"	"RHYP7SN"	4083	1961	"Salt-sensitive"	"SS"	"LS"	"SS-LS"	"HYP"	"Inhibitory neuron"	"C3-42 Mid-1 GABA-2 LGR5"	"Avp+ neurons, GABAergic"
"Ep300(+),"	"RHYP7SN_TCCTCCCCAAGACCTT-1"	0.0545140846658698	"RHYP7SN"	"RHYP7SN"	4071	1958	"Salt-sensitive"	"SS"	"LS"	"SS-LS"	"HYP"	"Inhibitory neuron"	"C3-42 Mid-1 GABA-2 LGR5"	"Avp+ neurons, GABAergic"
"Ep300(+),"	"RHYP7SN_GGGATGACACGTCATA-1"	0.0366178759105979	"RHYP7SN"	"RHYP7SN"	4054	2093	"Salt-sensitive"	"SS"	"LS"	"SS-LS"	"HYP"	"Excitatory neuron"	"C3-106 Mid-3 GLU-3 AVP"	"Avp+ neurons, glutamatergic"
"Ep300(+),"	"RHYP7SN_CAACGGCTCCTCTAGC-1"	0.0446311373734184	"RHYP7SN"	"RHYP7SN"	3877	1846	"Salt-sensitive"	"SS"	"LS"	"SS-LS"	"HYP"	"Inhibitory neuron"	"C3-42 Mid-1 GABA-2 LGR5"	"Avp+ neurons, GABAergic"
"Ep300(+),"	"RHYP7SN_GGGACCTTCATCCTAT-1"	0.0374343129073727	"RHYP7SN"	"RHYP7SN"	3803	1825	"Salt-sensitive"	"SS"	"LS"	"SS-LS"	"HYP"	"Inhibitory neuron"	"C3-42 Mid-1 GABA-2 LGR5"	"Avp+ neurons, GABAergic"
"Ep300(+),"	"RHYP7SN_ATTACTCTCAGTGGGA-1"	0.0419111842847155	"RHYP7SN"	"RHYP7SN"	3807	1969	"Salt-sensitive"	"SS"	"LS"	"SS-LS"	"HYP"	"Excitatory neuron"	"C3-106 Mid-3 GLU-3 AVP"	"Avp+ neurons, glutamatergic"
"Ep300(+),"	"RHYP7SN_TCCGAAAGTTGTATGC-1"	0.0359638241728501	"RHYP7SN"	"RHYP7SN"	3757	1905	"Salt-sensitive"	"SS"	"LS"	"SS-LS"	"HYP"	"Excitatory neuron"	"C3-100 Mid-3 GLU-1 OTP"	"Avp+ neurons, glutamatergic"
"Ep300(+),"	"RHYP7SN_AGCTACACAGTTCACA-1"	0.0451228038521392	"RHYP7SN"	"RHYP7SN"	3679	2052	"Salt-sensitive"	"SS"	"LS"	"SS-LS"	"HYP"	"Inhibitory neuron"	"C3-34 Pre-1 GABA-3 CRH"	"Avp+ neurons, GABAergic"
"Ep300(+),"	"RHYP7SN_GTATTGGTCTGTACAG-1"	0.0348271273596608	"RHYP7SN"	"RHYP7SN"	3624	1911	"Salt-sensitive"	"SS"	"LS"	"SS-LS"	"HYP"	"Excitatory neuron"	"C3-102 Mid-3 GLU-2 OTP"	"Avp+ neurons, glutamatergic"
"Ep300(+),"	"RHYP7SN_CAAAGAATCAGACCTA-1"	0.0459753264620312	"RHYP7SN"	"RHYP7SN"	3503	1914	"Salt-sensitive"	"SS"	"LS"	"SS-LS"	"HYP"	"Inhibitory neuron"	"C3-125 Mid-2 GABA-GLU-2 NTS"	"Avp+ neurons, GABAergic"
"Ep300(+),"	"RHYP7SN_ATCAGGTTCTCAACGA-1"	0.0401114143304991	"RHYP7SN"	"RHYP7SN"	3393	1644	"Salt-sensitive"	"SS"	"LS"	"SS-LS"	"HYP"	"Excitatory neuron"	"C3-102 Mid-3 GLU-2 OTP"	"Avp+ neurons, glutamatergic"
"Ep300(+),"	"RHYP7SN_GTGAGCCCAGCAAGAC-1"	0.0606937459121766	"RHYP7SN"	"RHYP7SN"	3385	1896	"Salt-sensitive"	"SS"	"LS"	"SS-LS"	"HYP"	"Inhibitory neuron"	"C3-42 Mid-1 GABA-2 LGR5"	"Avp+ neurons, GABAergic"
"Ep300(+),"	"RHYP7SN_TGTTGGATCAGTCAGT-1"	0.0370035409007871	"RHYP7SN"	"RHYP7SN"	3378	1810	"Salt-sensitive"	"SS"	"LS"	"SS-LS"	"HYP"	"Excitatory neuron"	"C3-106 Mid-3 GLU-3 AVP"	"Avp+ neurons, glutamatergic"
"Ep300(+),"	"RHYP7SN_CCTTGTGCAGGTCAAG-1"	0.0421209319109587	"RHYP7SN"	"RHYP7SN"	3363	1872	"Salt-sensitive"	"SS"	"LS"	"SS-LS"	"HYP"	"Excitatory neuron"	"C3-106 Mid-3 GLU-3 AVP"	"Avp+ neurons, glutamatergic"
"Ep300(+),"	"RHYP7SN_CTGATCCTCCTTCTTC-1"	0.0491756692753558	"RHYP7SN"	"RHYP7SN"	3196	1809	"Salt-sensitive"	"SS"	"LS"	"SS-LS"	"HYP"	"Inhibitory neuron"	"C3-126 Mid-2 GABA-GLU-2 PPP1R17"	"Avp+ neurons, GABAergic"
"Ep300(+),"	"RHYP7SN_CATAGACCAGCGTGAA-1"	0.0449423757865536	"RHYP7SN"	"RHYP7SN"	3080	1774	"Salt-sensitive"	"SS"	"LS"	"SS-LS"	"HYP"	"Inhibitory neuron"	"C3-45 Mid-1 GABA-2 FAM9B"	"Avp+ neurons, GABAergic"
"Ep300(+),"	"RHYP7SN_TCACGCTTCTCTTCAA-1"	0.0435124833667877	"RHYP7SN"	"RHYP7SN"	3077	1782	"Salt-sensitive"	"SS"	"LS"	"SS-LS"	"HYP"	"Inhibitory neuron"	"C3-41 Mid-1 GABA-1"	"Avp+ neurons, GABAergic"
"Ep300(+),"	"RHYP7SN_TTACGCCCAACGACAG-1"	0.0410699384289226	"RHYP7SN"	"RHYP7SN"	3060	1807	"Salt-sensitive"	"SS"	"LS"	"SS-LS"	"HYP"	"Inhibitory neuron"	"C3-125 Mid-2 GABA-GLU-2 NTS"	"Avp+ neurons, GABAergic"
"Ep300(+),"	"RHYP7SN_TCAAGTGAGAGCATTA-1"	0.0464106091702564	"RHYP7SN"	"RHYP7SN"	2986	1594	"Salt-sensitive"	"SS"	"LS"	"SS-LS"	"HYP"	"Inhibitory neuron"	"C3-42 Mid-1 GABA-2 LGR5"	"Avp+ neurons, GABAergic"
"Ep300(+),"	"RHYP7SN_GCTACAAGTGTGACCC-1"	0.0488103024425449	"RHYP7SN"	"RHYP7SN"	2838	1613	"Salt-sensitive"	"SS"	"LS"	"SS-LS"	"HYP"	"Inhibitory neuron"	"C3-42 Mid-1 GABA-2 LGR5"	"Avp+ neurons, GABAergic"
"Ep300(+),"	"RHYP7SN_TCAGTCCGTAGATCGG-1"	0.0388123322582828	"RHYP7SN"	"RHYP7SN"	2838	1864	"Salt-sensitive"	"SS"	"LS"	"SS-LS"	"HYP"	"Inhibitory neuron"	"C3-131 Mid-2 GABA-GLU-3 LEF1"	"Avp+ neurons, GABAergic"
"Ep300(+),"	"RHYP7SN_AAGTCGTGTGGCTAGA-1"	0.0327860348677237	"RHYP7SN"	"RHYP7SN"	2786	1670	"Salt-sensitive"	"SS"	"LS"	"SS-LS"	"HYP"	"Excitatory neuron"	"C3-106 Mid-3 GLU-3 AVP"	"Avp+ neurons, glutamatergic"
"Ep300(+),"	"RHYP7SN_TCCATGCGTTCAGTAC-1"	0.0556733349872573	"RHYP7SN"	"RHYP7SN"	2626	1565	"Salt-sensitive"	"SS"	"LS"	"SS-LS"	"HYP"	"Inhibitory neuron"	"C3-42 Mid-1 GABA-2 LGR5"	"Avp+ neurons, GABAergic"
"Ep300(+),"	"RHYP7SN_GACGCTGCACCGTACG-1"	0.0462775434718871	"RHYP7SN"	"RHYP7SN"	2524	1497	"Salt-sensitive"	"SS"	"LS"	"SS-LS"	"HYP"	"Inhibitory neuron"	"C3-46 Mid-1 GABA-2 PMFBP1"	"Avp+ neurons, GABAergic"
"Ep300(+),"	"RHYP7SN_CAATCGACAACTACGT-1"	0.0476262432621394	"RHYP7SN"	"RHYP7SN"	2494	1402	"Salt-sensitive"	"SS"	"LS"	"SS-LS"	"HYP"	"Inhibitory neuron"	"C3-42 Mid-1 GABA-2 LGR5"	"Avp+ neurons, GABAergic"
"Ep300(+),"	"RHYP7SN_GTGTTAGTCTCAGAAC-1"	0.0377184871106701	"RHYP7SN"	"RHYP7SN"	2485	1540	"Salt-sensitive"	"SS"	"LS"	"SS-LS"	"HYP"	"Excitatory neuron"	"C3-106 Mid-3 GLU-3 AVP"	"Avp+ neurons, glutamatergic"
"Ep300(+),"	"RHYP7SN_AGACCATAGGTTGACG-1"	0.033771623175985	"RHYP7SN"	"RHYP7SN"	2478	1547	"Salt-sensitive"	"SS"	"LS"	"SS-LS"	"HYP"	"Inhibitory neuron"	"C3-42 Mid-1 GABA-2 LGR5"	"Avp+ neurons, GABAergic"
"Ep300(+),"	"RHYP7SN_TTACAGGTCTACACAG-1"	0.0464128645210763	"RHYP7SN"	"RHYP7SN"	2439	1556	"Salt-sensitive"	"SS"	"LS"	"SS-LS"	"HYP"	"Inhibitory neuron"	"C3-42 Mid-1 GABA-2 LGR5"	"Avp+ neurons, GABAergic"
"Ep300(+),"	"RHYP7SN_GGAGCAACAACTGTGT-1"	0.0759692370148177	"RHYP7SN"	"RHYP7SN"	2422	1509	"Salt-sensitive"	"SS"	"LS"	"SS-LS"	"HYP"	"Inhibitory neuron"	"C3-42 Mid-1 GABA-2 LGR5"	"Avp+ neurons, GABAergic"
"Ep300(+),"	"RHYP7SN_GTCCTCAAGTCAACAA-1"	0.0400820947698414	"RHYP7SN"	"RHYP7SN"	2416	1366	"Salt-sensitive"	"SS"	"LS"	"SS-LS"	"HYP"	"Inhibitory neuron"	"C3-42 Mid-1 GABA-2 LGR5"	"Avp+ neurons, GABAergic"
"Ep300(+),"	"RHYP7SN_TGCTTGCGTTTACGAC-1"	0.0476803716818151	"RHYP7SN"	"RHYP7SN"	2338	1411	"Salt-sensitive"	"SS"	"LS"	"SS-LS"	"HYP"	"Inhibitory neuron"	"C3-125 Mid-2 GABA-GLU-2 NTS"	"Avp+ neurons, GABAergic"
"Ep300(+),"	"RHYP7SN_GATCACATCATTCTTG-1"	0.0375290376418052	"RHYP7SN"	"RHYP7SN"	2318	1511	"Salt-sensitive"	"SS"	"LS"	"SS-LS"	"HYP"	"Inhibitory neuron"	"C3-125 Mid-2 GABA-GLU-2 NTS"	"Avp+ neurons, GABAergic"
"Ep300(+),"	"RHYP7SN_ACATCCCCACTGGATT-1"	0.0484426802589143	"RHYP7SN"	"RHYP7SN"	2324	1389	"Salt-sensitive"	"SS"	"LS"	"SS-LS"	"HYP"	"Inhibitory neuron"	"C3-42 Mid-1 GABA-2 LGR5"	"Avp+ neurons, GABAergic"
"Ep300(+),"	"RHYP7SN_GTGTGGCGTGCAGTGA-1"	0.0383477299893999	"RHYP7SN"	"RHYP7SN"	2283	1472	"Salt-sensitive"	"SS"	"LS"	"SS-LS"	"HYP"	"Inhibitory neuron"	"C3-125 Mid-2 GABA-GLU-2 NTS"	"Avp+ neurons, GABAergic"
"Ep300(+),"	"RHYP7SN_TTGCGTCTCAAGAAAC-1"	0.0434876745077697	"RHYP7SN"	"RHYP7SN"	2249	1286	"Salt-sensitive"	"SS"	"LS"	"SS-LS"	"HYP"	"Inhibitory neuron"	"C3-42 Mid-1 GABA-2 LGR5"	"Avp+ neurons, GABAergic"
"Ep300(+),"	"RHYP7SN_CTAAGTGCATGCACTA-1"	0.0470984911703015	"RHYP7SN"	"RHYP7SN"	2200	1247	"Salt-sensitive"	"SS"	"LS"	"SS-LS"	"HYP"	"Inhibitory neuron"	"C3-42 Mid-1 GABA-2 LGR5"	"Avp+ neurons, GABAergic"
"Ep300(+),"	"RHYP7SN_CGCGTGATCGGCTCTT-1"	0.0449130562258959	"RHYP7SN"	"RHYP7SN"	2169	1350	"Salt-sensitive"	"SS"	"LS"	"SS-LS"	"HYP"	"Inhibitory neuron"	"C3-42 Mid-1 GABA-2 LGR5"	"Avp+ neurons, GABAergic"
"Ep300(+),"	"RHYP7SN_TCGAACAGTCCAGTTA-1"	0.0580031123841314	"RHYP7SN"	"RHYP7SN"	2170	1455	"Salt-sensitive"	"SS"	"LS"	"SS-LS"	"HYP"	"Inhibitory neuron"	"C3-26 Pre-1 GABA-1 SEMA3C"	"Avp+ neurons, GABAergic"
"Ep300(+),"	"RHYP7SN_AATGACCAGAAGCTGC-1"	0.0515843839509236	"RHYP7SN"	"RHYP7SN"	2164	1401	"Salt-sensitive"	"SS"	"LS"	"SS-LS"	"HYP"	"Inhibitory neuron"	"C3-42 Mid-1 GABA-2 LGR5"	"Avp+ neurons, GABAergic"
"Ep300(+),"	"RHYP7SN_ACTATGGCACCCAAGC-1"	0.0563724937414015	"RHYP7SN"	"RHYP7SN"	2159	1331	"Salt-sensitive"	"SS"	"LS"	"SS-LS"	"HYP"	"Inhibitory neuron"	"C3-42 Mid-1 GABA-2 LGR5"	"Avp+ neurons, GABAergic"
"Ep300(+),"	"RHYP7SN_GACATCAAGCAAATCA-1"	0.0453866798980581	"RHYP7SN"	"RHYP7SN"	2156	1203	"Salt-sensitive"	"SS"	"LS"	"SS-LS"	"HYP"	"Inhibitory neuron"	"C3-42 Mid-1 GABA-2 LGR5"	"Avp+ neurons, GABAergic"
"Ep300(+),"	"RHYP7SN_ACGTAACGTCCACTCT-1"	0.0406075915108595	"RHYP7SN"	"RHYP7SN"	2142	1385	"Salt-sensitive"	"SS"	"LS"	"SS-LS"	"HYP"	"Inhibitory neuron"	"C3-129 Mid-2 GABA-GLU-3 POMC"	"Avp+ neurons, GABAergic"
"Ep300(+),"	"RHYP7SN_GTCACGGCAAATGAGT-1"	0.0488035363900855	"RHYP7SN"	"RHYP7SN"	2115	1349	"Salt-sensitive"	"SS"	"LS"	"SS-LS"	"HYP"	"Inhibitory neuron"	"C3-42 Mid-1 GABA-2 LGR5"	"Avp+ neurons, GABAergic"
"Ep300(+),"	"RHYP7SN_TGTTGGACAGCTATAC-1"	0.0477164572949322	"RHYP7SN"	"RHYP7SN"	2125	1327	"Salt-sensitive"	"SS"	"LS"	"SS-LS"	"HYP"	"Inhibitory neuron"	"C3-42 Mid-1 GABA-2 LGR5"	"Avp+ neurons, GABAergic"
"Ep300(+),"	"RHYP7SN_AGCGCTGGTTTCGTTT-1"	0.0494936737409504	"RHYP7SN"	"RHYP7SN"	2105	1243	"Salt-sensitive"	"SS"	"LS"	"SS-LS"	"HYP"	"Inhibitory neuron"	"C3-42 Mid-1 GABA-2 LGR5"	"Avp+ neurons, GABAergic"
"Ep300(+),"	"RHYP7SN_CGATCGGTCGTGGTAT-1"	0.0507205845869325	"RHYP7SN"	"RHYP7SN"	2101	1274	"Salt-sensitive"	"SS"	"LS"	"SS-LS"	"HYP"	"Inhibitory neuron"	"C3-42 Mid-1 GABA-2 LGR5"	"Avp+ neurons, GABAergic"
"Ep300(+),"	"RHYP7SN_TTAGGGTGTACGCTTA-1"	0.0350797266514806	"RHYP7SN"	"RHYP7SN"	2100	1356	"Salt-sensitive"	"SS"	"LS"	"SS-LS"	"HYP"	"Inhibitory neuron"	"C3-42 Mid-1 GABA-2 LGR5"	"Avp+ neurons, GABAergic"
"Ep300(+),"	"RHYP7SN_GGCTTTCAGACTTCAC-1"	0.0503439410000226	"RHYP7SN"	"RHYP7SN"	2092	1284	"Salt-sensitive"	"SS"	"LS"	"SS-LS"	"HYP"	"Inhibitory neuron"	"C3-32 Pre-1 GABA-3 PRDM16"	"Avp+ neurons, GABAergic"
"Ep300(+),"	"RHYP7SN_CACGTTCCAGAGGGTT-1"	0.0361825932023726	"RHYP7SN"	"RHYP7SN"	2099	1393	"Salt-sensitive"	"SS"	"LS"	"SS-LS"	"HYP"	"Inhibitory neuron"	"C3-41 Mid-1 GABA-1"	"Avp+ neurons, GABAergic"
"Ep300(+),"	"RHYP7SN_TAGTGCAGTTCTTGTT-1"	0.0344414623694716	"RHYP7SN"	"RHYP7SN"	2074	1359	"Salt-sensitive"	"SS"	"LS"	"SS-LS"	"HYP"	"Excitatory neuron"	"C3-111 Mid-3 GLU-4 MEDAG"	"Avp+ neurons, glutamatergic"
"Ep300(+),"	"RHYP7SN_GGCGTCAGTGAGAACC-1"	0.0421660389273551	"RHYP7SN"	"RHYP7SN"	2055	1424	"Salt-sensitive"	"SS"	"LS"	"SS-LS"	"HYP"	"Inhibitory neuron"	"C3-42 Mid-1 GABA-2 LGR5"	"Avp+ neurons, GABAergic"
"Ep300(+),"	"RHYP7SN_TCGAACATCAGGAAAT-1"	0.0427997925077246	"RHYP7SN"	"RHYP7SN"	2037	1254	"Salt-sensitive"	"SS"	"LS"	"SS-LS"	"HYP"	"Inhibitory neuron"	"C3-42 Mid-1 GABA-2 LGR5"	"Avp+ neurons, GABAergic"
"Ep300(+),"	"RHYP7SN_AGAGCCCTCGATTGAC-1"	0.0338167301923814	"RHYP7SN"	"RHYP7SN"	2030	1313	"Salt-sensitive"	"SS"	"LS"	"SS-LS"	"HYP"	"Inhibitory neuron"	"C3-42 Mid-1 GABA-2 LGR5"	"Avp+ neurons, GABAergic"
"Ep300(+),"	"RHYP7SN_AAGACAAGTACCGTGC-1"	0.0424276596224543	"RHYP7SN"	"RHYP7SN"	2019	1193	"Salt-sensitive"	"SS"	"LS"	"SS-LS"	"HYP"	"Inhibitory neuron"	"C3-42 Mid-1 GABA-2 LGR5"	"Avp+ neurons, GABAergic"
"Ep300(+),"	"RHYP7SN_AATGGCTTCTTTCGAT-1"	0.0345091228940662	"RHYP7SN"	"RHYP7SN"	2010	1293	"Salt-sensitive"	"SS"	"LS"	"SS-LS"	"HYP"	"Inhibitory neuron"	"C3-45 Mid-1 GABA-2 FAM9B"	"Avp+ neurons, GABAergic"
"Ep300(+),"	"RHYP7SN_CGGGCATCAAGATGTA-1"	0.0557184420036537	"RHYP7SN"	"RHYP7SN"	2003	1277	"Salt-sensitive"	"SS"	"LS"	"SS-LS"	"HYP"	"Inhibitory neuron"	"C3-42 Mid-1 GABA-2 LGR5"	"Avp+ neurons, GABAergic"
"Ep300(+),"	"RHYP7SN_TCATGAGAGACTGAGC-1"	0.0517061728951938	"RHYP7SN"	"RHYP7SN"	1923	1320	"Salt-sensitive"	"SS"	"LS"	"SS-LS"	"HYP"	"Inhibitory neuron"	"C3-42 Mid-1 GABA-2 LGR5"	"Avp+ neurons, GABAergic"
"Ep300(+),"	"RHYP7SN_TGCGGGTCAGGTCAGA-1"	0.0532510882067706	"RHYP7SN"	"RHYP7SN"	1916	1164	"Salt-sensitive"	"SS"	"LS"	"SS-LS"	"HYP"	"Inhibitory neuron"	"C3-42 Mid-1 GABA-2 LGR5"	"Avp+ neurons, GABAergic"
"Ep300(+),"	"RHYP7SN_CTGAGGCTCGTCGGGT-1"	0.0368411556417601	"RHYP7SN"	"RHYP7SN"	1889	1248	"Salt-sensitive"	"SS"	"LS"	"SS-LS"	"HYP"	"Inhibitory neuron"	"C3-45 Mid-1 GABA-2 FAM9B"	"Avp+ neurons, GABAergic"
"Ep300(+),"	"RHYP7SN_GTTGAACGTCACGACC-1"	0.0507679469541487	"RHYP7SN"	"RHYP7SN"	1891	1200	"Salt-sensitive"	"SS"	"LS"	"SS-LS"	"HYP"	"Inhibitory neuron"	"C3-42 Mid-1 GABA-2 LGR5"	"Avp+ neurons, GABAergic"
"Ep300(+),"	"RHYP7SN_AATCGACAGCGAACTG-1"	0.0432125217077516	"RHYP7SN"	"RHYP7SN"	1861	1181	"Salt-sensitive"	"SS"	"LS"	"SS-LS"	"HYP"	"Inhibitory neuron"	"C3-46 Mid-1 GABA-2 PMFBP1"	"Avp+ neurons, GABAergic"
"Ep300(+),"	"RHYP7SN_ATTGTTCGTTCAAGTC-1"	0.032795056271003	"RHYP7SN"	"RHYP7SN"	1859	1207	"Salt-sensitive"	"SS"	"LS"	"SS-LS"	"HYP"	"Inhibitory neuron"	"C3-42 Mid-1 GABA-2 LGR5"	"Avp+ neurons, GABAergic"
"Ep300(+),"	"RHYP7SN_GGTTAACAGAGAGCCT-1"	0.0420871016486615	"RHYP7SN"	"RHYP7SN"	1860	1280	"Salt-sensitive"	"SS"	"LS"	"SS-LS"	"HYP"	"Inhibitory neuron"	"C3-125 Mid-2 GABA-GLU-2 NTS"	"Avp+ neurons, GABAergic"
"Ep300(+),"	"RHYP7SN_ATCACAGCAGAAGCGT-1"	0.0435147387176075	"RHYP7SN"	"RHYP7SN"	1845	1268	"Salt-sensitive"	"SS"	"LS"	"SS-LS"	"HYP"	"Inhibitory neuron"	"C3-32 Pre-1 GABA-3 PRDM16"	"Avp+ neurons, GABAergic"
"Ep300(+),"	"RHYP7SN_CACAACAAGTGATCGG-1"	0.0398949006517964	"RHYP7SN"	"RHYP7SN"	1838	1239	"Salt-sensitive"	"SS"	"LS"	"SS-LS"	"HYP"	"Inhibitory neuron"	"C3-42 Mid-1 GABA-2 LGR5"	"Avp+ neurons, GABAergic"
"Ep300(+),"	"RHYP7SN_CCATCACCAAAGGATT-1"	0.0479262049211755	"RHYP7SN"	"RHYP7SN"	1811	1254	"Salt-sensitive"	"SS"	"LS"	"SS-LS"	"HYP"	"Inhibitory neuron"	"C3-42 Mid-1 GABA-2 LGR5"	"Avp+ neurons, GABAergic"
"Ep300(+),"	"RHYP7SN_ACATCGATCCTCTTTC-1"	0.0440492568619049	"RHYP7SN"	"RHYP7SN"	1769	1230	"Salt-sensitive"	"SS"	"LS"	"SS-LS"	"HYP"	"Inhibitory neuron"	"C3-42 Mid-1 GABA-2 LGR5"	"Avp+ neurons, GABAergic"
"Ep300(+),"	"RHYP7SN_ATTTCTGAGAGCAGAA-1"	0.0377252531631295	"RHYP7SN"	"RHYP7SN"	1744	1183	"Salt-sensitive"	"SS"	"LS"	"SS-LS"	"HYP"	"Inhibitory neuron"	"C3-41 Mid-1 GABA-1"	"Avp+ neurons, GABAergic"
"Ep300(+),"	"RHYP7SN_CGCATAATCAATCAGC-1"	0.0304810663298676	"RHYP7SN"	"RHYP7SN"	1732	1206	"Salt-sensitive"	"SS"	"LS"	"SS-LS"	"HYP"	"Inhibitory neuron"	"C3-42 Mid-1 GABA-2 LGR5"	"Avp+ neurons, GABAergic"
"Ep300(+),"	"RHYP7SN_ATTCCTACACTAACCA-1"	0.0518008976296263	"RHYP7SN"	"RHYP7SN"	1713	1143	"Salt-sensitive"	"SS"	"LS"	"SS-LS"	"HYP"	"Inhibitory neuron"	"C3-25 Pre-1 GABA-8 DRD2"	"Avp+ neurons, GABAergic"
"Ep300(+),"	"RHYP7SN_AAGACAACAGATTCGT-1"	0.0443041115045445	"RHYP7SN"	"RHYP7SN"	1701	1205	"Salt-sensitive"	"SS"	"LS"	"SS-LS"	"HYP"	"Inhibitory neuron"	"C3-42 Mid-1 GABA-2 LGR5"	"Avp+ neurons, GABAergic"
"Ep300(+),"	"RHYP7SN_ATTGGGTGTCTGTTAG-1"	0.0428832404880579	"RHYP7SN"	"RHYP7SN"	1678	1132	"Salt-sensitive"	"SS"	"LS"	"SS-LS"	"HYP"	"Inhibitory neuron"	"C3-42 Mid-1 GABA-2 LGR5"	"Avp+ neurons, GABAergic"
"Ep300(+),"	"RHYP7SN_ATAGACCAGCACTAGG-1"	0.0432215431110309	"RHYP7SN"	"RHYP7SN"	1668	1086	"Salt-sensitive"	"SS"	"LS"	"SS-LS"	"HYP"	"Inhibitory neuron"	"C3-42 Mid-1 GABA-2 LGR5"	"Avp+ neurons, GABAergic"
"Ep300(+),"	"RHYP7SN_AGAAGTAAGCGTATAA-1"	0.0360743363630213	"RHYP7SN"	"RHYP7SN"	1652	1125	"Salt-sensitive"	"SS"	"LS"	"SS-LS"	"HYP"	"Inhibitory neuron"	"C3-42 Mid-1 GABA-2 LGR5"	"Avp+ neurons, GABAergic"
"Ep300(+),"	"RHYP7SN_TACAACGGTCGTGGAA-1"	0.0427907711044453	"RHYP7SN"	"RHYP7SN"	1645	1156	"Salt-sensitive"	"SS"	"LS"	"SS-LS"	"HYP"	"Inhibitory neuron"	"C3-42 Mid-1 GABA-2 LGR5"	"Avp+ neurons, GABAergic"
"Ep300(+),"	"RHYP7SN_CACCGTTGTGACCGTC-1"	0.0466812512686348	"RHYP7SN"	"RHYP7SN"	1634	966	"Salt-sensitive"	"SS"	"LS"	"SS-LS"	"HYP"	"Inhibitory neuron"	"C3-42 Mid-1 GABA-2 LGR5"	"Avp+ neurons, GABAergic"
"Ep300(+),"	"RHYP7SN_TCCGATCTCTCCGTGT-1"	0.0471007465211214	"RHYP7SN"	"RHYP7SN"	1622	1024	"Salt-sensitive"	"SS"	"LS"	"SS-LS"	"HYP"	"Inhibitory neuron"	"C3-42 Mid-1 GABA-2 LGR5"	"Avp+ neurons, GABAergic"
"Ep300(+),"	"RHYP7SN_GAGTTACTCATGCATG-1"	0.047757053609689	"RHYP7SN"	"RHYP7SN"	1617	1100	"Salt-sensitive"	"SS"	"LS"	"SS-LS"	"HYP"	"Inhibitory neuron"	"C3-42 Mid-1 GABA-2 LGR5"	"Avp+ neurons, GABAergic"
"Ep300(+),"	"RHYP7SN_GACATCAGTTCACGAT-1"	0.0399828593337694	"RHYP7SN"	"RHYP7SN"	1620	1090	"Salt-sensitive"	"SS"	"LS"	"SS-LS"	"HYP"	"Inhibitory neuron"	"C3-42 Mid-1 GABA-2 LGR5"	"Avp+ neurons, GABAergic"
"Ep300(+),"	"RHYP7SN_AACACACAGAGTTGTA-1"	0.0366877917860123	"RHYP7SN"	"RHYP7SN"	1589	1122	"Salt-sensitive"	"SS"	"LS"	"SS-LS"	"HYP"	"Inhibitory neuron"	"C3-42 Mid-1 GABA-2 LGR5"	"Avp+ neurons, GABAergic"
"Ep300(+),"	"RHYP7SN_AAGTGAAGTACAGAGC-1"	0.0400798394190216	"RHYP7SN"	"RHYP7SN"	1582	1021	"Salt-sensitive"	"SS"	"LS"	"SS-LS"	"HYP"	"Inhibitory neuron"	"C3-42 Mid-1 GABA-2 LGR5"	"Avp+ neurons, GABAergic"
"Ep300(+),"	"RHYP7SN_TTCAATCCAACCGCCA-1"	0.0489794537540314	"RHYP7SN"	"RHYP7SN"	1579	1070	"Salt-sensitive"	"SS"	"LS"	"SS-LS"	"HYP"	"Inhibitory neuron"	"C3-42 Mid-1 GABA-2 LGR5"	"Avp+ neurons, GABAergic"
"Ep300(+),"	"RHYP7SN_GGGTCTGCAAGTCGTT-1"	0.0482148898261125	"RHYP7SN"	"RHYP7SN"	1569	1065	"Salt-sensitive"	"SS"	"LS"	"SS-LS"	"HYP"	"Inhibitory neuron"	"C3-42 Mid-1 GABA-2 LGR5"	"Avp+ neurons, GABAergic"
"Ep300(+),"	"RHYP7SN_CGCAGGTGTTCGGTTA-1"	0.0511310584361397	"RHYP7SN"	"RHYP7SN"	1566	1029	"Salt-sensitive"	"SS"	"LS"	"SS-LS"	"HYP"	"Inhibitory neuron"	"C3-42 Mid-1 GABA-2 LGR5"	"Avp+ neurons, GABAergic"
"Ep300(+),"	"RHYP7SN_AACTTCTAGTCGTTAC-1"	0.0501161505672207	"RHYP7SN"	"RHYP7SN"	1542	991	"Salt-sensitive"	"SS"	"LS"	"SS-LS"	"HYP"	"Inhibitory neuron"	"C3-42 Mid-1 GABA-2 LGR5"	"Avp+ neurons, GABAergic"
"Ep300(+),"	"RHYP7SN_GTGCTGGCAGTGCGCT-1"	0.0533097273280859	"RHYP7SN"	"RHYP7SN"	1472	1025	"Salt-sensitive"	"SS"	"LS"	"SS-LS"	"HYP"	"Inhibitory neuron"	"C3-42 Mid-1 GABA-2 LGR5"	"Avp+ neurons, GABAergic"
"Ep300(+),"	"RHYP7SN_AGAAGCGTCCCAAGCG-1"	0.0488576648097612	"RHYP7SN"	"RHYP7SN"	1464	1046	"Salt-sensitive"	"SS"	"LS"	"SS-LS"	"HYP"	"Inhibitory neuron"	"C3-42 Mid-1 GABA-2 LGR5"	"Avp+ neurons, GABAergic"
"Ep300(+),"	"RHYP7SN_TTTGATCTCCACAGCG-1"	0.0472315568686709	"RHYP7SN"	"RHYP7SN"	1434	1096	"Salt-sensitive"	"SS"	"LS"	"SS-LS"	"HYP"	"Inhibitory neuron"	"C3-125 Mid-2 GABA-GLU-2 NTS"	"Avp+ neurons, GABAergic"
"Ep300(+),"	"RHYP7SN_CCTCAACGTAGTGCGA-1"	0.0438710841471391	"RHYP7SN"	"RHYP7SN"	1433	962	"Salt-sensitive"	"SS"	"LS"	"SS-LS"	"HYP"	"Inhibitory neuron"	"C3-42 Mid-1 GABA-2 LGR5"	"Avp+ neurons, GABAergic"
"Ep300(+),"	"RHYP7SN_CGGACACCAAGTAGTA-1"	0.0558537630528429	"RHYP7SN"	"RHYP7SN"	1411	1029	"Salt-sensitive"	"SS"	"LS"	"SS-LS"	"HYP"	"Inhibitory neuron"	"C3-41 Mid-1 GABA-1"	"Avp+ neurons, GABAergic"
"Ep300(+),"	"RHYP7SN_ACACTGATCGAGGCAA-1"	0.0349421502514716	"RHYP7SN"	"RHYP7SN"	1385	994	"Salt-sensitive"	"SS"	"LS"	"SS-LS"	"HYP"	"Inhibitory neuron"	"C3-42 Mid-1 GABA-2 LGR5"	"Avp+ neurons, GABAergic"
"Ep300(+),"	"RHYP7SN_GTTTACTGTTAAGGAT-1"	0.031741807438147	"RHYP7SN"	"RHYP7SN"	1390	1009	"Salt-sensitive"	"SS"	"LS"	"SS-LS"	"HYP"	"Inhibitory neuron"	"C3-42 Mid-1 GABA-2 LGR5"	"Avp+ neurons, GABAergic"
"Ep300(+),"	"RHYP7SN_GAGTTTGTCTCATGCC-1"	0.0500236811836081	"RHYP7SN"	"RHYP7SN"	1383	1009	"Salt-sensitive"	"SS"	"LS"	"SS-LS"	"HYP"	"Inhibitory neuron"	"C3-42 Mid-1 GABA-2 LGR5"	"Avp+ neurons, GABAergic"
"Ep300(+),"	"RHYP7SN_TAGATCGAGGGTCTTT-1"	0.050075554252464	"RHYP7SN"	"RHYP7SN"	1330	899	"Salt-sensitive"	"SS"	"LS"	"SS-LS"	"HYP"	"Inhibitory neuron"	"C3-42 Mid-1 GABA-2 LGR5"	"Avp+ neurons, GABAergic"
"Ep300(+),"	"RHYP7SN_AGGTTGTTCGTGCGAC-1"	0.0488170684950044	"RHYP7SN"	"RHYP7SN"	1303	920	"Salt-sensitive"	"SS"	"LS"	"SS-LS"	"HYP"	"Inhibitory neuron"	"C3-42 Mid-1 GABA-2 LGR5"	"Avp+ neurons, GABAergic"
"Ep300(+),"	"RHYP7SN_AAGGAATGTTGTACGT-1"	0.041315771668283	"RHYP7SN"	"RHYP7SN"	1301	939	"Salt-sensitive"	"SS"	"LS"	"SS-LS"	"HYP"	"Inhibitory neuron"	"C3-42 Mid-1 GABA-2 LGR5"	"Avp+ neurons, GABAergic"
"Ep300(+),"	"RHYP7SN_ACTCCCATCACATACG-1"	0.0449671846455716	"RHYP7SN"	"RHYP7SN"	1282	900	"Salt-sensitive"	"SS"	"LS"	"SS-LS"	"HYP"	"Inhibitory neuron"	"C3-42 Mid-1 GABA-2 LGR5"	"Avp+ neurons, GABAergic"
"Ep300(+),"	"RHYP7SN_TAGAGTCTCTGGAAGG-1"	0.0459054105866167	"RHYP7SN"	"RHYP7SN"	1283	944	"Salt-sensitive"	"SS"	"LS"	"SS-LS"	"HYP"	"Inhibitory neuron"	"C3-130 Mid-2 GABA-GLU-3 PDGFD"	"Avp+ neurons, GABAergic"
"Ep300(+),"	"RHYP7SN_ACTGTCCGTCTTGAGT-1"	0.0467940188096258	"RHYP7SN"	"RHYP7SN"	1262	896	"Salt-sensitive"	"SS"	"LS"	"SS-LS"	"HYP"	"Inhibitory neuron"	"C3-37 Pre-1 GABA-5"	"Avp+ neurons, GABAergic"
"Ep300(+),"	"RHYP7SN_TGCTGAACAAATCAGA-1"	0.0415345406978055	"RHYP7SN"	"RHYP7SN"	1204	909	"Salt-sensitive"	"SS"	"LS"	"SS-LS"	"HYP"	"Inhibitory neuron"	"C3-42 Mid-1 GABA-2 LGR5"	"Avp+ neurons, GABAergic"
"Ep300(+),"	"RHYP7SN_CCTCAGTGTACTCCCT-1"	0.050689009675455	"RHYP7SN"	"RHYP7SN"	1072	813	"Salt-sensitive"	"SS"	"LS"	"SS-LS"	"HYP"	"Inhibitory neuron"	"C3-42 Mid-1 GABA-2 LGR5"	"Avp+ neurons, GABAergic"
"Ep300(+),"	"RHYP7SN_AGGATAATCAAACGTC-1"	0.0450528879767248	"RHYP7SN"	"RHYP7SN"	757	539	"Salt-sensitive"	"SS"	"LS"	"SS-LS"	"HYP"	"Inhibitory neuron"	"C3-37 Pre-1 GABA-5"	"Avp+ neurons, GABAergic"
"Ep300(+),"	"RHYP7SN_TTAGTCTCACGAAGAC-1"	0.040438440199373	"RHYP7SN"	"RHYP7SN"	707	596	"Salt-sensitive"	"SS"	"LS"	"SS-LS"	"HYP"	"Inhibitory neuron"	"C3-49 Mid-1 GABA-3 ZNF385D"	"Avp+ neurons, GABAergic"
"Ep300(+),"	"RHYP7SN_ATGAGTCGTCCGGACT-1"	0.0494034597081576	"RHYP7SN"	"RHYP7SN"	626	511	"Salt-sensitive"	"SS"	"LS"	"SS-LS"	"HYP"	"Inhibitory neuron"	"C3-42 Mid-1 GABA-2 LGR5"	"Avp+ neurons, GABAergic"
"Ep300(+),"	"RHYP7SN_AGTTAGCGTCACGCTG-1"	0.0310516700872821	"RHYP7SN"	"RHYP7SN"	590	478	"Salt-sensitive"	"SS"	"LS"	"SS-LS"	"HYP"	"Inhibitory neuron"	"C3-32 Pre-1 GABA-3 PRDM16"	"Avp+ neurons, GABAergic"
"Ep300(+),"	"RHYP8SN_TGGTACATCTCCGCAT-1"	0.04699248968177	"RHYP8SN"	"RHYP8SN"	6336	2813	"Salt-sensitive"	"SS"	"LS"	"SS-LS"	"HYP"	"Excitatory neuron"	"C3-106 Mid-3 GLU-3 AVP"	"Avp+ neurons, glutamatergic"
"Ep300(+),"	"RHYP8SN_CCAAGCGGTTATCTTC-1"	0.0486952795507341	"RHYP8SN"	"RHYP8SN"	5939	2736	"Salt-sensitive"	"SS"	"LS"	"SS-LS"	"HYP"	"Excitatory neuron"	"C3-106 Mid-3 GLU-3 AVP"	"Avp+ neurons, glutamatergic"
"Ep300(+),"	"RHYP8SN_CAACCTCGTTCGTGCG-1"	0.0337152394054895	"RHYP8SN"	"RHYP8SN"	5817	2615	"Salt-sensitive"	"SS"	"LS"	"SS-LS"	"HYP"	"Excitatory neuron"	"C3-111 Mid-3 GLU-4 MEDAG"	"Avp+ neurons, glutamatergic"
"Ep300(+),"	"RHYP8SN_GTAGAAATCATAAGGA-1"	0.0414849229797695	"RHYP8SN"	"RHYP8SN"	5373	2618	"Salt-sensitive"	"SS"	"LS"	"SS-LS"	"HYP"	"Excitatory neuron"	"C3-113 Mid-3 GLU-5"	"Avp+ neurons, glutamatergic"
"Ep300(+),"	"RHYP8SN_AGGTTGTTCAGCTGTA-1"	0.0433478427569408	"RHYP8SN"	"RHYP8SN"	5035	2447	"Salt-sensitive"	"SS"	"LS"	"SS-LS"	"HYP"	"Excitatory neuron"	"C3-102 Mid-3 GLU-2 OTP"	"Avp+ neurons, glutamatergic"
"Ep300(+),"	"RHYP8SN_GTGACGCGTCACAATC-1"	0.0413067502650037	"RHYP8SN"	"RHYP8SN"	4808	2409	"Salt-sensitive"	"SS"	"LS"	"SS-LS"	"HYP"	"Excitatory neuron"	"C3-106 Mid-3 GLU-3 AVP"	"Avp+ neurons, glutamatergic"
"Ep300(+),"	"RHYP8SN_TGAACGTGTGAAGCGT-1"	0.0456257470849591	"RHYP8SN"	"RHYP8SN"	4515	2432	"Salt-sensitive"	"SS"	"LS"	"SS-LS"	"HYP"	"Inhibitory neuron"	"C3-48 Mid-1 GABA-3 LHX1"	"Avp+ neurons, GABAergic"
"Ep300(+),"	"RHYP8SN_ATACCTTTCCATACTT-1"	0.0479397370260944	"RHYP8SN"	"RHYP8SN"	4445	2212	"Salt-sensitive"	"SS"	"LS"	"SS-LS"	"HYP"	"Inhibitory neuron"	"C3-42 Mid-1 GABA-2 LGR5"	"Avp+ neurons, GABAergic"
"Ep300(+),"	"RHYP8SN_GGCTTTCTCGCTAATG-1"	0.0409549155371118	"RHYP8SN"	"RHYP8SN"	4153	2139	"Salt-sensitive"	"SS"	"LS"	"SS-LS"	"HYP"	"Inhibitory neuron"	"C3-126 Mid-2 GABA-GLU-2 PPP1R17"	"Avp+ neurons, GABAergic"
"Ep300(+),"	"RHYP8SN_GCAACATAGACCAAAT-1"	0.0350910034055797	"RHYP8SN"	"RHYP8SN"	3916	2043	"Salt-sensitive"	"SS"	"LS"	"SS-LS"	"HYP"	"Excitatory neuron"	"C3-111 Mid-3 GLU-4 MEDAG"	"Avp+ neurons, glutamatergic"
"Ep300(+),"	"RHYP8SN_GCCTGTTTCTTCACGC-1"	0.0475157310719682	"RHYP8SN"	"RHYP8SN"	3916	1984	"Salt-sensitive"	"SS"	"LS"	"SS-LS"	"HYP"	"Inhibitory neuron"	"C3-42 Mid-1 GABA-2 LGR5"	"Avp+ neurons, GABAergic"
"Ep300(+),"	"RHYP8SN_AACCAACCAACGTATC-1"	0.0442409616815896	"RHYP8SN"	"RHYP8SN"	3890	1938	"Salt-sensitive"	"SS"	"LS"	"SS-LS"	"HYP"	"Inhibitory neuron"	"C3-42 Mid-1 GABA-2 LGR5"	"Avp+ neurons, GABAergic"
"Ep300(+),"	"RHYP8SN_CATTGCCTCTTTCCAA-1"	0.0592345339317531	"RHYP8SN"	"RHYP8SN"	3824	1960	"Salt-sensitive"	"SS"	"LS"	"SS-LS"	"HYP"	"Inhibitory neuron"	"C3-42 Mid-1 GABA-2 LGR5"	"Avp+ neurons, GABAergic"
"Ep300(+),"	"RHYP8SN_TCAGGTACACGCTTAA-1"	0.0579038769480593	"RHYP8SN"	"RHYP8SN"	3696	2088	"Salt-sensitive"	"SS"	"LS"	"SS-LS"	"HYP"	"Inhibitory neuron"	"C3-131 Mid-2 GABA-GLU-3 LEF1"	"Avp+ neurons, GABAergic"
"Ep300(+),"	"RHYP8SN_GGTGAAGCAAATTAGG-1"	0.0531270439116805	"RHYP8SN"	"RHYP8SN"	3588	2094	"Salt-sensitive"	"SS"	"LS"	"SS-LS"	"HYP"	"Inhibitory neuron"	"C3-31 Pre-1 GABA-2 CXCL14"	"Avp+ neurons, GABAergic"
"Ep300(+),"	"RHYP8SN_ACGATCATCACGGACC-1"	0.03433546088094	"RHYP8SN"	"RHYP8SN"	3428	1833	"Salt-sensitive"	"SS"	"LS"	"SS-LS"	"HYP"	"Inhibitory neuron"	"C3-42 Mid-1 GABA-2 LGR5"	"Avp+ neurons, GABAergic"
"Ep300(+),"	"RHYP8SN_CTTCTCTCATTGCCTC-1"	0.0423261688355624	"RHYP8SN"	"RHYP8SN"	3383	1725	"Salt-sensitive"	"SS"	"LS"	"SS-LS"	"HYP"	"Inhibitory neuron"	"C3-42 Mid-1 GABA-2 LGR5"	"Avp+ neurons, GABAergic"
"Ep300(+),"	"RHYP8SN_GAACGTTAGCGCCTCA-1"	0.039585917589481	"RHYP8SN"	"RHYP8SN"	3373	1788	"Salt-sensitive"	"SS"	"LS"	"SS-LS"	"HYP"	"Inhibitory neuron"	"C3-42 Mid-1 GABA-2 LGR5"	"Avp+ neurons, GABAergic"
"Ep300(+),"	"RHYP8SN_GTTATGGAGCTACAAA-1"	0.0452445927964095	"RHYP8SN"	"RHYP8SN"	3365	1754	"Salt-sensitive"	"SS"	"LS"	"SS-LS"	"HYP"	"Excitatory neuron"	"C3-114 Mid-2 GLU-1 CHST9"	"Avp+ neurons, glutamatergic"
"Ep300(+),"	"RHYP8SN_GGTAATCCAGTGCCTG-1"	0.046604569340761	"RHYP8SN"	"RHYP8SN"	3161	1708	"Salt-sensitive"	"SS"	"LS"	"SS-LS"	"HYP"	"Inhibitory neuron"	"C3-42 Mid-1 GABA-2 LGR5"	"Avp+ neurons, GABAergic"
"Ep300(+),"	"RHYP8SN_CCGGTAGCATTGTGCA-1"	0.0411263221994181	"RHYP8SN"	"RHYP8SN"	3056	1813	"Salt-sensitive"	"SS"	"LS"	"SS-LS"	"HYP"	"Excitatory neuron"	"C3-106 Mid-3 GLU-3 AVP"	"Avp+ neurons, glutamatergic"
"Ep300(+),"	"RHYP8SN_GTTACCCCATACAGAA-1"	0.042820090665103	"RHYP8SN"	"RHYP8SN"	2907	1846	"Salt-sensitive"	"SS"	"LS"	"SS-LS"	"HYP"	"Inhibitory neuron"	"C3-126 Mid-2 GABA-GLU-2 PPP1R17"	"Avp+ neurons, GABAergic"
"Ep300(+),"	"RHYP8SN_TGCGGGTTCTACCTTA-1"	0.0627799454205102	"RHYP8SN"	"RHYP8SN"	2872	1648	"Salt-sensitive"	"SS"	"LS"	"SS-LS"	"HYP"	"Inhibitory neuron"	"C3-42 Mid-1 GABA-2 LGR5"	"Avp+ neurons, GABAergic"
"Ep300(+),"	"RHYP8SN_CCTCCAATCACATACG-1"	0.0579219197546178	"RHYP8SN"	"RHYP8SN"	2835	1644	"Salt-sensitive"	"SS"	"LS"	"SS-LS"	"HYP"	"Inhibitory neuron"	"C3-130 Mid-2 GABA-GLU-3 PDGFD"	"Avp+ neurons, GABAergic"
"Ep300(+),"	"RHYP8SN_GAGTCATAGGTTACCT-1"	0.0329213559169129	"RHYP8SN"	"RHYP8SN"	2775	1601	"Salt-sensitive"	"SS"	"LS"	"SS-LS"	"HYP"	"Inhibitory neuron"	"C3-125 Mid-2 GABA-GLU-2 NTS"	"Avp+ neurons, GABAergic"
"Ep300(+),"	"RHYP8SN_CGTAAGTCATTGACTG-1"	0.0442319402783103	"RHYP8SN"	"RHYP8SN"	2757	1646	"Salt-sensitive"	"SS"	"LS"	"SS-LS"	"HYP"	"Inhibitory neuron"	"C3-42 Mid-1 GABA-2 LGR5"	"Avp+ neurons, GABAergic"
"Ep300(+),"	"RHYP8SN_CGCAGGTGTTCTCGTC-1"	0.0341189472022373	"RHYP8SN"	"RHYP8SN"	2738	1605	"Salt-sensitive"	"SS"	"LS"	"SS-LS"	"HYP"	"Inhibitory neuron"	"C3-42 Mid-1 GABA-2 LGR5"	"Avp+ neurons, GABAergic"
"Ep300(+),"	"RHYP8SN_CATACAGCACATAACC-1"	0.0393716592615981	"RHYP8SN"	"RHYP8SN"	2702	1604	"Salt-sensitive"	"SS"	"LS"	"SS-LS"	"HYP"	"Inhibitory neuron"	"C3-32 Pre-1 GABA-3 PRDM16"	"Avp+ neurons, GABAergic"
"Ep300(+),"	"RHYP8SN_CCCATTGCAGCAGATG-1"	0.0412052594781118	"RHYP8SN"	"RHYP8SN"	2537	1551	"Salt-sensitive"	"SS"	"LS"	"SS-LS"	"HYP"	"Inhibitory neuron"	"C3-42 Mid-1 GABA-2 LGR5"	"Avp+ neurons, GABAergic"
"Ep300(+),"	"RHYP8SN_GAGAAATTCACCTGTC-1"	0.0423126367306434	"RHYP8SN"	"RHYP8SN"	2517	1500	"Salt-sensitive"	"SS"	"LS"	"SS-LS"	"HYP"	"Inhibitory neuron"	"C3-42 Mid-1 GABA-2 LGR5"	"Avp+ neurons, GABAergic"
"Ep300(+),"	"RHYP8SN_TTCCTTCCAGCAGACA-1"	0.0402309479239496	"RHYP8SN"	"RHYP8SN"	2496	1544	"Salt-sensitive"	"SS"	"LS"	"SS-LS"	"HYP"	"Inhibitory neuron"	"C3-42 Mid-1 GABA-2 LGR5"	"Avp+ neurons, GABAergic"
"Ep300(+),"	"RHYP8SN_GTGCGTGCATAAGCAA-1"	0.0392408489140486	"RHYP8SN"	"RHYP8SN"	2464	1483	"Salt-sensitive"	"SS"	"LS"	"SS-LS"	"HYP"	"Inhibitory neuron"	"C3-42 Mid-1 GABA-2 LGR5"	"Avp+ neurons, GABAergic"
"Ep300(+),"	"RHYP8SN_TCGGGCAAGTGCGACA-1"	0.0416608403437155	"RHYP8SN"	"RHYP8SN"	2414	1395	"Salt-sensitive"	"SS"	"LS"	"SS-LS"	"HYP"	"Inhibitory neuron"	"C3-42 Mid-1 GABA-2 LGR5"	"Avp+ neurons, GABAergic"
"Ep300(+),"	"RHYP8SN_CCGTGAGTCTTACGTT-1"	0.042030717878166	"RHYP8SN"	"RHYP8SN"	2411	1492	"Salt-sensitive"	"SS"	"LS"	"SS-LS"	"HYP"	"Inhibitory neuron"	"C3-42 Mid-1 GABA-2 LGR5"	"Avp+ neurons, GABAergic"
"Ep300(+),"	"RHYP8SN_GCAGGCTAGGACCCAA-1"	0.0376801461467331	"RHYP8SN"	"RHYP8SN"	2390	1486	"Salt-sensitive"	"SS"	"LS"	"SS-LS"	"HYP"	"Inhibitory neuron"	"C3-42 Mid-1 GABA-2 LGR5"	"Avp+ neurons, GABAergic"
"Ep300(+),"	"RHYP8SN_ACTATGGAGGTCGACA-1"	0.0377590834254268	"RHYP8SN"	"RHYP8SN"	2375	1473	"Salt-sensitive"	"SS"	"LS"	"SS-LS"	"HYP"	"Inhibitory neuron"	"C3-25 Pre-1 GABA-8 DRD2"	"Avp+ neurons, GABAergic"
"Ep300(+),"	"RHYP8SN_GGTGTCGCACCAATTG-1"	0.049398949006518	"RHYP8SN"	"RHYP8SN"	2360	1466	"Salt-sensitive"	"SS"	"LS"	"SS-LS"	"HYP"	"Inhibitory neuron"	"C3-42 Mid-1 GABA-2 LGR5"	"Avp+ neurons, GABAergic"
"Ep300(+),"	"RHYP8SN_ATTGGGTGTACTGCCG-1"	0.0489546448950134	"RHYP8SN"	"RHYP8SN"	2343	1505	"Salt-sensitive"	"SS"	"LS"	"SS-LS"	"HYP"	"Inhibitory neuron"	"C3-42 Mid-1 GABA-2 LGR5"	"Avp+ neurons, GABAergic"
"Ep300(+),"	"RHYP8SN_TGCAGATGTATTCTCT-1"	0.0513002097476262	"RHYP8SN"	"RHYP8SN"	2301	1437	"Salt-sensitive"	"SS"	"LS"	"SS-LS"	"HYP"	"Inhibitory neuron"	"C3-42 Mid-1 GABA-2 LGR5"	"Avp+ neurons, GABAergic"
"Ep300(+),"	"RHYP8SN_TGGTACACAGGTACGA-1"	0.0317688716479848	"RHYP8SN"	"RHYP8SN"	2186	1477	"Salt-sensitive"	"SS"	"LS"	"SS-LS"	"HYP"	"Inhibitory neuron"	"C3-37 Pre-1 GABA-5"	"Avp+ neurons, GABAergic"
"Ep300(+),"	"RHYP8SN_GAGTTACTCATGAAAG-1"	0.0436635918717156	"RHYP8SN"	"RHYP8SN"	2170	1271	"Salt-sensitive"	"SS"	"LS"	"SS-LS"	"HYP"	"Inhibitory neuron"	"C3-42 Mid-1 GABA-2 LGR5"	"Avp+ neurons, GABAergic"
"Ep300(+),"	"RHYP8SN_AGTTCCCGTCACGCTG-1"	0.0483750197343197	"RHYP8SN"	"RHYP8SN"	2176	1424	"Salt-sensitive"	"SS"	"LS"	"SS-LS"	"HYP"	"Inhibitory neuron"	"C3-37 Pre-1 GABA-5"	"Avp+ neurons, GABAergic"
"Ep300(+),"	"RHYP8SN_GGCTGTGCAGTCAGCC-1"	0.0470736823112835	"RHYP8SN"	"RHYP8SN"	2165	1286	"Salt-sensitive"	"SS"	"LS"	"SS-LS"	"HYP"	"Inhibitory neuron"	"C3-42 Mid-1 GABA-2 LGR5"	"Avp+ neurons, GABAergic"
"Ep300(+),"	"RHYP8SN_GGGCCATCAGATACTC-1"	0.046139967071878	"RHYP8SN"	"RHYP8SN"	2163	1426	"Salt-sensitive"	"SS"	"LS"	"SS-LS"	"HYP"	"Inhibitory neuron"	"C3-125 Mid-2 GABA-GLU-2 NTS"	"Avp+ neurons, GABAergic"
"Ep300(+),"	"RHYP8SN_TTACCGCGTTCGGCTG-1"	0.030927625792192	"RHYP8SN"	"RHYP8SN"	2120	1302	"Salt-sensitive"	"SS"	"LS"	"SS-LS"	"HYP"	"Inhibitory neuron"	"C3-42 Mid-1 GABA-2 LGR5"	"Avp+ neurons, GABAergic"
"Ep300(+),"	"RHYP8SN_TAGACCATCTGCATAG-1"	0.0462933309276258	"RHYP8SN"	"RHYP8SN"	2121	1244	"Salt-sensitive"	"SS"	"LS"	"SS-LS"	"HYP"	"Inhibitory neuron"	"C3-42 Mid-1 GABA-2 LGR5"	"Avp+ neurons, GABAergic"
"Ep300(+),"	"RHYP8SN_ACCTGTCGTATTCCTT-1"	0.0426013216355804	"RHYP8SN"	"RHYP8SN"	2124	1321	"Salt-sensitive"	"SS"	"LS"	"SS-LS"	"HYP"	"Inhibitory neuron"	"C3-35 Pre-1 GABA-3 TBL1Y"	"Avp+ neurons, GABAergic"
"Ep300(+),"	"RHYP8SN_ACTTTGTCAGAGATGC-1"	0.041703692009292	"RHYP8SN"	"RHYP8SN"	2097	1405	"Salt-sensitive"	"SS"	"LS"	"SS-LS"	"HYP"	"Inhibitory neuron"	"C3-42 Mid-1 GABA-2 LGR5"	"Avp+ neurons, GABAergic"
"Ep300(+),"	"RHYP8SN_TTAGGGTAGCGCCCAT-1"	0.0499830848688513	"RHYP8SN"	"RHYP8SN"	2093	1323	"Salt-sensitive"	"SS"	"LS"	"SS-LS"	"HYP"	"Inhibitory neuron"	"C3-42 Mid-1 GABA-2 LGR5"	"Avp+ neurons, GABAergic"
"Ep300(+),"	"RHYP8SN_TTGTTCACATCCGTTC-1"	0.0391528902320756	"RHYP8SN"	"RHYP8SN"	2086	1408	"Salt-sensitive"	"SS"	"LS"	"SS-LS"	"HYP"	"Inhibitory neuron"	"C3-42 Mid-1 GABA-2 LGR5"	"Avp+ neurons, GABAergic"
"Ep300(+),"	"RHYP8SN_ACTGATGTCTAGTGAC-1"	0.0595953900629243	"RHYP8SN"	"RHYP8SN"	2060	1270	"Salt-sensitive"	"SS"	"LS"	"SS-LS"	"HYP"	"Inhibitory neuron"	"C3-42 Mid-1 GABA-2 LGR5"	"Avp+ neurons, GABAergic"
"Ep300(+),"	"RHYP8SN_CGAGGAACAAGTTGGG-1"	0.0368862626581565	"RHYP8SN"	"RHYP8SN"	2051	1307	"Salt-sensitive"	"SS"	"LS"	"SS-LS"	"HYP"	"Inhibitory neuron"	"C3-42 Mid-1 GABA-2 LGR5"	"Avp+ neurons, GABAergic"
"Ep300(+),"	"RHYP8SN_TAGTGCATCGCTAAAC-1"	0.0318252554184803	"RHYP8SN"	"RHYP8SN"	2018	1336	"Salt-sensitive"	"SS"	"LS"	"SS-LS"	"HYP"	"Inhibitory neuron"	"C3-42 Mid-1 GABA-2 LGR5"	"Avp+ neurons, GABAergic"
"Ep300(+),"	"RHYP8SN_GCCCAGATCTACGCAA-1"	0.0544171045806175	"RHYP8SN"	"RHYP8SN"	2017	1282	"Salt-sensitive"	"SS"	"LS"	"SS-LS"	"HYP"	"Inhibitory neuron"	"C3-126 Mid-2 GABA-GLU-2 PPP1R17"	"Avp+ neurons, GABAergic"
"Ep300(+),"	"RHYP8SN_CCCTGATCAGATCACT-1"	0.0439161911635355	"RHYP8SN"	"RHYP8SN"	1983	1298	"Salt-sensitive"	"SS"	"LS"	"SS-LS"	"HYP"	"Inhibitory neuron"	"C3-126 Mid-2 GABA-GLU-2 PPP1R17"	"Avp+ neurons, GABAergic"
"Ep300(+),"	"RHYP8SN_CCTGTTGGTCCAAGAG-1"	0.0430817113602021	"RHYP8SN"	"RHYP8SN"	1931	1229	"Salt-sensitive"	"SS"	"LS"	"SS-LS"	"HYP"	"Inhibitory neuron"	"C3-42 Mid-1 GABA-2 LGR5"	"Avp+ neurons, GABAergic"
"Ep300(+),"	"RHYP8SN_ATGTCTTGTTGGTGTT-1"	0.0386770112090936	"RHYP8SN"	"RHYP8SN"	1918	1191	"Salt-sensitive"	"SS"	"LS"	"SS-LS"	"HYP"	"Inhibitory neuron"	"C3-42 Mid-1 GABA-2 LGR5"	"Avp+ neurons, GABAergic"
"Ep300(+),"	"RHYP8SN_ATCACGATCAGTCAGT-1"	0.0399354969665531	"RHYP8SN"	"RHYP8SN"	1916	1259	"Salt-sensitive"	"SS"	"LS"	"SS-LS"	"HYP"	"Inhibitory neuron"	"C3-42 Mid-1 GABA-2 LGR5"	"Avp+ neurons, GABAergic"
"Ep300(+),"	"RHYP8SN_TCATATCGTGATATAG-1"	0.0437808701143463	"RHYP8SN"	"RHYP8SN"	1913	1237	"Salt-sensitive"	"SS"	"LS"	"SS-LS"	"HYP"	"Inhibitory neuron"	"C3-42 Mid-1 GABA-2 LGR5"	"Avp+ neurons, GABAergic"
"Ep300(+),"	"RHYP8SN_GGTCTGGAGTCAACAA-1"	0.0521076253411218	"RHYP8SN"	"RHYP8SN"	1878	1198	"Salt-sensitive"	"SS"	"LS"	"SS-LS"	"HYP"	"Inhibitory neuron"	"C3-42 Mid-1 GABA-2 LGR5"	"Avp+ neurons, GABAergic"
"Ep300(+),"	"RHYP8SN_CAATACGAGTCTTGGT-1"	0.0376778907959133	"RHYP8SN"	"RHYP8SN"	1877	1201	"Salt-sensitive"	"SS"	"LS"	"SS-LS"	"HYP"	"Inhibitory neuron"	"C3-42 Mid-1 GABA-2 LGR5"	"Avp+ neurons, GABAergic"
"Ep300(+),"	"RHYP8SN_GACCCAGAGACGCATG-1"	0.0402467353796883	"RHYP8SN"	"RHYP8SN"	1790	1204	"Salt-sensitive"	"SS"	"LS"	"SS-LS"	"HYP"	"Inhibitory neuron"	"C3-32 Pre-1 GABA-3 PRDM16"	"Avp+ neurons, GABAergic"
"Ep300(+),"	"RHYP8SN_CACATGAGTTAGCTAC-1"	0.0451859536750942	"RHYP8SN"	"RHYP8SN"	1676	1111	"Salt-sensitive"	"SS"	"LS"	"SS-LS"	"HYP"	"Inhibitory neuron"	"C3-42 Mid-1 GABA-2 LGR5"	"Avp+ neurons, GABAergic"
"Ep300(+),"	"RHYP8SN_TTTGATCCAAAGGGCT-1"	0.0396603441665351	"RHYP8SN"	"RHYP8SN"	1656	1086	"Salt-sensitive"	"SS"	"LS"	"SS-LS"	"HYP"	"Inhibitory neuron"	"C3-42 Mid-1 GABA-2 LGR5"	"Avp+ neurons, GABAergic"
"Ep300(+),"	"RHYP8SN_GGCACGTCAAGTTCGT-1"	0.0385664990189224	"RHYP8SN"	"RHYP8SN"	1634	1163	"Salt-sensitive"	"SS"	"LS"	"SS-LS"	"HYP"	"Inhibitory neuron"	"C3-42 Mid-1 GABA-2 LGR5"	"Avp+ neurons, GABAergic"
"Ep300(+),"	"RHYP8SN_GGGACCTAGCTGCCTG-1"	0.0448341189472022	"RHYP8SN"	"RHYP8SN"	1592	1140	"Salt-sensitive"	"SS"	"LS"	"SS-LS"	"HYP"	"Inhibitory neuron"	"C3-27 Pre-1 GABA-1 PRKCH"	"Avp+ neurons, GABAergic"
"Ep300(+),"	"RHYP8SN_CTTAGGATCGGACGTC-1"	0.0407789981731658	"RHYP8SN"	"RHYP8SN"	1586	1027	"Salt-sensitive"	"SS"	"LS"	"SS-LS"	"HYP"	"Inhibitory neuron"	"C3-42 Mid-1 GABA-2 LGR5"	"Avp+ neurons, GABAergic"
"Ep300(+),"	"RHYP8SN_CAAGACTGTAACTGCT-1"	0.0499672974131126	"RHYP8SN"	"RHYP8SN"	1577	1080	"Salt-sensitive"	"SS"	"LS"	"SS-LS"	"HYP"	"Inhibitory neuron"	"C3-42 Mid-1 GABA-2 LGR5"	"Avp+ neurons, GABAergic"
"Ep300(+),"	"RHYP8SN_TTCAATCGTAGTCTGT-1"	0.0645819707255464	"RHYP8SN"	"RHYP8SN"	1544	1094	"Salt-sensitive"	"SS"	"LS"	"SS-LS"	"HYP"	"Inhibitory neuron"	"C3-42 Mid-1 GABA-2 LGR5"	"Avp+ neurons, GABAergic"
"Ep300(+),"	"RHYP8SN_CTCCACAAGAGCAGTC-1"	0.0400234556485261	"RHYP8SN"	"RHYP8SN"	1535	1079	"Salt-sensitive"	"SS"	"LS"	"SS-LS"	"HYP"	"Inhibitory neuron"	"C3-42 Mid-1 GABA-2 LGR5"	"Avp+ neurons, GABAergic"
"Ep300(+),"	"RHYP8SN_ACACGCGTCTCTTAAC-1"	0.0372110331762106	"RHYP8SN"	"RHYP8SN"	1495	1006	"Salt-sensitive"	"SS"	"LS"	"SS-LS"	"HYP"	"Inhibitory neuron"	"C3-42 Mid-1 GABA-2 LGR5"	"Avp+ neurons, GABAergic"
"Ep300(+),"	"RHYP8SN_GCAACCGTCTGACCCT-1"	0.0420893569994813	"RHYP8SN"	"RHYP8SN"	1486	1003	"Salt-sensitive"	"SS"	"LS"	"SS-LS"	"HYP"	"Inhibitory neuron"	"C3-42 Mid-1 GABA-2 LGR5"	"Avp+ neurons, GABAergic"
"Ep300(+),"	"RHYP8SN_AGTAACCAGTTAGTAG-1"	0.0509077787049776	"RHYP8SN"	"RHYP8SN"	1451	1034	"Salt-sensitive"	"SS"	"LS"	"SS-LS"	"HYP"	"Inhibitory neuron"	"C3-26 Pre-1 GABA-1 SEMA3C"	"Avp+ neurons, GABAergic"
"Ep300(+),"	"RHYP8SN_CGGCAGTCAAACCGGA-1"	0.0553124788560861	"RHYP8SN"	"RHYP8SN"	1434	1022	"Salt-sensitive"	"SS"	"LS"	"SS-LS"	"HYP"	"Inhibitory neuron"	"C3-42 Mid-1 GABA-2 LGR5"	"Avp+ neurons, GABAergic"
"Ep300(+),"	"RHYP8SN_ATTTCTGAGCTCATAC-1"	0.0440672996684634	"RHYP8SN"	"RHYP8SN"	1409	959	"Salt-sensitive"	"SS"	"LS"	"SS-LS"	"HYP"	"Inhibitory neuron"	"C3-42 Mid-1 GABA-2 LGR5"	"Avp+ neurons, GABAergic"
"Ep300(+),"	"RHYP8SN_TCTTCCTCAGGTAGTG-1"	0.0493087349737252	"RHYP8SN"	"RHYP8SN"	1397	982	"Salt-sensitive"	"SS"	"LS"	"SS-LS"	"HYP"	"Inhibitory neuron"	"C3-42 Mid-1 GABA-2 LGR5"	"Avp+ neurons, GABAergic"
"Ep300(+),"	"RHYP8SN_CAGTGCGTCATTCCTA-1"	0.0363607659171384	"RHYP8SN"	"RHYP8SN"	1387	1034	"Salt-sensitive"	"SS"	"LS"	"SS-LS"	"HYP"	"Inhibitory neuron"	"C3-42 Mid-1 GABA-2 LGR5"	"Avp+ neurons, GABAergic"
"Ep300(+),"	"RHYP8SN_AACAACCCAAAGCGTG-1"	0.035914206454814	"RHYP8SN"	"RHYP8SN"	1355	992	"Salt-sensitive"	"SS"	"LS"	"SS-LS"	"HYP"	"Inhibitory neuron"	"C3-42 Mid-1 GABA-2 LGR5"	"Avp+ neurons, GABAergic"
"Ep300(+),"	"RHYP8SN_TCGCTTGGTAGCTTTG-1"	0.0590879361284648	"RHYP8SN"	"RHYP8SN"	1344	1022	"Salt-sensitive"	"SS"	"LS"	"SS-LS"	"HYP"	"Inhibitory neuron"	"C3-42 Mid-1 GABA-2 LGR5"	"Avp+ neurons, GABAergic"
"Ep300(+),"	"RHYP8SN_CATCAAGCAAGCTGTT-1"	0.0478202034326439	"RHYP8SN"	"RHYP8SN"	1313	928	"Salt-sensitive"	"SS"	"LS"	"SS-LS"	"HYP"	"Inhibitory neuron"	"C3-42 Mid-1 GABA-2 LGR5"	"Avp+ neurons, GABAergic"
"Ep300(+),"	"RHYP8SN_ATGGTTGGTCTAGGCC-1"	0.0490065179638693	"RHYP8SN"	"RHYP8SN"	1296	939	"Salt-sensitive"	"SS"	"LS"	"SS-LS"	"HYP"	"Inhibitory neuron"	"C3-42 Mid-1 GABA-2 LGR5"	"Avp+ neurons, GABAergic"
"Ep300(+),"	"RHYP8SN_CGGGTCATCGTGGGTC-1"	0.0450776968357428	"RHYP8SN"	"RHYP8SN"	1268	891	"Salt-sensitive"	"SS"	"LS"	"SS-LS"	"HYP"	"Inhibitory neuron"	"C3-42 Mid-1 GABA-2 LGR5"	"Avp+ neurons, GABAergic"
"Ep300(+),"	"RHYP8SN_GCTACCTCAGATTCGT-1"	0.0473195155506439	"RHYP8SN"	"RHYP8SN"	1262	889	"Salt-sensitive"	"SS"	"LS"	"SS-LS"	"HYP"	"Inhibitory neuron"	"C3-42 Mid-1 GABA-2 LGR5"	"Avp+ neurons, GABAergic"
"Ep300(+),"	"RHYP8SN_TCACAAGCAACAGAGC-1"	0.0529285730395363	"RHYP8SN"	"RHYP8SN"	1212	908	"Salt-sensitive"	"SS"	"LS"	"SS-LS"	"HYP"	"Inhibitory neuron"	"C3-39 Pre-1 GABA-7 DCDC2C"	"Avp+ neurons, GABAergic"
"Ep300(+),"	"RHYP8SN_TCGAAGTCAGGATGAC-1"	0.050276280475428	"RHYP8SN"	"RHYP8SN"	1208	894	"Salt-sensitive"	"SS"	"LS"	"SS-LS"	"HYP"	"Inhibitory neuron"	"C3-42 Mid-1 GABA-2 LGR5"	"Avp+ neurons, GABAergic"
"Ep300(+),"	"RHYP8SN_TCGGTCTCAACACAAA-1"	0.0433027357405444	"RHYP8SN"	"RHYP8SN"	1167	865	"Salt-sensitive"	"SS"	"LS"	"SS-LS"	"HYP"	"Inhibitory neuron"	"C3-42 Mid-1 GABA-2 LGR5"	"Avp+ neurons, GABAergic"
"Ep300(+),"	"RHYP8SN_TGCGACGTCTCGAACA-1"	0.0426847696159138	"RHYP8SN"	"RHYP8SN"	1063	749	"Salt-sensitive"	"SS"	"LS"	"SS-LS"	"HYP"	"Inhibitory neuron"	"C3-42 Mid-1 GABA-2 LGR5"	"Avp+ neurons, GABAergic"
"Ep300(+),"	"RHYP8SN_TTGTTTGTCATGAGGG-1"	0.0401971176616523	"RHYP8SN"	"RHYP8SN"	1037	786	"Salt-sensitive"	"SS"	"LS"	"SS-LS"	"HYP"	"Inhibitory neuron"	"C3-125 Mid-2 GABA-GLU-2 NTS"	"Avp+ neurons, GABAergic"
"Ep300(+),"	"RHYP8SN_GGAGGTAAGGACTAAT-1"	0.0515099573738695	"RHYP8SN"	"RHYP8SN"	981	767	"Salt-sensitive"	"SS"	"LS"	"SS-LS"	"HYP"	"Inhibitory neuron"	"C3-42 Mid-1 GABA-2 LGR5"	"Avp+ neurons, GABAergic"
"Ep300(+),"	"RHYP8SN_ATGTCCCAGTACAGCG-1"	0.0520534969214461	"RHYP8SN"	"RHYP8SN"	944	736	"Salt-sensitive"	"SS"	"LS"	"SS-LS"	"HYP"	"Inhibitory neuron"	"C3-37 Pre-1 GABA-5"	"Avp+ neurons, GABAergic"
"Ep300(+),"	"RHYP8SN_AGTACCACAGTCGCAC-1"	0.0400009021403279	"RHYP8SN"	"RHYP8SN"	878	690	"Salt-sensitive"	"SS"	"LS"	"SS-LS"	"HYP"	"Inhibitory neuron"	"C3-25 Pre-1 GABA-8 DRD2"	"Avp+ neurons, GABAergic"
"Ep300(+),"	"RHYP8SN_ATCCCTGTCTAGTGAC-1"	0.0386025846320395	"RHYP8SN"	"RHYP8SN"	859	696	"Salt-sensitive"	"SS"	"LS"	"SS-LS"	"HYP"	"Inhibitory neuron"	"C3-45 Mid-1 GABA-2 FAM9B"	"Avp+ neurons, GABAergic"
"Ep300(+),"	"RHYP9SN_CCACCATTCCATACAG-1"	0.0466609531112565	"RHYP9SN"	"RHYP9SN"	11167	3983	"Salt-sensitive"	"SS"	"HS 3d"	"SS-HS 3d"	"HYP"	"Excitatory neuron"	"C3-106 Mid-3 GLU-3 AVP"	"Avp+ neurons, glutamatergic"
"Ep300(+),"	"RHYP9SN_CTCAATTCACGGTCTG-1"	0.0460339655833465	"RHYP9SN"	"RHYP9SN"	10705	3785	"Salt-sensitive"	"SS"	"HS 3d"	"SS-HS 3d"	"HYP"	"Excitatory neuron"	"C3-111 Mid-3 GLU-4 MEDAG"	"Avp+ neurons, glutamatergic"
"Ep300(+),"	"RHYP9SN_CTCATTAGTCGACTGC-1"	0.0364419585466519	"RHYP9SN"	"RHYP9SN"	8731	3405	"Salt-sensitive"	"SS"	"HS 3d"	"SS-HS 3d"	"HYP"	"Excitatory neuron"	"C3-111 Mid-3 GLU-4 MEDAG"	"Avp+ neurons, glutamatergic"
"Ep300(+),"	"RHYP9SN_CGAATTGTCCATTGCC-1"	0.0359931437335077	"RHYP9SN"	"RHYP9SN"	8717	3321	"Salt-sensitive"	"SS"	"HS 3d"	"SS-HS 3d"	"HYP"	"Inhibitory neuron"	"C3-31 Pre-1 GABA-2 CXCL14"	"Avp+ neurons, GABAergic"
"Ep300(+),"	"RHYP9SN_CTGGCAGGTTGCTCCT-1"	0.0274656622837682	"RHYP9SN"	"RHYP9SN"	8580	3372	"Salt-sensitive"	"SS"	"HS 3d"	"SS-HS 3d"	"HYP"	"Excitatory neuron"	"C3-106 Mid-3 GLU-3 AVP"	"Avp+ neurons, glutamatergic"
"Ep300(+),"	"RHYP9SN_TTCGCTGTCGACGATT-1"	0.0513250186066443	"RHYP9SN"	"RHYP9SN"	7928	3300	"Salt-sensitive"	"SS"	"HS 3d"	"SS-HS 3d"	"HYP"	"Excitatory neuron"	"C3-106 Mid-3 GLU-3 AVP"	"Avp+ neurons, glutamatergic"
"Ep300(+),"	"RHYP9SN_CGATCGGGTATCGTAC-1"	0.0481133990392206	"RHYP9SN"	"RHYP9SN"	7819	3298	"Salt-sensitive"	"SS"	"HS 3d"	"SS-HS 3d"	"HYP"	"Excitatory neuron"	"C3-107 Mid-3 GLU-3 SLITRK6"	"Avp+ neurons, glutamatergic"
"Ep300(+),"	"RHYP9SN_GAGATGGGTTTGGGAG-1"	0.0475382845801664	"RHYP9SN"	"RHYP9SN"	7447	3219	"Salt-sensitive"	"SS"	"HS 3d"	"SS-HS 3d"	"HYP"	"Excitatory neuron"	"C3-111 Mid-3 GLU-4 MEDAG"	"Avp+ neurons, glutamatergic"
"Ep300(+),"	"RHYP9SN_ACACGCGTCAAAGGAT-1"	0.0505604546787253	"RHYP9SN"	"RHYP9SN"	7184	3154	"Salt-sensitive"	"SS"	"HS 3d"	"SS-HS 3d"	"HYP"	"Excitatory neuron"	"C3-106 Mid-3 GLU-3 AVP"	"Avp+ neurons, glutamatergic"
"Ep300(+),"	"RHYP9SN_GGGTTTACAAACGAGC-1"	0.044536412638986	"RHYP9SN"	"RHYP9SN"	6963	3121	"Salt-sensitive"	"SS"	"HS 3d"	"SS-HS 3d"	"HYP"	"Excitatory neuron"	"C3-100 Mid-3 GLU-1 OTP"	"Avp+ neurons, glutamatergic"
"Ep300(+),"	"RHYP9SN_CCTGTTGCAGACCCGT-1"	0.0440041498455085	"RHYP9SN"	"RHYP9SN"	6490	2735	"Salt-sensitive"	"SS"	"HS 3d"	"SS-HS 3d"	"HYP"	"Inhibitory neuron"	"C3-42 Mid-1 GABA-2 LGR5"	"Avp+ neurons, GABAergic"
"Ep300(+),"	"RHYP9SN_CCTGCATCAAACACCT-1"	0.0333385958185796	"RHYP9SN"	"RHYP9SN"	6210	2811	"Salt-sensitive"	"SS"	"HS 3d"	"SS-HS 3d"	"HYP"	"Inhibitory neuron"	"C3-42 Mid-1 GABA-2 LGR5"	"Avp+ neurons, GABAergic"
"Ep300(+),"	"RHYP9SN_CTTACCGCAGGCTCTG-1"	0.0415819030650218	"RHYP9SN"	"RHYP9SN"	6002	2714	"Salt-sensitive"	"SS"	"HS 3d"	"SS-HS 3d"	"HYP"	"Inhibitory neuron"	"C3-125 Mid-2 GABA-GLU-2 NTS"	"Avp+ neurons, GABAergic"
"Ep300(+),"	"RHYP9SN_TGATTCTGTAGGACCA-1"	0.0488644308622206	"RHYP9SN"	"RHYP9SN"	5818	2677	"Salt-sensitive"	"SS"	"HS 3d"	"SS-HS 3d"	"HYP"	"Excitatory neuron"	"C3-111 Mid-3 GLU-4 MEDAG"	"Avp+ neurons, glutamatergic"
"Ep300(+),"	"RHYP9SN_TTCCACGGTACTAAGA-1"	0.0455648526128239	"RHYP9SN"	"RHYP9SN"	5681	2507	"Salt-sensitive"	"SS"	"HS 3d"	"SS-HS 3d"	"HYP"	"Excitatory neuron"	"C3-106 Mid-3 GLU-3 AVP"	"Avp+ neurons, glutamatergic"
"Ep300(+),"	"RHYP9SN_GATTTCTAGGAATGTT-1"	0.0392566363697873	"RHYP9SN"	"RHYP9SN"	5604	2655	"Salt-sensitive"	"SS"	"HS 3d"	"SS-HS 3d"	"HYP"	"Excitatory neuron"	"C3-106 Mid-3 GLU-3 AVP"	"Avp+ neurons, glutamatergic"
"Ep300(+),"	"RHYP9SN_ACAGAAATCGACATCA-1"	0.0536141996887616	"RHYP9SN"	"RHYP9SN"	5509	2337	"Salt-sensitive"	"SS"	"HS 3d"	"SS-HS 3d"	"HYP"	"Inhibitory neuron"	"C3-42 Mid-1 GABA-2 LGR5"	"Avp+ neurons, GABAergic"
"Ep300(+),"	"RHYP9SN_CTGTACCCAGGACTTT-1"	0.0285933376936783	"RHYP9SN"	"RHYP9SN"	5437	2637	"Salt-sensitive"	"SS"	"HS 3d"	"SS-HS 3d"	"HYP"	"Excitatory neuron"	"C3-106 Mid-3 GLU-3 AVP"	"Avp+ neurons, glutamatergic"
"Ep300(+),"	"RHYP9SN_GAAACCTCACAGCATT-1"	0.0419156949863551	"RHYP9SN"	"RHYP9SN"	5186	2379	"Salt-sensitive"	"SS"	"HS 3d"	"SS-HS 3d"	"HYP"	"Inhibitory neuron"	"C3-42 Mid-1 GABA-2 LGR5"	"Avp+ neurons, GABAergic"
"Ep300(+),"	"RHYP9SN_CTGCCTAGTTTACACG-1"	0.0413360698256614	"RHYP9SN"	"RHYP9SN"	5137	2403	"Salt-sensitive"	"SS"	"HS 3d"	"SS-HS 3d"	"HYP"	"Inhibitory neuron"	"C3-42 Mid-1 GABA-2 LGR5"	"Avp+ neurons, GABAergic"
"Ep300(+),"	"RHYP9SN_CCGAACGAGCAAGTCG-1"	0.0542366765150319	"RHYP9SN"	"RHYP9SN"	5060	2607	"Salt-sensitive"	"SS"	"HS 3d"	"SS-HS 3d"	"HYP"	"Inhibitory neuron"	"C3-32 Pre-1 GABA-3 PRDM16"	"Avp+ neurons, GABAergic"
"Ep300(+),"	"RHYP9SN_GTGGTTAAGCTCACTA-1"	0.0425787681273822	"RHYP9SN"	"RHYP9SN"	5034	2525	"Salt-sensitive"	"SS"	"HS 3d"	"SS-HS 3d"	"HYP"	"Excitatory neuron"	"C3-106 Mid-3 GLU-3 AVP"	"Avp+ neurons, glutamatergic"
"Ep300(+),"	"RHYP9SN_TACATTCTCAACCTCC-1"	0.041491689032229	"RHYP9SN"	"RHYP9SN"	5041	2353	"Salt-sensitive"	"SS"	"HS 3d"	"SS-HS 3d"	"HYP"	"Inhibitory neuron"	"C3-42 Mid-1 GABA-2 LGR5"	"Avp+ neurons, GABAergic"
"Ep300(+),"	"RHYP9SN_TCTATCAGTGGTTCTA-1"	0.0503619838065811	"RHYP9SN"	"RHYP9SN"	4977	2411	"Salt-sensitive"	"SS"	"HS 3d"	"SS-HS 3d"	"HYP"	"Inhibitory neuron"	"C3-42 Mid-1 GABA-2 LGR5"	"Avp+ neurons, GABAergic"
"Ep300(+),"	"RHYP9SN_GGGATCCCACGGCCAT-1"	0.0442635151897878	"RHYP9SN"	"RHYP9SN"	4964	2301	"Salt-sensitive"	"SS"	"HS 3d"	"SS-HS 3d"	"HYP"	"Inhibitory neuron"	"C3-42 Mid-1 GABA-2 LGR5"	"Avp+ neurons, GABAergic"
"Ep300(+),"	"RHYP9SN_TACCCGTTCCCTCTAG-1"	0.0311463948217145	"RHYP9SN"	"RHYP9SN"	4873	2422	"Salt-sensitive"	"SS"	"HS 3d"	"SS-HS 3d"	"HYP"	"Inhibitory neuron"	"C3-42 Mid-1 GABA-2 LGR5"	"Avp+ neurons, GABAergic"
"Ep300(+),"	"RHYP9SN_GTAATCGCACAAAGCG-1"	0.0407902749272649	"RHYP9SN"	"RHYP9SN"	4781	2534	"Salt-sensitive"	"SS"	"HS 3d"	"SS-HS 3d"	"HYP"	"Excitatory neuron"	"C3-111 Mid-3 GLU-4 MEDAG"	"Avp+ neurons, glutamatergic"
"Ep300(+),"	"RHYP9SN_TCTACCGAGAAACCCG-1"	0.0507589255508694	"RHYP9SN"	"RHYP9SN"	4707	2292	"Salt-sensitive"	"SS"	"HS 3d"	"SS-HS 3d"	"HYP"	"Inhibitory neuron"	"C3-42 Mid-1 GABA-2 LGR5"	"Avp+ neurons, GABAergic"
"Ep300(+),"	"RHYP9SN_ACCAAACTCCACATAG-1"	0.0565010487381312	"RHYP9SN"	"RHYP9SN"	4590	2444	"Salt-sensitive"	"SS"	"HS 3d"	"SS-HS 3d"	"HYP"	"Inhibitory neuron"	"C3-42 Mid-1 GABA-2 LGR5"	"Avp+ neurons, GABAergic"
"Ep300(+),"	"RHYP9SN_GATGTTGCATCTTCGC-1"	0.0465120999571483	"RHYP9SN"	"RHYP9SN"	4561	2408	"Salt-sensitive"	"SS"	"HS 3d"	"SS-HS 3d"	"HYP"	"Inhibitory neuron"	"C3-45 Mid-1 GABA-2 FAM9B"	"Avp+ neurons, GABAergic"
"Ep300(+),"	"RHYP9SN_CTGTGGGAGGGTTAAT-1"	0.0383499853402197	"RHYP9SN"	"RHYP9SN"	4558	2414	"Salt-sensitive"	"SS"	"HS 3d"	"SS-HS 3d"	"HYP"	"Excitatory neuron"	"C3-106 Mid-3 GLU-3 AVP"	"Avp+ neurons, glutamatergic"
"Ep300(+),"	"RHYP9SN_GTCTAGAGTTCTCACC-1"	0.0457655788357879	"RHYP9SN"	"RHYP9SN"	4517	2355	"Salt-sensitive"	"SS"	"HS 3d"	"SS-HS 3d"	"HYP"	"Inhibitory neuron"	"C3-41 Mid-1 GABA-1"	"Avp+ neurons, GABAergic"
"Ep300(+),"	"RHYP9SN_TTTCACAGTATGTCTG-1"	0.0343828232481563	"RHYP9SN"	"RHYP9SN"	4395	2131	"Salt-sensitive"	"SS"	"HS 3d"	"SS-HS 3d"	"HYP"	"Inhibitory neuron"	"C3-42 Mid-1 GABA-2 LGR5"	"Avp+ neurons, GABAergic"
"Ep300(+),"	"RHYP9SN_TATACCTCAGGGACTA-1"	0.0409481494846523	"RHYP9SN"	"RHYP9SN"	4227	2238	"Salt-sensitive"	"SS"	"HS 3d"	"SS-HS 3d"	"HYP"	"Inhibitory neuron"	"C3-42 Mid-1 GABA-2 LGR5"	"Avp+ neurons, GABAergic"
"Ep300(+),"	"RHYP9SN_TCATGAGTCCAGTTCC-1"	0.0505063262590496	"RHYP9SN"	"RHYP9SN"	4220	2259	"Salt-sensitive"	"SS"	"HS 3d"	"SS-HS 3d"	"HYP"	"Inhibitory neuron"	"C3-42 Mid-1 GABA-2 LGR5"	"Avp+ neurons, GABAergic"
"Ep300(+),"	"RHYP9SN_TGCCGAGCAGCCATTA-1"	0.0461647759308961	"RHYP9SN"	"RHYP9SN"	4202	2325	"Salt-sensitive"	"SS"	"HS 3d"	"SS-HS 3d"	"HYP"	"Inhibitory neuron"	"C3-42 Mid-1 GABA-2 LGR5"	"Avp+ neurons, GABAergic"
"Ep300(+),"	"RHYP9SN_AACACACTCGTCCTTG-1"	0.0393445950517603	"RHYP9SN"	"RHYP9SN"	4207	2113	"Salt-sensitive"	"SS"	"HS 3d"	"SS-HS 3d"	"HYP"	"Inhibitory neuron"	"C3-48 Mid-1 GABA-3 LHX1"	"Avp+ neurons, GABAergic"
"Ep300(+),"	"RHYP9SN_CCTCCTCGTAATGCGG-1"	0.0371726922122736	"RHYP9SN"	"RHYP9SN"	4085	2107	"Salt-sensitive"	"SS"	"HS 3d"	"SS-HS 3d"	"HYP"	"Inhibitory neuron"	"C3-27 Pre-1 GABA-1 PRKCH"	"Avp+ neurons, GABAergic"
"Ep300(+),"	"RHYP9SN_CGTAATGAGGCTTCCG-1"	0.0564130900561582	"RHYP9SN"	"RHYP9SN"	4053	2202	"Salt-sensitive"	"SS"	"HS 3d"	"SS-HS 3d"	"HYP"	"Inhibitory neuron"	"C3-42 Mid-1 GABA-2 LGR5"	"Avp+ neurons, GABAergic"
"Ep300(+),"	"RHYP9SN_TTGCCTGTCGCCGAAC-1"	0.0469180631047159	"RHYP9SN"	"RHYP9SN"	4041	2034	"Salt-sensitive"	"SS"	"HS 3d"	"SS-HS 3d"	"HYP"	"Inhibitory neuron"	"C3-42 Mid-1 GABA-2 LGR5"	"Avp+ neurons, GABAergic"
"Ep300(+),"	"RHYP9SN_TAAGCCAGTGTCCCTT-1"	0.0562439387446717	"RHYP9SN"	"RHYP9SN"	3919	2046	"Salt-sensitive"	"SS"	"HS 3d"	"SS-HS 3d"	"HYP"	"Inhibitory neuron"	"C3-42 Mid-1 GABA-2 LGR5"	"Avp+ neurons, GABAergic"
"Ep300(+),"	"RHYP9SN_TACGCTCAGCATACTC-1"	0.0433252892487426	"RHYP9SN"	"RHYP9SN"	3876	1979	"Salt-sensitive"	"SS"	"HS 3d"	"SS-HS 3d"	"HYP"	"Inhibitory neuron"	"C3-42 Mid-1 GABA-2 LGR5"	"Avp+ neurons, GABAergic"
"Ep300(+),"	"RHYP9SN_TCGCTTGGTTCTGACA-1"	0.0412052594781118	"RHYP9SN"	"RHYP9SN"	3849	2068	"Salt-sensitive"	"SS"	"HS 3d"	"SS-HS 3d"	"HYP"	"Inhibitory neuron"	"C3-126 Mid-2 GABA-GLU-2 PPP1R17"	"Avp+ neurons, GABAergic"
"Ep300(+),"	"RHYP9SN_AGGGAGTTCCACAAGT-1"	0.0396152371501387	"RHYP9SN"	"RHYP9SN"	3724	2103	"Salt-sensitive"	"SS"	"HS 3d"	"SS-HS 3d"	"HYP"	"Inhibitory neuron"	"C3-42 Mid-1 GABA-2 LGR5"	"Avp+ neurons, GABAergic"
"Ep300(+),"	"RHYP9SN_GGCACGTTCCAACTGA-1"	0.0507544148492298	"RHYP9SN"	"RHYP9SN"	3558	1958	"Salt-sensitive"	"SS"	"HS 3d"	"SS-HS 3d"	"HYP"	"Inhibitory neuron"	"C3-42 Mid-1 GABA-2 LGR5"	"Avp+ neurons, GABAergic"
"Ep300(+),"	"RHYP9SN_GGTGATTGTACGACAG-1"	0.0461895847899141	"RHYP9SN"	"RHYP9SN"	3517	2016	"Salt-sensitive"	"SS"	"HS 3d"	"SS-HS 3d"	"HYP"	"Inhibitory neuron"	"C3-42 Mid-1 GABA-2 LGR5"	"Avp+ neurons, GABAergic"
"Ep300(+),"	"RHYP9SN_AGCTACACAGACCTAT-1"	0.0528924874264192	"RHYP9SN"	"RHYP9SN"	3508	1970	"Salt-sensitive"	"SS"	"HS 3d"	"SS-HS 3d"	"HYP"	"Inhibitory neuron"	"C3-41 Mid-1 GABA-1"	"Avp+ neurons, GABAergic"
"Ep300(+),"	"RHYP9SN_CATCAAGGTTAAGGAT-1"	0.0410564063240037	"RHYP9SN"	"RHYP9SN"	3452	1766	"Salt-sensitive"	"SS"	"HS 3d"	"SS-HS 3d"	"HYP"	"Inhibitory neuron"	"C3-42 Mid-1 GABA-2 LGR5"	"Avp+ neurons, GABAergic"
"Ep300(+),"	"RHYP9SN_TGAGGAGCAATAGTGA-1"	0.0375222715893457	"RHYP9SN"	"RHYP9SN"	3441	1875	"Salt-sensitive"	"SS"	"HS 3d"	"SS-HS 3d"	"HYP"	"Inhibitory neuron"	"C3-42 Mid-1 GABA-2 LGR5"	"Avp+ neurons, GABAergic"
"Ep300(+),"	"RHYP9SN_TGCGGCATCTGGCTGG-1"	0.0486005548163017	"RHYP9SN"	"RHYP9SN"	3405	1920	"Salt-sensitive"	"SS"	"HS 3d"	"SS-HS 3d"	"HYP"	"Inhibitory neuron"	"C3-42 Mid-1 GABA-2 LGR5"	"Avp+ neurons, GABAergic"
"Ep300(+),"	"RHYP9SN_TCATGGAAGACATCCT-1"	0.0647533773878527	"RHYP9SN"	"RHYP9SN"	3405	1899	"Salt-sensitive"	"SS"	"HS 3d"	"SS-HS 3d"	"HYP"	"Inhibitory neuron"	"C3-42 Mid-1 GABA-2 LGR5"	"Avp+ neurons, GABAergic"
"Ep300(+),"	"RHYP9SN_TATCTTGTCCTGGGTG-1"	0.0448724599111392	"RHYP9SN"	"RHYP9SN"	3387	1935	"Salt-sensitive"	"SS"	"HS 3d"	"SS-HS 3d"	"HYP"	"Inhibitory neuron"	"C3-42 Mid-1 GABA-2 LGR5"	"Avp+ neurons, GABAergic"
"Ep300(+),"	"RHYP9SN_TTCTCTCGTGAGCCAA-1"	0.0490087733146891	"RHYP9SN"	"RHYP9SN"	3381	1953	"Salt-sensitive"	"SS"	"HS 3d"	"SS-HS 3d"	"HYP"	"Inhibitory neuron"	"C3-42 Mid-1 GABA-2 LGR5"	"Avp+ neurons, GABAergic"
"Ep300(+),"	"RHYP9SN_AGGAGGTCACTACACA-1"	0.0451453573603374	"RHYP9SN"	"RHYP9SN"	3380	1893	"Salt-sensitive"	"SS"	"HS 3d"	"SS-HS 3d"	"HYP"	"Inhibitory neuron"	"C3-22 Pre-1 GABA-8 PRKCH"	"Avp+ neurons, GABAergic"
"Ep300(+),"	"RHYP9SN_CACAACATCCATAGGT-1"	0.0606531495974199	"RHYP9SN"	"RHYP9SN"	3334	1908	"Salt-sensitive"	"SS"	"HS 3d"	"SS-HS 3d"	"HYP"	"Inhibitory neuron"	"C3-42 Mid-1 GABA-2 LGR5"	"Avp+ neurons, GABAergic"
"Ep300(+),"	"RHYP9SN_GTCCACTGTACGTTCA-1"	0.040688784140373	"RHYP9SN"	"RHYP9SN"	3295	1776	"Salt-sensitive"	"SS"	"HS 3d"	"SS-HS 3d"	"HYP"	"Inhibitory neuron"	"C3-42 Mid-1 GABA-2 LGR5"	"Avp+ neurons, GABAergic"
"Ep300(+),"	"RHYP9SN_CTACAGAAGGGTTAGC-1"	0.0378177225467421	"RHYP9SN"	"RHYP9SN"	3286	1872	"Salt-sensitive"	"SS"	"HS 3d"	"SS-HS 3d"	"HYP"	"Inhibitory neuron"	"C3-42 Mid-1 GABA-2 LGR5"	"Avp+ neurons, GABAergic"
"Ep300(+),"	"RHYP9SN_CATTTCACAACGATCT-1"	0.0450619093800041	"RHYP9SN"	"RHYP9SN"	3289	1814	"Salt-sensitive"	"SS"	"HS 3d"	"SS-HS 3d"	"HYP"	"Inhibitory neuron"	"C3-42 Mid-1 GABA-2 LGR5"	"Avp+ neurons, GABAergic"
"Ep300(+),"	"RHYP9SN_CTTAGGACACCTGCAG-1"	0.0400595412616432	"RHYP9SN"	"RHYP9SN"	3278	1657	"Salt-sensitive"	"SS"	"HS 3d"	"SS-HS 3d"	"HYP"	"Inhibitory neuron"	"C3-42 Mid-1 GABA-2 LGR5"	"Avp+ neurons, GABAergic"
"Ep300(+),"	"RHYP9SN_ATAGAGACAAGCTGCC-1"	0.0412932181600848	"RHYP9SN"	"RHYP9SN"	3272	1795	"Salt-sensitive"	"SS"	"HS 3d"	"SS-HS 3d"	"HYP"	"Inhibitory neuron"	"C3-42 Mid-1 GABA-2 LGR5"	"Avp+ neurons, GABAergic"
"Ep300(+),"	"RHYP9SN_TGAGCATTCGGTAGAG-1"	0.0484246374523557	"RHYP9SN"	"RHYP9SN"	3238	1884	"Salt-sensitive"	"SS"	"HS 3d"	"SS-HS 3d"	"HYP"	"Inhibitory neuron"	"C3-42 Mid-1 GABA-2 LGR5"	"Avp+ neurons, GABAergic"
"Ep300(+),"	"RHYP9SN_CACGTTCGTGCCTAAT-1"	0.0358375245269402	"RHYP9SN"	"RHYP9SN"	3217	1943	"Salt-sensitive"	"SS"	"HS 3d"	"SS-HS 3d"	"HYP"	"Inhibitory neuron"	"C3-42 Mid-1 GABA-2 LGR5"	"Avp+ neurons, GABAergic"
"Ep300(+),"	"RHYP9SN_CCGCAAGGTTGCTCGG-1"	0.0531315546133201	"RHYP9SN"	"RHYP9SN"	3219	1855	"Salt-sensitive"	"SS"	"HS 3d"	"SS-HS 3d"	"HYP"	"Excitatory neuron"	"C3-100 Mid-3 GLU-1 OTP"	"Avp+ neurons, glutamatergic"
"Ep300(+),"	"RHYP9SN_TCATTACCAATTTCGG-1"	0.0436703579241751	"RHYP9SN"	"RHYP9SN"	3199	1918	"Salt-sensitive"	"SS"	"HS 3d"	"SS-HS 3d"	"HYP"	"Inhibitory neuron"	"C3-125 Mid-2 GABA-GLU-2 NTS"	"Avp+ neurons, GABAergic"
"Ep300(+),"	"RHYP9SN_GGATGTTGTAGGTCAG-1"	0.043747039852049	"RHYP9SN"	"RHYP9SN"	3178	1863	"Salt-sensitive"	"SS"	"HS 3d"	"SS-HS 3d"	"HYP"	"Inhibitory neuron"	"C3-42 Mid-1 GABA-2 LGR5"	"Avp+ neurons, GABAergic"
"Ep300(+),"	"RHYP9SN_CTACCTGGTGTTTCTT-1"	0.0359006743498951	"RHYP9SN"	"RHYP9SN"	3128	1814	"Salt-sensitive"	"SS"	"HS 3d"	"SS-HS 3d"	"HYP"	"Inhibitory neuron"	"C3-126 Mid-2 GABA-GLU-2 PPP1R17"	"Avp+ neurons, GABAergic"
"Ep300(+),"	"RHYP9SN_GGAGAACTCGAGTCCG-1"	0.0383635174451386	"RHYP9SN"	"RHYP9SN"	3057	1674	"Salt-sensitive"	"SS"	"HS 3d"	"SS-HS 3d"	"HYP"	"Inhibitory neuron"	"C3-42 Mid-1 GABA-2 LGR5"	"Avp+ neurons, GABAergic"
"Ep300(+),"	"RHYP9SN_GCGGATCCAGGGTTGA-1"	0.0378380207041205	"RHYP9SN"	"RHYP9SN"	3034	1789	"Salt-sensitive"	"SS"	"HS 3d"	"SS-HS 3d"	"HYP"	"Inhibitory neuron"	"C3-42 Mid-1 GABA-2 LGR5"	"Avp+ neurons, GABAergic"
"Ep300(+),"	"RHYP9SN_CTAACTTTCGCCGTGA-1"	0.0494891630393108	"RHYP9SN"	"RHYP9SN"	3001	1753	"Salt-sensitive"	"SS"	"HS 3d"	"SS-HS 3d"	"HYP"	"Inhibitory neuron"	"C3-42 Mid-1 GABA-2 LGR5"	"Avp+ neurons, GABAergic"
"Ep300(+),"	"RHYP9SN_AGGATAACACGGGTAA-1"	0.0499424885540946	"RHYP9SN"	"RHYP9SN"	2968	1577	"Salt-sensitive"	"SS"	"HS 3d"	"SS-HS 3d"	"HYP"	"Excitatory neuron"	"C3-106 Mid-3 GLU-3 AVP"	"Avp+ neurons, glutamatergic"
"Ep300(+),"	"RHYP9SN_TACTTGTGTACAGAAT-1"	0.0524820135772119	"RHYP9SN"	"RHYP9SN"	2963	1710	"Salt-sensitive"	"SS"	"HS 3d"	"SS-HS 3d"	"HYP"	"Inhibitory neuron"	"C3-42 Mid-1 GABA-2 LGR5"	"Avp+ neurons, GABAergic"
"Ep300(+),"	"RHYP9SN_CAGATACCATGATCTG-1"	0.0402535014321478	"RHYP9SN"	"RHYP9SN"	2931	1741	"Salt-sensitive"	"SS"	"HS 3d"	"SS-HS 3d"	"HYP"	"Inhibitory neuron"	"C3-42 Mid-1 GABA-2 LGR5"	"Avp+ neurons, GABAergic"
"Ep300(+),"	"RHYP9SN_GTGCAGCGTCTAGGTT-1"	0.0349083199891743	"RHYP9SN"	"RHYP9SN"	2914	1775	"Salt-sensitive"	"SS"	"HS 3d"	"SS-HS 3d"	"HYP"	"Inhibitory neuron"	"C3-42 Mid-1 GABA-2 LGR5"	"Avp+ neurons, GABAergic"
"Ep300(+),"	"RHYP9SN_TTTCAGTAGGATACGC-1"	0.044698797898013	"RHYP9SN"	"RHYP9SN"	2899	1702	"Salt-sensitive"	"SS"	"HS 3d"	"SS-HS 3d"	"HYP"	"Inhibitory neuron"	"C3-42 Mid-1 GABA-2 LGR5"	"Avp+ neurons, GABAergic"
"Ep300(+),"	"RHYP9SN_TTTGATCAGTCAACAA-1"	0.0389792282189495	"RHYP9SN"	"RHYP9SN"	2864	1693	"Salt-sensitive"	"SS"	"HS 3d"	"SS-HS 3d"	"HYP"	"Inhibitory neuron"	"C3-42 Mid-1 GABA-2 LGR5"	"Avp+ neurons, GABAergic"
"Ep300(+),"	"RHYP9SN_AAACGCTGTGACACAG-1"	0.0533638557477616	"RHYP9SN"	"RHYP9SN"	2835	1646	"Salt-sensitive"	"SS"	"HS 3d"	"SS-HS 3d"	"HYP"	"Inhibitory neuron"	"C3-42 Mid-1 GABA-2 LGR5"	"Avp+ neurons, GABAergic"
"Ep300(+),"	"RHYP9SN_ACCGTTCCAGCGCTTG-1"	0.046266266717788	"RHYP9SN"	"RHYP9SN"	2841	1604	"Salt-sensitive"	"SS"	"HS 3d"	"SS-HS 3d"	"HYP"	"Inhibitory neuron"	"C3-42 Mid-1 GABA-2 LGR5"	"Avp+ neurons, GABAergic"
"Ep300(+),"	"RHYP9SN_ATGGTTGCAGAGGAAA-1"	0.0529533818985543	"RHYP9SN"	"RHYP9SN"	2826	1691	"Salt-sensitive"	"SS"	"HS 3d"	"SS-HS 3d"	"HYP"	"Inhibitory neuron"	"C3-42 Mid-1 GABA-2 LGR5"	"Avp+ neurons, GABAergic"
"Ep300(+),"	"RHYP9SN_AAGCATCGTGAGGATC-1"	0.0436545704684364	"RHYP9SN"	"RHYP9SN"	2763	1696	"Salt-sensitive"	"SS"	"HS 3d"	"SS-HS 3d"	"HYP"	"Inhibitory neuron"	"C3-126 Mid-2 GABA-GLU-2 PPP1R17"	"Avp+ neurons, GABAergic"
"Ep300(+),"	"RHYP9SN_GTTACAGCAAATTGCC-1"	0.0545321274724283	"RHYP9SN"	"RHYP9SN"	2752	1579	"Salt-sensitive"	"SS"	"HS 3d"	"SS-HS 3d"	"HYP"	"Inhibitory neuron"	"C3-42 Mid-1 GABA-2 LGR5"	"Avp+ neurons, GABAergic"
"Ep300(+),"	"RHYP9SN_CGTGAATGTCATGACT-1"	0.040438440199373	"RHYP9SN"	"RHYP9SN"	2738	1598	"Salt-sensitive"	"SS"	"HS 3d"	"SS-HS 3d"	"HYP"	"Inhibitory neuron"	"C3-42 Mid-1 GABA-2 LGR5"	"Avp+ neurons, GABAergic"
"Ep300(+),"	"RHYP9SN_GCATGATAGTGAATAC-1"	0.0461016261079411	"RHYP9SN"	"RHYP9SN"	2701	1515	"Salt-sensitive"	"SS"	"HS 3d"	"SS-HS 3d"	"HYP"	"Inhibitory neuron"	"C3-42 Mid-1 GABA-2 LGR5"	"Avp+ neurons, GABAergic"
"Ep300(+),"	"RHYP9SN_GCTACAAAGTGTAGTA-1"	0.0434290353864544	"RHYP9SN"	"RHYP9SN"	2672	1695	"Salt-sensitive"	"SS"	"HS 3d"	"SS-HS 3d"	"HYP"	"Inhibitory neuron"	"C3-45 Mid-1 GABA-2 FAM9B"	"Avp+ neurons, GABAergic"
"Ep300(+),"	"RHYP9SN_GTCCTCAAGTAGTGCG-1"	0.0333949795890751	"RHYP9SN"	"RHYP9SN"	2675	1706	"Salt-sensitive"	"SS"	"HS 3d"	"SS-HS 3d"	"HYP"	"Inhibitory neuron"	"C3-42 Mid-1 GABA-2 LGR5"	"Avp+ neurons, GABAergic"
"Ep300(+),"	"RHYP9SN_CAAAGAAGTGTCTAAC-1"	0.0487629400753287	"RHYP9SN"	"RHYP9SN"	2567	1578	"Salt-sensitive"	"SS"	"HS 3d"	"SS-HS 3d"	"HYP"	"Inhibitory neuron"	"C3-42 Mid-1 GABA-2 LGR5"	"Avp+ neurons, GABAergic"
"Ep300(+),"	"RHYP9SN_ATTACCTAGCGTCAGA-1"	0.0519181758722569	"RHYP9SN"	"RHYP9SN"	2530	1561	"Salt-sensitive"	"SS"	"HS 3d"	"SS-HS 3d"	"HYP"	"Inhibitory neuron"	"C3-42 Mid-1 GABA-2 LGR5"	"Avp+ neurons, GABAergic"
"Ep300(+),"	"RHYP9SN_AAGCATCTCTGCGTCT-1"	0.0406346557206974	"RHYP9SN"	"RHYP9SN"	2497	1433	"Salt-sensitive"	"SS"	"HS 3d"	"SS-HS 3d"	"HYP"	"Inhibitory neuron"	"C3-42 Mid-1 GABA-2 LGR5"	"Avp+ neurons, GABAergic"
"Ep300(+),"	"RHYP9SN_CGAGTGCAGTCTTGGT-1"	0.0491643925212567	"RHYP9SN"	"RHYP9SN"	2399	1511	"Salt-sensitive"	"SS"	"HS 3d"	"SS-HS 3d"	"HYP"	"Inhibitory neuron"	"C3-42 Mid-1 GABA-2 LGR5"	"Avp+ neurons, GABAergic"
"Ep300(+),"	"RHYP9SN_GAAGCGACAAGTGATA-1"	0.0419382484945533	"RHYP9SN"	"RHYP9SN"	2398	1521	"Salt-sensitive"	"SS"	"HS 3d"	"SS-HS 3d"	"HYP"	"Inhibitory neuron"	"C3-42 Mid-1 GABA-2 LGR5"	"Avp+ neurons, GABAergic"
"Ep300(+),"	"RHYP9SN_TGGAACTCAGACAAAT-1"	0.0493222670786441	"RHYP9SN"	"RHYP9SN"	2363	1495	"Salt-sensitive"	"SS"	"HS 3d"	"SS-HS 3d"	"HYP"	"Inhibitory neuron"	"C3-42 Mid-1 GABA-2 LGR5"	"Avp+ neurons, GABAergic"
"Ep300(+),"	"RHYP9SN_GATCACATCTATGTGG-1"	0.0587541442071314	"RHYP9SN"	"RHYP9SN"	2304	1407	"Salt-sensitive"	"SS"	"HS 3d"	"SS-HS 3d"	"HYP"	"Inhibitory neuron"	"C3-42 Mid-1 GABA-2 LGR5"	"Avp+ neurons, GABAergic"
"Ep300(+),"	"RHYP9SN_CTGCGAGTCTGTTCAT-1"	0.053620965741221	"RHYP9SN"	"RHYP9SN"	2200	1462	"Salt-sensitive"	"SS"	"HS 3d"	"SS-HS 3d"	"HYP"	"Inhibitory neuron"	"C3-126 Mid-2 GABA-GLU-2 PPP1R17"	"Avp+ neurons, GABAergic"
"Ep300(+),"	"RHYP9SN_CGGCAGTCACGTCATA-1"	0.0452942105144455	"RHYP9SN"	"RHYP9SN"	2130	1422	"Salt-sensitive"	"SS"	"HS 3d"	"SS-HS 3d"	"HYP"	"Inhibitory neuron"	"C3-42 Mid-1 GABA-2 LGR5"	"Avp+ neurons, GABAergic"
"Ep300(+),"	"RHYP9SN_GATTCTTGTATTGAGA-1"	0.045438552966914	"RHYP9SN"	"RHYP9SN"	2096	1178	"Salt-sensitive"	"SS"	"HS 3d"	"SS-HS 3d"	"HYP"	"Inhibitory neuron"	"C3-42 Mid-1 GABA-2 LGR5"	"Avp+ neurons, GABAergic"
"Ep300(+),"	"RHYP9SN_TGTAAGCAGTTGAAGT-1"	0.0481472293015179	"RHYP9SN"	"RHYP9SN"	2078	1368	"Salt-sensitive"	"SS"	"HS 3d"	"SS-HS 3d"	"HYP"	"Inhibitory neuron"	"C3-42 Mid-1 GABA-2 LGR5"	"Avp+ neurons, GABAergic"
"Ep300(+),"	"RHYP9SN_CATAAGCTCTAGTGTG-1"	0.0448228421931031	"RHYP9SN"	"RHYP9SN"	2035	1363	"Salt-sensitive"	"SS"	"HS 3d"	"SS-HS 3d"	"HYP"	"Inhibitory neuron"	"C3-42 Mid-1 GABA-2 LGR5"	"Avp+ neurons, GABAergic"
"Ep300(+),"	"RHYP9SN_GTAGTACTCGTGGCGT-1"	0.0517715780689686	"RHYP9SN"	"RHYP9SN"	2033	1184	"Salt-sensitive"	"SS"	"HS 3d"	"SS-HS 3d"	"HYP"	"Inhibitory neuron"	"C3-42 Mid-1 GABA-2 LGR5"	"Avp+ neurons, GABAergic"
"Ep300(+),"	"RHYP9SN_CTAGACAGTGCGGCTT-1"	0.0448769706127788	"RHYP9SN"	"RHYP9SN"	1930	1279	"Salt-sensitive"	"SS"	"HS 3d"	"SS-HS 3d"	"HYP"	"Inhibitory neuron"	"C3-123 Mid-2 GABA-GLU-1 RGS22"	"Avp+ neurons, GABAergic"
"Ep300(+),"	"RHYP9SN_GGTAGAGTCTGTCAGA-1"	0.0533616003969417	"RHYP9SN"	"RHYP9SN"	1896	1246	"Salt-sensitive"	"SS"	"HS 3d"	"SS-HS 3d"	"HYP"	"Inhibitory neuron"	"C3-37 Pre-1 GABA-5"	"Avp+ neurons, GABAergic"
"Ep300(+),"	"RHYP9SN_CCTAAGACATCTAGAC-1"	0.0406662306321748	"RHYP9SN"	"RHYP9SN"	1886	1184	"Salt-sensitive"	"SS"	"HS 3d"	"SS-HS 3d"	"HYP"	"Inhibitory neuron"	"C3-42 Mid-1 GABA-2 LGR5"	"Avp+ neurons, GABAergic"
"Ep300(+),"	"RHYP9SN_TACCGAAGTTCGGTCG-1"	0.0551726471052572	"RHYP9SN"	"RHYP9SN"	1805	1181	"Salt-sensitive"	"SS"	"HS 3d"	"SS-HS 3d"	"HYP"	"Inhibitory neuron"	"C3-47 Mid-1 GABA-2 SIX6"	"Avp+ neurons, GABAergic"
"Ep300(+),"	"RHYP9SN_CGGGTGTAGTAGATCA-1"	0.0445341572881662	"RHYP9SN"	"RHYP9SN"	1791	1198	"Salt-sensitive"	"SS"	"HS 3d"	"SS-HS 3d"	"HYP"	"Inhibitory neuron"	"C3-42 Mid-1 GABA-2 LGR5"	"Avp+ neurons, GABAergic"
"Ep300(+),"	"RHYP9SN_GTGTCCTGTGTTCCAA-1"	0.0445634768488238	"RHYP9SN"	"RHYP9SN"	1782	1126	"Salt-sensitive"	"SS"	"HS 3d"	"SS-HS 3d"	"HYP"	"Inhibitory neuron"	"C3-126 Mid-2 GABA-GLU-2 PPP1R17"	"Avp+ neurons, GABAergic"
"Ep300(+),"	"RHYP9SN_TTTCGATGTTAACAGA-1"	0.0498319763639234	"RHYP9SN"	"RHYP9SN"	1763	1223	"Salt-sensitive"	"SS"	"HS 3d"	"SS-HS 3d"	"HYP"	"Inhibitory neuron"	"C3-42 Mid-1 GABA-2 LGR5"	"Avp+ neurons, GABAergic"
"Ep300(+),"	"RHYP9SN_CAGGTATGTAAGGAGA-1"	0.044423645097995	"RHYP9SN"	"RHYP9SN"	1481	1094	"Salt-sensitive"	"SS"	"HS 3d"	"SS-HS 3d"	"HYP"	"Inhibitory neuron"	"C3-37 Pre-1 GABA-5"	"Avp+ neurons, GABAergic"
"Ep300(+),"	"RHYP9SN_CGCATAATCGTACCTC-1"	0.045551320507905	"RHYP9SN"	"RHYP9SN"	1234	934	"Salt-sensitive"	"SS"	"HS 3d"	"SS-HS 3d"	"HYP"	"Inhibitory neuron"	"C3-42 Mid-1 GABA-2 LGR5"	"Avp+ neurons, GABAergic"
"Ep300(+),"	"RHYP9SN_CTCCATGTCGTAGTGT-1"	0.040262522835427	"RHYP9SN"	"RHYP9SN"	1043	785	"Salt-sensitive"	"SS"	"HS 3d"	"SS-HS 3d"	"HYP"	"Inhibitory neuron"	"C3-126 Mid-2 GABA-GLU-2 PPP1R17"	"Avp+ neurons, GABAergic"
"Ep300(+),"	"RHYP9SN_AATGACCTCCACTTCG-1"	0.0433388213536616	"RHYP9SN"	"RHYP9SN"	1028	783	"Salt-sensitive"	"SS"	"HS 3d"	"SS-HS 3d"	"HYP"	"Inhibitory neuron"	"C3-42 Mid-1 GABA-2 LGR5"	"Avp+ neurons, GABAergic"
"Ep300(+),"	"RHYP9SN_AACCTGAGTACATTGC-1"	0.0572814001217889	"RHYP9SN"	"RHYP9SN"	871	635	"Salt-sensitive"	"SS"	"HS 3d"	"SS-HS 3d"	"HYP"	"Inhibitory neuron"	"C3-37 Pre-1 GABA-5"	"Avp+ neurons, GABAergic"
"Ep300(+),"	"RHYP9SN_AAGGTAAAGAGGCGGA-1"	0.0240172308802634	"RHYP9SN"	"RHYP9SN"	710	532	"Salt-sensitive"	"SS"	"HS 3d"	"SS-HS 3d"	"HYP"	"Inhibitory neuron"	"C3-126 Mid-2 GABA-GLU-2 PPP1R17"	"Avp+ neurons, GABAergic"
