"Regulon"	"Cell_ID"	"AUC"	"Sample_ID"	"Sample_ID_original"	"nCount_RNA"	"nFeature_RNA"	"Project"	"Strain"	"Treatment"	"SxT"	"Tissue"	"Cell_type_L1"	"Cell_type_L2"	"flag_Avp_neuron"
"Ep300(+),"	"RHYP13SN_CATACTTCACTGCGTG-1"	0.0536193619361936	"RHYP13SN"	"RHYP13SN"	18915	5100	"Salt-sensitive"	"SD"	"LS"	"SD-LS"	"HYP"	"Inhibitory neuron"	"C3-42 Mid-1 GABA-2 LGR5"	"Avp+ neurons, GABAergic"
"Ep300(+),"	"RHYP13SN_AAACGAAGTAGAGATT-1"	0.0451540154015402	"RHYP13SN"	"RHYP13SN"	13572	4242	"Salt-sensitive"	"SD"	"LS"	"SD-LS"	"HYP"	"Inhibitory neuron"	"C3-42 Mid-1 GABA-2 LGR5"	"Avp+ neurons, GABAergic"
"Ep300(+),"	"RHYP13SN_CGGAATTTCATTTCGT-1"	0.0470764576457646	"RHYP13SN"	"RHYP13SN"	10359	3818	"Salt-sensitive"	"SD"	"LS"	"SD-LS"	"HYP"	"Inhibitory neuron"	"C3-42 Mid-1 GABA-2 LGR5"	"Avp+ neurons, GABAergic"
"Ep300(+),"	"RHYP13SN_GCACGTGGTCTCGCGA-1"	0.0412898789878988	"RHYP13SN"	"RHYP13SN"	10063	3741	"Salt-sensitive"	"SD"	"LS"	"SD-LS"	"HYP"	"Inhibitory neuron"	"C3-42 Mid-1 GABA-2 LGR5"	"Avp+ neurons, GABAergic"
"Ep300(+),"	"RHYP13SN_TAGGAGGGTACCCGAC-1"	0.0443564356435644	"RHYP13SN"	"RHYP13SN"	7388	2768	"Salt-sensitive"	"SD"	"LS"	"SD-LS"	"HYP"	"Inhibitory neuron"	"C3-42 Mid-1 GABA-2 LGR5"	"Avp+ neurons, GABAergic"
"Ep300(+),"	"RHYP13SN_ATGGGTTGTACAGTCT-1"	0.0588476347634763	"RHYP13SN"	"RHYP13SN"	7245	2927	"Salt-sensitive"	"SD"	"LS"	"SD-LS"	"HYP"	"Inhibitory neuron"	"C3-42 Mid-1 GABA-2 LGR5"	"Avp+ neurons, GABAergic"
"Ep300(+),"	"RHYP13SN_ATGCATGTCTTTGCAT-1"	0.0402612761276128	"RHYP13SN"	"RHYP13SN"	7002	3084	"Salt-sensitive"	"SD"	"LS"	"SD-LS"	"HYP"	"Excitatory neuron"	"C3-106 Mid-3 GLU-3 AVP"	"Avp+ neurons, glutamatergic"
"Ep300(+),"	"RHYP13SN_CAGGGCTCATCGGCCA-1"	0.0402227722772277	"RHYP13SN"	"RHYP13SN"	6949	2920	"Salt-sensitive"	"SD"	"LS"	"SD-LS"	"HYP"	"Excitatory neuron"	"C3-106 Mid-3 GLU-3 AVP"	"Avp+ neurons, glutamatergic"
"Ep300(+),"	"RHYP13SN_GGTTAACTCATTCATC-1"	0.0598679867986799	"RHYP13SN"	"RHYP13SN"	6761	2631	"Salt-sensitive"	"SD"	"LS"	"SD-LS"	"HYP"	"Inhibitory neuron"	"C3-42 Mid-1 GABA-2 LGR5"	"Avp+ neurons, GABAergic"
"Ep300(+),"	"RHYP13SN_CAAGACTAGGAGATAG-1"	0.0460148514851485	"RHYP13SN"	"RHYP13SN"	6655	2780	"Salt-sensitive"	"SD"	"LS"	"SD-LS"	"HYP"	"Excitatory neuron"	"C3-111 Mid-3 GLU-4 MEDAG"	"Avp+ neurons, glutamatergic"
"Ep300(+),"	"RHYP13SN_GATAGCTGTCGGTACC-1"	0.0396177117711771	"RHYP13SN"	"RHYP13SN"	6220	2822	"Salt-sensitive"	"SD"	"LS"	"SD-LS"	"HYP"	"Excitatory neuron"	"C3-106 Mid-3 GLU-3 AVP"	"Avp+ neurons, glutamatergic"
"Ep300(+),"	"RHYP13SN_CATGCGGGTAGTTAGA-1"	0.0309075907590759	"RHYP13SN"	"RHYP13SN"	6226	2766	"Salt-sensitive"	"SD"	"LS"	"SD-LS"	"HYP"	"Excitatory neuron"	"C3-111 Mid-3 GLU-4 MEDAG"	"Avp+ neurons, glutamatergic"
"Ep300(+),"	"RHYP13SN_CTTTCAATCCGTGGCA-1"	0.0612376237623762	"RHYP13SN"	"RHYP13SN"	6011	2879	"Salt-sensitive"	"SD"	"LS"	"SD-LS"	"HYP"	"Inhibitory neuron"	"C3-42 Mid-1 GABA-2 LGR5"	"Avp+ neurons, GABAergic"
"Ep300(+),"	"RHYP13SN_AGCCAATGTCGCGTTG-1"	0.0580775577557756	"RHYP13SN"	"RHYP13SN"	5869	2456	"Salt-sensitive"	"SD"	"LS"	"SD-LS"	"HYP"	"Inhibitory neuron"	"C3-42 Mid-1 GABA-2 LGR5"	"Avp+ neurons, GABAergic"
"Ep300(+),"	"RHYP13SN_AATGGAAGTGCGGATA-1"	0.0776842684268427	"RHYP13SN"	"RHYP13SN"	5828	2673	"Salt-sensitive"	"SD"	"LS"	"SD-LS"	"HYP"	"Inhibitory neuron"	"C3-42 Mid-1 GABA-2 LGR5"	"Avp+ neurons, GABAergic"
"Ep300(+),"	"RHYP13SN_CGAAGGACACTACAGT-1"	0.0514053905390539	"RHYP13SN"	"RHYP13SN"	5719	2667	"Salt-sensitive"	"SD"	"LS"	"SD-LS"	"HYP"	"Inhibitory neuron"	"C3-42 Mid-1 GABA-2 LGR5"	"Avp+ neurons, GABAergic"
"Ep300(+),"	"RHYP13SN_AGGAATAAGACGATAT-1"	0.047953795379538	"RHYP13SN"	"RHYP13SN"	5650	2512	"Salt-sensitive"	"SD"	"LS"	"SD-LS"	"HYP"	"Excitatory neuron"	"C3-100 Mid-3 GLU-1 OTP"	"Avp+ neurons, glutamatergic"
"Ep300(+),"	"RHYP13SN_AGCCAGCGTGACTATC-1"	0.0452227722772277	"RHYP13SN"	"RHYP13SN"	5568	2434	"Salt-sensitive"	"SD"	"LS"	"SD-LS"	"HYP"	"Inhibitory neuron"	"C3-42 Mid-1 GABA-2 LGR5"	"Avp+ neurons, GABAergic"
"Ep300(+),"	"RHYP13SN_GCAGGCTGTGTAGTGG-1"	0.0418316831683168	"RHYP13SN"	"RHYP13SN"	5434	2741	"Salt-sensitive"	"SD"	"LS"	"SD-LS"	"HYP"	"Inhibitory neuron"	"C3-126 Mid-2 GABA-GLU-2 PPP1R17"	"Avp+ neurons, GABAergic"
"Ep300(+),"	"RHYP13SN_GCTGCAGGTTTATGCG-1"	0.0439163916391639	"RHYP13SN"	"RHYP13SN"	5342	2253	"Salt-sensitive"	"SD"	"LS"	"SD-LS"	"HYP"	"Inhibitory neuron"	"C3-126 Mid-2 GABA-GLU-2 PPP1R17"	"Avp+ neurons, GABAergic"
"Ep300(+),"	"RHYP13SN_GCAGCCACACAAATCC-1"	0.0512073707370737	"RHYP13SN"	"RHYP13SN"	5254	2357	"Salt-sensitive"	"SD"	"LS"	"SD-LS"	"HYP"	"Inhibitory neuron"	"C3-42 Mid-1 GABA-2 LGR5"	"Avp+ neurons, GABAergic"
"Ep300(+),"	"RHYP13SN_CAACGATTCTCCTACG-1"	0.0543811881188119	"RHYP13SN"	"RHYP13SN"	5174	2220	"Salt-sensitive"	"SD"	"LS"	"SD-LS"	"HYP"	"Inhibitory neuron"	"C3-42 Mid-1 GABA-2 LGR5"	"Avp+ neurons, GABAergic"
"Ep300(+),"	"RHYP13SN_CTCATGCAGCTCCATA-1"	0.0417326732673267	"RHYP13SN"	"RHYP13SN"	5151	2463	"Salt-sensitive"	"SD"	"LS"	"SD-LS"	"HYP"	"Inhibitory neuron"	"C3-42 Mid-1 GABA-2 LGR5"	"Avp+ neurons, GABAergic"
"Ep300(+),"	"RHYP13SN_GTAGAAAGTATGCGGA-1"	0.0544251925192519	"RHYP13SN"	"RHYP13SN"	5087	2406	"Salt-sensitive"	"SD"	"LS"	"SD-LS"	"HYP"	"Inhibitory neuron"	"C3-42 Mid-1 GABA-2 LGR5"	"Avp+ neurons, GABAergic"
"Ep300(+),"	"RHYP13SN_GCACTAATCATTTGTC-1"	0.0501182618261826	"RHYP13SN"	"RHYP13SN"	5091	2403	"Salt-sensitive"	"SD"	"LS"	"SD-LS"	"HYP"	"Inhibitory neuron"	"C3-42 Mid-1 GABA-2 LGR5"	"Avp+ neurons, GABAergic"
"Ep300(+),"	"RHYP13SN_TCTATCATCACCCTCA-1"	0.0373432343234323	"RHYP13SN"	"RHYP13SN"	4964	2247	"Salt-sensitive"	"SD"	"LS"	"SD-LS"	"HYP"	"Excitatory neuron"	"C3-113 Mid-3 GLU-5"	"Avp+ neurons, glutamatergic"
"Ep300(+),"	"RHYP13SN_CCACGAGCAAACTCGT-1"	0.0411386138613861	"RHYP13SN"	"RHYP13SN"	4958	2281	"Salt-sensitive"	"SD"	"LS"	"SD-LS"	"HYP"	"Inhibitory neuron"	"C3-42 Mid-1 GABA-2 LGR5"	"Avp+ neurons, GABAergic"
"Ep300(+),"	"RHYP13SN_ATCCATTAGGTACATA-1"	0.0479097909790979	"RHYP13SN"	"RHYP13SN"	4889	2260	"Salt-sensitive"	"SD"	"LS"	"SD-LS"	"HYP"	"Inhibitory neuron"	"C3-42 Mid-1 GABA-2 LGR5"	"Avp+ neurons, GABAergic"
"Ep300(+),"	"RHYP13SN_TCGACGGTCACTCACC-1"	0.0470627062706271	"RHYP13SN"	"RHYP13SN"	4849	2165	"Salt-sensitive"	"SD"	"LS"	"SD-LS"	"HYP"	"Inhibitory neuron"	"C3-42 Mid-1 GABA-2 LGR5"	"Avp+ neurons, GABAergic"
"Ep300(+),"	"RHYP13SN_AGATCCATCCCAGTGG-1"	0.0544994499449945	"RHYP13SN"	"RHYP13SN"	4774	2341	"Salt-sensitive"	"SD"	"LS"	"SD-LS"	"HYP"	"Inhibitory neuron"	"C3-42 Mid-1 GABA-2 LGR5"	"Avp+ neurons, GABAergic"
"Ep300(+),"	"RHYP13SN_TGGAGAGTCGAACGGA-1"	0.0450632563256326	"RHYP13SN"	"RHYP13SN"	4766	2463	"Salt-sensitive"	"SD"	"LS"	"SD-LS"	"HYP"	"Inhibitory neuron"	"C3-42 Mid-1 GABA-2 LGR5"	"Avp+ neurons, GABAergic"
"Ep300(+),"	"RHYP13SN_CCCTTAGTCGGCTATA-1"	0.0418591859185919	"RHYP13SN"	"RHYP13SN"	4697	2098	"Salt-sensitive"	"SD"	"LS"	"SD-LS"	"HYP"	"Inhibitory neuron"	"C3-42 Mid-1 GABA-2 LGR5"	"Avp+ neurons, GABAergic"
"Ep300(+),"	"RHYP13SN_CAAAGAACAGCAAGAC-1"	0.0516996699669967	"RHYP13SN"	"RHYP13SN"	4645	2336	"Salt-sensitive"	"SD"	"LS"	"SD-LS"	"HYP"	"Inhibitory neuron"	"C3-24 Pre-1 GABA-8 SLC1A3"	"Avp+ neurons, GABAergic"
"Ep300(+),"	"RHYP13SN_TGTTACTGTGTTAGCT-1"	0.0553327832783278	"RHYP13SN"	"RHYP13SN"	4626	2252	"Salt-sensitive"	"SD"	"LS"	"SD-LS"	"HYP"	"Inhibitory neuron"	"C3-42 Mid-1 GABA-2 LGR5"	"Avp+ neurons, GABAergic"
"Ep300(+),"	"RHYP13SN_GCTGAATGTGAACTAA-1"	0.0416639163916392	"RHYP13SN"	"RHYP13SN"	4564	2284	"Salt-sensitive"	"SD"	"LS"	"SD-LS"	"HYP"	"Inhibitory neuron"	"C3-42 Mid-1 GABA-2 LGR5"	"Avp+ neurons, GABAergic"
"Ep300(+),"	"RHYP13SN_ACTTTGTAGTAGCATA-1"	0.0410643564356436	"RHYP13SN"	"RHYP13SN"	4564	2154	"Salt-sensitive"	"SD"	"LS"	"SD-LS"	"HYP"	"Excitatory neuron"	"C3-106 Mid-3 GLU-3 AVP"	"Avp+ neurons, glutamatergic"
"Ep300(+),"	"RHYP13SN_GTTTACTGTGACTATC-1"	0.0691941694169417	"RHYP13SN"	"RHYP13SN"	4489	2174	"Salt-sensitive"	"SD"	"LS"	"SD-LS"	"HYP"	"Inhibitory neuron"	"C3-42 Mid-1 GABA-2 LGR5"	"Avp+ neurons, GABAergic"
"Ep300(+),"	"RHYP13SN_GCCATTCGTGGCCTCA-1"	0.0474119911991199	"RHYP13SN"	"RHYP13SN"	4479	2079	"Salt-sensitive"	"SD"	"LS"	"SD-LS"	"HYP"	"Inhibitory neuron"	"C3-42 Mid-1 GABA-2 LGR5"	"Avp+ neurons, GABAergic"
"Ep300(+),"	"RHYP13SN_GCATCTCGTTGACTGT-1"	0.0568921892189219	"RHYP13SN"	"RHYP13SN"	4432	2211	"Salt-sensitive"	"SD"	"LS"	"SD-LS"	"HYP"	"Inhibitory neuron"	"C3-42 Mid-1 GABA-2 LGR5"	"Avp+ neurons, GABAergic"
"Ep300(+),"	"RHYP13SN_TCAGCAACATGCACTA-1"	0.0543041804180418	"RHYP13SN"	"RHYP13SN"	4398	2221	"Salt-sensitive"	"SD"	"LS"	"SD-LS"	"HYP"	"Inhibitory neuron"	"C3-42 Mid-1 GABA-2 LGR5"	"Avp+ neurons, GABAergic"
"Ep300(+),"	"RHYP13SN_GCGATCGTCCGACAGC-1"	0.0371864686468647	"RHYP13SN"	"RHYP13SN"	4189	2061	"Salt-sensitive"	"SD"	"LS"	"SD-LS"	"HYP"	"Inhibitory neuron"	"C3-42 Mid-1 GABA-2 LGR5"	"Avp+ neurons, GABAergic"
"Ep300(+),"	"RHYP13SN_ACATCCCGTGAATGTA-1"	0.0460423542354235	"RHYP13SN"	"RHYP13SN"	4144	1901	"Salt-sensitive"	"SD"	"LS"	"SD-LS"	"HYP"	"Inhibitory neuron"	"C3-42 Mid-1 GABA-2 LGR5"	"Avp+ neurons, GABAergic"
"Ep300(+),"	"RHYP13SN_CACAACATCCTAACAG-1"	0.0360588558855886	"RHYP13SN"	"RHYP13SN"	4146	2055	"Salt-sensitive"	"SD"	"LS"	"SD-LS"	"HYP"	"Inhibitory neuron"	"C3-42 Mid-1 GABA-2 LGR5"	"Avp+ neurons, GABAergic"
"Ep300(+),"	"RHYP13SN_CGAAGTTGTAGGTCAG-1"	0.0539053905390539	"RHYP13SN"	"RHYP13SN"	4058	2156	"Salt-sensitive"	"SD"	"LS"	"SD-LS"	"HYP"	"Inhibitory neuron"	"C3-42 Mid-1 GABA-2 LGR5"	"Avp+ neurons, GABAergic"
"Ep300(+),"	"RHYP13SN_CTCCTCCTCTTAGCAG-1"	0.0465786578657866	"RHYP13SN"	"RHYP13SN"	4045	1923	"Salt-sensitive"	"SD"	"LS"	"SD-LS"	"HYP"	"Inhibitory neuron"	"C3-32 Pre-1 GABA-3 PRDM16"	"Avp+ neurons, GABAergic"
"Ep300(+),"	"RHYP13SN_CTTGAGAGTGGAAGTC-1"	0.0500412541254125	"RHYP13SN"	"RHYP13SN"	4050	2116	"Salt-sensitive"	"SD"	"LS"	"SD-LS"	"HYP"	"Inhibitory neuron"	"C3-42 Mid-1 GABA-2 LGR5"	"Avp+ neurons, GABAergic"
"Ep300(+),"	"RHYP13SN_TCCTCTTAGGCCTGAA-1"	0.0384598459845985	"RHYP13SN"	"RHYP13SN"	4034	1972	"Salt-sensitive"	"SD"	"LS"	"SD-LS"	"HYP"	"Inhibitory neuron"	"C3-42 Mid-1 GABA-2 LGR5"	"Avp+ neurons, GABAergic"
"Ep300(+),"	"RHYP13SN_GTGTAACTCATACAGC-1"	0.0468371837183718	"RHYP13SN"	"RHYP13SN"	4033	2128	"Salt-sensitive"	"SD"	"LS"	"SD-LS"	"HYP"	"Excitatory neuron"	"C3-100 Mid-3 GLU-1 OTP"	"Avp+ neurons, glutamatergic"
"Ep300(+),"	"RHYP13SN_TGAGGTTAGCATCCCG-1"	0.0513338833883388	"RHYP13SN"	"RHYP13SN"	3977	2004	"Salt-sensitive"	"SD"	"LS"	"SD-LS"	"HYP"	"Inhibitory neuron"	"C3-46 Mid-1 GABA-2 PMFBP1"	"Avp+ neurons, GABAergic"
"Ep300(+),"	"RHYP13SN_AGCGCCATCCTGTTGC-1"	0.0477942794279428	"RHYP13SN"	"RHYP13SN"	3943	2015	"Salt-sensitive"	"SD"	"LS"	"SD-LS"	"HYP"	"Inhibitory neuron"	"C3-42 Mid-1 GABA-2 LGR5"	"Avp+ neurons, GABAergic"
"Ep300(+),"	"RHYP13SN_TCACGCTAGTCGTTAC-1"	0.0520957095709571	"RHYP13SN"	"RHYP13SN"	3929	1858	"Salt-sensitive"	"SD"	"LS"	"SD-LS"	"HYP"	"Inhibitory neuron"	"C3-42 Mid-1 GABA-2 LGR5"	"Avp+ neurons, GABAergic"
"Ep300(+),"	"RHYP13SN_TGAATGCCAGTCTACA-1"	0.047992299229923	"RHYP13SN"	"RHYP13SN"	3886	1984	"Salt-sensitive"	"SD"	"LS"	"SD-LS"	"HYP"	"Inhibitory neuron"	"C3-42 Mid-1 GABA-2 LGR5"	"Avp+ neurons, GABAergic"
"Ep300(+),"	"RHYP13SN_AAGTTCGAGCTATCTG-1"	0.0564356435643564	"RHYP13SN"	"RHYP13SN"	3883	2081	"Salt-sensitive"	"SD"	"LS"	"SD-LS"	"HYP"	"Inhibitory neuron"	"C3-42 Mid-1 GABA-2 LGR5"	"Avp+ neurons, GABAergic"
"Ep300(+),"	"RHYP13SN_GACGTTAGTAACGGTG-1"	0.0416391639163916	"RHYP13SN"	"RHYP13SN"	3880	1982	"Salt-sensitive"	"SD"	"LS"	"SD-LS"	"HYP"	"Inhibitory neuron"	"C3-42 Mid-1 GABA-2 LGR5"	"Avp+ neurons, GABAergic"
"Ep300(+),"	"RHYP13SN_CCCTAACAGTGCGCTC-1"	0.0432810781078108	"RHYP13SN"	"RHYP13SN"	3860	2042	"Salt-sensitive"	"SD"	"LS"	"SD-LS"	"HYP"	"Inhibitory neuron"	"C3-42 Mid-1 GABA-2 LGR5"	"Avp+ neurons, GABAergic"
"Ep300(+),"	"RHYP13SN_TTGGTTTCACCAAATC-1"	0.0604262926292629	"RHYP13SN"	"RHYP13SN"	3835	2036	"Salt-sensitive"	"SD"	"LS"	"SD-LS"	"HYP"	"Inhibitory neuron"	"C3-42 Mid-1 GABA-2 LGR5"	"Avp+ neurons, GABAergic"
"Ep300(+),"	"RHYP13SN_CTCCCAATCGCCATAA-1"	0.0402227722772277	"RHYP13SN"	"RHYP13SN"	3814	2036	"Salt-sensitive"	"SD"	"LS"	"SD-LS"	"HYP"	"Inhibitory neuron"	"C3-42 Mid-1 GABA-2 LGR5"	"Avp+ neurons, GABAergic"
"Ep300(+),"	"RHYP13SN_CTGAGGCAGACAAGCC-1"	0.0527557755775578	"RHYP13SN"	"RHYP13SN"	3780	1934	"Salt-sensitive"	"SD"	"LS"	"SD-LS"	"HYP"	"Inhibitory neuron"	"C3-42 Mid-1 GABA-2 LGR5"	"Avp+ neurons, GABAergic"
"Ep300(+),"	"RHYP13SN_GTTGAACCACCAGTTA-1"	0.0495902090209021	"RHYP13SN"	"RHYP13SN"	3684	1884	"Salt-sensitive"	"SD"	"LS"	"SD-LS"	"HYP"	"Inhibitory neuron"	"C3-42 Mid-1 GABA-2 LGR5"	"Avp+ neurons, GABAergic"
"Ep300(+),"	"RHYP13SN_CCCTTAGGTCAGCTTA-1"	0.0582343234323432	"RHYP13SN"	"RHYP13SN"	3646	1930	"Salt-sensitive"	"SD"	"LS"	"SD-LS"	"HYP"	"Inhibitory neuron"	"C3-42 Mid-1 GABA-2 LGR5"	"Avp+ neurons, GABAergic"
"Ep300(+),"	"RHYP13SN_ATTCTTGCAGGCATGA-1"	0.0476430143014301	"RHYP13SN"	"RHYP13SN"	3641	2147	"Salt-sensitive"	"SD"	"LS"	"SD-LS"	"HYP"	"Inhibitory neuron"	"C3-131 Mid-2 GABA-GLU-3 LEF1"	"Avp+ neurons, GABAergic"
"Ep300(+),"	"RHYP13SN_TACGTCCTCAGGAAAT-1"	0.0555060506050605	"RHYP13SN"	"RHYP13SN"	3635	1933	"Salt-sensitive"	"SD"	"LS"	"SD-LS"	"HYP"	"Inhibitory neuron"	"C3-42 Mid-1 GABA-2 LGR5"	"Avp+ neurons, GABAergic"
"Ep300(+),"	"RHYP13SN_ATGCCTCTCTCCTGTG-1"	0.062024202420242	"RHYP13SN"	"RHYP13SN"	3631	1962	"Salt-sensitive"	"SD"	"LS"	"SD-LS"	"HYP"	"Inhibitory neuron"	"C3-33 Pre-1 GABA-3 PAX6"	"Avp+ neurons, GABAergic"
"Ep300(+),"	"RHYP13SN_CACCGTTCAAGTTCCA-1"	0.0522084708470847	"RHYP13SN"	"RHYP13SN"	3582	1927	"Salt-sensitive"	"SD"	"LS"	"SD-LS"	"HYP"	"Inhibitory neuron"	"C3-42 Mid-1 GABA-2 LGR5"	"Avp+ neurons, GABAergic"
"Ep300(+),"	"RHYP13SN_GTGTGGCGTGCTATTG-1"	0.0586111111111111	"RHYP13SN"	"RHYP13SN"	3573	1805	"Salt-sensitive"	"SD"	"LS"	"SD-LS"	"HYP"	"Inhibitory neuron"	"C3-42 Mid-1 GABA-2 LGR5"	"Avp+ neurons, GABAergic"
"Ep300(+),"	"RHYP13SN_GAACGTTCAGGTTTAC-1"	0.0577612761276128	"RHYP13SN"	"RHYP13SN"	3572	1795	"Salt-sensitive"	"SD"	"LS"	"SD-LS"	"HYP"	"Inhibitory neuron"	"C3-42 Mid-1 GABA-2 LGR5"	"Avp+ neurons, GABAergic"
"Ep300(+),"	"RHYP13SN_GTCACGGTCGATACGT-1"	0.0348514851485149	"RHYP13SN"	"RHYP13SN"	3547	1756	"Salt-sensitive"	"SD"	"LS"	"SD-LS"	"HYP"	"Inhibitory neuron"	"C3-42 Mid-1 GABA-2 LGR5"	"Avp+ neurons, GABAergic"
"Ep300(+),"	"RHYP13SN_GGAGCAATCGAACGCC-1"	0.0533690869086909	"RHYP13SN"	"RHYP13SN"	3535	1877	"Salt-sensitive"	"SD"	"LS"	"SD-LS"	"HYP"	"Inhibitory neuron"	"C3-42 Mid-1 GABA-2 LGR5"	"Avp+ neurons, GABAergic"
"Ep300(+),"	"RHYP13SN_GAAGTAAAGCGGGTTA-1"	0.0648597359735974	"RHYP13SN"	"RHYP13SN"	3534	1913	"Salt-sensitive"	"SD"	"LS"	"SD-LS"	"HYP"	"Inhibitory neuron"	"C3-42 Mid-1 GABA-2 LGR5"	"Avp+ neurons, GABAergic"
"Ep300(+),"	"RHYP13SN_CTCCTTTCACGCGGTT-1"	0.04254400440044	"RHYP13SN"	"RHYP13SN"	3438	1850	"Salt-sensitive"	"SD"	"LS"	"SD-LS"	"HYP"	"Inhibitory neuron"	"C3-24 Pre-1 GABA-8 SLC1A3"	"Avp+ neurons, GABAergic"
"Ep300(+),"	"RHYP13SN_CGTAAGTCAGACTCTA-1"	0.0522414741474147	"RHYP13SN"	"RHYP13SN"	3408	1855	"Salt-sensitive"	"SD"	"LS"	"SD-LS"	"HYP"	"Inhibitory neuron"	"C3-42 Mid-1 GABA-2 LGR5"	"Avp+ neurons, GABAergic"
"Ep300(+),"	"RHYP13SN_CACTAAGGTCCGTACG-1"	0.0580748074807481	"RHYP13SN"	"RHYP13SN"	3400	1812	"Salt-sensitive"	"SD"	"LS"	"SD-LS"	"HYP"	"Inhibitory neuron"	"C3-126 Mid-2 GABA-GLU-2 PPP1R17"	"Avp+ neurons, GABAergic"
"Ep300(+),"	"RHYP13SN_CATGCCTTCCGAAATC-1"	0.0499257425742574	"RHYP13SN"	"RHYP13SN"	3338	1893	"Salt-sensitive"	"SD"	"LS"	"SD-LS"	"HYP"	"Inhibitory neuron"	"C3-42 Mid-1 GABA-2 LGR5"	"Avp+ neurons, GABAergic"
"Ep300(+),"	"RHYP13SN_CGCATAATCAACGTGT-1"	0.0381848184818482	"RHYP13SN"	"RHYP13SN"	3324	1837	"Salt-sensitive"	"SD"	"LS"	"SD-LS"	"HYP"	"Inhibitory neuron"	"C3-42 Mid-1 GABA-2 LGR5"	"Avp+ neurons, GABAergic"
"Ep300(+),"	"RHYP13SN_TAGGAGGAGTTCTCTT-1"	0.037997799779978	"RHYP13SN"	"RHYP13SN"	3339	1656	"Salt-sensitive"	"SD"	"LS"	"SD-LS"	"HYP"	"Inhibitory neuron"	"C3-42 Mid-1 GABA-2 LGR5"	"Avp+ neurons, GABAergic"
"Ep300(+),"	"RHYP13SN_CATTCATCAAACCATC-1"	0.0443481848184819	"RHYP13SN"	"RHYP13SN"	3327	1740	"Salt-sensitive"	"SD"	"LS"	"SD-LS"	"HYP"	"Inhibitory neuron"	"C3-42 Mid-1 GABA-2 LGR5"	"Avp+ neurons, GABAergic"
"Ep300(+),"	"RHYP13SN_GGGTTATCAAGGCAAC-1"	0.0526705170517052	"RHYP13SN"	"RHYP13SN"	3295	1830	"Salt-sensitive"	"SD"	"LS"	"SD-LS"	"HYP"	"Inhibitory neuron"	"C3-43 Mid-1 GABA-2 CLMP"	"Avp+ neurons, GABAergic"
"Ep300(+),"	"RHYP13SN_GTAGGAGCATAGCTGT-1"	0.0563366336633663	"RHYP13SN"	"RHYP13SN"	3252	1852	"Salt-sensitive"	"SD"	"LS"	"SD-LS"	"HYP"	"Inhibitory neuron"	"C3-42 Mid-1 GABA-2 LGR5"	"Avp+ neurons, GABAergic"
"Ep300(+),"	"RHYP13SN_TGCACGGAGTCGGCCT-1"	0.0586221122112211	"RHYP13SN"	"RHYP13SN"	3228	1775	"Salt-sensitive"	"SD"	"LS"	"SD-LS"	"HYP"	"Inhibitory neuron"	"C3-46 Mid-1 GABA-2 PMFBP1"	"Avp+ neurons, GABAergic"
"Ep300(+),"	"RHYP13SN_TTACTGTTCGATTCCC-1"	0.0507645764576458	"RHYP13SN"	"RHYP13SN"	3189	1583	"Salt-sensitive"	"SD"	"LS"	"SD-LS"	"HYP"	"Inhibitory neuron"	"C3-42 Mid-1 GABA-2 LGR5"	"Avp+ neurons, GABAergic"
"Ep300(+),"	"RHYP13SN_GGGTAGAGTACAGAAT-1"	0.0460973597359736	"RHYP13SN"	"RHYP13SN"	3177	1671	"Salt-sensitive"	"SD"	"LS"	"SD-LS"	"HYP"	"Inhibitory neuron"	"C3-42 Mid-1 GABA-2 LGR5"	"Avp+ neurons, GABAergic"
"Ep300(+),"	"RHYP13SN_TCCATCGGTTGGCCGT-1"	0.0478382838283828	"RHYP13SN"	"RHYP13SN"	3154	1701	"Salt-sensitive"	"SD"	"LS"	"SD-LS"	"HYP"	"Inhibitory neuron"	"C3-42 Mid-1 GABA-2 LGR5"	"Avp+ neurons, GABAergic"
"Ep300(+),"	"RHYP13SN_TCAAGCAGTGAGTTGG-1"	0.0476567656765677	"RHYP13SN"	"RHYP13SN"	3138	1762	"Salt-sensitive"	"SD"	"LS"	"SD-LS"	"HYP"	"Inhibitory neuron"	"C3-41 Mid-1 GABA-1"	"Avp+ neurons, GABAergic"
"Ep300(+),"	"RHYP13SN_TTCCGGTAGCGTACAG-1"	0.0572139713971397	"RHYP13SN"	"RHYP13SN"	3139	1724	"Salt-sensitive"	"SD"	"LS"	"SD-LS"	"HYP"	"Inhibitory neuron"	"C3-42 Mid-1 GABA-2 LGR5"	"Avp+ neurons, GABAergic"
"Ep300(+),"	"RHYP13SN_AGTAGCTTCGAGAACG-1"	0.039491199119912	"RHYP13SN"	"RHYP13SN"	3113	1667	"Salt-sensitive"	"SD"	"LS"	"SD-LS"	"HYP"	"Inhibitory neuron"	"C3-42 Mid-1 GABA-2 LGR5"	"Avp+ neurons, GABAergic"
"Ep300(+),"	"RHYP13SN_TTGGGTATCTGCGGGT-1"	0.0410643564356436	"RHYP13SN"	"RHYP13SN"	3105	1659	"Salt-sensitive"	"SD"	"LS"	"SD-LS"	"HYP"	"Inhibitory neuron"	"C3-42 Mid-1 GABA-2 LGR5"	"Avp+ neurons, GABAergic"
"Ep300(+),"	"RHYP13SN_GTTTACTAGACCATTC-1"	0.0521149614961496	"RHYP13SN"	"RHYP13SN"	3075	1528	"Salt-sensitive"	"SD"	"LS"	"SD-LS"	"HYP"	"Inhibitory neuron"	"C3-42 Mid-1 GABA-2 LGR5"	"Avp+ neurons, GABAergic"
"Ep300(+),"	"RHYP13SN_TACGGGCCAAGATGTA-1"	0.0497194719471947	"RHYP13SN"	"RHYP13SN"	3071	1698	"Salt-sensitive"	"SD"	"LS"	"SD-LS"	"HYP"	"Inhibitory neuron"	"C3-42 Mid-1 GABA-2 LGR5"	"Avp+ neurons, GABAergic"
"Ep300(+),"	"RHYP13SN_ACATCCCGTGAATTGA-1"	0.0447112211221122	"RHYP13SN"	"RHYP13SN"	3016	1658	"Salt-sensitive"	"SD"	"LS"	"SD-LS"	"HYP"	"Inhibitory neuron"	"C3-42 Mid-1 GABA-2 LGR5"	"Avp+ neurons, GABAergic"
"Ep300(+),"	"RHYP13SN_CACAGATGTGTCTTCC-1"	0.0568124312431243	"RHYP13SN"	"RHYP13SN"	3026	1754	"Salt-sensitive"	"SD"	"LS"	"SD-LS"	"HYP"	"Inhibitory neuron"	"C3-42 Mid-1 GABA-2 LGR5"	"Avp+ neurons, GABAergic"
"Ep300(+),"	"RHYP13SN_ACTTATCTCACGGACC-1"	0.0411798679867987	"RHYP13SN"	"RHYP13SN"	2992	1728	"Salt-sensitive"	"SD"	"LS"	"SD-LS"	"HYP"	"Inhibitory neuron"	"C3-42 Mid-1 GABA-2 LGR5"	"Avp+ neurons, GABAergic"
"Ep300(+),"	"RHYP13SN_CATTCATTCATCGTAG-1"	0.0471012101210121	"RHYP13SN"	"RHYP13SN"	2957	1669	"Salt-sensitive"	"SD"	"LS"	"SD-LS"	"HYP"	"Inhibitory neuron"	"C3-42 Mid-1 GABA-2 LGR5"	"Avp+ neurons, GABAergic"
"Ep300(+),"	"RHYP13SN_GCAGTTAAGTCGCCCA-1"	0.059551705170517	"RHYP13SN"	"RHYP13SN"	2947	1683	"Salt-sensitive"	"SD"	"LS"	"SD-LS"	"HYP"	"Inhibitory neuron"	"C3-42 Mid-1 GABA-2 LGR5"	"Avp+ neurons, GABAergic"
"Ep300(+),"	"RHYP13SN_CACCGTTCACTCCGAG-1"	0.0550027502750275	"RHYP13SN"	"RHYP13SN"	2938	1643	"Salt-sensitive"	"SD"	"LS"	"SD-LS"	"HYP"	"Inhibitory neuron"	"C3-42 Mid-1 GABA-2 LGR5"	"Avp+ neurons, GABAergic"
"Ep300(+),"	"RHYP13SN_TCCTTCTCAAGGCAAC-1"	0.0562458745874587	"RHYP13SN"	"RHYP13SN"	2927	1738	"Salt-sensitive"	"SD"	"LS"	"SD-LS"	"HYP"	"Inhibitory neuron"	"C3-42 Mid-1 GABA-2 LGR5"	"Avp+ neurons, GABAergic"
"Ep300(+),"	"RHYP13SN_TGACGCGGTTAATGAG-1"	0.0501402640264026	"RHYP13SN"	"RHYP13SN"	2900	1626	"Salt-sensitive"	"SD"	"LS"	"SD-LS"	"HYP"	"Inhibitory neuron"	"C3-42 Mid-1 GABA-2 LGR5"	"Avp+ neurons, GABAergic"
"Ep300(+),"	"RHYP13SN_CAGCGTGCAAGTGTCT-1"	0.0520159515951595	"RHYP13SN"	"RHYP13SN"	2896	1577	"Salt-sensitive"	"SD"	"LS"	"SD-LS"	"HYP"	"Inhibitory neuron"	"C3-42 Mid-1 GABA-2 LGR5"	"Avp+ neurons, GABAergic"
"Ep300(+),"	"RHYP13SN_TTCACGCCATCATGAC-1"	0.0395104510451045	"RHYP13SN"	"RHYP13SN"	2893	1697	"Salt-sensitive"	"SD"	"LS"	"SD-LS"	"HYP"	"Inhibitory neuron"	"C3-42 Mid-1 GABA-2 LGR5"	"Avp+ neurons, GABAergic"
"Ep300(+),"	"RHYP13SN_TGGGCTGTCTACTATC-1"	0.0485698569856986	"RHYP13SN"	"RHYP13SN"	2883	1698	"Salt-sensitive"	"SD"	"LS"	"SD-LS"	"HYP"	"Inhibitory neuron"	"C3-42 Mid-1 GABA-2 LGR5"	"Avp+ neurons, GABAergic"
"Ep300(+),"	"RHYP13SN_ATGCATGAGTGACACG-1"	0.0436523652365237	"RHYP13SN"	"RHYP13SN"	2883	1559	"Salt-sensitive"	"SD"	"LS"	"SD-LS"	"HYP"	"Inhibitory neuron"	"C3-42 Mid-1 GABA-2 LGR5"	"Avp+ neurons, GABAergic"
"Ep300(+),"	"RHYP13SN_CATACCCGTGTCTTGA-1"	0.0427365236523652	"RHYP13SN"	"RHYP13SN"	2873	1688	"Salt-sensitive"	"SD"	"LS"	"SD-LS"	"HYP"	"Inhibitory neuron"	"C3-37 Pre-1 GABA-5"	"Avp+ neurons, GABAergic"
"Ep300(+),"	"RHYP13SN_CACTAAGGTATGGTAA-1"	0.0521067106710671	"RHYP13SN"	"RHYP13SN"	2861	1674	"Salt-sensitive"	"SD"	"LS"	"SD-LS"	"HYP"	"Inhibitory neuron"	"C3-42 Mid-1 GABA-2 LGR5"	"Avp+ neurons, GABAergic"
"Ep300(+),"	"RHYP13SN_TTCGCTGCAACCGCCA-1"	0.0472552255225523	"RHYP13SN"	"RHYP13SN"	2831	1512	"Salt-sensitive"	"SD"	"LS"	"SD-LS"	"HYP"	"Inhibitory neuron"	"C3-42 Mid-1 GABA-2 LGR5"	"Avp+ neurons, GABAergic"
"Ep300(+),"	"RHYP13SN_TGTTGGATCACTGTCC-1"	0.0497277227722772	"RHYP13SN"	"RHYP13SN"	2813	1535	"Salt-sensitive"	"SD"	"LS"	"SD-LS"	"HYP"	"Inhibitory neuron"	"C3-42 Mid-1 GABA-2 LGR5"	"Avp+ neurons, GABAergic"
"Ep300(+),"	"RHYP13SN_CACTGAAAGATTGCGG-1"	0.0503932893289329	"RHYP13SN"	"RHYP13SN"	2801	1627	"Salt-sensitive"	"SD"	"LS"	"SD-LS"	"HYP"	"Inhibitory neuron"	"C3-42 Mid-1 GABA-2 LGR5"	"Avp+ neurons, GABAergic"
"Ep300(+),"	"RHYP13SN_CATCCACAGAGGCCAT-1"	0.0533113311331133	"RHYP13SN"	"RHYP13SN"	2782	1626	"Salt-sensitive"	"SD"	"LS"	"SD-LS"	"HYP"	"Inhibitory neuron"	"C3-42 Mid-1 GABA-2 LGR5"	"Avp+ neurons, GABAergic"
"Ep300(+),"	"RHYP13SN_GGAGATGCAAATCCCA-1"	0.057970297029703	"RHYP13SN"	"RHYP13SN"	2769	1652	"Salt-sensitive"	"SD"	"LS"	"SD-LS"	"HYP"	"Inhibitory neuron"	"C3-42 Mid-1 GABA-2 LGR5"	"Avp+ neurons, GABAergic"
"Ep300(+),"	"RHYP13SN_TCTCCGAAGAAGGTAG-1"	0.0458003300330033	"RHYP13SN"	"RHYP13SN"	2696	1413	"Salt-sensitive"	"SD"	"LS"	"SD-LS"	"HYP"	"Inhibitory neuron"	"C3-42 Mid-1 GABA-2 LGR5"	"Avp+ neurons, GABAergic"
"Ep300(+),"	"RHYP13SN_TTCCTAAAGGTGTGAC-1"	0.0676622662266227	"RHYP13SN"	"RHYP13SN"	2638	1507	"Salt-sensitive"	"SD"	"LS"	"SD-LS"	"HYP"	"Inhibitory neuron"	"C3-42 Mid-1 GABA-2 LGR5"	"Avp+ neurons, GABAergic"
"Ep300(+),"	"RHYP13SN_CCGTTCATCAAGAATG-1"	0.0398569856985699	"RHYP13SN"	"RHYP13SN"	2582	1558	"Salt-sensitive"	"SD"	"LS"	"SD-LS"	"HYP"	"Inhibitory neuron"	"C3-125 Mid-2 GABA-GLU-2 NTS"	"Avp+ neurons, GABAergic"
"Ep300(+),"	"RHYP13SN_ACGGAAGCACATCATG-1"	0.0614081408140814	"RHYP13SN"	"RHYP13SN"	2569	1489	"Salt-sensitive"	"SD"	"LS"	"SD-LS"	"HYP"	"Inhibitory neuron"	"C3-42 Mid-1 GABA-2 LGR5"	"Avp+ neurons, GABAergic"
"Ep300(+),"	"RHYP13SN_ATTTACCCACCGTGGT-1"	0.0640539053905391	"RHYP13SN"	"RHYP13SN"	2569	1564	"Salt-sensitive"	"SD"	"LS"	"SD-LS"	"HYP"	"Inhibitory neuron"	"C3-42 Mid-1 GABA-2 LGR5"	"Avp+ neurons, GABAergic"
"Ep300(+),"	"RHYP13SN_TCGCTCATCACCTTAT-1"	0.0459763476347635	"RHYP13SN"	"RHYP13SN"	2561	1554	"Salt-sensitive"	"SD"	"LS"	"SD-LS"	"HYP"	"Inhibitory neuron"	"C3-126 Mid-2 GABA-GLU-2 PPP1R17"	"Avp+ neurons, GABAergic"
"Ep300(+),"	"RHYP13SN_CCAAGCGGTTGATGTC-1"	0.0527860286028603	"RHYP13SN"	"RHYP13SN"	2554	1447	"Salt-sensitive"	"SD"	"LS"	"SD-LS"	"HYP"	"Inhibitory neuron"	"C3-42 Mid-1 GABA-2 LGR5"	"Avp+ neurons, GABAergic"
"Ep300(+),"	"RHYP13SN_GTCAAACGTGGTACAG-1"	0.0506930693069307	"RHYP13SN"	"RHYP13SN"	2545	1523	"Salt-sensitive"	"SD"	"LS"	"SD-LS"	"HYP"	"Inhibitory neuron"	"C3-35 Pre-1 GABA-3 TBL1Y"	"Avp+ neurons, GABAergic"
"Ep300(+),"	"RHYP13SN_ACCCTCATCGGAACTT-1"	0.0623514851485149	"RHYP13SN"	"RHYP13SN"	2543	1408	"Salt-sensitive"	"SD"	"LS"	"SD-LS"	"HYP"	"Inhibitory neuron"	"C3-42 Mid-1 GABA-2 LGR5"	"Avp+ neurons, GABAergic"
"Ep300(+),"	"RHYP13SN_TAACACGCATTGAAAG-1"	0.0397277227722772	"RHYP13SN"	"RHYP13SN"	2541	1483	"Salt-sensitive"	"SD"	"LS"	"SD-LS"	"HYP"	"Inhibitory neuron"	"C3-42 Mid-1 GABA-2 LGR5"	"Avp+ neurons, GABAergic"
"Ep300(+),"	"RHYP13SN_AAGAACATCCCAATAG-1"	0.0420269526952695	"RHYP13SN"	"RHYP13SN"	2533	1512	"Salt-sensitive"	"SD"	"LS"	"SD-LS"	"HYP"	"Inhibitory neuron"	"C3-42 Mid-1 GABA-2 LGR5"	"Avp+ neurons, GABAergic"
"Ep300(+),"	"RHYP13SN_CCTATCGAGGCTGAAC-1"	0.0514521452145215	"RHYP13SN"	"RHYP13SN"	2521	1354	"Salt-sensitive"	"SD"	"LS"	"SD-LS"	"HYP"	"Inhibitory neuron"	"C3-42 Mid-1 GABA-2 LGR5"	"Avp+ neurons, GABAergic"
"Ep300(+),"	"RHYP13SN_ATGGATCGTTGCGAAG-1"	0.0512101210121012	"RHYP13SN"	"RHYP13SN"	2513	1500	"Salt-sensitive"	"SD"	"LS"	"SD-LS"	"HYP"	"Inhibitory neuron"	"C3-42 Mid-1 GABA-2 LGR5"	"Avp+ neurons, GABAergic"
"Ep300(+),"	"RHYP13SN_GATCATGGTCGTGCCA-1"	0.0459130913091309	"RHYP13SN"	"RHYP13SN"	2505	1476	"Salt-sensitive"	"SD"	"LS"	"SD-LS"	"HYP"	"Inhibitory neuron"	"C3-44 Mid-1 GABA-2 ERFL"	"Avp+ neurons, GABAergic"
"Ep300(+),"	"RHYP13SN_AAATGGACATTCATCT-1"	0.0698514851485149	"RHYP13SN"	"RHYP13SN"	2498	1443	"Salt-sensitive"	"SD"	"LS"	"SD-LS"	"HYP"	"Inhibitory neuron"	"C3-42 Mid-1 GABA-2 LGR5"	"Avp+ neurons, GABAergic"
"Ep300(+),"	"RHYP13SN_GCCTGTTTCGTCAAAC-1"	0.0417546754675468	"RHYP13SN"	"RHYP13SN"	2456	1373	"Salt-sensitive"	"SD"	"LS"	"SD-LS"	"HYP"	"Inhibitory neuron"	"C3-42 Mid-1 GABA-2 LGR5"	"Avp+ neurons, GABAergic"
"Ep300(+),"	"RHYP13SN_AGGAATAAGATGCTGG-1"	0.0657480748074808	"RHYP13SN"	"RHYP13SN"	2439	1441	"Salt-sensitive"	"SD"	"LS"	"SD-LS"	"HYP"	"Inhibitory neuron"	"C3-36 Pre-1 GABA-4"	"Avp+ neurons, GABAergic"
"Ep300(+),"	"RHYP13SN_AGTAACCCAGAGGTAC-1"	0.0531160616061606	"RHYP13SN"	"RHYP13SN"	2417	1454	"Salt-sensitive"	"SD"	"LS"	"SD-LS"	"HYP"	"Inhibitory neuron"	"C3-42 Mid-1 GABA-2 LGR5"	"Avp+ neurons, GABAergic"
"Ep300(+),"	"RHYP13SN_GGATGTTTCCATCTAT-1"	0.0409213421342134	"RHYP13SN"	"RHYP13SN"	2363	1444	"Salt-sensitive"	"SD"	"LS"	"SD-LS"	"HYP"	"Inhibitory neuron"	"C3-126 Mid-2 GABA-GLU-2 PPP1R17"	"Avp+ neurons, GABAergic"
"Ep300(+),"	"RHYP13SN_CGTCCATTCAACCGAT-1"	0.0503107810781078	"RHYP13SN"	"RHYP13SN"	2330	1440	"Salt-sensitive"	"SD"	"LS"	"SD-LS"	"HYP"	"Inhibitory neuron"	"C3-42 Mid-1 GABA-2 LGR5"	"Avp+ neurons, GABAergic"
"Ep300(+),"	"RHYP13SN_CCTCTAGAGAAGTATC-1"	0.0362293729372937	"RHYP13SN"	"RHYP13SN"	2334	1347	"Salt-sensitive"	"SD"	"LS"	"SD-LS"	"HYP"	"Inhibitory neuron"	"C3-42 Mid-1 GABA-2 LGR5"	"Avp+ neurons, GABAergic"
"Ep300(+),"	"RHYP13SN_CAGCCAGAGTTCCATG-1"	0.055	"RHYP13SN"	"RHYP13SN"	2334	1433	"Salt-sensitive"	"SD"	"LS"	"SD-LS"	"HYP"	"Inhibitory neuron"	"C3-37 Pre-1 GABA-5"	"Avp+ neurons, GABAergic"
"Ep300(+),"	"RHYP13SN_GGAGGATCAGGTGTGA-1"	0.0286166116611661	"RHYP13SN"	"RHYP13SN"	2320	1423	"Salt-sensitive"	"SD"	"LS"	"SD-LS"	"HYP"	"Excitatory neuron"	"C3-113 Mid-3 GLU-5"	"Avp+ neurons, glutamatergic"
"Ep300(+),"	"RHYP13SN_ATGGTTGCATTGCCGG-1"	0.0476677667766777	"RHYP13SN"	"RHYP13SN"	2303	1403	"Salt-sensitive"	"SD"	"LS"	"SD-LS"	"HYP"	"Inhibitory neuron"	"C3-42 Mid-1 GABA-2 LGR5"	"Avp+ neurons, GABAergic"
"Ep300(+),"	"RHYP13SN_GCTACAAAGCACGTCC-1"	0.0397469746974697	"RHYP13SN"	"RHYP13SN"	2274	1474	"Salt-sensitive"	"SD"	"LS"	"SD-LS"	"HYP"	"Inhibitory neuron"	"C3-42 Mid-1 GABA-2 LGR5"	"Avp+ neurons, GABAergic"
"Ep300(+),"	"RHYP13SN_CTCCCTCGTTGGGAAC-1"	0.0521314631463146	"RHYP13SN"	"RHYP13SN"	2254	1409	"Salt-sensitive"	"SD"	"LS"	"SD-LS"	"HYP"	"Inhibitory neuron"	"C3-42 Mid-1 GABA-2 LGR5"	"Avp+ neurons, GABAergic"
"Ep300(+),"	"RHYP13SN_GCAGGCTGTTCAAGTC-1"	0.0608278327832783	"RHYP13SN"	"RHYP13SN"	2243	1411	"Salt-sensitive"	"SD"	"LS"	"SD-LS"	"HYP"	"Inhibitory neuron"	"C3-56 Mid-1 GABA-4 HMX3"	"Avp+ neurons, GABAergic"
"Ep300(+),"	"RHYP13SN_GGTGATTAGATGATTG-1"	0.0584213421342134	"RHYP13SN"	"RHYP13SN"	2240	1364	"Salt-sensitive"	"SD"	"LS"	"SD-LS"	"HYP"	"Inhibitory neuron"	"C3-126 Mid-2 GABA-GLU-2 PPP1R17"	"Avp+ neurons, GABAergic"
"Ep300(+),"	"RHYP13SN_ACCTGTCGTTGGTAGG-1"	0.048982398239824	"RHYP13SN"	"RHYP13SN"	2196	1404	"Salt-sensitive"	"SD"	"LS"	"SD-LS"	"HYP"	"Inhibitory neuron"	"C3-42 Mid-1 GABA-2 LGR5"	"Avp+ neurons, GABAergic"
"Ep300(+),"	"RHYP13SN_TACTGCCTCAGAGTTC-1"	0.0596287128712871	"RHYP13SN"	"RHYP13SN"	2150	1353	"Salt-sensitive"	"SD"	"LS"	"SD-LS"	"HYP"	"Inhibitory neuron"	"C3-42 Mid-1 GABA-2 LGR5"	"Avp+ neurons, GABAergic"
"Ep300(+),"	"RHYP13SN_CCTCCTCGTACCGGAA-1"	0.0558828382838284	"RHYP13SN"	"RHYP13SN"	2127	1406	"Salt-sensitive"	"SD"	"LS"	"SD-LS"	"HYP"	"Inhibitory neuron"	"C3-132 Mid-2 GABA-GLU-3 PGR"	"Avp+ neurons, GABAergic"
"Ep300(+),"	"RHYP13SN_AACAAAGAGTAAGAGG-1"	0.0717354235423542	"RHYP13SN"	"RHYP13SN"	2133	1401	"Salt-sensitive"	"SD"	"LS"	"SD-LS"	"HYP"	"Inhibitory neuron"	"C3-42 Mid-1 GABA-2 LGR5"	"Avp+ neurons, GABAergic"
"Ep300(+),"	"RHYP13SN_TCTCCGAGTTGTAGCT-1"	0.0543591859185919	"RHYP13SN"	"RHYP13SN"	2085	1272	"Salt-sensitive"	"SD"	"LS"	"SD-LS"	"HYP"	"Inhibitory neuron"	"C3-42 Mid-1 GABA-2 LGR5"	"Avp+ neurons, GABAergic"
"Ep300(+),"	"RHYP13SN_GTGCTGGGTAGTTACC-1"	0.0568866886688669	"RHYP13SN"	"RHYP13SN"	2062	1296	"Salt-sensitive"	"SD"	"LS"	"SD-LS"	"HYP"	"Inhibitory neuron"	"C3-42 Mid-1 GABA-2 LGR5"	"Avp+ neurons, GABAergic"
"Ep300(+),"	"RHYP13SN_AACGAAAAGGGTCTTT-1"	0.0518591859185919	"RHYP13SN"	"RHYP13SN"	2039	1281	"Salt-sensitive"	"SD"	"LS"	"SD-LS"	"HYP"	"Inhibitory neuron"	"C3-43 Mid-1 GABA-2 CLMP"	"Avp+ neurons, GABAergic"
"Ep300(+),"	"RHYP13SN_TGGAACTGTTGCTCCT-1"	0.045027502750275	"RHYP13SN"	"RHYP13SN"	2042	1335	"Salt-sensitive"	"SD"	"LS"	"SD-LS"	"HYP"	"Inhibitory neuron"	"C3-42 Mid-1 GABA-2 LGR5"	"Avp+ neurons, GABAergic"
"Ep300(+),"	"RHYP13SN_GGTCACGAGGTAGGCT-1"	0.0470049504950495	"RHYP13SN"	"RHYP13SN"	2022	1325	"Salt-sensitive"	"SD"	"LS"	"SD-LS"	"HYP"	"Inhibitory neuron"	"C3-42 Mid-1 GABA-2 LGR5"	"Avp+ neurons, GABAergic"
"Ep300(+),"	"RHYP13SN_CAGTTAGTCAGAGCAG-1"	0.0557590759075908	"RHYP13SN"	"RHYP13SN"	2020	1350	"Salt-sensitive"	"SD"	"LS"	"SD-LS"	"HYP"	"Inhibitory neuron"	"C3-42 Mid-1 GABA-2 LGR5"	"Avp+ neurons, GABAergic"
"Ep300(+),"	"RHYP13SN_GCTGAATGTATGCTAC-1"	0.0564851485148515	"RHYP13SN"	"RHYP13SN"	1987	955	"Salt-sensitive"	"SD"	"LS"	"SD-LS"	"HYP"	"Inhibitory neuron"	"C3-70 Pre-2 GABA-1 IL1RAPL2"	"Avp+ neurons, GABAergic"
"Ep300(+),"	"RHYP13SN_GTAATCGGTGTGGACA-1"	0.0551815181518152	"RHYP13SN"	"RHYP13SN"	1986	1246	"Salt-sensitive"	"SD"	"LS"	"SD-LS"	"HYP"	"Inhibitory neuron"	"C3-42 Mid-1 GABA-2 LGR5"	"Avp+ neurons, GABAergic"
"Ep300(+),"	"RHYP13SN_GTAACACCAATAGTAG-1"	0.0515594059405941	"RHYP13SN"	"RHYP13SN"	1971	1282	"Salt-sensitive"	"SD"	"LS"	"SD-LS"	"HYP"	"Inhibitory neuron"	"C3-125 Mid-2 GABA-GLU-2 NTS"	"Avp+ neurons, GABAergic"
"Ep300(+),"	"RHYP13SN_CACTGTCAGCGCCATC-1"	0.0463696369636964	"RHYP13SN"	"RHYP13SN"	1959	1285	"Salt-sensitive"	"SD"	"LS"	"SD-LS"	"HYP"	"Inhibitory neuron"	"C3-42 Mid-1 GABA-2 LGR5"	"Avp+ neurons, GABAergic"
"Ep300(+),"	"RHYP13SN_CTGTATTTCTTAGGAC-1"	0.0544114411441144	"RHYP13SN"	"RHYP13SN"	1905	1239	"Salt-sensitive"	"SD"	"LS"	"SD-LS"	"HYP"	"Inhibitory neuron"	"C3-42 Mid-1 GABA-2 LGR5"	"Avp+ neurons, GABAergic"
"Ep300(+),"	"RHYP13SN_AGAAGTAAGTATTCCG-1"	0.0471122112211221	"RHYP13SN"	"RHYP13SN"	1892	1200	"Salt-sensitive"	"SD"	"LS"	"SD-LS"	"HYP"	"Inhibitory neuron"	"C3-42 Mid-1 GABA-2 LGR5"	"Avp+ neurons, GABAergic"
"Ep300(+),"	"RHYP13SN_GGAGCAATCGAGAAAT-1"	0.0523789878987899	"RHYP13SN"	"RHYP13SN"	1881	1207	"Salt-sensitive"	"SD"	"LS"	"SD-LS"	"HYP"	"Inhibitory neuron"	"C3-42 Mid-1 GABA-2 LGR5"	"Avp+ neurons, GABAergic"
"Ep300(+),"	"RHYP13SN_CCCATTGGTGTTACTG-1"	0.042024202420242	"RHYP13SN"	"RHYP13SN"	1870	1207	"Salt-sensitive"	"SD"	"LS"	"SD-LS"	"HYP"	"Inhibitory neuron"	"C3-42 Mid-1 GABA-2 LGR5"	"Avp+ neurons, GABAergic"
"Ep300(+),"	"RHYP13SN_TACTTCATCGGAAGGT-1"	0.0577612761276128	"RHYP13SN"	"RHYP13SN"	1823	1223	"Salt-sensitive"	"SD"	"LS"	"SD-LS"	"HYP"	"Inhibitory neuron"	"C3-126 Mid-2 GABA-GLU-2 PPP1R17"	"Avp+ neurons, GABAergic"
"Ep300(+),"	"RHYP13SN_TATTGCTAGATGTTCC-1"	0.0369471947194719	"RHYP13SN"	"RHYP13SN"	1816	1182	"Salt-sensitive"	"SD"	"LS"	"SD-LS"	"HYP"	"Inhibitory neuron"	"C3-42 Mid-1 GABA-2 LGR5"	"Avp+ neurons, GABAergic"
"Ep300(+),"	"RHYP13SN_AATTCCTCATATACCG-1"	0.0344251925192519	"RHYP13SN"	"RHYP13SN"	1812	1049	"Salt-sensitive"	"SD"	"LS"	"SD-LS"	"HYP"	"Inhibitory neuron"	"C3-42 Mid-1 GABA-2 LGR5"	"Avp+ neurons, GABAergic"
"Ep300(+),"	"RHYP13SN_GACTTCCAGCGTTCAT-1"	0.054994499449945	"RHYP13SN"	"RHYP13SN"	1782	1143	"Salt-sensitive"	"SD"	"LS"	"SD-LS"	"HYP"	"Inhibitory neuron"	"C3-42 Mid-1 GABA-2 LGR5"	"Avp+ neurons, GABAergic"
"Ep300(+),"	"RHYP13SN_TAACACGTCATAAGGA-1"	0.0525522552255226	"RHYP13SN"	"RHYP13SN"	1788	1195	"Salt-sensitive"	"SD"	"LS"	"SD-LS"	"HYP"	"Inhibitory neuron"	"C3-42 Mid-1 GABA-2 LGR5"	"Avp+ neurons, GABAergic"
"Ep300(+),"	"RHYP13SN_CTTTCGGAGTACGTCT-1"	0.0481160616061606	"RHYP13SN"	"RHYP13SN"	1775	1195	"Salt-sensitive"	"SD"	"LS"	"SD-LS"	"HYP"	"Inhibitory neuron"	"C3-44 Mid-1 GABA-2 ERFL"	"Avp+ neurons, GABAergic"
"Ep300(+),"	"RHYP13SN_TAGGTTGCAAGAAATC-1"	0.0569004400440044	"RHYP13SN"	"RHYP13SN"	1761	1099	"Salt-sensitive"	"SD"	"LS"	"SD-LS"	"HYP"	"Inhibitory neuron"	"C3-42 Mid-1 GABA-2 LGR5"	"Avp+ neurons, GABAergic"
"Ep300(+),"	"RHYP13SN_TCACATTTCACGATAC-1"	0.0392079207920792	"RHYP13SN"	"RHYP13SN"	1735	1177	"Salt-sensitive"	"SD"	"LS"	"SD-LS"	"HYP"	"Inhibitory neuron"	"C3-44 Mid-1 GABA-2 ERFL"	"Avp+ neurons, GABAergic"
"Ep300(+),"	"RHYP13SN_ACTACGAAGTGAGTGC-1"	0.0398679867986799	"RHYP13SN"	"RHYP13SN"	1709	1161	"Salt-sensitive"	"SD"	"LS"	"SD-LS"	"HYP"	"Inhibitory neuron"	"C3-42 Mid-1 GABA-2 LGR5"	"Avp+ neurons, GABAergic"
"Ep300(+),"	"RHYP13SN_TCCGAAAGTTCGGTTA-1"	0.0638036303630363	"RHYP13SN"	"RHYP13SN"	1693	1147	"Salt-sensitive"	"SD"	"LS"	"SD-LS"	"HYP"	"Inhibitory neuron"	"C3-42 Mid-1 GABA-2 LGR5"	"Avp+ neurons, GABAergic"
"Ep300(+),"	"RHYP13SN_GTAGAAATCCGTGACG-1"	0.0501567656765677	"RHYP13SN"	"RHYP13SN"	1663	1139	"Salt-sensitive"	"SD"	"LS"	"SD-LS"	"HYP"	"Inhibitory neuron"	"C3-42 Mid-1 GABA-2 LGR5"	"Avp+ neurons, GABAergic"
"Ep300(+),"	"RHYP13SN_TTAGGGTCAGCACCCA-1"	0.0429317931793179	"RHYP13SN"	"RHYP13SN"	1654	1104	"Salt-sensitive"	"SD"	"LS"	"SD-LS"	"HYP"	"Inhibitory neuron"	"C3-42 Mid-1 GABA-2 LGR5"	"Avp+ neurons, GABAergic"
"Ep300(+),"	"RHYP13SN_TTCCGGTGTGAGACGT-1"	0.0665291529152915	"RHYP13SN"	"RHYP13SN"	1638	1124	"Salt-sensitive"	"SD"	"LS"	"SD-LS"	"HYP"	"Inhibitory neuron"	"C3-42 Mid-1 GABA-2 LGR5"	"Avp+ neurons, GABAergic"
"Ep300(+),"	"RHYP13SN_AGTAGCTAGGACTATA-1"	0.0449807480748075	"RHYP13SN"	"RHYP13SN"	1603	1071	"Salt-sensitive"	"SD"	"LS"	"SD-LS"	"HYP"	"Inhibitory neuron"	"C3-42 Mid-1 GABA-2 LGR5"	"Avp+ neurons, GABAergic"
"Ep300(+),"	"RHYP13SN_GTAGATCCACGAGAAC-1"	0.0497964796479648	"RHYP13SN"	"RHYP13SN"	1607	1083	"Salt-sensitive"	"SD"	"LS"	"SD-LS"	"HYP"	"Inhibitory neuron"	"C3-42 Mid-1 GABA-2 LGR5"	"Avp+ neurons, GABAergic"
"Ep300(+),"	"RHYP13SN_TTCCACGAGGATTTGA-1"	0.0445627062706271	"RHYP13SN"	"RHYP13SN"	1599	1079	"Salt-sensitive"	"SD"	"LS"	"SD-LS"	"HYP"	"Inhibitory neuron"	"C3-42 Mid-1 GABA-2 LGR5"	"Avp+ neurons, GABAergic"
"Ep300(+),"	"RHYP13SN_AGTAGTCCACCAATTG-1"	0.0647029702970297	"RHYP13SN"	"RHYP13SN"	1563	1023	"Salt-sensitive"	"SD"	"LS"	"SD-LS"	"HYP"	"Inhibitory neuron"	"C3-42 Mid-1 GABA-2 LGR5"	"Avp+ neurons, GABAergic"
"Ep300(+),"	"RHYP13SN_TTTGGAGGTAGGACTG-1"	0.0680720572057206	"RHYP13SN"	"RHYP13SN"	1521	1038	"Salt-sensitive"	"SD"	"LS"	"SD-LS"	"HYP"	"Inhibitory neuron"	"C3-42 Mid-1 GABA-2 LGR5"	"Avp+ neurons, GABAergic"
"Ep300(+),"	"RHYP13SN_AGGGAGTGTTGACTAC-1"	0.0401650165016502	"RHYP13SN"	"RHYP13SN"	1517	1091	"Salt-sensitive"	"SD"	"LS"	"SD-LS"	"HYP"	"Inhibitory neuron"	"C3-25 Pre-1 GABA-8 DRD2"	"Avp+ neurons, GABAergic"
"Ep300(+),"	"RHYP13SN_GTGTGATAGCGAAACC-1"	0.0468949394939494	"RHYP13SN"	"RHYP13SN"	1514	1034	"Salt-sensitive"	"SD"	"LS"	"SD-LS"	"HYP"	"Inhibitory neuron"	"C3-42 Mid-1 GABA-2 LGR5"	"Avp+ neurons, GABAergic"
"Ep300(+),"	"RHYP13SN_GACTCAATCCCGTGTT-1"	0.0692849284928493	"RHYP13SN"	"RHYP13SN"	1501	1029	"Salt-sensitive"	"SD"	"LS"	"SD-LS"	"HYP"	"Inhibitory neuron"	"C3-42 Mid-1 GABA-2 LGR5"	"Avp+ neurons, GABAergic"
"Ep300(+),"	"RHYP13SN_TTCTTCCCACAGACGA-1"	0.045	"RHYP13SN"	"RHYP13SN"	1483	1076	"Salt-sensitive"	"SD"	"LS"	"SD-LS"	"HYP"	"Inhibitory neuron"	"C3-42 Mid-1 GABA-2 LGR5"	"Avp+ neurons, GABAergic"
"Ep300(+),"	"RHYP13SN_TGTTCCGTCGAACGGA-1"	0.0518454345434543	"RHYP13SN"	"RHYP13SN"	1474	1014	"Salt-sensitive"	"SD"	"LS"	"SD-LS"	"HYP"	"Inhibitory neuron"	"C3-37 Pre-1 GABA-5"	"Avp+ neurons, GABAergic"
"Ep300(+),"	"RHYP13SN_CTATCCGTCTTCCTAA-1"	0.0428107810781078	"RHYP13SN"	"RHYP13SN"	1476	1033	"Salt-sensitive"	"SD"	"LS"	"SD-LS"	"HYP"	"Inhibitory neuron"	"C3-125 Mid-2 GABA-GLU-2 NTS"	"Avp+ neurons, GABAergic"
"Ep300(+),"	"RHYP13SN_TACCGGGCATCCGGCA-1"	0.059994499449945	"RHYP13SN"	"RHYP13SN"	1451	924	"Salt-sensitive"	"SD"	"LS"	"SD-LS"	"HYP"	"Inhibitory neuron"	"C3-42 Mid-1 GABA-2 LGR5"	"Avp+ neurons, GABAergic"
"Ep300(+),"	"RHYP13SN_AGTTCGAGTGTTATCG-1"	0.0741941694169417	"RHYP13SN"	"RHYP13SN"	1409	1031	"Salt-sensitive"	"SD"	"LS"	"SD-LS"	"HYP"	"Inhibitory neuron"	"C3-41 Mid-1 GABA-1"	"Avp+ neurons, GABAergic"
"Ep300(+),"	"RHYP13SN_AGGGTTTTCCATTCGC-1"	0.0489081408140814	"RHYP13SN"	"RHYP13SN"	1403	980	"Salt-sensitive"	"SD"	"LS"	"SD-LS"	"HYP"	"Inhibitory neuron"	"C3-46 Mid-1 GABA-2 PMFBP1"	"Avp+ neurons, GABAergic"
"Ep300(+),"	"RHYP13SN_TACCTCGAGCCAGACA-1"	0.0293454345434543	"RHYP13SN"	"RHYP13SN"	1401	964	"Salt-sensitive"	"SD"	"LS"	"SD-LS"	"HYP"	"Inhibitory neuron"	"C3-42 Mid-1 GABA-2 LGR5"	"Avp+ neurons, GABAergic"
"Ep300(+),"	"RHYP13SN_GATCACATCTGCCTGT-1"	0.0661413641364136	"RHYP13SN"	"RHYP13SN"	1362	907	"Salt-sensitive"	"SD"	"LS"	"SD-LS"	"HYP"	"Inhibitory neuron"	"C3-42 Mid-1 GABA-2 LGR5"	"Avp+ neurons, GABAergic"
"Ep300(+),"	"RHYP13SN_GATGGAGGTCATGCAT-1"	0.0370984598459846	"RHYP13SN"	"RHYP13SN"	1362	915	"Salt-sensitive"	"SD"	"LS"	"SD-LS"	"HYP"	"Inhibitory neuron"	"C3-42 Mid-1 GABA-2 LGR5"	"Avp+ neurons, GABAergic"
"Ep300(+),"	"RHYP13SN_TTACCGCCATTAGGAA-1"	0.0330858085808581	"RHYP13SN"	"RHYP13SN"	1300	835	"Salt-sensitive"	"SD"	"LS"	"SD-LS"	"HYP"	"Inhibitory neuron"	"C3-42 Mid-1 GABA-2 LGR5"	"Avp+ neurons, GABAergic"
"Ep300(+),"	"RHYP13SN_GTCGTAATCTTTCCAA-1"	0.0591116611661166	"RHYP13SN"	"RHYP13SN"	1260	912	"Salt-sensitive"	"SD"	"LS"	"SD-LS"	"HYP"	"Inhibitory neuron"	"C3-42 Mid-1 GABA-2 LGR5"	"Avp+ neurons, GABAergic"
"Ep300(+),"	"RHYP13SN_GAGACTTTCCAAGGGA-1"	0.0631490649064907	"RHYP13SN"	"RHYP13SN"	1238	873	"Salt-sensitive"	"SD"	"LS"	"SD-LS"	"HYP"	"Inhibitory neuron"	"C3-42 Mid-1 GABA-2 LGR5"	"Avp+ neurons, GABAergic"
"Ep300(+),"	"RHYP13SN_TATGTTCTCTACCACC-1"	0.0433223322332233	"RHYP13SN"	"RHYP13SN"	1137	822	"Salt-sensitive"	"SD"	"LS"	"SD-LS"	"HYP"	"Inhibitory neuron"	"C3-126 Mid-2 GABA-GLU-2 PPP1R17"	"Avp+ neurons, GABAergic"
"Ep300(+),"	"RHYP13SN_ATAGAGAGTTGCACGC-1"	0.0475082508250825	"RHYP13SN"	"RHYP13SN"	1125	819	"Salt-sensitive"	"SD"	"LS"	"SD-LS"	"HYP"	"Inhibitory neuron"	"C3-42 Mid-1 GABA-2 LGR5"	"Avp+ neurons, GABAergic"
"Ep300(+),"	"RHYP13SN_ACTGATGAGAGTGACC-1"	0.0550715071507151	"RHYP13SN"	"RHYP13SN"	1033	813	"Salt-sensitive"	"SD"	"LS"	"SD-LS"	"HYP"	"Inhibitory neuron"	"C3-125 Mid-2 GABA-GLU-2 NTS"	"Avp+ neurons, GABAergic"
"Ep300(+),"	"RHYP13SN_CATTGTTAGTTAGAAC-1"	0.0408690869086909	"RHYP13SN"	"RHYP13SN"	1007	719	"Salt-sensitive"	"SD"	"LS"	"SD-LS"	"HYP"	"Inhibitory neuron"	"C3-37 Pre-1 GABA-5"	"Avp+ neurons, GABAergic"
"Ep300(+),"	"RHYP13SN_GTTTACTGTCCAAAGG-1"	0.0363778877887789	"RHYP13SN"	"RHYP13SN"	798	643	"Salt-sensitive"	"SD"	"LS"	"SD-LS"	"HYP"	"Inhibitory neuron"	"C3-22 Pre-1 GABA-8 PRKCH"	"Avp+ neurons, GABAergic"
"Ep300(+),"	"RHYP13SN_AGAGAATAGACCAACG-1"	0.0658443344334433	"RHYP13SN"	"RHYP13SN"	787	633	"Salt-sensitive"	"SD"	"LS"	"SD-LS"	"HYP"	"Inhibitory neuron"	"C3-46 Mid-1 GABA-2 PMFBP1"	"Avp+ neurons, GABAergic"
"Ep300(+),"	"RHYP13SN_CTCCAACTCCAAACCA-1"	0.044546204620462	"RHYP13SN"	"RHYP13SN"	754	617	"Salt-sensitive"	"SD"	"LS"	"SD-LS"	"HYP"	"Inhibitory neuron"	"C3-37 Pre-1 GABA-5"	"Avp+ neurons, GABAergic"
"Ep300(+),"	"RHYP13SN_ATACCTTCACTGATTG-1"	0.0478767876787679	"RHYP13SN"	"RHYP13SN"	661	542	"Salt-sensitive"	"SD"	"LS"	"SD-LS"	"HYP"	"Inhibitory neuron"	"C3-126 Mid-2 GABA-GLU-2 PPP1R17"	"Avp+ neurons, GABAergic"
"Ep300(+),"	"RHYP14SN_CGATGGCCACCCTAGG-1"	0.0481930693069307	"RHYP14SN"	"RHYP14SN"	8977	3464	"Salt-sensitive"	"SD"	"LS"	"SD-LS"	"HYP"	"Excitatory neuron"	"C3-111 Mid-3 GLU-4 MEDAG"	"Avp+ neurons, glutamatergic"
"Ep300(+),"	"RHYP14SN_GATGGAGTCGGCTTGG-1"	0.0434708470847085	"RHYP14SN"	"RHYP14SN"	6660	2775	"Salt-sensitive"	"SD"	"LS"	"SD-LS"	"HYP"	"Excitatory neuron"	"C3-102 Mid-3 GLU-2 OTP"	"Avp+ neurons, glutamatergic"
"Ep300(+),"	"RHYP14SN_CTACCCAGTCCCTAAA-1"	0.0442189218921892	"RHYP14SN"	"RHYP14SN"	6287	2550	"Salt-sensitive"	"SD"	"LS"	"SD-LS"	"HYP"	"Inhibitory neuron"	"C3-42 Mid-1 GABA-2 LGR5"	"Avp+ neurons, GABAergic"
"Ep300(+),"	"RHYP14SN_CACTGTCAGCTAGAAT-1"	0.0448487348734873	"RHYP14SN"	"RHYP14SN"	5673	2703	"Salt-sensitive"	"SD"	"LS"	"SD-LS"	"HYP"	"Excitatory neuron"	"C3-106 Mid-3 GLU-3 AVP"	"Avp+ neurons, glutamatergic"
"Ep300(+),"	"RHYP14SN_GATGTTGTCTTGTTAC-1"	0.0383168316831683	"RHYP14SN"	"RHYP14SN"	5638	2539	"Salt-sensitive"	"SD"	"LS"	"SD-LS"	"HYP"	"Excitatory neuron"	"C3-108 Mid-3 GLU-3 CD36"	"Avp+ neurons, glutamatergic"
"Ep300(+),"	"RHYP14SN_CTCCTCCCACTTTAGG-1"	0.041045104510451	"RHYP14SN"	"RHYP14SN"	5537	2246	"Salt-sensitive"	"SD"	"LS"	"SD-LS"	"HYP"	"Inhibitory neuron"	"C3-42 Mid-1 GABA-2 LGR5"	"Avp+ neurons, GABAergic"
"Ep300(+),"	"RHYP14SN_GACATCATCGAACGGA-1"	0.0433333333333333	"RHYP14SN"	"RHYP14SN"	5491	2700	"Salt-sensitive"	"SD"	"LS"	"SD-LS"	"HYP"	"Inhibitory neuron"	"C3-42 Mid-1 GABA-2 LGR5"	"Avp+ neurons, GABAergic"
"Ep300(+),"	"RHYP14SN_TCGAACAGTTCCGGTG-1"	0.0491419141914191	"RHYP14SN"	"RHYP14SN"	5364	2522	"Salt-sensitive"	"SD"	"LS"	"SD-LS"	"HYP"	"Excitatory neuron"	"C3-111 Mid-3 GLU-4 MEDAG"	"Avp+ neurons, glutamatergic"
"Ep300(+),"	"RHYP14SN_GTCGAATGTACTTCCC-1"	0.0350632563256326	"RHYP14SN"	"RHYP14SN"	5242	2551	"Salt-sensitive"	"SD"	"LS"	"SD-LS"	"HYP"	"Excitatory neuron"	"C3-111 Mid-3 GLU-4 MEDAG"	"Avp+ neurons, glutamatergic"
"Ep300(+),"	"RHYP14SN_CACACAACATGGCGCT-1"	0.0577255225522552	"RHYP14SN"	"RHYP14SN"	4967	2297	"Salt-sensitive"	"SD"	"LS"	"SD-LS"	"HYP"	"Inhibitory neuron"	"C3-42 Mid-1 GABA-2 LGR5"	"Avp+ neurons, GABAergic"
"Ep300(+),"	"RHYP14SN_AGATCGTCAAAGAACT-1"	0.0397332233223322	"RHYP14SN"	"RHYP14SN"	4947	2579	"Salt-sensitive"	"SD"	"LS"	"SD-LS"	"HYP"	"Excitatory neuron"	"C3-101 Mid-3 GLU-2 CBLN2"	"Avp+ neurons, glutamatergic"
"Ep300(+),"	"RHYP14SN_CAGCAGCTCAAGAATG-1"	0.0509295929592959	"RHYP14SN"	"RHYP14SN"	4879	2341	"Salt-sensitive"	"SD"	"LS"	"SD-LS"	"HYP"	"Excitatory neuron"	"C3-111 Mid-3 GLU-4 MEDAG"	"Avp+ neurons, glutamatergic"
"Ep300(+),"	"RHYP14SN_TCCCACATCAAGAGTA-1"	0.0304345434543454	"RHYP14SN"	"RHYP14SN"	4570	2239	"Salt-sensitive"	"SD"	"LS"	"SD-LS"	"HYP"	"Inhibitory neuron"	"C3-45 Mid-1 GABA-2 FAM9B"	"Avp+ neurons, GABAergic"
"Ep300(+),"	"RHYP14SN_AAGCGAGTCCTACGAA-1"	0.052959295929593	"RHYP14SN"	"RHYP14SN"	4567	2357	"Salt-sensitive"	"SD"	"LS"	"SD-LS"	"HYP"	"Inhibitory neuron"	"C3-41 Mid-1 GABA-1"	"Avp+ neurons, GABAergic"
"Ep300(+),"	"RHYP14SN_AGGGTTTCAAAGCACG-1"	0.0501925192519252	"RHYP14SN"	"RHYP14SN"	4448	2239	"Salt-sensitive"	"SD"	"LS"	"SD-LS"	"HYP"	"Excitatory neuron"	"C3-106 Mid-3 GLU-3 AVP"	"Avp+ neurons, glutamatergic"
"Ep300(+),"	"RHYP14SN_ACGGTCGCAGCTAACT-1"	0.0506710671067107	"RHYP14SN"	"RHYP14SN"	4298	1976	"Salt-sensitive"	"SD"	"LS"	"SD-LS"	"HYP"	"Inhibitory neuron"	"C3-42 Mid-1 GABA-2 LGR5"	"Avp+ neurons, GABAergic"
"Ep300(+),"	"RHYP14SN_GGTGATTTCTTTCGAT-1"	0.0466336633663366	"RHYP14SN"	"RHYP14SN"	4253	2177	"Salt-sensitive"	"SD"	"LS"	"SD-LS"	"HYP"	"Inhibitory neuron"	"C3-42 Mid-1 GABA-2 LGR5"	"Avp+ neurons, GABAergic"
"Ep300(+),"	"RHYP14SN_ATTCCCGAGCATCGAG-1"	0.0502392739273927	"RHYP14SN"	"RHYP14SN"	4193	2198	"Salt-sensitive"	"SD"	"LS"	"SD-LS"	"HYP"	"Excitatory neuron"	"C3-106 Mid-3 GLU-3 AVP"	"Avp+ neurons, glutamatergic"
"Ep300(+),"	"RHYP14SN_GCTCAAATCCCTCTCC-1"	0.0631023102310231	"RHYP14SN"	"RHYP14SN"	4154	1875	"Salt-sensitive"	"SD"	"LS"	"SD-LS"	"HYP"	"Inhibitory neuron"	"C3-42 Mid-1 GABA-2 LGR5"	"Avp+ neurons, GABAergic"
"Ep300(+),"	"RHYP14SN_AAACCCAAGCACCCAC-1"	0.052035203520352	"RHYP14SN"	"RHYP14SN"	4161	2196	"Salt-sensitive"	"SD"	"LS"	"SD-LS"	"HYP"	"Inhibitory neuron"	"C3-42 Mid-1 GABA-2 LGR5"	"Avp+ neurons, GABAergic"
"Ep300(+),"	"RHYP14SN_ATACCTTTCTGTCGCT-1"	0.0314163916391639	"RHYP14SN"	"RHYP14SN"	4140	1966	"Salt-sensitive"	"SD"	"LS"	"SD-LS"	"HYP"	"Inhibitory neuron"	"C3-42 Mid-1 GABA-2 LGR5"	"Avp+ neurons, GABAergic"
"Ep300(+),"	"RHYP14SN_AAGGTAACACAATGTC-1"	0.0444334433443344	"RHYP14SN"	"RHYP14SN"	4102	1867	"Salt-sensitive"	"SD"	"LS"	"SD-LS"	"HYP"	"Inhibitory neuron"	"C3-42 Mid-1 GABA-2 LGR5"	"Avp+ neurons, GABAergic"
"Ep300(+),"	"RHYP14SN_CAATGACTCAGCGTCG-1"	0.0350247524752475	"RHYP14SN"	"RHYP14SN"	3987	2091	"Salt-sensitive"	"SD"	"LS"	"SD-LS"	"HYP"	"Excitatory neuron"	"C3-111 Mid-3 GLU-4 MEDAG"	"Avp+ neurons, glutamatergic"
"Ep300(+),"	"RHYP14SN_AACAACCTCCAGCTCT-1"	0.0395792079207921	"RHYP14SN"	"RHYP14SN"	3869	1858	"Salt-sensitive"	"SD"	"LS"	"SD-LS"	"HYP"	"Inhibitory neuron"	"C3-42 Mid-1 GABA-2 LGR5"	"Avp+ neurons, GABAergic"
"Ep300(+),"	"RHYP14SN_CGAGAAGAGGTCACCC-1"	0.0477557755775578	"RHYP14SN"	"RHYP14SN"	3872	1950	"Salt-sensitive"	"SD"	"LS"	"SD-LS"	"HYP"	"Inhibitory neuron"	"C3-42 Mid-1 GABA-2 LGR5"	"Avp+ neurons, GABAergic"
"Ep300(+),"	"RHYP14SN_TCTTTGAGTACTCCCT-1"	0.044004400440044	"RHYP14SN"	"RHYP14SN"	3867	1975	"Salt-sensitive"	"SD"	"LS"	"SD-LS"	"HYP"	"Inhibitory neuron"	"C3-42 Mid-1 GABA-2 LGR5"	"Avp+ neurons, GABAergic"
"Ep300(+),"	"RHYP14SN_TTCTTCCCAGGACTTT-1"	0.050995599559956	"RHYP14SN"	"RHYP14SN"	3861	1986	"Salt-sensitive"	"SD"	"LS"	"SD-LS"	"HYP"	"Inhibitory neuron"	"C3-42 Mid-1 GABA-2 LGR5"	"Avp+ neurons, GABAergic"
"Ep300(+),"	"RHYP14SN_ACGTACACAATGCAGG-1"	0.0406600660066007	"RHYP14SN"	"RHYP14SN"	3842	1823	"Salt-sensitive"	"SD"	"LS"	"SD-LS"	"HYP"	"Inhibitory neuron"	"C3-42 Mid-1 GABA-2 LGR5"	"Avp+ neurons, GABAergic"
"Ep300(+),"	"RHYP14SN_TGCGGCACACCGAATT-1"	0.0517821782178218	"RHYP14SN"	"RHYP14SN"	3766	1807	"Salt-sensitive"	"SD"	"LS"	"SD-LS"	"HYP"	"Inhibitory neuron"	"C3-42 Mid-1 GABA-2 LGR5"	"Avp+ neurons, GABAergic"
"Ep300(+),"	"RHYP14SN_CTGTACCTCGAGATGG-1"	0.0471397139713971	"RHYP14SN"	"RHYP14SN"	3750	2111	"Salt-sensitive"	"SD"	"LS"	"SD-LS"	"HYP"	"Excitatory neuron"	"C3-106 Mid-3 GLU-3 AVP"	"Avp+ neurons, glutamatergic"
"Ep300(+),"	"RHYP14SN_TCCTTTCAGCCTTCTC-1"	0.0421232123212321	"RHYP14SN"	"RHYP14SN"	3739	1770	"Salt-sensitive"	"SD"	"LS"	"SD-LS"	"HYP"	"Inhibitory neuron"	"C3-42 Mid-1 GABA-2 LGR5"	"Avp+ neurons, GABAergic"
"Ep300(+),"	"RHYP14SN_CGTTCTGCAACGATCT-1"	0.0607810781078108	"RHYP14SN"	"RHYP14SN"	3628	1888	"Salt-sensitive"	"SD"	"LS"	"SD-LS"	"HYP"	"Inhibitory neuron"	"C3-42 Mid-1 GABA-2 LGR5"	"Avp+ neurons, GABAergic"
"Ep300(+),"	"RHYP14SN_GGCGTCAGTACGCTTA-1"	0.051958195819582	"RHYP14SN"	"RHYP14SN"	3582	1802	"Salt-sensitive"	"SD"	"LS"	"SD-LS"	"HYP"	"Inhibitory neuron"	"C3-42 Mid-1 GABA-2 LGR5"	"Avp+ neurons, GABAergic"
"Ep300(+),"	"RHYP14SN_TCAGGTATCCTCGCAT-1"	0.0542491749174917	"RHYP14SN"	"RHYP14SN"	3520	1733	"Salt-sensitive"	"SD"	"LS"	"SD-LS"	"HYP"	"Inhibitory neuron"	"C3-42 Mid-1 GABA-2 LGR5"	"Avp+ neurons, GABAergic"
"Ep300(+),"	"RHYP14SN_GTCATTTTCACGGACC-1"	0.0578850385038504	"RHYP14SN"	"RHYP14SN"	3476	1762	"Salt-sensitive"	"SD"	"LS"	"SD-LS"	"HYP"	"Inhibitory neuron"	"C3-42 Mid-1 GABA-2 LGR5"	"Avp+ neurons, GABAergic"
"Ep300(+),"	"RHYP14SN_GTTCATTAGCCTAACT-1"	0.0442629262926293	"RHYP14SN"	"RHYP14SN"	3474	1976	"Salt-sensitive"	"SD"	"LS"	"SD-LS"	"HYP"	"Excitatory neuron"	"C3-106 Mid-3 GLU-3 AVP"	"Avp+ neurons, glutamatergic"
"Ep300(+),"	"RHYP14SN_GTGAGGATCATTTCCA-1"	0.0547799779977998	"RHYP14SN"	"RHYP14SN"	3431	1843	"Salt-sensitive"	"SD"	"LS"	"SD-LS"	"HYP"	"Inhibitory neuron"	"C3-123 Mid-2 GABA-GLU-1 RGS22"	"Avp+ neurons, GABAergic"
"Ep300(+),"	"RHYP14SN_CCAATGATCAGTCCGG-1"	0.0460726072607261	"RHYP14SN"	"RHYP14SN"	3392	1802	"Salt-sensitive"	"SD"	"LS"	"SD-LS"	"HYP"	"Inhibitory neuron"	"C3-42 Mid-1 GABA-2 LGR5"	"Avp+ neurons, GABAergic"
"Ep300(+),"	"RHYP14SN_GTCACTCAGCTATCCA-1"	0.050005500550055	"RHYP14SN"	"RHYP14SN"	3361	1705	"Salt-sensitive"	"SD"	"LS"	"SD-LS"	"HYP"	"Inhibitory neuron"	"C3-42 Mid-1 GABA-2 LGR5"	"Avp+ neurons, GABAergic"
"Ep300(+),"	"RHYP14SN_GGGTGAAAGAGCAGTC-1"	0.0577997799779978	"RHYP14SN"	"RHYP14SN"	3361	1830	"Salt-sensitive"	"SD"	"LS"	"SD-LS"	"HYP"	"Inhibitory neuron"	"C3-42 Mid-1 GABA-2 LGR5"	"Avp+ neurons, GABAergic"
"Ep300(+),"	"RHYP14SN_TCGCTCACACAATTCG-1"	0.0392464246424642	"RHYP14SN"	"RHYP14SN"	3305	1712	"Salt-sensitive"	"SD"	"LS"	"SD-LS"	"HYP"	"Excitatory neuron"	"C3-111 Mid-3 GLU-4 MEDAG"	"Avp+ neurons, glutamatergic"
"Ep300(+),"	"RHYP14SN_GACTATGAGCCAAGGT-1"	0.0440814081408141	"RHYP14SN"	"RHYP14SN"	3303	1821	"Salt-sensitive"	"SD"	"LS"	"SD-LS"	"HYP"	"Inhibitory neuron"	"C3-42 Mid-1 GABA-2 LGR5"	"Avp+ neurons, GABAergic"
"Ep300(+),"	"RHYP14SN_TACTTCAAGATGCAGC-1"	0.0605830583058306	"RHYP14SN"	"RHYP14SN"	3289	1753	"Salt-sensitive"	"SD"	"LS"	"SD-LS"	"HYP"	"Inhibitory neuron"	"C3-42 Mid-1 GABA-2 LGR5"	"Avp+ neurons, GABAergic"
"Ep300(+),"	"RHYP14SN_CGGGCATTCTAACACG-1"	0.0440786578657866	"RHYP14SN"	"RHYP14SN"	3250	1833	"Salt-sensitive"	"SD"	"LS"	"SD-LS"	"HYP"	"Inhibitory neuron"	"C3-42 Mid-1 GABA-2 LGR5"	"Avp+ neurons, GABAergic"
"Ep300(+),"	"RHYP14SN_GTAGCTATCGTCACCT-1"	0.0385973597359736	"RHYP14SN"	"RHYP14SN"	3249	1857	"Salt-sensitive"	"SD"	"LS"	"SD-LS"	"HYP"	"Excitatory neuron"	"C3-106 Mid-3 GLU-3 AVP"	"Avp+ neurons, glutamatergic"
"Ep300(+),"	"RHYP14SN_TCCGATCGTGGACCTC-1"	0.0392051705170517	"RHYP14SN"	"RHYP14SN"	3204	1738	"Salt-sensitive"	"SD"	"LS"	"SD-LS"	"HYP"	"Inhibitory neuron"	"C3-42 Mid-1 GABA-2 LGR5"	"Avp+ neurons, GABAergic"
"Ep300(+),"	"RHYP14SN_CGTTCTGTCGGAATTC-1"	0.0450302530253025	"RHYP14SN"	"RHYP14SN"	3158	1850	"Salt-sensitive"	"SD"	"LS"	"SD-LS"	"HYP"	"Excitatory neuron"	"C3-111 Mid-3 GLU-4 MEDAG"	"Avp+ neurons, glutamatergic"
"Ep300(+),"	"RHYP14SN_TCGGGCAGTAGTCTTG-1"	0.0460478547854785	"RHYP14SN"	"RHYP14SN"	3148	1711	"Salt-sensitive"	"SD"	"LS"	"SD-LS"	"HYP"	"Inhibitory neuron"	"C3-42 Mid-1 GABA-2 LGR5"	"Avp+ neurons, GABAergic"
"Ep300(+),"	"RHYP14SN_TACTGCCCAAAGGGTC-1"	0.0602145214521452	"RHYP14SN"	"RHYP14SN"	3144	1833	"Salt-sensitive"	"SD"	"LS"	"SD-LS"	"HYP"	"Inhibitory neuron"	"C3-42 Mid-1 GABA-2 LGR5"	"Avp+ neurons, GABAergic"
"Ep300(+),"	"RHYP14SN_TTGCCTGTCTGCCCTA-1"	0.0526320132013201	"RHYP14SN"	"RHYP14SN"	3129	1604	"Salt-sensitive"	"SD"	"LS"	"SD-LS"	"HYP"	"Inhibitory neuron"	"C3-42 Mid-1 GABA-2 LGR5"	"Avp+ neurons, GABAergic"
"Ep300(+),"	"RHYP14SN_GGACGTCTCTTGCAAG-1"	0.0503740374037404	"RHYP14SN"	"RHYP14SN"	3114	1611	"Salt-sensitive"	"SD"	"LS"	"SD-LS"	"HYP"	"Inhibitory neuron"	"C3-42 Mid-1 GABA-2 LGR5"	"Avp+ neurons, GABAergic"
"Ep300(+),"	"RHYP14SN_AGATCCATCGCCTTTG-1"	0.0556050605060506	"RHYP14SN"	"RHYP14SN"	3115	1709	"Salt-sensitive"	"SD"	"LS"	"SD-LS"	"HYP"	"Inhibitory neuron"	"C3-129 Mid-2 GABA-GLU-3 POMC"	"Avp+ neurons, GABAergic"
"Ep300(+),"	"RHYP14SN_ATCGTCCCACTCTCGT-1"	0.0361963696369637	"RHYP14SN"	"RHYP14SN"	3110	1891	"Salt-sensitive"	"SD"	"LS"	"SD-LS"	"HYP"	"Inhibitory neuron"	"C3-42 Mid-1 GABA-2 LGR5"	"Avp+ neurons, GABAergic"
"Ep300(+),"	"RHYP14SN_TAATTCCTCATTTGGG-1"	0.0533690869086909	"RHYP14SN"	"RHYP14SN"	3100	1685	"Salt-sensitive"	"SD"	"LS"	"SD-LS"	"HYP"	"Inhibitory neuron"	"C3-42 Mid-1 GABA-2 LGR5"	"Avp+ neurons, GABAergic"
"Ep300(+),"	"RHYP14SN_GCCAGTGAGCCTCTGG-1"	0.0437788778877888	"RHYP14SN"	"RHYP14SN"	3058	1727	"Salt-sensitive"	"SD"	"LS"	"SD-LS"	"HYP"	"Inhibitory neuron"	"C3-42 Mid-1 GABA-2 LGR5"	"Avp+ neurons, GABAergic"
"Ep300(+),"	"RHYP14SN_GGGATCCGTAGTGGCA-1"	0.0453685368536854	"RHYP14SN"	"RHYP14SN"	3060	1839	"Salt-sensitive"	"SD"	"LS"	"SD-LS"	"HYP"	"Excitatory neuron"	"C3-111 Mid-3 GLU-4 MEDAG"	"Avp+ neurons, glutamatergic"
"Ep300(+),"	"RHYP14SN_TCGTCCACAGGTCAGA-1"	0.0487898789878988	"RHYP14SN"	"RHYP14SN"	2939	1637	"Salt-sensitive"	"SD"	"LS"	"SD-LS"	"HYP"	"Inhibitory neuron"	"C3-42 Mid-1 GABA-2 LGR5"	"Avp+ neurons, GABAergic"
"Ep300(+),"	"RHYP14SN_GGGCTCACAAACCGGA-1"	0.0589576457645765	"RHYP14SN"	"RHYP14SN"	2880	1578	"Salt-sensitive"	"SD"	"LS"	"SD-LS"	"HYP"	"Inhibitory neuron"	"C3-125 Mid-2 GABA-GLU-2 NTS"	"Avp+ neurons, GABAergic"
"Ep300(+),"	"RHYP14SN_AGAGCAGCAGAAGCGT-1"	0.060049504950495	"RHYP14SN"	"RHYP14SN"	2878	1603	"Salt-sensitive"	"SD"	"LS"	"SD-LS"	"HYP"	"Inhibitory neuron"	"C3-42 Mid-1 GABA-2 LGR5"	"Avp+ neurons, GABAergic"
"Ep300(+),"	"RHYP14SN_AGTGTTGGTACTGTTG-1"	0.0447882288228823	"RHYP14SN"	"RHYP14SN"	2867	1580	"Salt-sensitive"	"SD"	"LS"	"SD-LS"	"HYP"	"Inhibitory neuron"	"C3-42 Mid-1 GABA-2 LGR5"	"Avp+ neurons, GABAergic"
"Ep300(+),"	"RHYP14SN_AAAGGTAGTGGTATGG-1"	0.0480280528052805	"RHYP14SN"	"RHYP14SN"	2858	1610	"Salt-sensitive"	"SD"	"LS"	"SD-LS"	"HYP"	"Inhibitory neuron"	"C3-42 Mid-1 GABA-2 LGR5"	"Avp+ neurons, GABAergic"
"Ep300(+),"	"RHYP14SN_TGCATCCCAGAGACTG-1"	0.0474092409240924	"RHYP14SN"	"RHYP14SN"	2788	1537	"Salt-sensitive"	"SD"	"LS"	"SD-LS"	"HYP"	"Inhibitory neuron"	"C3-42 Mid-1 GABA-2 LGR5"	"Avp+ neurons, GABAergic"
"Ep300(+),"	"RHYP14SN_CTGAGCGCATCGTTCC-1"	0.0484433443344334	"RHYP14SN"	"RHYP14SN"	2780	1443	"Salt-sensitive"	"SD"	"LS"	"SD-LS"	"HYP"	"Inhibitory neuron"	"C3-42 Mid-1 GABA-2 LGR5"	"Avp+ neurons, GABAergic"
"Ep300(+),"	"RHYP14SN_TGCGGGTAGTACCATC-1"	0.0514741474147415	"RHYP14SN"	"RHYP14SN"	2765	1597	"Salt-sensitive"	"SD"	"LS"	"SD-LS"	"HYP"	"Inhibitory neuron"	"C3-42 Mid-1 GABA-2 LGR5"	"Avp+ neurons, GABAergic"
"Ep300(+),"	"RHYP14SN_TGGTACATCGATGGAG-1"	0.0589301430143014	"RHYP14SN"	"RHYP14SN"	2754	1556	"Salt-sensitive"	"SD"	"LS"	"SD-LS"	"HYP"	"Inhibitory neuron"	"C3-42 Mid-1 GABA-2 LGR5"	"Avp+ neurons, GABAergic"
"Ep300(+),"	"RHYP14SN_ATGAGGGCAAATACGA-1"	0.0468729372937294	"RHYP14SN"	"RHYP14SN"	2741	1707	"Salt-sensitive"	"SD"	"LS"	"SD-LS"	"HYP"	"Excitatory neuron"	"C3-106 Mid-3 GLU-3 AVP"	"Avp+ neurons, glutamatergic"
"Ep300(+),"	"RHYP14SN_GTGACGCGTGAGATCG-1"	0.0543179317931793	"RHYP14SN"	"RHYP14SN"	2735	1596	"Salt-sensitive"	"SD"	"LS"	"SD-LS"	"HYP"	"Inhibitory neuron"	"C3-42 Mid-1 GABA-2 LGR5"	"Avp+ neurons, GABAergic"
"Ep300(+),"	"RHYP14SN_CGAATTGAGCCACTCG-1"	0.0342656765676568	"RHYP14SN"	"RHYP14SN"	2709	1700	"Salt-sensitive"	"SD"	"LS"	"SD-LS"	"HYP"	"Excitatory neuron"	"C3-111 Mid-3 GLU-4 MEDAG"	"Avp+ neurons, glutamatergic"
"Ep300(+),"	"RHYP14SN_ACACTGATCTCCTGTG-1"	0.0477117711771177	"RHYP14SN"	"RHYP14SN"	2706	1620	"Salt-sensitive"	"SD"	"LS"	"SD-LS"	"HYP"	"Inhibitory neuron"	"C3-42 Mid-1 GABA-2 LGR5"	"Avp+ neurons, GABAergic"
"Ep300(+),"	"RHYP14SN_GTCTTTATCTTCGATT-1"	0.0425412541254125	"RHYP14SN"	"RHYP14SN"	2707	1558	"Salt-sensitive"	"SD"	"LS"	"SD-LS"	"HYP"	"Inhibitory neuron"	"C3-48 Mid-1 GABA-3 LHX1"	"Avp+ neurons, GABAergic"
"Ep300(+),"	"RHYP14SN_GTTTGGAAGACGCATG-1"	0.0413888888888889	"RHYP14SN"	"RHYP14SN"	2682	1562	"Salt-sensitive"	"SD"	"LS"	"SD-LS"	"HYP"	"Inhibitory neuron"	"C3-42 Mid-1 GABA-2 LGR5"	"Avp+ neurons, GABAergic"
"Ep300(+),"	"RHYP14SN_TAGGTACAGTCACAGG-1"	0.0341886688668867	"RHYP14SN"	"RHYP14SN"	2682	1460	"Salt-sensitive"	"SD"	"LS"	"SD-LS"	"HYP"	"Inhibitory neuron"	"C3-42 Mid-1 GABA-2 LGR5"	"Avp+ neurons, GABAergic"
"Ep300(+),"	"RHYP14SN_TATGTTCTCTTACCAT-1"	0.0597139713971397	"RHYP14SN"	"RHYP14SN"	2687	1598	"Salt-sensitive"	"SD"	"LS"	"SD-LS"	"HYP"	"Inhibitory neuron"	"C3-41 Mid-1 GABA-1"	"Avp+ neurons, GABAergic"
"Ep300(+),"	"RHYP14SN_AAGATAGCAGCAATTC-1"	0.0491144114411441	"RHYP14SN"	"RHYP14SN"	2675	1588	"Salt-sensitive"	"SD"	"LS"	"SD-LS"	"HYP"	"Excitatory neuron"	"C3-111 Mid-3 GLU-4 MEDAG"	"Avp+ neurons, glutamatergic"
"Ep300(+),"	"RHYP14SN_TTACGCCAGGCAGTCA-1"	0.0471727172717272	"RHYP14SN"	"RHYP14SN"	2677	1440	"Salt-sensitive"	"SD"	"LS"	"SD-LS"	"HYP"	"Inhibitory neuron"	"C3-42 Mid-1 GABA-2 LGR5"	"Avp+ neurons, GABAergic"
"Ep300(+),"	"RHYP14SN_AGGGTGATCCTTCGAC-1"	0.0527722772277228	"RHYP14SN"	"RHYP14SN"	2678	1752	"Salt-sensitive"	"SD"	"LS"	"SD-LS"	"HYP"	"Inhibitory neuron"	"C3-42 Mid-1 GABA-2 LGR5"	"Avp+ neurons, GABAergic"
"Ep300(+),"	"RHYP14SN_TACGGTAGTGGCACTC-1"	0.0501320132013201	"RHYP14SN"	"RHYP14SN"	2663	1610	"Salt-sensitive"	"SD"	"LS"	"SD-LS"	"HYP"	"Excitatory neuron"	"C3-111 Mid-3 GLU-4 MEDAG"	"Avp+ neurons, glutamatergic"
"Ep300(+),"	"RHYP14SN_CCAAGCGAGCCTGCCA-1"	0.0611221122112211	"RHYP14SN"	"RHYP14SN"	2659	1453	"Salt-sensitive"	"SD"	"LS"	"SD-LS"	"HYP"	"Inhibitory neuron"	"C3-42 Mid-1 GABA-2 LGR5"	"Avp+ neurons, GABAergic"
"Ep300(+),"	"RHYP14SN_CGAAGGAAGACCATGG-1"	0.0625715071507151	"RHYP14SN"	"RHYP14SN"	2633	1548	"Salt-sensitive"	"SD"	"LS"	"SD-LS"	"HYP"	"Inhibitory neuron"	"C3-42 Mid-1 GABA-2 LGR5"	"Avp+ neurons, GABAergic"
"Ep300(+),"	"RHYP14SN_ACACTGACAATTAGGA-1"	0.056531903190319	"RHYP14SN"	"RHYP14SN"	2606	1506	"Salt-sensitive"	"SD"	"LS"	"SD-LS"	"HYP"	"Inhibitory neuron"	"C3-42 Mid-1 GABA-2 LGR5"	"Avp+ neurons, GABAergic"
"Ep300(+),"	"RHYP14SN_TTCGGTCTCCGCGGAT-1"	0.051006600660066	"RHYP14SN"	"RHYP14SN"	2552	1470	"Salt-sensitive"	"SD"	"LS"	"SD-LS"	"HYP"	"Inhibitory neuron"	"C3-42 Mid-1 GABA-2 LGR5"	"Avp+ neurons, GABAergic"
"Ep300(+),"	"RHYP14SN_ATGTCTTTCTATACGG-1"	0.038512101210121	"RHYP14SN"	"RHYP14SN"	2527	1459	"Salt-sensitive"	"SD"	"LS"	"SD-LS"	"HYP"	"Inhibitory neuron"	"C3-57 Mid-1 GABA-5 TRPC4"	"Avp+ neurons, GABAergic"
"Ep300(+),"	"RHYP14SN_CACGGGTGTCGCAACC-1"	0.0638008800880088	"RHYP14SN"	"RHYP14SN"	2484	1542	"Salt-sensitive"	"SD"	"LS"	"SD-LS"	"HYP"	"Inhibitory neuron"	"C3-42 Mid-1 GABA-2 LGR5"	"Avp+ neurons, GABAergic"
"Ep300(+),"	"RHYP14SN_ATCAGGTCATAGGCGA-1"	0.0516611661166117	"RHYP14SN"	"RHYP14SN"	2487	1501	"Salt-sensitive"	"SD"	"LS"	"SD-LS"	"HYP"	"Inhibitory neuron"	"C3-22 Pre-1 GABA-8 PRKCH"	"Avp+ neurons, GABAergic"
"Ep300(+),"	"RHYP14SN_ATTCCATTCGCGTGCA-1"	0.0601622662266227	"RHYP14SN"	"RHYP14SN"	2432	1451	"Salt-sensitive"	"SD"	"LS"	"SD-LS"	"HYP"	"Inhibitory neuron"	"C3-42 Mid-1 GABA-2 LGR5"	"Avp+ neurons, GABAergic"
"Ep300(+),"	"RHYP14SN_AGGTAGGAGAAGCGAA-1"	0.045459295929593	"RHYP14SN"	"RHYP14SN"	2416	1473	"Salt-sensitive"	"SD"	"LS"	"SD-LS"	"HYP"	"Inhibitory neuron"	"C3-42 Mid-1 GABA-2 LGR5"	"Avp+ neurons, GABAergic"
"Ep300(+),"	"RHYP14SN_CACTGTCAGCCGTTGC-1"	0.0484515951595159	"RHYP14SN"	"RHYP14SN"	2395	1404	"Salt-sensitive"	"SD"	"LS"	"SD-LS"	"HYP"	"Inhibitory neuron"	"C3-42 Mid-1 GABA-2 LGR5"	"Avp+ neurons, GABAergic"
"Ep300(+),"	"RHYP14SN_CATTGTTCAACTCGTA-1"	0.0322634763476348	"RHYP14SN"	"RHYP14SN"	2413	1425	"Salt-sensitive"	"SD"	"LS"	"SD-LS"	"HYP"	"Inhibitory neuron"	"C3-42 Mid-1 GABA-2 LGR5"	"Avp+ neurons, GABAergic"
"Ep300(+),"	"RHYP14SN_GACGCTGCACCGTCTT-1"	0.0673157315731573	"RHYP14SN"	"RHYP14SN"	2383	1436	"Salt-sensitive"	"SD"	"LS"	"SD-LS"	"HYP"	"Inhibitory neuron"	"C3-42 Mid-1 GABA-2 LGR5"	"Avp+ neurons, GABAergic"
"Ep300(+),"	"RHYP14SN_GTGATGTGTAAGTCAA-1"	0.0408690869086909	"RHYP14SN"	"RHYP14SN"	2333	1487	"Salt-sensitive"	"SD"	"LS"	"SD-LS"	"HYP"	"Excitatory neuron"	"C3-113 Mid-3 GLU-5"	"Avp+ neurons, glutamatergic"
"Ep300(+),"	"RHYP14SN_CTTGATTGTACTAACC-1"	0.0484075907590759	"RHYP14SN"	"RHYP14SN"	2322	1444	"Salt-sensitive"	"SD"	"LS"	"SD-LS"	"HYP"	"Inhibitory neuron"	"C3-37 Pre-1 GABA-5"	"Avp+ neurons, GABAergic"
"Ep300(+),"	"RHYP14SN_AAACGAACATTGCTGA-1"	0.0419004400440044	"RHYP14SN"	"RHYP14SN"	2307	1330	"Salt-sensitive"	"SD"	"LS"	"SD-LS"	"HYP"	"Inhibitory neuron"	"C3-42 Mid-1 GABA-2 LGR5"	"Avp+ neurons, GABAergic"
"Ep300(+),"	"RHYP14SN_TGTTGGATCTTAAGGC-1"	0.0441969196919692	"RHYP14SN"	"RHYP14SN"	2295	1332	"Salt-sensitive"	"SD"	"LS"	"SD-LS"	"HYP"	"Inhibitory neuron"	"C3-42 Mid-1 GABA-2 LGR5"	"Avp+ neurons, GABAergic"
"Ep300(+),"	"RHYP14SN_ACGTTCCAGGTCATAA-1"	0.0607315731573157	"RHYP14SN"	"RHYP14SN"	2282	1316	"Salt-sensitive"	"SD"	"LS"	"SD-LS"	"HYP"	"Inhibitory neuron"	"C3-126 Mid-2 GABA-GLU-2 PPP1R17"	"Avp+ neurons, GABAergic"
"Ep300(+),"	"RHYP14SN_ATCCTATTCTCTGCTG-1"	0.049983498349835	"RHYP14SN"	"RHYP14SN"	2281	1457	"Salt-sensitive"	"SD"	"LS"	"SD-LS"	"HYP"	"Inhibitory neuron"	"C3-42 Mid-1 GABA-2 LGR5"	"Avp+ neurons, GABAergic"
"Ep300(+),"	"RHYP14SN_ATCAGGTCACACTTAG-1"	0.0553107810781078	"RHYP14SN"	"RHYP14SN"	2274	1398	"Salt-sensitive"	"SD"	"LS"	"SD-LS"	"HYP"	"Inhibitory neuron"	"C3-42 Mid-1 GABA-2 LGR5"	"Avp+ neurons, GABAergic"
"Ep300(+),"	"RHYP14SN_TGTCCACCACATTCGA-1"	0.0505858085808581	"RHYP14SN"	"RHYP14SN"	2242	1433	"Salt-sensitive"	"SD"	"LS"	"SD-LS"	"HYP"	"Inhibitory neuron"	"C3-42 Mid-1 GABA-2 LGR5"	"Avp+ neurons, GABAergic"
"Ep300(+),"	"RHYP14SN_TAGATCGTCCATAGGT-1"	0.053960396039604	"RHYP14SN"	"RHYP14SN"	2181	1456	"Salt-sensitive"	"SD"	"LS"	"SD-LS"	"HYP"	"Excitatory neuron"	"C3-110 Mid-3 GLU-3 OR10AG1"	"Avp+ neurons, glutamatergic"
"Ep300(+),"	"RHYP14SN_TGACTCCGTGAAGCGT-1"	0.0575770077007701	"RHYP14SN"	"RHYP14SN"	2174	1266	"Salt-sensitive"	"SD"	"LS"	"SD-LS"	"HYP"	"Inhibitory neuron"	"C3-42 Mid-1 GABA-2 LGR5"	"Avp+ neurons, GABAergic"
"Ep300(+),"	"RHYP14SN_CATACCCCATTCCTAT-1"	0.0629180418041804	"RHYP14SN"	"RHYP14SN"	2177	1363	"Salt-sensitive"	"SD"	"LS"	"SD-LS"	"HYP"	"Inhibitory neuron"	"C3-70 Pre-2 GABA-1 IL1RAPL2"	"Avp+ neurons, GABAergic"
"Ep300(+),"	"RHYP14SN_AGGACGAAGGATTCAA-1"	0.0686111111111111	"RHYP14SN"	"RHYP14SN"	2156	1324	"Salt-sensitive"	"SD"	"LS"	"SD-LS"	"HYP"	"Inhibitory neuron"	"C3-42 Mid-1 GABA-2 LGR5"	"Avp+ neurons, GABAergic"
"Ep300(+),"	"RHYP14SN_GAGACCCCAATACGAA-1"	0.063457095709571	"RHYP14SN"	"RHYP14SN"	2142	1375	"Salt-sensitive"	"SD"	"LS"	"SD-LS"	"HYP"	"Inhibitory neuron"	"C3-42 Mid-1 GABA-2 LGR5"	"Avp+ neurons, GABAergic"
"Ep300(+),"	"RHYP14SN_AGTACCACAGCTATAC-1"	0.0589301430143014	"RHYP14SN"	"RHYP14SN"	2115	1292	"Salt-sensitive"	"SD"	"LS"	"SD-LS"	"HYP"	"Inhibitory neuron"	"C3-42 Mid-1 GABA-2 LGR5"	"Avp+ neurons, GABAergic"
"Ep300(+),"	"RHYP14SN_TCCTGCAGTCGTGGAA-1"	0.0569361936193619	"RHYP14SN"	"RHYP14SN"	2096	1358	"Salt-sensitive"	"SD"	"LS"	"SD-LS"	"HYP"	"Inhibitory neuron"	"C3-42 Mid-1 GABA-2 LGR5"	"Avp+ neurons, GABAergic"
"Ep300(+),"	"RHYP14SN_CTATCTAGTCATCGCG-1"	0.0507013201320132	"RHYP14SN"	"RHYP14SN"	2080	1356	"Salt-sensitive"	"SD"	"LS"	"SD-LS"	"HYP"	"Inhibitory neuron"	"C3-42 Mid-1 GABA-2 LGR5"	"Avp+ neurons, GABAergic"
"Ep300(+),"	"RHYP14SN_TTGTTCATCAGAGCAG-1"	0.0531380638063806	"RHYP14SN"	"RHYP14SN"	2071	1357	"Salt-sensitive"	"SD"	"LS"	"SD-LS"	"HYP"	"Inhibitory neuron"	"C3-42 Mid-1 GABA-2 LGR5"	"Avp+ neurons, GABAergic"
"Ep300(+),"	"RHYP14SN_GTTGTAGTCTCGGCTT-1"	0.0556133113311331	"RHYP14SN"	"RHYP14SN"	1996	1292	"Salt-sensitive"	"SD"	"LS"	"SD-LS"	"HYP"	"Inhibitory neuron"	"C3-42 Mid-1 GABA-2 LGR5"	"Avp+ neurons, GABAergic"
"Ep300(+),"	"RHYP14SN_AAGAACATCCGTGTAA-1"	0.0562376237623762	"RHYP14SN"	"RHYP14SN"	1966	1234	"Salt-sensitive"	"SD"	"LS"	"SD-LS"	"HYP"	"Inhibitory neuron"	"C3-37 Pre-1 GABA-5"	"Avp+ neurons, GABAergic"
"Ep300(+),"	"RHYP14SN_ATGCATGAGATGGTCG-1"	0.053495599559956	"RHYP14SN"	"RHYP14SN"	1879	1221	"Salt-sensitive"	"SD"	"LS"	"SD-LS"	"HYP"	"Inhibitory neuron"	"C3-42 Mid-1 GABA-2 LGR5"	"Avp+ neurons, GABAergic"
"Ep300(+),"	"RHYP14SN_GGTTAACCATCCGGCA-1"	0.0471864686468647	"RHYP14SN"	"RHYP14SN"	1889	1242	"Salt-sensitive"	"SD"	"LS"	"SD-LS"	"HYP"	"Inhibitory neuron"	"C3-125 Mid-2 GABA-GLU-2 NTS"	"Avp+ neurons, GABAergic"
"Ep300(+),"	"RHYP14SN_GAGGCAAGTTAATCGC-1"	0.0788806380638064	"RHYP14SN"	"RHYP14SN"	1876	1179	"Salt-sensitive"	"SD"	"LS"	"SD-LS"	"HYP"	"Inhibitory neuron"	"C3-126 Mid-2 GABA-GLU-2 PPP1R17"	"Avp+ neurons, GABAergic"
"Ep300(+),"	"RHYP14SN_TGCAGATGTTAGGACG-1"	0.0432233223322332	"RHYP14SN"	"RHYP14SN"	1876	1152	"Salt-sensitive"	"SD"	"LS"	"SD-LS"	"HYP"	"Inhibitory neuron"	"C3-42 Mid-1 GABA-2 LGR5"	"Avp+ neurons, GABAergic"
"Ep300(+),"	"RHYP14SN_GACGTTACATTACGGT-1"	0.0578602860286029	"RHYP14SN"	"RHYP14SN"	1793	1055	"Salt-sensitive"	"SD"	"LS"	"SD-LS"	"HYP"	"Inhibitory neuron"	"C3-42 Mid-1 GABA-2 LGR5"	"Avp+ neurons, GABAergic"
"Ep300(+),"	"RHYP14SN_TCTCCGAAGTACGAGC-1"	0.0433195819581958	"RHYP14SN"	"RHYP14SN"	1782	1131	"Salt-sensitive"	"SD"	"LS"	"SD-LS"	"HYP"	"Inhibitory neuron"	"C3-42 Mid-1 GABA-2 LGR5"	"Avp+ neurons, GABAergic"
"Ep300(+),"	"RHYP14SN_GAGGGATGTGGAATGC-1"	0.0542216721672167	"RHYP14SN"	"RHYP14SN"	1785	1170	"Salt-sensitive"	"SD"	"LS"	"SD-LS"	"HYP"	"Inhibitory neuron"	"C3-42 Mid-1 GABA-2 LGR5"	"Avp+ neurons, GABAergic"
"Ep300(+),"	"RHYP14SN_CCGCAAGGTCTTGAGT-1"	0.0511221122112211	"RHYP14SN"	"RHYP14SN"	1709	1203	"Salt-sensitive"	"SD"	"LS"	"SD-LS"	"HYP"	"Inhibitory neuron"	"C3-42 Mid-1 GABA-2 LGR5"	"Avp+ neurons, GABAergic"
"Ep300(+),"	"RHYP14SN_AGACAAATCAGTCTTT-1"	0.0588283828382838	"RHYP14SN"	"RHYP14SN"	1703	1233	"Salt-sensitive"	"SD"	"LS"	"SD-LS"	"HYP"	"Inhibitory neuron"	"C3-42 Mid-1 GABA-2 LGR5"	"Avp+ neurons, GABAergic"
"Ep300(+),"	"RHYP14SN_GCCAGGTAGCACCTGC-1"	0.0569031903190319	"RHYP14SN"	"RHYP14SN"	1674	1200	"Salt-sensitive"	"SD"	"LS"	"SD-LS"	"HYP"	"Inhibitory neuron"	"C3-44 Mid-1 GABA-2 ERFL"	"Avp+ neurons, GABAergic"
"Ep300(+),"	"RHYP14SN_CATTGAGGTCGCATCG-1"	0.0661661166116612	"RHYP14SN"	"RHYP14SN"	1673	1104	"Salt-sensitive"	"SD"	"LS"	"SD-LS"	"HYP"	"Inhibitory neuron"	"C3-42 Mid-1 GABA-2 LGR5"	"Avp+ neurons, GABAergic"
"Ep300(+),"	"RHYP14SN_TCCTTTCTCGGTGTTA-1"	0.0524642464246425	"RHYP14SN"	"RHYP14SN"	1656	1033	"Salt-sensitive"	"SD"	"LS"	"SD-LS"	"HYP"	"Inhibitory neuron"	"C3-32 Pre-1 GABA-3 PRDM16"	"Avp+ neurons, GABAergic"
"Ep300(+),"	"RHYP14SN_CCACGTTGTGATCATC-1"	0.0574064906490649	"RHYP14SN"	"RHYP14SN"	1627	1070	"Salt-sensitive"	"SD"	"LS"	"SD-LS"	"HYP"	"Inhibitory neuron"	"C3-42 Mid-1 GABA-2 LGR5"	"Avp+ neurons, GABAergic"
"Ep300(+),"	"RHYP14SN_TTACAGGAGACTACCT-1"	0.0475605060506051	"RHYP14SN"	"RHYP14SN"	1591	1092	"Salt-sensitive"	"SD"	"LS"	"SD-LS"	"HYP"	"Inhibitory neuron"	"C3-46 Mid-1 GABA-2 PMFBP1"	"Avp+ neurons, GABAergic"
"Ep300(+),"	"RHYP14SN_TGACCCTGTATGGGAC-1"	0.0543041804180418	"RHYP14SN"	"RHYP14SN"	1579	1151	"Salt-sensitive"	"SD"	"LS"	"SD-LS"	"HYP"	"Inhibitory neuron"	"C3-45 Mid-1 GABA-2 FAM9B"	"Avp+ neurons, GABAergic"
"Ep300(+),"	"RHYP14SN_GGCTTTCCAAACAGGC-1"	0.0489438943894389	"RHYP14SN"	"RHYP14SN"	1569	1137	"Salt-sensitive"	"SD"	"LS"	"SD-LS"	"HYP"	"Inhibitory neuron"	"C3-42 Mid-1 GABA-2 LGR5"	"Avp+ neurons, GABAergic"
"Ep300(+),"	"RHYP14SN_ACCCAAAGTCGCGTCA-1"	0.0482645764576458	"RHYP14SN"	"RHYP14SN"	1560	1169	"Salt-sensitive"	"SD"	"LS"	"SD-LS"	"HYP"	"Inhibitory neuron"	"C3-37 Pre-1 GABA-5"	"Avp+ neurons, GABAergic"
"Ep300(+),"	"RHYP14SN_AGATGAAGTTTGGGAG-1"	0.0355610561056106	"RHYP14SN"	"RHYP14SN"	1551	1009	"Salt-sensitive"	"SD"	"LS"	"SD-LS"	"HYP"	"Inhibitory neuron"	"C3-42 Mid-1 GABA-2 LGR5"	"Avp+ neurons, GABAergic"
"Ep300(+),"	"RHYP14SN_GATGTTGTCTGGGAGA-1"	0.0406600660066007	"RHYP14SN"	"RHYP14SN"	1475	1051	"Salt-sensitive"	"SD"	"LS"	"SD-LS"	"HYP"	"Inhibitory neuron"	"C3-33 Pre-1 GABA-3 PAX6"	"Avp+ neurons, GABAergic"
"Ep300(+),"	"RHYP14SN_ATTTCACTCCTGTTGC-1"	0.0517161716171617	"RHYP14SN"	"RHYP14SN"	1409	1067	"Salt-sensitive"	"SD"	"LS"	"SD-LS"	"HYP"	"Inhibitory neuron"	"C3-45 Mid-1 GABA-2 FAM9B"	"Avp+ neurons, GABAergic"
"Ep300(+),"	"RHYP14SN_CTAGACAAGTAAACAC-1"	0.0535423542354235	"RHYP14SN"	"RHYP14SN"	1367	894	"Salt-sensitive"	"SD"	"LS"	"SD-LS"	"HYP"	"Inhibitory neuron"	"C3-42 Mid-1 GABA-2 LGR5"	"Avp+ neurons, GABAergic"
"Ep300(+),"	"RHYP14SN_TGAACGTGTCCCGTGA-1"	0.0453960396039604	"RHYP14SN"	"RHYP14SN"	1356	908	"Salt-sensitive"	"SD"	"LS"	"SD-LS"	"HYP"	"Inhibitory neuron"	"C3-42 Mid-1 GABA-2 LGR5"	"Avp+ neurons, GABAergic"
"Ep300(+),"	"RHYP14SN_ACCCTCAAGTTGGCGA-1"	0.0475825082508251	"RHYP14SN"	"RHYP14SN"	1341	947	"Salt-sensitive"	"SD"	"LS"	"SD-LS"	"HYP"	"Inhibitory neuron"	"C3-42 Mid-1 GABA-2 LGR5"	"Avp+ neurons, GABAergic"
"Ep300(+),"	"RHYP14SN_TATCTTGTCGAGTCTA-1"	0.0465401540154015	"RHYP14SN"	"RHYP14SN"	1320	963	"Salt-sensitive"	"SD"	"LS"	"SD-LS"	"HYP"	"Inhibitory neuron"	"C3-42 Mid-1 GABA-2 LGR5"	"Avp+ neurons, GABAergic"
"Ep300(+),"	"RHYP14SN_AGTAGTCTCGAAGCCC-1"	0.0547029702970297	"RHYP14SN"	"RHYP14SN"	1308	881	"Salt-sensitive"	"SD"	"LS"	"SD-LS"	"HYP"	"Inhibitory neuron"	"C3-42 Mid-1 GABA-2 LGR5"	"Avp+ neurons, GABAergic"
"Ep300(+),"	"RHYP14SN_AAGTACCCATAGGAGC-1"	0.0513888888888889	"RHYP14SN"	"RHYP14SN"	1301	941	"Salt-sensitive"	"SD"	"LS"	"SD-LS"	"HYP"	"Inhibitory neuron"	"C3-42 Mid-1 GABA-2 LGR5"	"Avp+ neurons, GABAergic"
"Ep300(+),"	"RHYP14SN_AAGTACCCAGGCGAAT-1"	0.0632948294829483	"RHYP14SN"	"RHYP14SN"	1295	965	"Salt-sensitive"	"SD"	"LS"	"SD-LS"	"HYP"	"Inhibitory neuron"	"C3-42 Mid-1 GABA-2 LGR5"	"Avp+ neurons, GABAergic"
"Ep300(+),"	"RHYP14SN_ACGATCAGTAGCTGAG-1"	0.0425247524752475	"RHYP14SN"	"RHYP14SN"	1245	877	"Salt-sensitive"	"SD"	"LS"	"SD-LS"	"HYP"	"Inhibitory neuron"	"C3-42 Mid-1 GABA-2 LGR5"	"Avp+ neurons, GABAergic"
"Ep300(+),"	"RHYP14SN_TGGGCGTGTGATACTC-1"	0.0528162816281628	"RHYP14SN"	"RHYP14SN"	1221	865	"Salt-sensitive"	"SD"	"LS"	"SD-LS"	"HYP"	"Inhibitory neuron"	"C3-42 Mid-1 GABA-2 LGR5"	"Avp+ neurons, GABAergic"
"Ep300(+),"	"RHYP14SN_AGCCACGCAGAAATCA-1"	0.0555390539053905	"RHYP14SN"	"RHYP14SN"	1158	884	"Salt-sensitive"	"SD"	"LS"	"SD-LS"	"HYP"	"Inhibitory neuron"	"C3-42 Mid-1 GABA-2 LGR5"	"Avp+ neurons, GABAergic"
"Ep300(+),"	"RHYP14SN_CCCGGAACATCCTAAG-1"	0.0350742574257426	"RHYP14SN"	"RHYP14SN"	1149	823	"Salt-sensitive"	"SD"	"LS"	"SD-LS"	"HYP"	"Inhibitory neuron"	"C3-42 Mid-1 GABA-2 LGR5"	"Avp+ neurons, GABAergic"
"Ep300(+),"	"RHYP14SN_ACGTCCTGTGTCATGT-1"	0.0530638063806381	"RHYP14SN"	"RHYP14SN"	1152	805	"Salt-sensitive"	"SD"	"LS"	"SD-LS"	"HYP"	"Excitatory neuron"	"C3-102 Mid-3 GLU-2 OTP"	"Avp+ neurons, glutamatergic"
"Ep300(+),"	"RHYP14SN_TGCTGAAGTCAAAGTA-1"	0.0519251925192519	"RHYP14SN"	"RHYP14SN"	1133	828	"Salt-sensitive"	"SD"	"LS"	"SD-LS"	"HYP"	"Inhibitory neuron"	"C3-42 Mid-1 GABA-2 LGR5"	"Avp+ neurons, GABAergic"
"Ep300(+),"	"RHYP14SN_CTGCCTAGTACAAGCG-1"	0.0553602860286029	"RHYP14SN"	"RHYP14SN"	1121	744	"Salt-sensitive"	"SD"	"LS"	"SD-LS"	"HYP"	"Inhibitory neuron"	"C3-37 Pre-1 GABA-5"	"Avp+ neurons, GABAergic"
"Ep300(+),"	"RHYP14SN_TGTTACTTCGCCTCTA-1"	0.0621452145214521	"RHYP14SN"	"RHYP14SN"	1107	830	"Salt-sensitive"	"SD"	"LS"	"SD-LS"	"HYP"	"Inhibitory neuron"	"C3-42 Mid-1 GABA-2 LGR5"	"Avp+ neurons, GABAergic"
"Ep300(+),"	"RHYP14SN_TTTCGATTCACATCAG-1"	0.0397992299229923	"RHYP14SN"	"RHYP14SN"	1108	850	"Salt-sensitive"	"SD"	"LS"	"SD-LS"	"HYP"	"Inhibitory neuron"	"C3-24 Pre-1 GABA-8 SLC1A3"	"Avp+ neurons, GABAergic"
"Ep300(+),"	"RHYP14SN_CTGCTCAAGTAGCATA-1"	0.0381985698569857	"RHYP14SN"	"RHYP14SN"	1093	819	"Salt-sensitive"	"SD"	"LS"	"SD-LS"	"HYP"	"Inhibitory neuron"	"C3-42 Mid-1 GABA-2 LGR5"	"Avp+ neurons, GABAergic"
"Ep300(+),"	"RHYP14SN_AAATGGATCATCGTAG-1"	0.0372332233223322	"RHYP14SN"	"RHYP14SN"	1094	870	"Salt-sensitive"	"SD"	"LS"	"SD-LS"	"HYP"	"Inhibitory neuron"	"C3-52 Mid-1 GABA-3 ECEL1"	"Avp+ neurons, GABAergic"
"Ep300(+),"	"RHYP14SN_CCTTCAGGTTAAGACA-1"	0.059004400440044	"RHYP14SN"	"RHYP14SN"	1067	731	"Salt-sensitive"	"SD"	"LS"	"SD-LS"	"HYP"	"Inhibitory neuron"	"C3-42 Mid-1 GABA-2 LGR5"	"Avp+ neurons, GABAergic"
"Ep300(+),"	"RHYP14SN_TATTGGGGTTTGAAAG-1"	0.0458168316831683	"RHYP14SN"	"RHYP14SN"	1061	799	"Salt-sensitive"	"SD"	"LS"	"SD-LS"	"HYP"	"Inhibitory neuron"	"C3-25 Pre-1 GABA-8 DRD2"	"Avp+ neurons, GABAergic"
"Ep300(+),"	"RHYP14SN_AGGTGTTGTGTGACCC-1"	0.0501457645764576	"RHYP14SN"	"RHYP14SN"	1022	817	"Salt-sensitive"	"SD"	"LS"	"SD-LS"	"HYP"	"Inhibitory neuron"	"C3-22 Pre-1 GABA-8 PRKCH"	"Avp+ neurons, GABAergic"
"Ep300(+),"	"RHYP14SN_CAAGAGGAGCTCGTGC-1"	0.05995599559956	"RHYP14SN"	"RHYP14SN"	944	731	"Salt-sensitive"	"SD"	"LS"	"SD-LS"	"HYP"	"Inhibitory neuron"	"C3-37 Pre-1 GABA-5"	"Avp+ neurons, GABAergic"
"Ep300(+),"	"RHYP14SN_TTACGCCCACTACCGG-1"	0.0625522552255225	"RHYP14SN"	"RHYP14SN"	922	722	"Salt-sensitive"	"SD"	"LS"	"SD-LS"	"HYP"	"Inhibitory neuron"	"C3-37 Pre-1 GABA-5"	"Avp+ neurons, GABAergic"
"Ep300(+),"	"RHYP14SN_GTCTGTCAGTCCTGTA-1"	0.058462596259626	"RHYP14SN"	"RHYP14SN"	830	637	"Salt-sensitive"	"SD"	"LS"	"SD-LS"	"HYP"	"Inhibitory neuron"	"C3-42 Mid-1 GABA-2 LGR5"	"Avp+ neurons, GABAergic"
"Ep300(+),"	"RHYP14SN_AGTACCAGTCTAGTGT-1"	0.0442574257425743	"RHYP14SN"	"RHYP14SN"	821	660	"Salt-sensitive"	"SD"	"LS"	"SD-LS"	"HYP"	"Inhibitory neuron"	"C3-34 Pre-1 GABA-3 CRH"	"Avp+ neurons, GABAergic"
"Ep300(+),"	"RHYP14SN_TTAGTCTGTACCTAGT-1"	0.0468179317931793	"RHYP14SN"	"RHYP14SN"	821	587	"Salt-sensitive"	"SD"	"LS"	"SD-LS"	"HYP"	"Inhibitory neuron"	"C3-37 Pre-1 GABA-5"	"Avp+ neurons, GABAergic"
"Ep300(+),"	"RHYP14SN_ATCCACCAGAGAGTTT-1"	0.055995599559956	"RHYP14SN"	"RHYP14SN"	783	659	"Salt-sensitive"	"SD"	"LS"	"SD-LS"	"HYP"	"Inhibitory neuron"	"C3-24 Pre-1 GABA-8 SLC1A3"	"Avp+ neurons, GABAergic"
"Ep300(+),"	"RHYP14SN_GATTTCTTCTCGCTCA-1"	0.052040704070407	"RHYP14SN"	"RHYP14SN"	752	583	"Salt-sensitive"	"SD"	"LS"	"SD-LS"	"HYP"	"Inhibitory neuron"	"C3-42 Mid-1 GABA-2 LGR5"	"Avp+ neurons, GABAergic"
"Ep300(+),"	"RHYP14SN_TGGTGATTCACAACCA-1"	0.053495599559956	"RHYP14SN"	"RHYP14SN"	629	434	"Salt-sensitive"	"SD"	"LS"	"SD-LS"	"HYP"	"Inhibitory neuron"	"C3-37 Pre-1 GABA-5"	"Avp+ neurons, GABAergic"
"Ep300(+),"	"RHYP14SN_ACTCTCGGTATCCTCC-1"	0.0466254125412541	"RHYP14SN"	"RHYP14SN"	583	506	"Salt-sensitive"	"SD"	"LS"	"SD-LS"	"HYP"	"Inhibitory neuron"	"C3-37 Pre-1 GABA-5"	"Avp+ neurons, GABAergic"
"Ep300(+),"	"RHYP14SN_AGTTCCCGTGCCGTTG-1"	0.034009900990099	"RHYP14SN"	"RHYP14SN"	556	455	"Salt-sensitive"	"SD"	"LS"	"SD-LS"	"HYP"	"Inhibitory neuron"	"C3-24 Pre-1 GABA-8 SLC1A3"	"Avp+ neurons, GABAergic"
"Ep300(+),"	"RHYP14SN_TACCCACCAGATGCGA-1"	0.0498267326732673	"RHYP14SN"	"RHYP14SN"	500	394	"Salt-sensitive"	"SD"	"LS"	"SD-LS"	"HYP"	"Inhibitory neuron"	"C3-37 Pre-1 GABA-5"	"Avp+ neurons, GABAergic"
"Ep300(+),"	"RHYP15SN_GCCAGCACAACTGCCG-1"	0.0301045104510451	"RHYP15SN"	"RHYP15SN"	8615	3555	"Salt-sensitive"	"SD"	"HS 3d"	"SD-HS 3d"	"HYP"	"Excitatory neuron"	"C3-100 Mid-3 GLU-1 OTP"	"Avp+ neurons, glutamatergic"
"Ep300(+),"	"RHYP15SN_TACCTGCTCACCTACC-1"	0.0399092409240924	"RHYP15SN"	"RHYP15SN"	8421	3309	"Salt-sensitive"	"SD"	"HS 3d"	"SD-HS 3d"	"HYP"	"Excitatory neuron"	"C3-106 Mid-3 GLU-3 AVP"	"Avp+ neurons, glutamatergic"
"Ep300(+),"	"RHYP15SN_AACCCAATCAATCAGC-1"	0.0485038503850385	"RHYP15SN"	"RHYP15SN"	7618	3126	"Salt-sensitive"	"SD"	"HS 3d"	"SD-HS 3d"	"HYP"	"Excitatory neuron"	"C3-113 Mid-3 GLU-5"	"Avp+ neurons, glutamatergic"
"Ep300(+),"	"RHYP15SN_CGACAGCTCTGTGCGG-1"	0.0438036303630363	"RHYP15SN"	"RHYP15SN"	7196	3167	"Salt-sensitive"	"SD"	"HS 3d"	"SD-HS 3d"	"HYP"	"Excitatory neuron"	"C3-106 Mid-3 GLU-3 AVP"	"Avp+ neurons, glutamatergic"
"Ep300(+),"	"RHYP15SN_ACTTATCGTGCCTTTC-1"	0.0244664466446645	"RHYP15SN"	"RHYP15SN"	6403	2668	"Salt-sensitive"	"SD"	"HS 3d"	"SD-HS 3d"	"HYP"	"Excitatory neuron"	"C3-111 Mid-3 GLU-4 MEDAG"	"Avp+ neurons, glutamatergic"
"Ep300(+),"	"RHYP15SN_TGAATGCGTCCCGCAA-1"	0.0562101210121012	"RHYP15SN"	"RHYP15SN"	6368	3050	"Salt-sensitive"	"SD"	"HS 3d"	"SD-HS 3d"	"HYP"	"Inhibitory neuron"	"C3-123 Mid-2 GABA-GLU-1 RGS22"	"Avp+ neurons, GABAergic"
"Ep300(+),"	"RHYP15SN_TCACACCCACCAGCCA-1"	0.033008800880088	"RHYP15SN"	"RHYP15SN"	6028	2513	"Salt-sensitive"	"SD"	"HS 3d"	"SD-HS 3d"	"HYP"	"Inhibitory neuron"	"C3-26 Pre-1 GABA-1 SEMA3C"	"Avp+ neurons, GABAergic"
"Ep300(+),"	"RHYP15SN_CAGCAGCGTGGTCTAT-1"	0.0587238723872387	"RHYP15SN"	"RHYP15SN"	5985	2776	"Salt-sensitive"	"SD"	"HS 3d"	"SD-HS 3d"	"HYP"	"Inhibitory neuron"	"C3-126 Mid-2 GABA-GLU-2 PPP1R17"	"Avp+ neurons, GABAergic"
"Ep300(+),"	"RHYP15SN_TACGTCCTCGCCACTT-1"	0.0349229922992299	"RHYP15SN"	"RHYP15SN"	5922	2609	"Salt-sensitive"	"SD"	"HS 3d"	"SD-HS 3d"	"HYP"	"Excitatory neuron"	"C3-111 Mid-3 GLU-4 MEDAG"	"Avp+ neurons, glutamatergic"
"Ep300(+),"	"RHYP15SN_TACTTGTCATAGCTGT-1"	0.0418096809680968	"RHYP15SN"	"RHYP15SN"	5913	2593	"Salt-sensitive"	"SD"	"HS 3d"	"SD-HS 3d"	"HYP"	"Excitatory neuron"	"C3-106 Mid-3 GLU-3 AVP"	"Avp+ neurons, glutamatergic"
"Ep300(+),"	"RHYP15SN_CGTCCATAGGTGTGAC-1"	0.0343426842684268	"RHYP15SN"	"RHYP15SN"	5593	2620	"Salt-sensitive"	"SD"	"HS 3d"	"SD-HS 3d"	"HYP"	"Excitatory neuron"	"C3-111 Mid-3 GLU-4 MEDAG"	"Avp+ neurons, glutamatergic"
"Ep300(+),"	"RHYP15SN_AGACTCAGTAAGATAC-1"	0.0463063806380638	"RHYP15SN"	"RHYP15SN"	5432	2446	"Salt-sensitive"	"SD"	"HS 3d"	"SD-HS 3d"	"HYP"	"Excitatory neuron"	"C3-103 Mid-3 GLU-2 EBF2"	"Avp+ neurons, glutamatergic"
"Ep300(+),"	"RHYP15SN_TCTTGCGCAGCACAAG-1"	0.0421644664466447	"RHYP15SN"	"RHYP15SN"	5405	2532	"Salt-sensitive"	"SD"	"HS 3d"	"SD-HS 3d"	"HYP"	"Excitatory neuron"	"C3-106 Mid-3 GLU-3 AVP"	"Avp+ neurons, glutamatergic"
"Ep300(+),"	"RHYP15SN_CCCGAAGGTCATCAGT-1"	0.0583415841584158	"RHYP15SN"	"RHYP15SN"	5329	2699	"Salt-sensitive"	"SD"	"HS 3d"	"SD-HS 3d"	"HYP"	"Inhibitory neuron"	"C3-42 Mid-1 GABA-2 LGR5"	"Avp+ neurons, GABAergic"
"Ep300(+),"	"RHYP15SN_TACAGGTGTGTACATC-1"	0.0426155115511551	"RHYP15SN"	"RHYP15SN"	5205	2572	"Salt-sensitive"	"SD"	"HS 3d"	"SD-HS 3d"	"HYP"	"Excitatory neuron"	"C3-106 Mid-3 GLU-3 AVP"	"Avp+ neurons, glutamatergic"
"Ep300(+),"	"RHYP15SN_GAGACTTCAAGCGATG-1"	0.034020902090209	"RHYP15SN"	"RHYP15SN"	4927	2401	"Salt-sensitive"	"SD"	"HS 3d"	"SD-HS 3d"	"HYP"	"Excitatory neuron"	"C3-111 Mid-3 GLU-4 MEDAG"	"Avp+ neurons, glutamatergic"
"Ep300(+),"	"RHYP15SN_CGTCCATCAGAAATCA-1"	0.0635616061606161	"RHYP15SN"	"RHYP15SN"	4791	2270	"Salt-sensitive"	"SD"	"HS 3d"	"SD-HS 3d"	"HYP"	"Inhibitory neuron"	"C3-42 Mid-1 GABA-2 LGR5"	"Avp+ neurons, GABAergic"
"Ep300(+),"	"RHYP15SN_TTCAGGACACGCTGAC-1"	0.0687046204620462	"RHYP15SN"	"RHYP15SN"	4679	2401	"Salt-sensitive"	"SD"	"HS 3d"	"SD-HS 3d"	"HYP"	"Inhibitory neuron"	"C3-42 Mid-1 GABA-2 LGR5"	"Avp+ neurons, GABAergic"
"Ep300(+),"	"RHYP15SN_GCGTGCAGTCTACATG-1"	0.0416969196919692	"RHYP15SN"	"RHYP15SN"	4642	2381	"Salt-sensitive"	"SD"	"HS 3d"	"SD-HS 3d"	"HYP"	"Inhibitory neuron"	"C3-42 Mid-1 GABA-2 LGR5"	"Avp+ neurons, GABAergic"
"Ep300(+),"	"RHYP15SN_GGAGGTATCAGTGGGA-1"	0.0462596259625963	"RHYP15SN"	"RHYP15SN"	4479	2209	"Salt-sensitive"	"SD"	"HS 3d"	"SD-HS 3d"	"HYP"	"Excitatory neuron"	"C3-111 Mid-3 GLU-4 MEDAG"	"Avp+ neurons, glutamatergic"
"Ep300(+),"	"RHYP15SN_TTCTTGACACCGCTAG-1"	0.0460753575357536	"RHYP15SN"	"RHYP15SN"	4484	2194	"Salt-sensitive"	"SD"	"HS 3d"	"SD-HS 3d"	"HYP"	"Excitatory neuron"	"C3-113 Mid-3 GLU-5"	"Avp+ neurons, glutamatergic"
"Ep300(+),"	"RHYP15SN_AATGAAGGTACCCGCA-1"	0.0585643564356436	"RHYP15SN"	"RHYP15SN"	4282	1918	"Salt-sensitive"	"SD"	"HS 3d"	"SD-HS 3d"	"HYP"	"Inhibitory neuron"	"C3-42 Mid-1 GABA-2 LGR5"	"Avp+ neurons, GABAergic"
"Ep300(+),"	"RHYP15SN_GTACAGTAGTTAGTAG-1"	0.0417354235423542	"RHYP15SN"	"RHYP15SN"	4194	2053	"Salt-sensitive"	"SD"	"HS 3d"	"SD-HS 3d"	"HYP"	"Inhibitory neuron"	"C3-42 Mid-1 GABA-2 LGR5"	"Avp+ neurons, GABAergic"
"Ep300(+),"	"RHYP15SN_CTCCTTTTCCCTCAAC-1"	0.0574119911991199	"RHYP15SN"	"RHYP15SN"	4073	1919	"Salt-sensitive"	"SD"	"HS 3d"	"SD-HS 3d"	"HYP"	"Inhibitory neuron"	"C3-126 Mid-2 GABA-GLU-2 PPP1R17"	"Avp+ neurons, GABAergic"
"Ep300(+),"	"RHYP15SN_TCAAGACTCACTTGTT-1"	0.0301787678767877	"RHYP15SN"	"RHYP15SN"	4036	2075	"Salt-sensitive"	"SD"	"HS 3d"	"SD-HS 3d"	"HYP"	"Inhibitory neuron"	"C3-42 Mid-1 GABA-2 LGR5"	"Avp+ neurons, GABAergic"
"Ep300(+),"	"RHYP15SN_AAACCCATCCTGTAAG-1"	0.0433305830583058	"RHYP15SN"	"RHYP15SN"	3989	2020	"Salt-sensitive"	"SD"	"HS 3d"	"SD-HS 3d"	"HYP"	"Inhibitory neuron"	"C3-42 Mid-1 GABA-2 LGR5"	"Avp+ neurons, GABAergic"
"Ep300(+),"	"RHYP15SN_CTACAGATCACCCTGT-1"	0.0475687568756876	"RHYP15SN"	"RHYP15SN"	3975	2032	"Salt-sensitive"	"SD"	"HS 3d"	"SD-HS 3d"	"HYP"	"Inhibitory neuron"	"C3-44 Mid-1 GABA-2 ERFL"	"Avp+ neurons, GABAergic"
"Ep300(+),"	"RHYP15SN_CCCTCTCGTGACAACG-1"	0.0572662266226623	"RHYP15SN"	"RHYP15SN"	3933	2060	"Salt-sensitive"	"SD"	"HS 3d"	"SD-HS 3d"	"HYP"	"Inhibitory neuron"	"C3-45 Mid-1 GABA-2 FAM9B"	"Avp+ neurons, GABAergic"
"Ep300(+),"	"RHYP15SN_ACATCCCTCCCTTGGT-1"	0.0355555555555556	"RHYP15SN"	"RHYP15SN"	3887	2100	"Salt-sensitive"	"SD"	"HS 3d"	"SD-HS 3d"	"HYP"	"Inhibitory neuron"	"C3-42 Mid-1 GABA-2 LGR5"	"Avp+ neurons, GABAergic"
"Ep300(+),"	"RHYP15SN_TACCTCGGTGCTCCGA-1"	0.065951595159516	"RHYP15SN"	"RHYP15SN"	3791	2003	"Salt-sensitive"	"SD"	"HS 3d"	"SD-HS 3d"	"HYP"	"Inhibitory neuron"	"C3-33 Pre-1 GABA-3 PAX6"	"Avp+ neurons, GABAergic"
"Ep300(+),"	"RHYP15SN_GTACAACCAAACCGGA-1"	0.066958195819582	"RHYP15SN"	"RHYP15SN"	3779	2004	"Salt-sensitive"	"SD"	"HS 3d"	"SD-HS 3d"	"HYP"	"Inhibitory neuron"	"C3-42 Mid-1 GABA-2 LGR5"	"Avp+ neurons, GABAergic"
"Ep300(+),"	"RHYP15SN_TTCATGTCAGCTATTG-1"	0.043539603960396	"RHYP15SN"	"RHYP15SN"	3772	2062	"Salt-sensitive"	"SD"	"HS 3d"	"SD-HS 3d"	"HYP"	"Inhibitory neuron"	"C3-42 Mid-1 GABA-2 LGR5"	"Avp+ neurons, GABAergic"
"Ep300(+),"	"RHYP15SN_CTTCGGTTCGTTCCCA-1"	0.0461083608360836	"RHYP15SN"	"RHYP15SN"	3627	1925	"Salt-sensitive"	"SD"	"HS 3d"	"SD-HS 3d"	"HYP"	"Inhibitory neuron"	"C3-42 Mid-1 GABA-2 LGR5"	"Avp+ neurons, GABAergic"
"Ep300(+),"	"RHYP15SN_GTTCCGTGTTTCGGCG-1"	0.0408828382838284	"RHYP15SN"	"RHYP15SN"	3607	2017	"Salt-sensitive"	"SD"	"HS 3d"	"SD-HS 3d"	"HYP"	"Inhibitory neuron"	"C3-42 Mid-1 GABA-2 LGR5"	"Avp+ neurons, GABAergic"
"Ep300(+),"	"RHYP15SN_GGGCTACTCCTCTTTC-1"	0.0603712871287129	"RHYP15SN"	"RHYP15SN"	3452	1885	"Salt-sensitive"	"SD"	"HS 3d"	"SD-HS 3d"	"HYP"	"Inhibitory neuron"	"C3-42 Mid-1 GABA-2 LGR5"	"Avp+ neurons, GABAergic"
"Ep300(+),"	"RHYP15SN_TCATGGAGTCAGTCTA-1"	0.0581628162816282	"RHYP15SN"	"RHYP15SN"	3453	1836	"Salt-sensitive"	"SD"	"HS 3d"	"SD-HS 3d"	"HYP"	"Inhibitory neuron"	"C3-42 Mid-1 GABA-2 LGR5"	"Avp+ neurons, GABAergic"
"Ep300(+),"	"RHYP15SN_TGGGTTATCGTGTTCC-1"	0.0539383938393839	"RHYP15SN"	"RHYP15SN"	3440	1896	"Salt-sensitive"	"SD"	"HS 3d"	"SD-HS 3d"	"HYP"	"Inhibitory neuron"	"C3-52 Mid-1 GABA-3 ECEL1"	"Avp+ neurons, GABAergic"
"Ep300(+),"	"RHYP15SN_TTACAGGAGGCTTTCA-1"	0.0518206820682068	"RHYP15SN"	"RHYP15SN"	3421	1834	"Salt-sensitive"	"SD"	"HS 3d"	"SD-HS 3d"	"HYP"	"Inhibitory neuron"	"C3-42 Mid-1 GABA-2 LGR5"	"Avp+ neurons, GABAergic"
"Ep300(+),"	"RHYP15SN_AAGCATCCACTACGGC-1"	0.0544114411441144	"RHYP15SN"	"RHYP15SN"	3376	1890	"Salt-sensitive"	"SD"	"HS 3d"	"SD-HS 3d"	"HYP"	"Inhibitory neuron"	"C3-42 Mid-1 GABA-2 LGR5"	"Avp+ neurons, GABAergic"
"Ep300(+),"	"RHYP15SN_CAATCGATCGAACTCA-1"	0.0462046204620462	"RHYP15SN"	"RHYP15SN"	3375	1722	"Salt-sensitive"	"SD"	"HS 3d"	"SD-HS 3d"	"HYP"	"Inhibitory neuron"	"C3-42 Mid-1 GABA-2 LGR5"	"Avp+ neurons, GABAergic"
"Ep300(+),"	"RHYP15SN_GTGACGCTCGCTTGCT-1"	0.046537403740374	"RHYP15SN"	"RHYP15SN"	3371	1870	"Salt-sensitive"	"SD"	"HS 3d"	"SD-HS 3d"	"HYP"	"Excitatory neuron"	"C3-106 Mid-3 GLU-3 AVP"	"Avp+ neurons, glutamatergic"
"Ep300(+),"	"RHYP15SN_CCTGCATGTGCTAGCC-1"	0.0310891089108911	"RHYP15SN"	"RHYP15SN"	3360	1811	"Salt-sensitive"	"SD"	"HS 3d"	"SD-HS 3d"	"HYP"	"Inhibitory neuron"	"C3-42 Mid-1 GABA-2 LGR5"	"Avp+ neurons, GABAergic"
"Ep300(+),"	"RHYP15SN_TGCAGATGTGCTATTG-1"	0.0597277227722772	"RHYP15SN"	"RHYP15SN"	3346	1793	"Salt-sensitive"	"SD"	"HS 3d"	"SD-HS 3d"	"HYP"	"Inhibitory neuron"	"C3-42 Mid-1 GABA-2 LGR5"	"Avp+ neurons, GABAergic"
"Ep300(+),"	"RHYP15SN_TGGTACACACGCGCAT-1"	0.0612651265126513	"RHYP15SN"	"RHYP15SN"	3314	1713	"Salt-sensitive"	"SD"	"HS 3d"	"SD-HS 3d"	"HYP"	"Inhibitory neuron"	"C3-42 Mid-1 GABA-2 LGR5"	"Avp+ neurons, GABAergic"
"Ep300(+),"	"RHYP15SN_GGCTGTGAGGCTCACC-1"	0.0482783278327833	"RHYP15SN"	"RHYP15SN"	3314	1884	"Salt-sensitive"	"SD"	"HS 3d"	"SD-HS 3d"	"HYP"	"Inhibitory neuron"	"C3-42 Mid-1 GABA-2 LGR5"	"Avp+ neurons, GABAergic"
"Ep300(+),"	"RHYP15SN_TCGAAGTCAGAATTCC-1"	0.0511028602860286	"RHYP15SN"	"RHYP15SN"	3309	1824	"Salt-sensitive"	"SD"	"HS 3d"	"SD-HS 3d"	"HYP"	"Inhibitory neuron"	"C3-125 Mid-2 GABA-GLU-2 NTS"	"Avp+ neurons, GABAergic"
"Ep300(+),"	"RHYP15SN_CTTCCGACACGCAAAG-1"	0.0499312431243124	"RHYP15SN"	"RHYP15SN"	3286	1993	"Salt-sensitive"	"SD"	"HS 3d"	"SD-HS 3d"	"HYP"	"Inhibitory neuron"	"C3-24 Pre-1 GABA-8 SLC1A3"	"Avp+ neurons, GABAergic"
"Ep300(+),"	"RHYP15SN_AGTCAACTCGAACGCC-1"	0.0609653465346535	"RHYP15SN"	"RHYP15SN"	3271	1844	"Salt-sensitive"	"SD"	"HS 3d"	"SD-HS 3d"	"HYP"	"Inhibitory neuron"	"C3-47 Mid-1 GABA-2 SIX6"	"Avp+ neurons, GABAergic"
"Ep300(+),"	"RHYP15SN_TCTCTGGGTGCAGTGA-1"	0.0512018701870187	"RHYP15SN"	"RHYP15SN"	3237	1940	"Salt-sensitive"	"SD"	"HS 3d"	"SD-HS 3d"	"HYP"	"Inhibitory neuron"	"C3-42 Mid-1 GABA-2 LGR5"	"Avp+ neurons, GABAergic"
"Ep300(+),"	"RHYP15SN_GGGATGAAGAACTGAT-1"	0.0453850385038504	"RHYP15SN"	"RHYP15SN"	3225	1729	"Salt-sensitive"	"SD"	"HS 3d"	"SD-HS 3d"	"HYP"	"Inhibitory neuron"	"C3-42 Mid-1 GABA-2 LGR5"	"Avp+ neurons, GABAergic"
"Ep300(+),"	"RHYP15SN_TCGACCTTCCACGTCT-1"	0.0558855885588559	"RHYP15SN"	"RHYP15SN"	3214	1724	"Salt-sensitive"	"SD"	"HS 3d"	"SD-HS 3d"	"HYP"	"Inhibitory neuron"	"C3-42 Mid-1 GABA-2 LGR5"	"Avp+ neurons, GABAergic"
"Ep300(+),"	"RHYP15SN_GCCGTGAGTCGAAGCA-1"	0.0459653465346535	"RHYP15SN"	"RHYP15SN"	3203	1715	"Salt-sensitive"	"SD"	"HS 3d"	"SD-HS 3d"	"HYP"	"Inhibitory neuron"	"C3-42 Mid-1 GABA-2 LGR5"	"Avp+ neurons, GABAergic"
"Ep300(+),"	"RHYP15SN_TGAGCATAGAGTCAGC-1"	0.0500302530253025	"RHYP15SN"	"RHYP15SN"	3190	1875	"Salt-sensitive"	"SD"	"HS 3d"	"SD-HS 3d"	"HYP"	"Inhibitory neuron"	"C3-126 Mid-2 GABA-GLU-2 PPP1R17"	"Avp+ neurons, GABAergic"
"Ep300(+),"	"RHYP15SN_TGGTACAAGGAACGAA-1"	0.0455885588558856	"RHYP15SN"	"RHYP15SN"	3174	1913	"Salt-sensitive"	"SD"	"HS 3d"	"SD-HS 3d"	"HYP"	"Inhibitory neuron"	"C3-42 Mid-1 GABA-2 LGR5"	"Avp+ neurons, GABAergic"
"Ep300(+),"	"RHYP15SN_TGACAGTGTGCCTTCT-1"	0.0602997799779978	"RHYP15SN"	"RHYP15SN"	3171	1909	"Salt-sensitive"	"SD"	"HS 3d"	"SD-HS 3d"	"HYP"	"Inhibitory neuron"	"C3-42 Mid-1 GABA-2 LGR5"	"Avp+ neurons, GABAergic"
"Ep300(+),"	"RHYP15SN_CGTAGTAAGCTGACAG-1"	0.053495599559956	"RHYP15SN"	"RHYP15SN"	3157	1655	"Salt-sensitive"	"SD"	"HS 3d"	"SD-HS 3d"	"HYP"	"Inhibitory neuron"	"C3-42 Mid-1 GABA-2 LGR5"	"Avp+ neurons, GABAergic"
"Ep300(+),"	"RHYP15SN_TGTTCCGTCAAGTGGG-1"	0.0605335533553355	"RHYP15SN"	"RHYP15SN"	3141	1917	"Salt-sensitive"	"SD"	"HS 3d"	"SD-HS 3d"	"HYP"	"Inhibitory neuron"	"C3-45 Mid-1 GABA-2 FAM9B"	"Avp+ neurons, GABAergic"
"Ep300(+),"	"RHYP15SN_TAATCTCGTTGGTAGG-1"	0.044535203520352	"RHYP15SN"	"RHYP15SN"	3086	1862	"Salt-sensitive"	"SD"	"HS 3d"	"SD-HS 3d"	"HYP"	"Excitatory neuron"	"C3-111 Mid-3 GLU-4 MEDAG"	"Avp+ neurons, glutamatergic"
"Ep300(+),"	"RHYP15SN_GGGCCATCAGGCATTT-1"	0.0456463146314631	"RHYP15SN"	"RHYP15SN"	3073	1861	"Salt-sensitive"	"SD"	"HS 3d"	"SD-HS 3d"	"HYP"	"Inhibitory neuron"	"C3-125 Mid-2 GABA-GLU-2 NTS"	"Avp+ neurons, GABAergic"
"Ep300(+),"	"RHYP15SN_ATCGGATTCGATCCCT-1"	0.0405115511551155	"RHYP15SN"	"RHYP15SN"	3026	1674	"Salt-sensitive"	"SD"	"HS 3d"	"SD-HS 3d"	"HYP"	"Inhibitory neuron"	"C3-42 Mid-1 GABA-2 LGR5"	"Avp+ neurons, GABAergic"
"Ep300(+),"	"RHYP15SN_TTCGGTCTCCTAGCGG-1"	0.0495957095709571	"RHYP15SN"	"RHYP15SN"	3018	1788	"Salt-sensitive"	"SD"	"HS 3d"	"SD-HS 3d"	"HYP"	"Inhibitory neuron"	"C3-42 Mid-1 GABA-2 LGR5"	"Avp+ neurons, GABAergic"
"Ep300(+),"	"RHYP15SN_AGCCACGGTGCATCTA-1"	0.0520379537953795	"RHYP15SN"	"RHYP15SN"	3015	1801	"Salt-sensitive"	"SD"	"HS 3d"	"SD-HS 3d"	"HYP"	"Inhibitory neuron"	"C3-42 Mid-1 GABA-2 LGR5"	"Avp+ neurons, GABAergic"
"Ep300(+),"	"RHYP15SN_ATCGCCTCATTGACCA-1"	0.0476925192519252	"RHYP15SN"	"RHYP15SN"	2967	1607	"Salt-sensitive"	"SD"	"HS 3d"	"SD-HS 3d"	"HYP"	"Inhibitory neuron"	"C3-42 Mid-1 GABA-2 LGR5"	"Avp+ neurons, GABAergic"
"Ep300(+),"	"RHYP15SN_CTGTCGTAGTACTGTC-1"	0.0544609460946095	"RHYP15SN"	"RHYP15SN"	2938	1614	"Salt-sensitive"	"SD"	"HS 3d"	"SD-HS 3d"	"HYP"	"Inhibitory neuron"	"C3-42 Mid-1 GABA-2 LGR5"	"Avp+ neurons, GABAergic"
"Ep300(+),"	"RHYP15SN_CCTTGTGCATCATGAC-1"	0.0627090209020902	"RHYP15SN"	"RHYP15SN"	2896	1656	"Salt-sensitive"	"SD"	"HS 3d"	"SD-HS 3d"	"HYP"	"Inhibitory neuron"	"C3-42 Mid-1 GABA-2 LGR5"	"Avp+ neurons, GABAergic"
"Ep300(+),"	"RHYP15SN_CATAGACCACAAGCCC-1"	0.0547909790979098	"RHYP15SN"	"RHYP15SN"	2893	1618	"Salt-sensitive"	"SD"	"HS 3d"	"SD-HS 3d"	"HYP"	"Inhibitory neuron"	"C3-42 Mid-1 GABA-2 LGR5"	"Avp+ neurons, GABAergic"
"Ep300(+),"	"RHYP15SN_TCACACCAGATGTTAG-1"	0.0709543454345435	"RHYP15SN"	"RHYP15SN"	2871	1714	"Salt-sensitive"	"SD"	"HS 3d"	"SD-HS 3d"	"HYP"	"Inhibitory neuron"	"C3-42 Mid-1 GABA-2 LGR5"	"Avp+ neurons, GABAergic"
"Ep300(+),"	"RHYP15SN_GAGGGTACAGGACTTT-1"	0.0563173817381738	"RHYP15SN"	"RHYP15SN"	2856	1624	"Salt-sensitive"	"SD"	"HS 3d"	"SD-HS 3d"	"HYP"	"Inhibitory neuron"	"C3-42 Mid-1 GABA-2 LGR5"	"Avp+ neurons, GABAergic"
"Ep300(+),"	"RHYP15SN_ACCTACCGTAGATCCT-1"	0.0636716171617162	"RHYP15SN"	"RHYP15SN"	2859	1700	"Salt-sensitive"	"SD"	"HS 3d"	"SD-HS 3d"	"HYP"	"Inhibitory neuron"	"C3-42 Mid-1 GABA-2 LGR5"	"Avp+ neurons, GABAergic"
"Ep300(+),"	"RHYP15SN_CACCGTTTCTGGCCAG-1"	0.0614466446644664	"RHYP15SN"	"RHYP15SN"	2839	1673	"Salt-sensitive"	"SD"	"HS 3d"	"SD-HS 3d"	"HYP"	"Inhibitory neuron"	"C3-42 Mid-1 GABA-2 LGR5"	"Avp+ neurons, GABAergic"
"Ep300(+),"	"RHYP15SN_GGGTAGATCCGATTAG-1"	0.0703025302530253	"RHYP15SN"	"RHYP15SN"	2815	1636	"Salt-sensitive"	"SD"	"HS 3d"	"SD-HS 3d"	"HYP"	"Inhibitory neuron"	"C3-130 Mid-2 GABA-GLU-3 PDGFD"	"Avp+ neurons, GABAergic"
"Ep300(+),"	"RHYP15SN_CTCTCGATCCTTATCA-1"	0.0388668866886689	"RHYP15SN"	"RHYP15SN"	2760	1480	"Salt-sensitive"	"SD"	"HS 3d"	"SD-HS 3d"	"HYP"	"Inhibitory neuron"	"C3-42 Mid-1 GABA-2 LGR5"	"Avp+ neurons, GABAergic"
"Ep300(+),"	"RHYP15SN_CTCAATTCACTCCGAG-1"	0.040547304730473	"RHYP15SN"	"RHYP15SN"	2753	1535	"Salt-sensitive"	"SD"	"HS 3d"	"SD-HS 3d"	"HYP"	"Inhibitory neuron"	"C3-42 Mid-1 GABA-2 LGR5"	"Avp+ neurons, GABAergic"
"Ep300(+),"	"RHYP15SN_TTGGGATGTCCGGATC-1"	0.0402062706270627	"RHYP15SN"	"RHYP15SN"	2737	1622	"Salt-sensitive"	"SD"	"HS 3d"	"SD-HS 3d"	"HYP"	"Inhibitory neuron"	"C3-42 Mid-1 GABA-2 LGR5"	"Avp+ neurons, GABAergic"
"Ep300(+),"	"RHYP15SN_TGATTCTCACGACAAG-1"	0.0632920792079208	"RHYP15SN"	"RHYP15SN"	2742	1602	"Salt-sensitive"	"SD"	"HS 3d"	"SD-HS 3d"	"HYP"	"Inhibitory neuron"	"C3-42 Mid-1 GABA-2 LGR5"	"Avp+ neurons, GABAergic"
"Ep300(+),"	"RHYP15SN_CAATACGGTAGGTTTC-1"	0.0530005500550055	"RHYP15SN"	"RHYP15SN"	2694	1702	"Salt-sensitive"	"SD"	"HS 3d"	"SD-HS 3d"	"HYP"	"Inhibitory neuron"	"C3-64 Mid-1 GABA-6 SLC10A4"	"Avp+ neurons, GABAergic"
"Ep300(+),"	"RHYP15SN_GAGTCTACATGTAACC-1"	0.0432563256325633	"RHYP15SN"	"RHYP15SN"	2673	1527	"Salt-sensitive"	"SD"	"HS 3d"	"SD-HS 3d"	"HYP"	"Inhibitory neuron"	"C3-42 Mid-1 GABA-2 LGR5"	"Avp+ neurons, GABAergic"
"Ep300(+),"	"RHYP15SN_AGGGAGTAGCTGGCTC-1"	0.0530335533553355	"RHYP15SN"	"RHYP15SN"	2651	1616	"Salt-sensitive"	"SD"	"HS 3d"	"SD-HS 3d"	"HYP"	"Excitatory neuron"	"C3-102 Mid-3 GLU-2 OTP"	"Avp+ neurons, glutamatergic"
"Ep300(+),"	"RHYP15SN_AGATCCACAATGAAAC-1"	0.0778135313531353	"RHYP15SN"	"RHYP15SN"	2647	1544	"Salt-sensitive"	"SD"	"HS 3d"	"SD-HS 3d"	"HYP"	"Inhibitory neuron"	"C3-42 Mid-1 GABA-2 LGR5"	"Avp+ neurons, GABAergic"
"Ep300(+),"	"RHYP15SN_GGCTTGGTCTGTCCCA-1"	0.0657920792079208	"RHYP15SN"	"RHYP15SN"	2648	1578	"Salt-sensitive"	"SD"	"HS 3d"	"SD-HS 3d"	"HYP"	"Inhibitory neuron"	"C3-42 Mid-1 GABA-2 LGR5"	"Avp+ neurons, GABAergic"
"Ep300(+),"	"RHYP15SN_TGATGGTAGCTAGATA-1"	0.0527062706270627	"RHYP15SN"	"RHYP15SN"	2646	1468	"Salt-sensitive"	"SD"	"HS 3d"	"SD-HS 3d"	"HYP"	"Inhibitory neuron"	"C3-126 Mid-2 GABA-GLU-2 PPP1R17"	"Avp+ neurons, GABAergic"
"Ep300(+),"	"RHYP15SN_TTGATGGCAGCGAACA-1"	0.0503245324532453	"RHYP15SN"	"RHYP15SN"	2637	1576	"Salt-sensitive"	"SD"	"HS 3d"	"SD-HS 3d"	"HYP"	"Excitatory neuron"	"C3-113 Mid-3 GLU-5"	"Avp+ neurons, glutamatergic"
"Ep300(+),"	"RHYP15SN_AGATGAATCTCATAGG-1"	0.0564631463146315	"RHYP15SN"	"RHYP15SN"	2636	1491	"Salt-sensitive"	"SD"	"HS 3d"	"SD-HS 3d"	"HYP"	"Inhibitory neuron"	"C3-42 Mid-1 GABA-2 LGR5"	"Avp+ neurons, GABAergic"
"Ep300(+),"	"RHYP15SN_TTCGGTCTCAACCTTT-1"	0.0431463146314631	"RHYP15SN"	"RHYP15SN"	2641	1611	"Salt-sensitive"	"SD"	"HS 3d"	"SD-HS 3d"	"HYP"	"Inhibitory neuron"	"C3-123 Mid-2 GABA-GLU-1 RGS22"	"Avp+ neurons, GABAergic"
"Ep300(+),"	"RHYP15SN_TCTTAGTGTTGATGTC-1"	0.0450412541254125	"RHYP15SN"	"RHYP15SN"	2625	1577	"Salt-sensitive"	"SD"	"HS 3d"	"SD-HS 3d"	"HYP"	"Inhibitory neuron"	"C3-32 Pre-1 GABA-3 PRDM16"	"Avp+ neurons, GABAergic"
"Ep300(+),"	"RHYP15SN_GTAACACAGCGTCAGA-1"	0.0629207920792079	"RHYP15SN"	"RHYP15SN"	2619	1633	"Salt-sensitive"	"SD"	"HS 3d"	"SD-HS 3d"	"HYP"	"Inhibitory neuron"	"C3-42 Mid-1 GABA-2 LGR5"	"Avp+ neurons, GABAergic"
"Ep300(+),"	"RHYP15SN_CATTCATGTTGTGGAG-1"	0.0464026402640264	"RHYP15SN"	"RHYP15SN"	2623	1413	"Salt-sensitive"	"SD"	"HS 3d"	"SD-HS 3d"	"HYP"	"Inhibitory neuron"	"C3-42 Mid-1 GABA-2 LGR5"	"Avp+ neurons, GABAergic"
"Ep300(+),"	"RHYP15SN_ATCGGATGTCGTACAT-1"	0.0449284928492849	"RHYP15SN"	"RHYP15SN"	2544	1551	"Salt-sensitive"	"SD"	"HS 3d"	"SD-HS 3d"	"HYP"	"Inhibitory neuron"	"C3-32 Pre-1 GABA-3 PRDM16"	"Avp+ neurons, GABAergic"
"Ep300(+),"	"RHYP15SN_TATTGGGGTGCATGTT-1"	0.0530170517051705	"RHYP15SN"	"RHYP15SN"	2535	1475	"Salt-sensitive"	"SD"	"HS 3d"	"SD-HS 3d"	"HYP"	"Inhibitory neuron"	"C3-42 Mid-1 GABA-2 LGR5"	"Avp+ neurons, GABAergic"
"Ep300(+),"	"RHYP15SN_CACCAAAAGGTTACAA-1"	0.0439851485148515	"RHYP15SN"	"RHYP15SN"	2518	1514	"Salt-sensitive"	"SD"	"HS 3d"	"SD-HS 3d"	"HYP"	"Inhibitory neuron"	"C3-42 Mid-1 GABA-2 LGR5"	"Avp+ neurons, GABAergic"
"Ep300(+),"	"RHYP15SN_ATCACTTTCGCCTTGT-1"	0.0565731573157316	"RHYP15SN"	"RHYP15SN"	2524	1483	"Salt-sensitive"	"SD"	"HS 3d"	"SD-HS 3d"	"HYP"	"Inhibitory neuron"	"C3-42 Mid-1 GABA-2 LGR5"	"Avp+ neurons, GABAergic"
"Ep300(+),"	"RHYP15SN_TACTTGTAGCTGCGAA-1"	0.0556820682068207	"RHYP15SN"	"RHYP15SN"	2514	1482	"Salt-sensitive"	"SD"	"HS 3d"	"SD-HS 3d"	"HYP"	"Inhibitory neuron"	"C3-42 Mid-1 GABA-2 LGR5"	"Avp+ neurons, GABAergic"
"Ep300(+),"	"RHYP15SN_ACGGAAGCACAACATC-1"	0.0605858085808581	"RHYP15SN"	"RHYP15SN"	2504	1622	"Salt-sensitive"	"SD"	"HS 3d"	"SD-HS 3d"	"HYP"	"Inhibitory neuron"	"C3-42 Mid-1 GABA-2 LGR5"	"Avp+ neurons, GABAergic"
"Ep300(+),"	"RHYP15SN_TTACCGCTCAGCATTG-1"	0.0595682068206821	"RHYP15SN"	"RHYP15SN"	2483	1573	"Salt-sensitive"	"SD"	"HS 3d"	"SD-HS 3d"	"HYP"	"Inhibitory neuron"	"C3-34 Pre-1 GABA-3 CRH"	"Avp+ neurons, GABAergic"
"Ep300(+),"	"RHYP15SN_TGATGCAGTTAAACCC-1"	0.0418619361936194	"RHYP15SN"	"RHYP15SN"	2480	1484	"Salt-sensitive"	"SD"	"HS 3d"	"SD-HS 3d"	"HYP"	"Inhibitory neuron"	"C3-42 Mid-1 GABA-2 LGR5"	"Avp+ neurons, GABAergic"
"Ep300(+),"	"RHYP15SN_CTACCCATCCATCTGC-1"	0.0478795379537954	"RHYP15SN"	"RHYP15SN"	2473	1536	"Salt-sensitive"	"SD"	"HS 3d"	"SD-HS 3d"	"HYP"	"Inhibitory neuron"	"C3-42 Mid-1 GABA-2 LGR5"	"Avp+ neurons, GABAergic"
"Ep300(+),"	"RHYP15SN_TGGGCTGAGGTCCGAA-1"	0.0618866886688669	"RHYP15SN"	"RHYP15SN"	2470	1515	"Salt-sensitive"	"SD"	"HS 3d"	"SD-HS 3d"	"HYP"	"Inhibitory neuron"	"C3-42 Mid-1 GABA-2 LGR5"	"Avp+ neurons, GABAergic"
"Ep300(+),"	"RHYP15SN_CAGGCCATCGTTCCTG-1"	0.0429015401540154	"RHYP15SN"	"RHYP15SN"	2469	1184	"Salt-sensitive"	"SD"	"HS 3d"	"SD-HS 3d"	"HYP"	"Excitatory neuron"	"C3-113 Mid-3 GLU-5"	"Avp+ neurons, glutamatergic"
"Ep300(+),"	"RHYP15SN_TAGATCGAGTTTCGAC-1"	0.0595104510451045	"RHYP15SN"	"RHYP15SN"	2453	1546	"Salt-sensitive"	"SD"	"HS 3d"	"SD-HS 3d"	"HYP"	"Inhibitory neuron"	"C3-126 Mid-2 GABA-GLU-2 PPP1R17"	"Avp+ neurons, GABAergic"
"Ep300(+),"	"RHYP15SN_TATCAGGGTGGATTTC-1"	0.0498734873487349	"RHYP15SN"	"RHYP15SN"	2437	1411	"Salt-sensitive"	"SD"	"HS 3d"	"SD-HS 3d"	"HYP"	"Inhibitory neuron"	"C3-42 Mid-1 GABA-2 LGR5"	"Avp+ neurons, GABAergic"
"Ep300(+),"	"RHYP15SN_TTCTTCCAGAACAAGG-1"	0.0593289328932893	"RHYP15SN"	"RHYP15SN"	2447	1602	"Salt-sensitive"	"SD"	"HS 3d"	"SD-HS 3d"	"HYP"	"Inhibitory neuron"	"C3-42 Mid-1 GABA-2 LGR5"	"Avp+ neurons, GABAergic"
"Ep300(+),"	"RHYP15SN_TCCGAAAAGGAATCGC-1"	0.0659103410341034	"RHYP15SN"	"RHYP15SN"	2434	1459	"Salt-sensitive"	"SD"	"HS 3d"	"SD-HS 3d"	"HYP"	"Inhibitory neuron"	"C3-42 Mid-1 GABA-2 LGR5"	"Avp+ neurons, GABAergic"
"Ep300(+),"	"RHYP15SN_AGGTCATAGGTGGCTA-1"	0.0674752475247525	"RHYP15SN"	"RHYP15SN"	2354	1397	"Salt-sensitive"	"SD"	"HS 3d"	"SD-HS 3d"	"HYP"	"Inhibitory neuron"	"C3-41 Mid-1 GABA-1"	"Avp+ neurons, GABAergic"
"Ep300(+),"	"RHYP15SN_TTGTGGACACCAGGTC-1"	0.0457425742574257	"RHYP15SN"	"RHYP15SN"	2346	1468	"Salt-sensitive"	"SD"	"HS 3d"	"SD-HS 3d"	"HYP"	"Inhibitory neuron"	"C3-125 Mid-2 GABA-GLU-2 NTS"	"Avp+ neurons, GABAergic"
"Ep300(+),"	"RHYP15SN_GTCCACTGTAGATGTA-1"	0.0667354235423542	"RHYP15SN"	"RHYP15SN"	2343	1509	"Salt-sensitive"	"SD"	"HS 3d"	"SD-HS 3d"	"HYP"	"Inhibitory neuron"	"C3-125 Mid-2 GABA-GLU-2 NTS"	"Avp+ neurons, GABAergic"
"Ep300(+),"	"RHYP15SN_CACCGTTGTTTCTTAC-1"	0.0622689768976898	"RHYP15SN"	"RHYP15SN"	2298	1419	"Salt-sensitive"	"SD"	"HS 3d"	"SD-HS 3d"	"HYP"	"Inhibitory neuron"	"C3-42 Mid-1 GABA-2 LGR5"	"Avp+ neurons, GABAergic"
"Ep300(+),"	"RHYP15SN_TCAAGACGTCACGCTG-1"	0.0458773377337734	"RHYP15SN"	"RHYP15SN"	2293	1493	"Salt-sensitive"	"SD"	"HS 3d"	"SD-HS 3d"	"HYP"	"Inhibitory neuron"	"C3-45 Mid-1 GABA-2 FAM9B"	"Avp+ neurons, GABAergic"
"Ep300(+),"	"RHYP15SN_TACGGGCCACGTAGTT-1"	0.0507563256325633	"RHYP15SN"	"RHYP15SN"	2281	1406	"Salt-sensitive"	"SD"	"HS 3d"	"SD-HS 3d"	"HYP"	"Inhibitory neuron"	"C3-42 Mid-1 GABA-2 LGR5"	"Avp+ neurons, GABAergic"
"Ep300(+),"	"RHYP15SN_GTTGCTCTCGGCATTA-1"	0.0607673267326733	"RHYP15SN"	"RHYP15SN"	2252	1402	"Salt-sensitive"	"SD"	"HS 3d"	"SD-HS 3d"	"HYP"	"Inhibitory neuron"	"C3-42 Mid-1 GABA-2 LGR5"	"Avp+ neurons, GABAergic"
"Ep300(+),"	"RHYP15SN_AGTACCATCGTAGTGT-1"	0.0592629262926293	"RHYP15SN"	"RHYP15SN"	2250	1429	"Salt-sensitive"	"SD"	"HS 3d"	"SD-HS 3d"	"HYP"	"Inhibitory neuron"	"C3-42 Mid-1 GABA-2 LGR5"	"Avp+ neurons, GABAergic"
"Ep300(+),"	"RHYP15SN_GTCATTTTCTCGAGTA-1"	0.0571259625962596	"RHYP15SN"	"RHYP15SN"	2243	1431	"Salt-sensitive"	"SD"	"HS 3d"	"SD-HS 3d"	"HYP"	"Inhibitory neuron"	"C3-42 Mid-1 GABA-2 LGR5"	"Avp+ neurons, GABAergic"
"Ep300(+),"	"RHYP15SN_TCCATCGTCGTCCATC-1"	0.0407645764576458	"RHYP15SN"	"RHYP15SN"	2232	1358	"Salt-sensitive"	"SD"	"HS 3d"	"SD-HS 3d"	"HYP"	"Inhibitory neuron"	"C3-42 Mid-1 GABA-2 LGR5"	"Avp+ neurons, GABAergic"
"Ep300(+),"	"RHYP15SN_TCTTTGAGTTCACGAT-1"	0.0492739273927393	"RHYP15SN"	"RHYP15SN"	2231	1419	"Salt-sensitive"	"SD"	"HS 3d"	"SD-HS 3d"	"HYP"	"Inhibitory neuron"	"C3-42 Mid-1 GABA-2 LGR5"	"Avp+ neurons, GABAergic"
"Ep300(+),"	"RHYP15SN_TATATCCTCGCTGTCT-1"	0.0463256325632563	"RHYP15SN"	"RHYP15SN"	2226	1327	"Salt-sensitive"	"SD"	"HS 3d"	"SD-HS 3d"	"HYP"	"Inhibitory neuron"	"C3-41 Mid-1 GABA-1"	"Avp+ neurons, GABAergic"
"Ep300(+),"	"RHYP15SN_GGCGTCATCCCGGTAG-1"	0.0403355335533553	"RHYP15SN"	"RHYP15SN"	2202	1375	"Salt-sensitive"	"SD"	"HS 3d"	"SD-HS 3d"	"HYP"	"Inhibitory neuron"	"C3-42 Mid-1 GABA-2 LGR5"	"Avp+ neurons, GABAergic"
"Ep300(+),"	"RHYP15SN_ATCCATTGTGGTGATG-1"	0.0556985698569857	"RHYP15SN"	"RHYP15SN"	2187	1283	"Salt-sensitive"	"SD"	"HS 3d"	"SD-HS 3d"	"HYP"	"Inhibitory neuron"	"C3-42 Mid-1 GABA-2 LGR5"	"Avp+ neurons, GABAergic"
"Ep300(+),"	"RHYP15SN_GACGCTGGTGACATCT-1"	0.0696149614961496	"RHYP15SN"	"RHYP15SN"	2173	1357	"Salt-sensitive"	"SD"	"HS 3d"	"SD-HS 3d"	"HYP"	"Inhibitory neuron"	"C3-42 Mid-1 GABA-2 LGR5"	"Avp+ neurons, GABAergic"
"Ep300(+),"	"RHYP15SN_ACCAAACTCTCATAGG-1"	0.0576952695269527	"RHYP15SN"	"RHYP15SN"	2169	1357	"Salt-sensitive"	"SD"	"HS 3d"	"SD-HS 3d"	"HYP"	"Inhibitory neuron"	"C3-42 Mid-1 GABA-2 LGR5"	"Avp+ neurons, GABAergic"
"Ep300(+),"	"RHYP15SN_GTAGATCCAGTGCGCT-1"	0.0579317931793179	"RHYP15SN"	"RHYP15SN"	2145	1406	"Salt-sensitive"	"SD"	"HS 3d"	"SD-HS 3d"	"HYP"	"Inhibitory neuron"	"C3-42 Mid-1 GABA-2 LGR5"	"Avp+ neurons, GABAergic"
"Ep300(+),"	"RHYP15SN_CGTGAATTCGAAGGAC-1"	0.0359103410341034	"RHYP15SN"	"RHYP15SN"	2142	1352	"Salt-sensitive"	"SD"	"HS 3d"	"SD-HS 3d"	"HYP"	"Inhibitory neuron"	"C3-42 Mid-1 GABA-2 LGR5"	"Avp+ neurons, GABAergic"
"Ep300(+),"	"RHYP15SN_TTTACTGGTATGCTAC-1"	0.0467326732673267	"RHYP15SN"	"RHYP15SN"	2131	1308	"Salt-sensitive"	"SD"	"HS 3d"	"SD-HS 3d"	"HYP"	"Inhibitory neuron"	"C3-42 Mid-1 GABA-2 LGR5"	"Avp+ neurons, GABAergic"
"Ep300(+),"	"RHYP15SN_AAGACAACAGAGCGTA-1"	0.0476127612761276	"RHYP15SN"	"RHYP15SN"	2117	1279	"Salt-sensitive"	"SD"	"HS 3d"	"SD-HS 3d"	"HYP"	"Inhibitory neuron"	"C3-42 Mid-1 GABA-2 LGR5"	"Avp+ neurons, GABAergic"
"Ep300(+),"	"RHYP15SN_AGATCGTTCGAAATCC-1"	0.039983498349835	"RHYP15SN"	"RHYP15SN"	2084	1364	"Salt-sensitive"	"SD"	"HS 3d"	"SD-HS 3d"	"HYP"	"Inhibitory neuron"	"C3-38 Pre-1 GABA-6"	"Avp+ neurons, GABAergic"
"Ep300(+),"	"RHYP15SN_GCTCAAACAACGCCCA-1"	0.0644059405940594	"RHYP15SN"	"RHYP15SN"	2047	1340	"Salt-sensitive"	"SD"	"HS 3d"	"SD-HS 3d"	"HYP"	"Inhibitory neuron"	"C3-42 Mid-1 GABA-2 LGR5"	"Avp+ neurons, GABAergic"
"Ep300(+),"	"RHYP15SN_ACCATTTAGTTTAGGA-1"	0.0678382838283828	"RHYP15SN"	"RHYP15SN"	1985	1265	"Salt-sensitive"	"SD"	"HS 3d"	"SD-HS 3d"	"HYP"	"Inhibitory neuron"	"C3-42 Mid-1 GABA-2 LGR5"	"Avp+ neurons, GABAergic"
"Ep300(+),"	"RHYP15SN_GACCGTGTCACCTTGC-1"	0.0388586358635864	"RHYP15SN"	"RHYP15SN"	1970	1162	"Salt-sensitive"	"SD"	"HS 3d"	"SD-HS 3d"	"HYP"	"Inhibitory neuron"	"C3-42 Mid-1 GABA-2 LGR5"	"Avp+ neurons, GABAergic"
"Ep300(+),"	"RHYP15SN_ACGCACGTCAAACTGC-1"	0.0411551155115512	"RHYP15SN"	"RHYP15SN"	1968	1172	"Salt-sensitive"	"SD"	"HS 3d"	"SD-HS 3d"	"HYP"	"Inhibitory neuron"	"C3-42 Mid-1 GABA-2 LGR5"	"Avp+ neurons, GABAergic"
"Ep300(+),"	"RHYP15SN_TCATCATTCCGGACGT-1"	0.0591254125412541	"RHYP15SN"	"RHYP15SN"	1951	1293	"Salt-sensitive"	"SD"	"HS 3d"	"SD-HS 3d"	"HYP"	"Inhibitory neuron"	"C3-45 Mid-1 GABA-2 FAM9B"	"Avp+ neurons, GABAergic"
"Ep300(+),"	"RHYP15SN_AGTGATCCAAAGACGC-1"	0.0677420242024202	"RHYP15SN"	"RHYP15SN"	1949	1308	"Salt-sensitive"	"SD"	"HS 3d"	"SD-HS 3d"	"HYP"	"Inhibitory neuron"	"C3-32 Pre-1 GABA-3 PRDM16"	"Avp+ neurons, GABAergic"
"Ep300(+),"	"RHYP15SN_GATCGTAGTTCCACGG-1"	0.0558663366336634	"RHYP15SN"	"RHYP15SN"	1940	1278	"Salt-sensitive"	"SD"	"HS 3d"	"SD-HS 3d"	"HYP"	"Inhibitory neuron"	"C3-41 Mid-1 GABA-1"	"Avp+ neurons, GABAergic"
"Ep300(+),"	"RHYP15SN_CATGGATCAACGGTAG-1"	0.0482150715071507	"RHYP15SN"	"RHYP15SN"	1935	1250	"Salt-sensitive"	"SD"	"HS 3d"	"SD-HS 3d"	"HYP"	"Inhibitory neuron"	"C3-42 Mid-1 GABA-2 LGR5"	"Avp+ neurons, GABAergic"
"Ep300(+),"	"RHYP15SN_GGATGTTAGTGAGGCT-1"	0.044535203520352	"RHYP15SN"	"RHYP15SN"	1923	1296	"Salt-sensitive"	"SD"	"HS 3d"	"SD-HS 3d"	"HYP"	"Inhibitory neuron"	"C3-44 Mid-1 GABA-2 ERFL"	"Avp+ neurons, GABAergic"
"Ep300(+),"	"RHYP15SN_GGTGATTAGTAGTCAA-1"	0.0531655665566557	"RHYP15SN"	"RHYP15SN"	1918	1190	"Salt-sensitive"	"SD"	"HS 3d"	"SD-HS 3d"	"HYP"	"Inhibitory neuron"	"C3-42 Mid-1 GABA-2 LGR5"	"Avp+ neurons, GABAergic"
"Ep300(+),"	"RHYP15SN_CACTTCGAGAAGAACG-1"	0.0420819581958196	"RHYP15SN"	"RHYP15SN"	1892	1220	"Salt-sensitive"	"SD"	"HS 3d"	"SD-HS 3d"	"HYP"	"Inhibitory neuron"	"C3-42 Mid-1 GABA-2 LGR5"	"Avp+ neurons, GABAergic"
"Ep300(+),"	"RHYP15SN_GTCGCGAGTCAGTTTG-1"	0.0424284928492849	"RHYP15SN"	"RHYP15SN"	1893	1228	"Salt-sensitive"	"SD"	"HS 3d"	"SD-HS 3d"	"HYP"	"Inhibitory neuron"	"C3-42 Mid-1 GABA-2 LGR5"	"Avp+ neurons, GABAergic"
"Ep300(+),"	"RHYP15SN_GTTTGGAGTGGGTCAA-1"	0.0535423542354235	"RHYP15SN"	"RHYP15SN"	1867	1257	"Salt-sensitive"	"SD"	"HS 3d"	"SD-HS 3d"	"HYP"	"Inhibitory neuron"	"C3-42 Mid-1 GABA-2 LGR5"	"Avp+ neurons, GABAergic"
"Ep300(+),"	"RHYP15SN_TGCAGGCAGAGGCGTT-1"	0.0879042904290429	"RHYP15SN"	"RHYP15SN"	1864	1211	"Salt-sensitive"	"SD"	"HS 3d"	"SD-HS 3d"	"HYP"	"Inhibitory neuron"	"C3-42 Mid-1 GABA-2 LGR5"	"Avp+ neurons, GABAergic"
"Ep300(+),"	"RHYP15SN_AGACCATAGACCATGG-1"	0.0586826182618262	"RHYP15SN"	"RHYP15SN"	1859	1274	"Salt-sensitive"	"SD"	"HS 3d"	"SD-HS 3d"	"HYP"	"Inhibitory neuron"	"C3-42 Mid-1 GABA-2 LGR5"	"Avp+ neurons, GABAergic"
"Ep300(+),"	"RHYP15SN_TTAGGGTCAGGGTCTC-1"	0.0442189218921892	"RHYP15SN"	"RHYP15SN"	1860	1171	"Salt-sensitive"	"SD"	"HS 3d"	"SD-HS 3d"	"HYP"	"Inhibitory neuron"	"C3-42 Mid-1 GABA-2 LGR5"	"Avp+ neurons, GABAergic"
"Ep300(+),"	"RHYP15SN_TCGTAGAGTTACGTAC-1"	0.0633965896589659	"RHYP15SN"	"RHYP15SN"	1840	1232	"Salt-sensitive"	"SD"	"HS 3d"	"SD-HS 3d"	"HYP"	"Inhibitory neuron"	"C3-42 Mid-1 GABA-2 LGR5"	"Avp+ neurons, GABAergic"
"Ep300(+),"	"RHYP15SN_ACGATCAAGTCGAGGT-1"	0.0422772277227723	"RHYP15SN"	"RHYP15SN"	1815	1166	"Salt-sensitive"	"SD"	"HS 3d"	"SD-HS 3d"	"HYP"	"Inhibitory neuron"	"C3-42 Mid-1 GABA-2 LGR5"	"Avp+ neurons, GABAergic"
"Ep300(+),"	"RHYP15SN_ATCCTATTCAGTGTGT-1"	0.0483415841584158	"RHYP15SN"	"RHYP15SN"	1794	1202	"Salt-sensitive"	"SD"	"HS 3d"	"SD-HS 3d"	"HYP"	"Inhibitory neuron"	"C3-42 Mid-1 GABA-2 LGR5"	"Avp+ neurons, GABAergic"
"Ep300(+),"	"RHYP15SN_ATTCCCGGTCGACTTA-1"	0.0538201320132013	"RHYP15SN"	"RHYP15SN"	1787	1154	"Salt-sensitive"	"SD"	"HS 3d"	"SD-HS 3d"	"HYP"	"Inhibitory neuron"	"C3-33 Pre-1 GABA-3 PAX6"	"Avp+ neurons, GABAergic"
"Ep300(+),"	"RHYP15SN_AAAGGTACACGTCGGT-1"	0.0581050605060506	"RHYP15SN"	"RHYP15SN"	1747	1245	"Salt-sensitive"	"SD"	"HS 3d"	"SD-HS 3d"	"HYP"	"Inhibitory neuron"	"C3-42 Mid-1 GABA-2 LGR5"	"Avp+ neurons, GABAergic"
"Ep300(+),"	"RHYP15SN_GGAATGGTCAACGCTA-1"	0.0659543454345435	"RHYP15SN"	"RHYP15SN"	1728	1113	"Salt-sensitive"	"SD"	"HS 3d"	"SD-HS 3d"	"HYP"	"Inhibitory neuron"	"C3-42 Mid-1 GABA-2 LGR5"	"Avp+ neurons, GABAergic"
"Ep300(+),"	"RHYP15SN_ACGGGTCGTTGACTAC-1"	0.0778162816281628	"RHYP15SN"	"RHYP15SN"	1649	1139	"Salt-sensitive"	"SD"	"HS 3d"	"SD-HS 3d"	"HYP"	"Inhibitory neuron"	"C3-41 Mid-1 GABA-1"	"Avp+ neurons, GABAergic"
"Ep300(+),"	"RHYP15SN_TGCATGATCTGTCGTC-1"	0.0626265126512651	"RHYP15SN"	"RHYP15SN"	1647	1071	"Salt-sensitive"	"SD"	"HS 3d"	"SD-HS 3d"	"HYP"	"Inhibitory neuron"	"C3-42 Mid-1 GABA-2 LGR5"	"Avp+ neurons, GABAergic"
"Ep300(+),"	"RHYP15SN_TTGATGGTCATGACAC-1"	0.0425412541254125	"RHYP15SN"	"RHYP15SN"	1599	1126	"Salt-sensitive"	"SD"	"HS 3d"	"SD-HS 3d"	"HYP"	"Inhibitory neuron"	"C3-42 Mid-1 GABA-2 LGR5"	"Avp+ neurons, GABAergic"
"Ep300(+),"	"RHYP15SN_CGGACACAGAGTGTTA-1"	0.049469196919692	"RHYP15SN"	"RHYP15SN"	1600	1167	"Salt-sensitive"	"SD"	"HS 3d"	"SD-HS 3d"	"HYP"	"Inhibitory neuron"	"C3-49 Mid-1 GABA-3 ZNF385D"	"Avp+ neurons, GABAergic"
"Ep300(+),"	"RHYP15SN_CGGACACGTACATACC-1"	0.0641171617161716	"RHYP15SN"	"RHYP15SN"	1585	1130	"Salt-sensitive"	"SD"	"HS 3d"	"SD-HS 3d"	"HYP"	"Inhibitory neuron"	"C3-42 Mid-1 GABA-2 LGR5"	"Avp+ neurons, GABAergic"
"Ep300(+),"	"RHYP15SN_ATTCAGGGTATCTCGA-1"	0.0373982398239824	"RHYP15SN"	"RHYP15SN"	1568	1074	"Salt-sensitive"	"SD"	"HS 3d"	"SD-HS 3d"	"HYP"	"Excitatory neuron"	"C3-102 Mid-3 GLU-2 OTP"	"Avp+ neurons, glutamatergic"
"Ep300(+),"	"RHYP15SN_CTTTCAAAGAAGCTCG-1"	0.0600550055005501	"RHYP15SN"	"RHYP15SN"	1564	1084	"Salt-sensitive"	"SD"	"HS 3d"	"SD-HS 3d"	"HYP"	"Inhibitory neuron"	"C3-42 Mid-1 GABA-2 LGR5"	"Avp+ neurons, GABAergic"
"Ep300(+),"	"RHYP15SN_TGTTTGTAGGCCACTC-1"	0.0387211221122112	"RHYP15SN"	"RHYP15SN"	1553	1124	"Salt-sensitive"	"SD"	"HS 3d"	"SD-HS 3d"	"HYP"	"Inhibitory neuron"	"C3-42 Mid-1 GABA-2 LGR5"	"Avp+ neurons, GABAergic"
"Ep300(+),"	"RHYP15SN_GATTCTTCATGGCTAT-1"	0.0522029702970297	"RHYP15SN"	"RHYP15SN"	1556	1047	"Salt-sensitive"	"SD"	"HS 3d"	"SD-HS 3d"	"HYP"	"Inhibitory neuron"	"C3-42 Mid-1 GABA-2 LGR5"	"Avp+ neurons, GABAergic"
"Ep300(+),"	"RHYP15SN_TAAGCCAGTTATGACC-1"	0.0654345434543454	"RHYP15SN"	"RHYP15SN"	1535	1069	"Salt-sensitive"	"SD"	"HS 3d"	"SD-HS 3d"	"HYP"	"Inhibitory neuron"	"C3-42 Mid-1 GABA-2 LGR5"	"Avp+ neurons, GABAergic"
"Ep300(+),"	"RHYP15SN_AGTTCCCTCTGTCGCT-1"	0.0558663366336634	"RHYP15SN"	"RHYP15SN"	1522	1087	"Salt-sensitive"	"SD"	"HS 3d"	"SD-HS 3d"	"HYP"	"Inhibitory neuron"	"C3-42 Mid-1 GABA-2 LGR5"	"Avp+ neurons, GABAergic"
"Ep300(+),"	"RHYP15SN_AAATGGATCAAGCCAT-1"	0.0563778877887789	"RHYP15SN"	"RHYP15SN"	1512	1060	"Salt-sensitive"	"SD"	"HS 3d"	"SD-HS 3d"	"HYP"	"Inhibitory neuron"	"C3-126 Mid-2 GABA-GLU-2 PPP1R17"	"Avp+ neurons, GABAergic"
"Ep300(+),"	"RHYP15SN_GTCATGAGTCCGTACG-1"	0.0621039603960396	"RHYP15SN"	"RHYP15SN"	1443	995	"Salt-sensitive"	"SD"	"HS 3d"	"SD-HS 3d"	"HYP"	"Inhibitory neuron"	"C3-42 Mid-1 GABA-2 LGR5"	"Avp+ neurons, GABAergic"
"Ep300(+),"	"RHYP15SN_ACAAGCTTCGACACTA-1"	0.0584213421342134	"RHYP15SN"	"RHYP15SN"	1425	997	"Salt-sensitive"	"SD"	"HS 3d"	"SD-HS 3d"	"HYP"	"Inhibitory neuron"	"C3-42 Mid-1 GABA-2 LGR5"	"Avp+ neurons, GABAergic"
"Ep300(+),"	"RHYP15SN_TCGTGGGAGTGAACAT-1"	0.067992299229923	"RHYP15SN"	"RHYP15SN"	1424	1019	"Salt-sensitive"	"SD"	"HS 3d"	"SD-HS 3d"	"HYP"	"Inhibitory neuron"	"C3-42 Mid-1 GABA-2 LGR5"	"Avp+ neurons, GABAergic"
"Ep300(+),"	"RHYP15SN_AAACGAAAGGGCATGT-1"	0.057450495049505	"RHYP15SN"	"RHYP15SN"	1420	1017	"Salt-sensitive"	"SD"	"HS 3d"	"SD-HS 3d"	"HYP"	"Inhibitory neuron"	"C3-42 Mid-1 GABA-2 LGR5"	"Avp+ neurons, GABAergic"
"Ep300(+),"	"RHYP15SN_GCGAGAAGTTCAAGTC-1"	0.0437926292629263	"RHYP15SN"	"RHYP15SN"	1424	1068	"Salt-sensitive"	"SD"	"HS 3d"	"SD-HS 3d"	"HYP"	"Excitatory neuron"	"C3-102 Mid-3 GLU-2 OTP"	"Avp+ neurons, glutamatergic"
"Ep300(+),"	"RHYP15SN_CCGATCTTCGACGCGT-1"	0.0549807480748075	"RHYP15SN"	"RHYP15SN"	1386	1015	"Salt-sensitive"	"SD"	"HS 3d"	"SD-HS 3d"	"HYP"	"Inhibitory neuron"	"C3-37 Pre-1 GABA-5"	"Avp+ neurons, GABAergic"
"Ep300(+),"	"RHYP15SN_CTGATCCAGCGTCTGC-1"	0.0423047304730473	"RHYP15SN"	"RHYP15SN"	1375	988	"Salt-sensitive"	"SD"	"HS 3d"	"SD-HS 3d"	"HYP"	"Inhibitory neuron"	"C3-42 Mid-1 GABA-2 LGR5"	"Avp+ neurons, GABAergic"
"Ep300(+),"	"RHYP15SN_TTCACGCGTTTGGGTT-1"	0.0543811881188119	"RHYP15SN"	"RHYP15SN"	1353	965	"Salt-sensitive"	"SD"	"HS 3d"	"SD-HS 3d"	"HYP"	"Inhibitory neuron"	"C3-42 Mid-1 GABA-2 LGR5"	"Avp+ neurons, GABAergic"
"Ep300(+),"	"RHYP15SN_CACTGAAGTTTGCAGT-1"	0.0550962596259626	"RHYP15SN"	"RHYP15SN"	1267	969	"Salt-sensitive"	"SD"	"HS 3d"	"SD-HS 3d"	"HYP"	"Inhibitory neuron"	"C3-42 Mid-1 GABA-2 LGR5"	"Avp+ neurons, GABAergic"
"Ep300(+),"	"RHYP15SN_TGGTAGTAGTGCGACA-1"	0.0628850385038504	"RHYP15SN"	"RHYP15SN"	1263	934	"Salt-sensitive"	"SD"	"HS 3d"	"SD-HS 3d"	"HYP"	"Inhibitory neuron"	"C3-42 Mid-1 GABA-2 LGR5"	"Avp+ neurons, GABAergic"
"Ep300(+),"	"RHYP15SN_TCTGCCAAGTTGAATG-1"	0.0500577557755776	"RHYP15SN"	"RHYP15SN"	1256	895	"Salt-sensitive"	"SD"	"HS 3d"	"SD-HS 3d"	"HYP"	"Inhibitory neuron"	"C3-42 Mid-1 GABA-2 LGR5"	"Avp+ neurons, GABAergic"
"Ep300(+),"	"RHYP15SN_GCATCTCAGCCATTCA-1"	0.0508993399339934	"RHYP15SN"	"RHYP15SN"	1206	915	"Salt-sensitive"	"SD"	"HS 3d"	"SD-HS 3d"	"HYP"	"Inhibitory neuron"	"C3-42 Mid-1 GABA-2 LGR5"	"Avp+ neurons, GABAergic"
"Ep300(+),"	"RHYP15SN_AGATGCTTCGTCAAAC-1"	0.0517106710671067	"RHYP15SN"	"RHYP15SN"	1125	878	"Salt-sensitive"	"SD"	"HS 3d"	"SD-HS 3d"	"HYP"	"Inhibitory neuron"	"C3-42 Mid-1 GABA-2 LGR5"	"Avp+ neurons, GABAergic"
"Ep300(+),"	"RHYP15SN_AGTTAGCCAAATCAGA-1"	0.0488283828382838	"RHYP15SN"	"RHYP15SN"	1085	790	"Salt-sensitive"	"SD"	"HS 3d"	"SD-HS 3d"	"HYP"	"Inhibitory neuron"	"C3-42 Mid-1 GABA-2 LGR5"	"Avp+ neurons, GABAergic"
"Ep300(+),"	"RHYP15SN_TACGTCCGTAGATGTA-1"	0.041526402640264	"RHYP15SN"	"RHYP15SN"	1008	656	"Salt-sensitive"	"SD"	"HS 3d"	"SD-HS 3d"	"HYP"	"Inhibitory neuron"	"C3-37 Pre-1 GABA-5"	"Avp+ neurons, GABAergic"
"Ep300(+),"	"RHYP15SN_AATCGACGTCGAACGA-1"	0.0355335533553355	"RHYP15SN"	"RHYP15SN"	1003	734	"Salt-sensitive"	"SD"	"HS 3d"	"SD-HS 3d"	"HYP"	"Inhibitory neuron"	"C3-42 Mid-1 GABA-2 LGR5"	"Avp+ neurons, GABAergic"
"Ep300(+),"	"RHYP15SN_TCGTGGGCATGTACGT-1"	0.0540071507150715	"RHYP15SN"	"RHYP15SN"	901	707	"Salt-sensitive"	"SD"	"HS 3d"	"SD-HS 3d"	"HYP"	"Inhibitory neuron"	"C3-126 Mid-2 GABA-GLU-2 PPP1R17"	"Avp+ neurons, GABAergic"
"Ep300(+),"	"RHYP15SN_AAGCATCTCGAACCAT-1"	0.0531380638063806	"RHYP15SN"	"RHYP15SN"	860	665	"Salt-sensitive"	"SD"	"HS 3d"	"SD-HS 3d"	"HYP"	"Inhibitory neuron"	"C3-42 Mid-1 GABA-2 LGR5"	"Avp+ neurons, GABAergic"
"Ep300(+),"	"RHYP15SN_AGGTGTTGTGTCCGGT-1"	0.0606463146314631	"RHYP15SN"	"RHYP15SN"	852	687	"Salt-sensitive"	"SD"	"HS 3d"	"SD-HS 3d"	"HYP"	"Inhibitory neuron"	"C3-24 Pre-1 GABA-8 SLC1A3"	"Avp+ neurons, GABAergic"
"Ep300(+),"	"RHYP15SN_CACGAATTCGACGAGA-1"	0.0569609460946095	"RHYP15SN"	"RHYP15SN"	811	634	"Salt-sensitive"	"SD"	"HS 3d"	"SD-HS 3d"	"HYP"	"Inhibitory neuron"	"C3-37 Pre-1 GABA-5"	"Avp+ neurons, GABAergic"
"Ep300(+),"	"RHYP15SN_TGGATGTAGCAGCGAT-1"	0.0713668866886689	"RHYP15SN"	"RHYP15SN"	772	648	"Salt-sensitive"	"SD"	"HS 3d"	"SD-HS 3d"	"HYP"	"Inhibitory neuron"	"C3-37 Pre-1 GABA-5"	"Avp+ neurons, GABAergic"
"Ep300(+),"	"RHYP15SN_ACCAACAGTGCGTTTA-1"	0.0428355335533553	"RHYP15SN"	"RHYP15SN"	758	616	"Salt-sensitive"	"SD"	"HS 3d"	"SD-HS 3d"	"HYP"	"Inhibitory neuron"	"C3-42 Mid-1 GABA-2 LGR5"	"Avp+ neurons, GABAergic"
"Ep300(+),"	"RHYP15SN_TGCAGTAGTCCGACGT-1"	0.0453905390539054	"RHYP15SN"	"RHYP15SN"	553	482	"Salt-sensitive"	"SD"	"HS 3d"	"SD-HS 3d"	"HYP"	"Inhibitory neuron"	"C3-37 Pre-1 GABA-5"	"Avp+ neurons, GABAergic"
"Ep300(+),"	"RHYP15SN_TTTCGATGTTAGGACG-1"	0.0329097909790979	"RHYP15SN"	"RHYP15SN"	451	396	"Salt-sensitive"	"SD"	"HS 3d"	"SD-HS 3d"	"HYP"	"Inhibitory neuron"	"C3-37 Pre-1 GABA-5"	"Avp+ neurons, GABAergic"
"Ep300(+),"	"RHYP16SN_ACTTCGCTCCCTTGGT-1"	0.0375522552255226	"RHYP16SN"	"RHYP16SN"	12681	4103	"Salt-sensitive"	"SD"	"HS 3d"	"SD-HS 3d"	"HYP"	"Excitatory neuron"	"C3-106 Mid-3 GLU-3 AVP"	"Avp+ neurons, glutamatergic"
"Ep300(+),"	"RHYP16SN_GTCACGGAGCATTGAA-1"	0.0415181518151815	"RHYP16SN"	"RHYP16SN"	11161	4054	"Salt-sensitive"	"SD"	"HS 3d"	"SD-HS 3d"	"HYP"	"Excitatory neuron"	"C3-102 Mid-3 GLU-2 OTP"	"Avp+ neurons, glutamatergic"
"Ep300(+),"	"RHYP16SN_GGCACGTTCTGATTCT-1"	0.0431215621562156	"RHYP16SN"	"RHYP16SN"	10513	3736	"Salt-sensitive"	"SD"	"HS 3d"	"SD-HS 3d"	"HYP"	"Inhibitory neuron"	"C3-42 Mid-1 GABA-2 LGR5"	"Avp+ neurons, GABAergic"
"Ep300(+),"	"RHYP16SN_TAGACCATCATTTCGT-1"	0.0378575357535754	"RHYP16SN"	"RHYP16SN"	10232	3754	"Salt-sensitive"	"SD"	"HS 3d"	"SD-HS 3d"	"HYP"	"Inhibitory neuron"	"C3-125 Mid-2 GABA-GLU-2 NTS"	"Avp+ neurons, GABAergic"
"Ep300(+),"	"RHYP16SN_TTGACCCGTTGCCTAA-1"	0.0561028602860286	"RHYP16SN"	"RHYP16SN"	9529	3440	"Salt-sensitive"	"SD"	"HS 3d"	"SD-HS 3d"	"HYP"	"Inhibitory neuron"	"C3-42 Mid-1 GABA-2 LGR5"	"Avp+ neurons, GABAergic"
"Ep300(+),"	"RHYP16SN_ATCGTGAGTACACGCC-1"	0.0460643564356436	"RHYP16SN"	"RHYP16SN"	9297	3659	"Salt-sensitive"	"SD"	"HS 3d"	"SD-HS 3d"	"HYP"	"Excitatory neuron"	"C3-102 Mid-3 GLU-2 OTP"	"Avp+ neurons, glutamatergic"
"Ep300(+),"	"RHYP16SN_TGTTCATTCACGAACT-1"	0.0498652365236524	"RHYP16SN"	"RHYP16SN"	8453	3649	"Salt-sensitive"	"SD"	"HS 3d"	"SD-HS 3d"	"HYP"	"Excitatory neuron"	"C3-102 Mid-3 GLU-2 OTP"	"Avp+ neurons, glutamatergic"
"Ep300(+),"	"RHYP16SN_ATCCATTAGCCTATCA-1"	0.0504015401540154	"RHYP16SN"	"RHYP16SN"	8033	2974	"Salt-sensitive"	"SD"	"HS 3d"	"SD-HS 3d"	"HYP"	"Inhibitory neuron"	"C3-42 Mid-1 GABA-2 LGR5"	"Avp+ neurons, GABAergic"
"Ep300(+),"	"RHYP16SN_TCCGATCAGGGACCAT-1"	0.0489741474147415	"RHYP16SN"	"RHYP16SN"	7362	3208	"Salt-sensitive"	"SD"	"HS 3d"	"SD-HS 3d"	"HYP"	"Inhibitory neuron"	"C3-42 Mid-1 GABA-2 LGR5"	"Avp+ neurons, GABAergic"
"Ep300(+),"	"RHYP16SN_ACCTGAACAACAAGAT-1"	0.0407233223322332	"RHYP16SN"	"RHYP16SN"	7268	3066	"Salt-sensitive"	"SD"	"HS 3d"	"SD-HS 3d"	"HYP"	"Inhibitory neuron"	"C3-42 Mid-1 GABA-2 LGR5"	"Avp+ neurons, GABAergic"
"Ep300(+),"	"RHYP16SN_TCACAAGCACATAACC-1"	0.0525962596259626	"RHYP16SN"	"RHYP16SN"	7114	2802	"Salt-sensitive"	"SD"	"HS 3d"	"SD-HS 3d"	"HYP"	"Inhibitory neuron"	"C3-42 Mid-1 GABA-2 LGR5"	"Avp+ neurons, GABAergic"
"Ep300(+),"	"RHYP16SN_GCGATCGCACGCTTAA-1"	0.0569664466446645	"RHYP16SN"	"RHYP16SN"	6875	2824	"Salt-sensitive"	"SD"	"HS 3d"	"SD-HS 3d"	"HYP"	"Inhibitory neuron"	"C3-42 Mid-1 GABA-2 LGR5"	"Avp+ neurons, GABAergic"
"Ep300(+),"	"RHYP16SN_ATGGGTTGTAGATGTA-1"	0.0383250825082508	"RHYP16SN"	"RHYP16SN"	6864	2974	"Salt-sensitive"	"SD"	"HS 3d"	"SD-HS 3d"	"HYP"	"Excitatory neuron"	"C3-106 Mid-3 GLU-3 AVP"	"Avp+ neurons, glutamatergic"
"Ep300(+),"	"RHYP16SN_ACTATTCCAGTGAGCA-1"	0.0552392739273927	"RHYP16SN"	"RHYP16SN"	6422	2665	"Salt-sensitive"	"SD"	"HS 3d"	"SD-HS 3d"	"HYP"	"Inhibitory neuron"	"C3-42 Mid-1 GABA-2 LGR5"	"Avp+ neurons, GABAergic"
"Ep300(+),"	"RHYP16SN_GCCAGCACAATTCTTC-1"	0.0443151815181518	"RHYP16SN"	"RHYP16SN"	6357	2591	"Salt-sensitive"	"SD"	"HS 3d"	"SD-HS 3d"	"HYP"	"Inhibitory neuron"	"C3-42 Mid-1 GABA-2 LGR5"	"Avp+ neurons, GABAergic"
"Ep300(+),"	"RHYP16SN_CAATGACCATCTATCT-1"	0.0447744774477448	"RHYP16SN"	"RHYP16SN"	6293	2558	"Salt-sensitive"	"SD"	"HS 3d"	"SD-HS 3d"	"HYP"	"Inhibitory neuron"	"C3-42 Mid-1 GABA-2 LGR5"	"Avp+ neurons, GABAergic"
"Ep300(+),"	"RHYP16SN_ACACTGAAGCTCATAC-1"	0.0567271727172717	"RHYP16SN"	"RHYP16SN"	5917	2726	"Salt-sensitive"	"SD"	"HS 3d"	"SD-HS 3d"	"HYP"	"Inhibitory neuron"	"C3-126 Mid-2 GABA-GLU-2 PPP1R17"	"Avp+ neurons, GABAergic"
"Ep300(+),"	"RHYP16SN_GGCGTCACACATGACT-1"	0.0489851485148515	"RHYP16SN"	"RHYP16SN"	5572	2423	"Salt-sensitive"	"SD"	"HS 3d"	"SD-HS 3d"	"HYP"	"Inhibitory neuron"	"C3-42 Mid-1 GABA-2 LGR5"	"Avp+ neurons, GABAergic"
"Ep300(+),"	"RHYP16SN_CGTCAAAGTTACCTGA-1"	0.0586496149614961	"RHYP16SN"	"RHYP16SN"	5544	2540	"Salt-sensitive"	"SD"	"HS 3d"	"SD-HS 3d"	"HYP"	"Inhibitory neuron"	"C3-42 Mid-1 GABA-2 LGR5"	"Avp+ neurons, GABAergic"
"Ep300(+),"	"RHYP16SN_CCGTTCAGTACATACC-1"	0.072538503850385	"RHYP16SN"	"RHYP16SN"	5500	2424	"Salt-sensitive"	"SD"	"HS 3d"	"SD-HS 3d"	"HYP"	"Inhibitory neuron"	"C3-42 Mid-1 GABA-2 LGR5"	"Avp+ neurons, GABAergic"
"Ep300(+),"	"RHYP16SN_CGGGACTCATGATCTG-1"	0.0418069306930693	"RHYP16SN"	"RHYP16SN"	5302	2564	"Salt-sensitive"	"SD"	"HS 3d"	"SD-HS 3d"	"HYP"	"Inhibitory neuron"	"C3-32 Pre-1 GABA-3 PRDM16"	"Avp+ neurons, GABAergic"
"Ep300(+),"	"RHYP16SN_GTCCTCACAGTAGTTC-1"	0.0583855885588559	"RHYP16SN"	"RHYP16SN"	5020	2270	"Salt-sensitive"	"SD"	"HS 3d"	"SD-HS 3d"	"HYP"	"Inhibitory neuron"	"C3-42 Mid-1 GABA-2 LGR5"	"Avp+ neurons, GABAergic"
"Ep300(+),"	"RHYP16SN_CTCAGGGGTACAGCGA-1"	0.0563283828382838	"RHYP16SN"	"RHYP16SN"	4943	2391	"Salt-sensitive"	"SD"	"HS 3d"	"SD-HS 3d"	"HYP"	"Inhibitory neuron"	"C3-42 Mid-1 GABA-2 LGR5"	"Avp+ neurons, GABAergic"
"Ep300(+),"	"RHYP16SN_CCTTGTGCACCCGTAG-1"	0.069513201320132	"RHYP16SN"	"RHYP16SN"	4887	2408	"Salt-sensitive"	"SD"	"HS 3d"	"SD-HS 3d"	"HYP"	"Inhibitory neuron"	"C3-125 Mid-2 GABA-GLU-2 NTS"	"Avp+ neurons, GABAergic"
"Ep300(+),"	"RHYP16SN_CTCCAACAGCTGAGTG-1"	0.0520709570957096	"RHYP16SN"	"RHYP16SN"	4837	2494	"Salt-sensitive"	"SD"	"HS 3d"	"SD-HS 3d"	"HYP"	"Excitatory neuron"	"C3-106 Mid-3 GLU-3 AVP"	"Avp+ neurons, glutamatergic"
"Ep300(+),"	"RHYP16SN_AGGACGATCAAATAGG-1"	0.0372662266226623	"RHYP16SN"	"RHYP16SN"	4820	2385	"Salt-sensitive"	"SD"	"HS 3d"	"SD-HS 3d"	"HYP"	"Inhibitory neuron"	"C3-42 Mid-1 GABA-2 LGR5"	"Avp+ neurons, GABAergic"
"Ep300(+),"	"RHYP16SN_CTATCTACAAGTACCT-1"	0.0432865786578658	"RHYP16SN"	"RHYP16SN"	4641	2365	"Salt-sensitive"	"SD"	"HS 3d"	"SD-HS 3d"	"HYP"	"Inhibitory neuron"	"C3-42 Mid-1 GABA-2 LGR5"	"Avp+ neurons, GABAergic"
"Ep300(+),"	"RHYP16SN_TAGGAGGTCATGCCAA-1"	0.0426650165016502	"RHYP16SN"	"RHYP16SN"	4564	2421	"Salt-sensitive"	"SD"	"HS 3d"	"SD-HS 3d"	"HYP"	"Inhibitory neuron"	"C3-42 Mid-1 GABA-2 LGR5"	"Avp+ neurons, GABAergic"
"Ep300(+),"	"RHYP16SN_TCGGGTGTCACCGGTG-1"	0.0526705170517052	"RHYP16SN"	"RHYP16SN"	4566	2416	"Salt-sensitive"	"SD"	"HS 3d"	"SD-HS 3d"	"HYP"	"Inhibitory neuron"	"C3-42 Mid-1 GABA-2 LGR5"	"Avp+ neurons, GABAergic"
"Ep300(+),"	"RHYP16SN_CTCCGATTCTTGCGCT-1"	0.0651842684268427	"RHYP16SN"	"RHYP16SN"	4518	2178	"Salt-sensitive"	"SD"	"HS 3d"	"SD-HS 3d"	"HYP"	"Inhibitory neuron"	"C3-42 Mid-1 GABA-2 LGR5"	"Avp+ neurons, GABAergic"
"Ep300(+),"	"RHYP16SN_TGCGGCACAACTCGAT-1"	0.060973597359736	"RHYP16SN"	"RHYP16SN"	4346	2276	"Salt-sensitive"	"SD"	"HS 3d"	"SD-HS 3d"	"HYP"	"Inhibitory neuron"	"C3-42 Mid-1 GABA-2 LGR5"	"Avp+ neurons, GABAergic"
"Ep300(+),"	"RHYP16SN_GAACACTCAAGCGAAC-1"	0.0538751375137514	"RHYP16SN"	"RHYP16SN"	4331	2283	"Salt-sensitive"	"SD"	"HS 3d"	"SD-HS 3d"	"HYP"	"Inhibitory neuron"	"C3-42 Mid-1 GABA-2 LGR5"	"Avp+ neurons, GABAergic"
"Ep300(+),"	"RHYP16SN_GCATCTCAGTAAACGT-1"	0.0472304730473047	"RHYP16SN"	"RHYP16SN"	4316	2211	"Salt-sensitive"	"SD"	"HS 3d"	"SD-HS 3d"	"HYP"	"Inhibitory neuron"	"C3-42 Mid-1 GABA-2 LGR5"	"Avp+ neurons, GABAergic"
"Ep300(+),"	"RHYP16SN_GCGATCGCAAGCCATT-1"	0.0476100110011001	"RHYP16SN"	"RHYP16SN"	4292	2166	"Salt-sensitive"	"SD"	"HS 3d"	"SD-HS 3d"	"HYP"	"Inhibitory neuron"	"C3-42 Mid-1 GABA-2 LGR5"	"Avp+ neurons, GABAergic"
"Ep300(+),"	"RHYP16SN_AGGCATTAGCGGACAT-1"	0.0606518151815182	"RHYP16SN"	"RHYP16SN"	4210	2276	"Salt-sensitive"	"SD"	"HS 3d"	"SD-HS 3d"	"HYP"	"Inhibitory neuron"	"C3-42 Mid-1 GABA-2 LGR5"	"Avp+ neurons, GABAergic"
"Ep300(+),"	"RHYP16SN_GTTGAACGTTTACCTT-1"	0.0359130913091309	"RHYP16SN"	"RHYP16SN"	4158	2225	"Salt-sensitive"	"SD"	"HS 3d"	"SD-HS 3d"	"HYP"	"Inhibitory neuron"	"C3-45 Mid-1 GABA-2 FAM9B"	"Avp+ neurons, GABAergic"
"Ep300(+),"	"RHYP16SN_ATGCATGGTTTCGATG-1"	0.0456903190319032	"RHYP16SN"	"RHYP16SN"	4144	2056	"Salt-sensitive"	"SD"	"HS 3d"	"SD-HS 3d"	"HYP"	"Inhibitory neuron"	"C3-42 Mid-1 GABA-2 LGR5"	"Avp+ neurons, GABAergic"
"Ep300(+),"	"RHYP16SN_ATCGCCTTCGCCTAGG-1"	0.0425247524752475	"RHYP16SN"	"RHYP16SN"	4128	2086	"Salt-sensitive"	"SD"	"HS 3d"	"SD-HS 3d"	"HYP"	"Inhibitory neuron"	"C3-42 Mid-1 GABA-2 LGR5"	"Avp+ neurons, GABAergic"
"Ep300(+),"	"RHYP16SN_CACTGAAGTCGGTGAA-1"	0.041958195819582	"RHYP16SN"	"RHYP16SN"	4058	2158	"Salt-sensitive"	"SD"	"HS 3d"	"SD-HS 3d"	"HYP"	"Inhibitory neuron"	"C3-42 Mid-1 GABA-2 LGR5"	"Avp+ neurons, GABAergic"
"Ep300(+),"	"RHYP16SN_AGAACCTGTGTCCACG-1"	0.0447414741474147	"RHYP16SN"	"RHYP16SN"	4017	2044	"Salt-sensitive"	"SD"	"HS 3d"	"SD-HS 3d"	"HYP"	"Inhibitory neuron"	"C3-42 Mid-1 GABA-2 LGR5"	"Avp+ neurons, GABAergic"
"Ep300(+),"	"RHYP16SN_ATCAGGTCATGTGACT-1"	0.041969196919692	"RHYP16SN"	"RHYP16SN"	3949	2227	"Salt-sensitive"	"SD"	"HS 3d"	"SD-HS 3d"	"HYP"	"Inhibitory neuron"	"C3-42 Mid-1 GABA-2 LGR5"	"Avp+ neurons, GABAergic"
"Ep300(+),"	"RHYP16SN_GGGTCACTCTCCGATC-1"	0.0592959295929593	"RHYP16SN"	"RHYP16SN"	3924	2079	"Salt-sensitive"	"SD"	"HS 3d"	"SD-HS 3d"	"HYP"	"Inhibitory neuron"	"C3-42 Mid-1 GABA-2 LGR5"	"Avp+ neurons, GABAergic"
"Ep300(+),"	"RHYP16SN_GACCCAGCATGGCCAC-1"	0.065962596259626	"RHYP16SN"	"RHYP16SN"	3887	2177	"Salt-sensitive"	"SD"	"HS 3d"	"SD-HS 3d"	"HYP"	"Inhibitory neuron"	"C3-42 Mid-1 GABA-2 LGR5"	"Avp+ neurons, GABAergic"
"Ep300(+),"	"RHYP16SN_CTTGAGAGTAGGATAT-1"	0.0629895489548955	"RHYP16SN"	"RHYP16SN"	3727	2044	"Salt-sensitive"	"SD"	"HS 3d"	"SD-HS 3d"	"HYP"	"Inhibitory neuron"	"C3-42 Mid-1 GABA-2 LGR5"	"Avp+ neurons, GABAergic"
"Ep300(+),"	"RHYP16SN_TGGTACATCTTAAGGC-1"	0.0538696369636964	"RHYP16SN"	"RHYP16SN"	3689	2063	"Salt-sensitive"	"SD"	"HS 3d"	"SD-HS 3d"	"HYP"	"Inhibitory neuron"	"C3-42 Mid-1 GABA-2 LGR5"	"Avp+ neurons, GABAergic"
"Ep300(+),"	"RHYP16SN_CATTCATGTAATGTGA-1"	0.0503767876787679	"RHYP16SN"	"RHYP16SN"	3644	1933	"Salt-sensitive"	"SD"	"HS 3d"	"SD-HS 3d"	"HYP"	"Inhibitory neuron"	"C3-42 Mid-1 GABA-2 LGR5"	"Avp+ neurons, GABAergic"
"Ep300(+),"	"RHYP16SN_TCGGGACTCGTGAGAG-1"	0.0446562156215622	"RHYP16SN"	"RHYP16SN"	3561	1961	"Salt-sensitive"	"SD"	"HS 3d"	"SD-HS 3d"	"HYP"	"Inhibitory neuron"	"C3-42 Mid-1 GABA-2 LGR5"	"Avp+ neurons, GABAergic"
"Ep300(+),"	"RHYP16SN_ATGATCGCAGCACAAG-1"	0.0457233223322332	"RHYP16SN"	"RHYP16SN"	3542	2019	"Salt-sensitive"	"SD"	"HS 3d"	"SD-HS 3d"	"HYP"	"Inhibitory neuron"	"C3-42 Mid-1 GABA-2 LGR5"	"Avp+ neurons, GABAergic"
"Ep300(+),"	"RHYP16SN_CTGCAGGAGGATATGT-1"	0.0529675467546755	"RHYP16SN"	"RHYP16SN"	3507	1975	"Salt-sensitive"	"SD"	"HS 3d"	"SD-HS 3d"	"HYP"	"Inhibitory neuron"	"C3-42 Mid-1 GABA-2 LGR5"	"Avp+ neurons, GABAergic"
"Ep300(+),"	"RHYP16SN_GTCTAGAAGGATTCCT-1"	0.0626237623762376	"RHYP16SN"	"RHYP16SN"	3451	1908	"Salt-sensitive"	"SD"	"HS 3d"	"SD-HS 3d"	"HYP"	"Inhibitory neuron"	"C3-42 Mid-1 GABA-2 LGR5"	"Avp+ neurons, GABAergic"
"Ep300(+),"	"RHYP16SN_CAGGGCTAGACGGAAA-1"	0.0588943894389439	"RHYP16SN"	"RHYP16SN"	3445	1887	"Salt-sensitive"	"SD"	"HS 3d"	"SD-HS 3d"	"HYP"	"Inhibitory neuron"	"C3-42 Mid-1 GABA-2 LGR5"	"Avp+ neurons, GABAergic"
"Ep300(+),"	"RHYP16SN_GACACGCGTGCTCCGA-1"	0.0508745874587459	"RHYP16SN"	"RHYP16SN"	3387	1875	"Salt-sensitive"	"SD"	"HS 3d"	"SD-HS 3d"	"HYP"	"Inhibitory neuron"	"C3-42 Mid-1 GABA-2 LGR5"	"Avp+ neurons, GABAergic"
"Ep300(+),"	"RHYP16SN_GCTTGGGGTGTAGTGG-1"	0.0580280528052805	"RHYP16SN"	"RHYP16SN"	3386	1932	"Salt-sensitive"	"SD"	"HS 3d"	"SD-HS 3d"	"HYP"	"Inhibitory neuron"	"C3-42 Mid-1 GABA-2 LGR5"	"Avp+ neurons, GABAergic"
"Ep300(+),"	"RHYP16SN_CTTCTAAAGGGCTAAC-1"	0.0508855885588559	"RHYP16SN"	"RHYP16SN"	3109	1774	"Salt-sensitive"	"SD"	"HS 3d"	"SD-HS 3d"	"HYP"	"Inhibitory neuron"	"C3-42 Mid-1 GABA-2 LGR5"	"Avp+ neurons, GABAergic"
"Ep300(+),"	"RHYP16SN_GCATTAGCATCTAGAC-1"	0.0514108910891089	"RHYP16SN"	"RHYP16SN"	3030	1727	"Salt-sensitive"	"SD"	"HS 3d"	"SD-HS 3d"	"HYP"	"Inhibitory neuron"	"C3-42 Mid-1 GABA-2 LGR5"	"Avp+ neurons, GABAergic"
"Ep300(+),"	"RHYP16SN_GATGTTGAGTCGAGGT-1"	0.0477915291529153	"RHYP16SN"	"RHYP16SN"	2962	1765	"Salt-sensitive"	"SD"	"HS 3d"	"SD-HS 3d"	"HYP"	"Inhibitory neuron"	"C3-42 Mid-1 GABA-2 LGR5"	"Avp+ neurons, GABAergic"
"Ep300(+),"	"RHYP16SN_CAGTTCCGTGGATACG-1"	0.0521644664466447	"RHYP16SN"	"RHYP16SN"	2951	1797	"Salt-sensitive"	"SD"	"HS 3d"	"SD-HS 3d"	"HYP"	"Inhibitory neuron"	"C3-125 Mid-2 GABA-GLU-2 NTS"	"Avp+ neurons, GABAergic"
"Ep300(+),"	"RHYP16SN_CCACGAGCACGCGGTT-1"	0.0525247524752475	"RHYP16SN"	"RHYP16SN"	2907	1824	"Salt-sensitive"	"SD"	"HS 3d"	"SD-HS 3d"	"HYP"	"Inhibitory neuron"	"C3-42 Mid-1 GABA-2 LGR5"	"Avp+ neurons, GABAergic"
"Ep300(+),"	"RHYP16SN_CGCGTGAGTGGTTTGT-1"	0.0468976897689769	"RHYP16SN"	"RHYP16SN"	2819	1725	"Salt-sensitive"	"SD"	"HS 3d"	"SD-HS 3d"	"HYP"	"Inhibitory neuron"	"C3-42 Mid-1 GABA-2 LGR5"	"Avp+ neurons, GABAergic"
"Ep300(+),"	"RHYP16SN_AAAGGGCGTGAGCGAT-1"	0.054540704070407	"RHYP16SN"	"RHYP16SN"	2766	1745	"Salt-sensitive"	"SD"	"HS 3d"	"SD-HS 3d"	"HYP"	"Inhibitory neuron"	"C3-42 Mid-1 GABA-2 LGR5"	"Avp+ neurons, GABAergic"
"Ep300(+),"	"RHYP16SN_CGTTGGGTCTTCCACG-1"	0.0594279427942794	"RHYP16SN"	"RHYP16SN"	2744	1576	"Salt-sensitive"	"SD"	"HS 3d"	"SD-HS 3d"	"HYP"	"Inhibitory neuron"	"C3-42 Mid-1 GABA-2 LGR5"	"Avp+ neurons, GABAergic"
"Ep300(+),"	"RHYP16SN_TGGTAGTTCTAGGCCG-1"	0.0513696369636964	"RHYP16SN"	"RHYP16SN"	2713	1682	"Salt-sensitive"	"SD"	"HS 3d"	"SD-HS 3d"	"HYP"	"Inhibitory neuron"	"C3-42 Mid-1 GABA-2 LGR5"	"Avp+ neurons, GABAergic"
"Ep300(+),"	"RHYP16SN_AGGAGGTGTGCAATAA-1"	0.0460148514851485	"RHYP16SN"	"RHYP16SN"	2661	1563	"Salt-sensitive"	"SD"	"HS 3d"	"SD-HS 3d"	"HYP"	"Inhibitory neuron"	"C3-42 Mid-1 GABA-2 LGR5"	"Avp+ neurons, GABAergic"
"Ep300(+),"	"RHYP16SN_TCGAAGTGTAGCTGTT-1"	0.05497799779978	"RHYP16SN"	"RHYP16SN"	2644	1579	"Salt-sensitive"	"SD"	"HS 3d"	"SD-HS 3d"	"HYP"	"Inhibitory neuron"	"C3-42 Mid-1 GABA-2 LGR5"	"Avp+ neurons, GABAergic"
"Ep300(+),"	"RHYP16SN_TTTGGTTAGATGGCAC-1"	0.039020902090209	"RHYP16SN"	"RHYP16SN"	2629	1640	"Salt-sensitive"	"SD"	"HS 3d"	"SD-HS 3d"	"HYP"	"Inhibitory neuron"	"C3-42 Mid-1 GABA-2 LGR5"	"Avp+ neurons, GABAergic"
"Ep300(+),"	"RHYP16SN_CCTCCAATCGTACCTC-1"	0.0523679867986799	"RHYP16SN"	"RHYP16SN"	2608	1527	"Salt-sensitive"	"SD"	"HS 3d"	"SD-HS 3d"	"HYP"	"Inhibitory neuron"	"C3-37 Pre-1 GABA-5"	"Avp+ neurons, GABAergic"
"Ep300(+),"	"RHYP16SN_TTTACTGCAACACAGG-1"	0.0507810781078108	"RHYP16SN"	"RHYP16SN"	2564	1583	"Salt-sensitive"	"SD"	"HS 3d"	"SD-HS 3d"	"HYP"	"Inhibitory neuron"	"C3-42 Mid-1 GABA-2 LGR5"	"Avp+ neurons, GABAergic"
"Ep300(+),"	"RHYP16SN_GATGATCAGGTGATAT-1"	0.0570792079207921	"RHYP16SN"	"RHYP16SN"	2477	1593	"Salt-sensitive"	"SD"	"HS 3d"	"SD-HS 3d"	"HYP"	"Inhibitory neuron"	"C3-45 Mid-1 GABA-2 FAM9B"	"Avp+ neurons, GABAergic"
"Ep300(+),"	"RHYP16SN_AACAAGATCCTAAGTG-1"	0.0477860286028603	"RHYP16SN"	"RHYP16SN"	2443	1496	"Salt-sensitive"	"SD"	"HS 3d"	"SD-HS 3d"	"HYP"	"Inhibitory neuron"	"C3-125 Mid-2 GABA-GLU-2 NTS"	"Avp+ neurons, GABAergic"
"Ep300(+),"	"RHYP16SN_AGGAGGTTCTGAATGC-1"	0.0373817381738174	"RHYP16SN"	"RHYP16SN"	2410	1508	"Salt-sensitive"	"SD"	"HS 3d"	"SD-HS 3d"	"HYP"	"Inhibitory neuron"	"C3-42 Mid-1 GABA-2 LGR5"	"Avp+ neurons, GABAergic"
"Ep300(+),"	"RHYP16SN_GAGTTGTCAGAGTAAT-1"	0.0527172717271727	"RHYP16SN"	"RHYP16SN"	2273	1501	"Salt-sensitive"	"SD"	"HS 3d"	"SD-HS 3d"	"HYP"	"Inhibitory neuron"	"C3-42 Mid-1 GABA-2 LGR5"	"Avp+ neurons, GABAergic"
"Ep300(+),"	"RHYP16SN_GGTCTGGTCCTATTGT-1"	0.054546204620462	"RHYP16SN"	"RHYP16SN"	2268	1436	"Salt-sensitive"	"SD"	"HS 3d"	"SD-HS 3d"	"HYP"	"Inhibitory neuron"	"C3-42 Mid-1 GABA-2 LGR5"	"Avp+ neurons, GABAergic"
"Ep300(+),"	"RHYP16SN_GTGTGGCGTTAGGGAC-1"	0.0501815181518152	"RHYP16SN"	"RHYP16SN"	2227	1437	"Salt-sensitive"	"SD"	"HS 3d"	"SD-HS 3d"	"HYP"	"Inhibitory neuron"	"C3-42 Mid-1 GABA-2 LGR5"	"Avp+ neurons, GABAergic"
"Ep300(+),"	"RHYP16SN_TTAGGCATCTCAGTCC-1"	0.0653575357535754	"RHYP16SN"	"RHYP16SN"	2172	1370	"Salt-sensitive"	"SD"	"HS 3d"	"SD-HS 3d"	"HYP"	"Inhibitory neuron"	"C3-126 Mid-2 GABA-GLU-2 PPP1R17"	"Avp+ neurons, GABAergic"
"Ep300(+),"	"RHYP16SN_ACGCACGGTATGGTAA-1"	0.049031903190319	"RHYP16SN"	"RHYP16SN"	2041	1280	"Salt-sensitive"	"SD"	"HS 3d"	"SD-HS 3d"	"HYP"	"Inhibitory neuron"	"C3-42 Mid-1 GABA-2 LGR5"	"Avp+ neurons, GABAergic"
"Ep300(+),"	"RHYP16SN_AATAGAGGTAACGGTG-1"	0.0489411441144114	"RHYP16SN"	"RHYP16SN"	1947	1304	"Salt-sensitive"	"SD"	"HS 3d"	"SD-HS 3d"	"HYP"	"Inhibitory neuron"	"C3-32 Pre-1 GABA-3 PRDM16"	"Avp+ neurons, GABAergic"
"Ep300(+),"	"RHYP16SN_CTGTCGTGTGCCTTCT-1"	0.0496507150715072	"RHYP16SN"	"RHYP16SN"	1604	1106	"Salt-sensitive"	"SD"	"HS 3d"	"SD-HS 3d"	"HYP"	"Inhibitory neuron"	"C3-42 Mid-1 GABA-2 LGR5"	"Avp+ neurons, GABAergic"
"Ep300(+),"	"RHYP16SN_TGTTCCGTCTTCCTAA-1"	0.0496507150715072	"RHYP16SN"	"RHYP16SN"	1607	1127	"Salt-sensitive"	"SD"	"HS 3d"	"SD-HS 3d"	"HYP"	"Inhibitory neuron"	"C3-42 Mid-1 GABA-2 LGR5"	"Avp+ neurons, GABAergic"
"Ep300(+),"	"RHYP16SN_ACCATTTTCAACCTCC-1"	0.0661551155115511	"RHYP16SN"	"RHYP16SN"	1540	870	"Salt-sensitive"	"SD"	"HS 3d"	"SD-HS 3d"	"HYP"	"Inhibitory neuron"	"C3-42 Mid-1 GABA-2 LGR5"	"Avp+ neurons, GABAergic"
"Ep300(+),"	"RHYP16SN_CGAGGAACACGCGTGT-1"	0.0643234323432343	"RHYP16SN"	"RHYP16SN"	1495	990	"Salt-sensitive"	"SD"	"HS 3d"	"SD-HS 3d"	"HYP"	"Inhibitory neuron"	"C3-42 Mid-1 GABA-2 LGR5"	"Avp+ neurons, GABAergic"
"Ep300(+),"	"RHYP16SN_CTATCCGGTGAGGAAA-1"	0.0546287128712871	"RHYP16SN"	"RHYP16SN"	1417	1020	"Salt-sensitive"	"SD"	"HS 3d"	"SD-HS 3d"	"HYP"	"Inhibitory neuron"	"C3-42 Mid-1 GABA-2 LGR5"	"Avp+ neurons, GABAergic"
"Ep300(+),"	"RHYP16SN_TCAAGTGGTCTTCGAA-1"	0.0527447744774477	"RHYP16SN"	"RHYP16SN"	1333	949	"Salt-sensitive"	"SD"	"HS 3d"	"SD-HS 3d"	"HYP"	"Inhibitory neuron"	"C3-42 Mid-1 GABA-2 LGR5"	"Avp+ neurons, GABAergic"
"Ep300(+),"	"RHYP16SN_ACGTAACAGACCTCCG-1"	0.0413806380638064	"RHYP16SN"	"RHYP16SN"	1259	950	"Salt-sensitive"	"SD"	"HS 3d"	"SD-HS 3d"	"HYP"	"Inhibitory neuron"	"C3-42 Mid-1 GABA-2 LGR5"	"Avp+ neurons, GABAergic"
"Ep300(+),"	"RHYP16SN_GTTACCCTCGAGGCAA-1"	0.0545957095709571	"RHYP16SN"	"RHYP16SN"	1251	890	"Salt-sensitive"	"SD"	"HS 3d"	"SD-HS 3d"	"HYP"	"Inhibitory neuron"	"C3-42 Mid-1 GABA-2 LGR5"	"Avp+ neurons, GABAergic"
"Ep300(+),"	"RHYP16SN_ATGGAGGAGTTCAACC-1"	0.0422607260726073	"RHYP16SN"	"RHYP16SN"	1085	744	"Salt-sensitive"	"SD"	"HS 3d"	"SD-HS 3d"	"HYP"	"Inhibitory neuron"	"C3-42 Mid-1 GABA-2 LGR5"	"Avp+ neurons, GABAergic"
"Ep300(+),"	"RHYP16SN_AGTGCCGCATGTGGTT-1"	0.0573459845984598	"RHYP16SN"	"RHYP16SN"	838	653	"Salt-sensitive"	"SD"	"HS 3d"	"SD-HS 3d"	"HYP"	"Inhibitory neuron"	"C3-132 Mid-2 GABA-GLU-3 PGR"	"Avp+ neurons, GABAergic"
